gruppo,post_id,timestamp_utc,testo,attori_trovati,meccanismi_trovati,giudizio
dentro,115972658725010644,2026-01-28 12:12:16.502000+00:00,"A massive Armada is heading to Iran. It is moving quickly, with great power, enthusiasm, and purpose. It is a larger fleet, headed by the great Aircraft Carrier Abraham Lincoln, than that sent to Venezuela. Like with Venezuela, it is, ready, willing, and able to rapidly fulfill its mission, with speed and violence, if necessary. Hopefully Iran will quickly ""Come to the Table"" and negotiate a fair and equitable deal - NO NUCLEAR WEAPONS - one that is good for all parties. Time is running out, it is truly of the essence! As I told Iran once before, MAKE A DEAL! They didn't, and there was ""Operation Midnight Hammer,"" a major destruction of Iran. The next attack will be far worse! Don't make that happen again. Thank you for your attention to this matter! President DONALD J. TRUMP","['iran', 'venezuela']","['attack', 'nuclear']",1
dentro,116776790136289354,2026-06-19 12:33:28.085000+00:00,"The War has diminished Iran! It doesn't, any longer, have an Air Force, a Navy, Antiaircraft Equipment, Radar, or practically anything else, and yet the Dumocrats say that Iran is better off now than it was four months ago. Can you imagine getting away with that??? How stupid can some people be??? President DJT",['iran'],['navy'],1
dentro,116832995541119171,2026-06-29 10:47:14.501000+00:00,"Highest Poll Numbers Ever. Even Higher than Election Day, November 5th. This despite the fact that, IRAN WILL NOT HAVE A NUCLEAR WEAPON!",['iran'],['nuclear'],1
dentro,115876460615555838,2026-01-11 12:27:49.841000+00:00,"Cuba lived, for many years, on large amounts of OIL and MONEY from Venezuela. In return, Cuba provided ""Security Services"" for the last two Venezuelan dictators, BUT NOT ANYMORE! Most of those Cubans are DEAD from last weeks U.S.A. attack, and Venezuela doesn't need protection anymore from the thugs and extortionists who held them hostage for so many years. Venezuela now has the United States of America, the most powerful military in the World (by far!), to protect them, and protect them we will. THERE WILL BE NO MORE OIL OR MONEY GOING TO CUBA - ZERO! I strongly suggest they make a deal, BEFORE IT IS TOO LATE. Thank you for your attention to this matter. President DJT","['oil', 'venezuela', 'venezuelan']","['attack', 'military']",1
dentro,115632959311037868,2025-11-29 12:22:14.799000+00:00,"Tariffs have made our Country Rich, Strong, Powerful, and Safe. They have been successfully used by other Countries against us for Decades, but when it comes to Tariffs, and because of what I have set in place, WE HAVE ALL THE CARDS, and with a smart President, we always will! Wars have been stopped, and stronger relationships with other countries have been built, even though they are not allowed to rip off the United States anymore. The Stock Market and 401k’s have hit an all time high, Inflation, Prices and Taxes are DOWN. Education is being brought back to the States (where it belongs!), and our Military, and Southern Border, is the strongest they have ever been. The USA is respected again, respected like never before. All of this was brought about by Strong Leadership and TARIFFS, without which we would be a poor and pathetic laughingstock again. Evil, American hating Forces are fighting us at the United States Supreme Court. Pray to God that our Nine Justices will show great wisdom, and do the right thing for America!",['market'],"['down', 'military']",0.0
dentro,116406622416293152,2026-04-15 03:34:56.928000+00:00,"Will someone please tell Pope Leo that Iran has killed at least 42,000 innocent, completely unarmed, protesters in the last two months, and that for Iran to have a Nuclear Bomb is absolutely unacceptable. Thank you for your attention to this matter. AMERICA IS BACK!!! President DONALD J. TRUMP",['iran'],['nuclear'],1
dentro,114685507052179501,2025-06-15 04:32:40.635000+00:00,"The U.S. had nothing to do with the attack on Iran, tonight. If we are attacked in any way, shape or form by Iran, the full strength and might of the U.S. Armed Forces will come down on you at levels never seen before. However, we can easily get a deal done between Iran and Israel, and end this bloody conflict!!!",['iran'],"['attack', 'attacked', 'down']",1
dentro,115180631135047280,2025-09-10 15:09:14.575000+00:00,What's with Russia violating Poland's airspace with drones? Here we go!,['russia'],['drones'],0
dentro,114695407357588413,2025-06-16 22:30:27.306000+00:00,"Iran should have signed the ""deal"" I told them to sign. What a shame, and waste of human life. Simply stated, IRAN CAN NOT HAVE A NUCLEAR WEAPON. I said it over and over again! Everyone should immediately evacuate Tehran!","['iran', 'tehran']",['nuclear'],1.0
dentro,116269822349947644,2026-03-21 23:44:53.572000+00:00,"If Iran doesn't FULLY OPEN, WITHOUT THREAT, the Strait of Hormuz, within 48 HOURS from this exact point in time, the United States of America will hit and obliterate their various POWER PLANTS, STARTING WITH THE BIGGEST ONE FIRST! Thank you for your attention to this matter. President DONALD J. TRUMP","['hormuz', 'iran']","['obliterate', 'strait']",1
dentro,114695595047194931,2025-06-16 23:18:11.223000+00:00,"Somebody please explain to kooky Tucker Carlson that,"" IRAN CAN NOT HAVE A NUCLEAR WEAPON!""",['iran'],['nuclear'],1.0
dentro,116756674797972374,2026-06-15 23:17:52.381000+00:00,"Iran has agreed to never have a Nuclear Weapon! Also, the story that the U.S. is paying Iran 300 million Dollars is Fake News, put out by the Dumocrats!!! President DJT",['iran'],['nuclear'],1.0
dentro,115419815673188246,2025-10-22 20:57:00.989000+00:00,"""Treasury Sanctions Major Russian Oil Companies, Calls on Moscow to Immediately Agree to Ceasefire""","['moscow', 'oil', 'russian']",['sanctions'],1.0
dentro,116396382206568435,2026-04-13 08:10:43.728000+00:00,Trump brilliantly calls Iran's bluff — with his own Strait of Hormuz blockade: nypost.com/2026/04/12/opinion/,"['hormuz', 'iran']","['blockade', 'strait']",1
dentro,115519726463094783,2025-11-09 12:25:38.658000+00:00,"People that are against Tariffs are FOOLS! We are now the Richest, Most Respected Country In the World, With Almost No Inflation, and A Record Stock Market Price. 401k's are Highest EVER. We are taking in Trillions of Dollars and will soon begin paying down our ENORMOUS DEBT, $37 Trillion. Record Investment in the USA, plants and factories going up all over the place. A dividend of at least $2000 a person (not including high income people!) will be paid to everyone",['market'],['down'],0
dentro,116235861005528220,2026-03-15 23:48:04.581000+00:00,"Iran has long been known as a Master of Media Manipulation and Public Relations. They are Militarily ineffective and weak, but are really good at ""feeding"" the very appreciative Fake News Media false information. Now, A.I. has become another Disinformation weapon that Iran uses, quite well, considering they are being annihilated by the day. They showed phony ""Kamikaze Boats,"" shooting at various Ships at Sea, which looks wonderful, powerful, and vicious, but these Boats don't exist — It's all false information to show how ""tough"" their already defeated Military is! The five U.S. Refueling Planes that were supposedly struck down and badly damaged, according to The Wall Street Journal's false reporting, and others, are all in service, with the exception of one, which will soon be flying the skies. Buildings and Ships that are shown to be on fire are not — It's FAKE NEWS, generated by A.I. For instance, Iran, working in close coordination with the Fake News Media, shows our great USS Abraham Lincoln Aircraft Carrier, one of the largest and most prestigious Ships in the World, burning uncontrollably in the Ocean. Not only was it not burning, it was not even shot at — Iran knows better than to do that! The story was knowingly FAKE and, in a certain way, you can say that those Media Outlets that generated it should be brought up on Charges for TREASON for the dissemination of false information! The fact is, Iran is being decimated, and the only battles they ""win"" are those that they create through AI, and are distributed by Corrupt Media Outlets. The Radical Leftwing Press knows this full well, but continues to go forward with false stories and LIES. That's why their Approval Rating is so low, and I can win a Presidential Election, IN A LANDSLIDE, getting only 5% positive Press — They have no credibility! I am so thrilled to see Brendan Carr, the Chairman of the Federal Communications Commission (FCC), looking at the licenses of some of these Corrupt and Highly Unpatriotic ""News"" Organizations. They get Billions of Dollars of FREE American Airwaves, and use it to perpetuate LIES, both in News and almost all of their Shows, including the Late Night Morons, who get gigantic Salaries for horrible Ratings, and never get, as I used to say in The Apprentice, ""FIRED."" Thank you for your attention to this matter! President DONALD J. TRUMP",['iran'],"['down', 'military']",1
dentro,116658423998920803,2026-05-29 14:51:24.163000+00:00,"Iran must agree that they will never have a Nuclear Weapon or Bomb. The Hormuz Strait must be immediately open, no tolls, for unrestricted shipping traffic, in both directions. All water mines (bombs), if any, will be terminated (we have removed, through detonation, numerous such mines with our great underwater mine sweepers. Iran will complete the immediate removal and/or detonation of any mines that are left, which will not be many!). Ships caught in the Strait due to our amazing and unprecedented Naval Blockade, which will now be lifted, may start the process of “heading home!” Say HELLO to your wives, husbands, parents, and families from me, your favorite President! The enriched material, sometimes referred to as “Nuclear Dust,” which is buried deep underground with virtually collapsed mountains, caused by our powerful B2 Bomber attack 11 months ago, sitting on top of it, will be unearthed by the United States (which, it is agreed, is the only Country, along with China, with the mechanical capability of doing so!), in close coordination and conjunction with the Islamic Republic of Iran, plus the International Atomic Energy Agency, and DESTROYED. No money will be exchanged, until further notice. Other items, of far less importance, have been agreed to. I will be meeting now, in the Situation Room, to make a final determination. Thank you for your attention to this matter! President DONALD J. TRUMP","['hormuz', 'iran']","['attack', 'blockade', 'bomber', 'destroyed', 'mine', 'mines', 'naval', 'nuclear', 'shipping', 'strait']",1
dentro,114724124909451419,2025-06-22 00:13:42.373000+00:00,"I will be giving an Address to the Nation at 10:00 P.M., at the White House, regarding our very successful military operation in Iran. This is an HISTORIC MOMENT FOR THE UNITED STATES OF AMERICA, ISRAEL, AND THE WORLD. IRAN MUST NOW AGREE TO END THIS WAR. THANK YOU!",['iran'],['military'],1.0
dentro,116445555373723862,2026-04-22 00:36:06.713000+00:00,"Iran doesn't want the Strait of Hormuz closed, they want it open so they can make $500 Million Dollars a day (which is, therefore, what they are losing if it is closed!). They only say they want it closed because I have it totally BLOCKADED (CLOSED!), so they merely want to ""save face."" People approached me four days ago, saying, ""Sir, Iran wants to open up the Strait, immediately."" But if we do that, there can never be a Deal with Iran, unless we blow up the rest of their Country, their leaders included! President DONALD J. TRUMP","['hormuz', 'iran']",['strait'],1
dentro,116754269577470122,2026-06-15 13:06:11.628000+00:00,"Ships are starting to move, many loaded up with Oil, out of the Strait of Hormuz. They are going along the Southern “Highway,” which is totally safe, secure, and pristine. There are other areas of travel, also!!! President DJT","['hormuz', 'oil']",['strait'],1
dentro,114738128058193093,2025-06-24 11:34:53.466000+00:00,IRAN WILL NEVER REBUILD THEIR NUCLEAR FACILITIES!,['iran'],['nuclear'],1
dentro,116772448531484273,2026-06-18 18:09:20.453000+00:00,"The United States is committed to PEACE, and we encourage everyone in the Middle East Region to maintain their commitment to allowing our negotiations to beautifully unfold. The Markets are loving what is happening with Oil Prices way down, and Stocks way up. We expect a complete Ceasefire on all fronts, including Lebanon, Hezbollah, and Israel. Thank you for your attention to this matter! President DONALD J. TRUMP","['markets', 'oil']",['down'],1
dentro,116743808155352167,2026-06-13 16:45:42.995000+00:00,"Barack Hussein Obama's Deal with Iran, the JCPOA, was an easy, beautiful, smooth road to a Nuclear Weapon, which Iran would have had six years ago, and would have used long before now. My Agreement with Iran is the exact opposite, A WALL TO NO NUCLEAR WEAPON! In fact, they no longer want a Nuclear Weapon, nor will they have one, either through purchase, development, or any other form of procurement. The Deal is scheduled to get signed tomorrow, and immediately after it is signed, the Hormuz Strait is OPEN TO ALL. Our relationship with Iran is a much different and better one than previous Administrations have had. Unlike Obama's Hundreds of Billions of Dollars in payments to them, including 1.7 Billion Dollars in green, cold cash, no money will exchange hands. At the appropriate time, when all is calm, we will go in and get the Nuclear Dust, buried deep under the powerful sunken granite mountains, thanks to our beautiful B-2 Bombers and their brilliant pilots, and downblend and destroy it, whether in Iran, or the United States. We look forward to working with Iran, and the entire Middle East, long into the future. Hopefully, this process will all work out quickly, easily, and smoothly. If it doesn't, we have the ultimate alternative, hopefully never to be used again! Thank you for your attention to this matter!!! President DONALD J. TRUMP","['hormuz', 'iran']","['bombers', 'destroy', 'jcpoa', 'nuclear', 'strait']",1
dentro,114436142904738936,2025-05-02 03:36:05.709000+00:00,"The Democrats are really out of control. They have lost everything, especially their minds! These Radical Left Lunatics are into the ""Impeachment thing"" again. They have already got two ""No Name,"" little respected Congressmen, total Whackjobs both, throwing the ""Impeachment"" of DONALD J. TRUMP around, for about the 20th time, even though they have no idea for what I would be Impeached. Maybe it should be for cleaning up the MESS that they left us on the Border, or the Highest Inflation in our Country's History or, perhaps, it should be the incompetent Withdrawal from Afghanistan, or Russia, Russia, Russia/Ukraine, Ukraine, Ukraine, or the Attack of Israel on October 7th that only proceeded because they allowed Iran to regain Great Wealth. These Congressmen stated that, they didn't know why they would Impeach me but, ""We just want to do it."" The Republicans should start to think about expelling them from Congress for all of the crimes that they have committed, especially around Election time(s). These are very dishonest people that won't let our Country heal! Why do we allow them to continuously use Impeachment as a weapon against the President of the United States who, by all accounts, is working hard to SAVE OUR COUNTRY. It's the same playbook that they used in my First Term, and Republicans are not going to allow them to get away with it again. These are total LOWLIFES, who hate our Country, and everything it stands for. Perhaps we should start playing this game on them, and expel Democrats for the many crimes that they have committed — And these are REAL crimes. Remember, ""Shifty"" Adam Schiff demanded a Pardon, and they had to use the power of the Auto Pen, and a Full Pardon, for him and the Unselect Committee of Political Thugs, to save them from Expulsion, and probably worse!","['iran', 'russia', 'ukraine']",['attack'],1
dentro,114728311939211877,2025-06-22 17:58:31.377000+00:00,"Congressman Thomas Massie of Kentucky is not MAGA, even though he likes to say he is. Actually, MAGA doesn't want him, doesn't know him, and doesn't respect him. He is a negative force who almost always Votes ""NO,"" no matter how good something may be. He's a simple minded ""grandstander"" who thinks it's good politics for Iran to have the highest level Nuclear weapon, while at the same time yelling ""DEATH TO AMERICA"" at every chance they get. Iran has killed and maimed thousands of Americans, and even took over the American Embassy in Tehran under the Carter Administration. We had a spectacular military success yesterday, taking the ""bomb"" right out of their hands (and they would use it if they could!) but, as usual, and despite all of the praise and accolades received, this ""lightweight"" Congressman is against what was so brilliantly achieved last night in Iran. Massie is weak, ineffective, and votes ""NO"" on virtually everything put before him (Rand Paul, Jr.), no matter how good something may be. He is disrespectful to our great military, and all that they stand for, not even acknowledging their brilliance and bravery in yesterday's attack, which was a total and complete WIN. Massie should drop his fake act and start putting America First, but he doesn't know how to get there — he doesn't have a clue! He'll undoubtedly vote against the Great, Big, Beautiful Bill, even though non-passage means a 68% Tax Increase for everybody, and many things far worse than that. MAGA should drop this pathetic LOSER, Tom Massie, like the plague! The good news is that we will have a wonderful American Patriot running against him in the Republican Primary, and I'll be out in Kentucky campaigning really hard. MAGA is not about lazy, grandstanding, nonproductive politicians, of which Thomas Massie is definitely one. Thank you to our incredible military for the AMAZING job they did last night. It was really SPECIAL!!! MAKE AMERICA GREAT AGAIN.","['iran', 'tehran']","['attack', 'military', 'nuclear']",0
dentro,116392449978703637,2026-04-12 15:30:42.692000+00:00,"Iran promised to open the Strait of Hormuz, and they knowingly failed to do so. This caused anxiety, dislocation, and pain to many people and Countries throughout the World. They say they put mines in the water, even though all of their Navy, and most of their ""mine droppers,"" have been completely blown up. They may have done so, but what ship owner would want to take the chance? There is great dishonor and permanent harm to the reputation of Iran, and what's left of their ""Leaders,"" but we are beyond all of that. As they promised, they better begin the process of getting this INTERNATIONAL WATERWAY OPEN AND FAST! Every Law in the book is being violated by them. I have been fully debriefed by Vice President JD Vance, Special Envoy Steve Witkoff, and Jared Kushner, on the meeting that took place in Islamabad through the kind and very competent leadership of Field Marshal Asim Munir, and Prime Minister Shehbaz Sharif, of Pakistan. They are very extraordinary men, and continuously thank me for saving 30 to 50 million lives in what would have been a horrendous War with India. I always appreciate hearing that — The amount of Humanity spoken of is incomprehensible. The meeting with Iran began early in the morning, and lasted throughout the night — Close to 20 hours. I could go into great detail, and talk about much that has been gotten but, there is only one thing that matters — IRAN IS UNWILLING TO GIVE UP ITS NUCLEAR AMBITIONS! In many ways, the points that were agreed to are better than us continuing our Military Operations to conclusion, but all of those points don't matter compared to allowing Nuclear Power to be in the hands of such volatile, difficult, unpredictable people. My three Representatives, as all of this time went by, became, not surprisingly, very friendly and respectful of Iran's Representatives, Mohammad-Bagher Ghalibaf, Abbas Araghchi, and Ali Bagheri, but that doesn't matter because they were very unyielding as to the single most important issue and, as I have always said, right from the beginning, and many years ago, IRAN WILL NEVER HAVE A NUCLEAR WEAPON!","['hormuz', 'iran']","['military', 'mine', 'mines', 'navy', 'nuclear', 'strait', 'waterway']",1.0
dentro,116799154100072125,2026-06-23 11:20:55.091000+00:00,"Despite their protestations and false statements to the contrary, coupled with the drumbeat of the Fake News, which is doing everything possible to make the U.S. Victory as small and insignificant as possible, Iran has fully and completely agreed to highest level Nuclear inspections long into the future (Infinity!!!). This will insure “Nuclear Honesty.” If they did not agree to this, there would be no further negotiations! Based on this and other major concessions being made by Iran, I have agreed to allow the Hormuz Strait to remain OPEN, with no further Naval Blockade. However, all ships are remaining in place should it be necessary to reinstitute the Blockade, which seems, at this point, highly unlikely. The Money and/or Sanctions that the U.S. Treasury is releasing goes into escrow, controlled by the U.S.A., and will be used for the purchase of food and medical supplies, exclusively from the United States, including Corn, Wheat, and Soybeans from our great American Farmers. These are things that are desperately needed by Iran. This is a humanitarian crisis, and I feel it is necessary to help, NOW, before it is too late. Talks are going well! Thank you for your attention to this matter. President DONALD J. TRUMP","['hormuz', 'iran']","['blockade', 'naval', 'nuclear', 'sanctions', 'strait']",1.0
dentro,114734934153569653,2025-06-23 22:02:38.349000+00:00,"CONGRATULATIONS TO EVERYONE! It has been fully agreed by and between Israel and Iran that there will be a Complete and Total CEASEFIRE (in approximately 6 hours from now, when Israel and Iran have wound down and completed their in progress, final missions!), for 12 hours, at which point the War will be considered, ENDED! Officially, Iran will start the CEASEFIRE and, upon the 12th Hour, Israel will start the CEASEFIRE and, upon the 24th Hour, an Official END to THE 12 DAY WAR will be saluted by the World. During each CEASEFIRE, the other side will remain PEACEFUL and RESPECTFUL. On the assumption that everything works as it should, which it will, I would like to congratulate both Countries, Israel and Iran, on having the Stamina, Courage, and Intelligence to end, what should be called, ""THE 12 DAY WAR."" This is a War that could have gone on for years, and destroyed the entire Middle East, but it didn't, and never will! God bless Israel, God bless Iran, God bless the Middle East, God bless the United States of America, and GOD BLESS THE WORLD! DONALD J. TRUMP, PRESIDENT OF THE UNITED STATES OF AMERICA",['iran'],"['destroyed', 'down']",1.0
dentro,116750372942466677,2026-06-14 20:35:13.697000+00:00,"Victoria Coates of the Heritage Foundation is absolutely fantastic! She gets it like few other do. Thank you Victoria. Iran will never have a Nuclear weapon, and the Strait of Hormuz will be opening up for business very shortly!!! President DJT","['hormuz', 'iran']","['nuclear', 'strait']",1
dentro,116969243226176328,2026-07-23 12:16:49.188000+00:00,"A year ago the United States of America attacked, very powerfully, the Houthis, for their interference with commerce and trade, by shooting at ships. Since that time, and during our conflict with Iran, they have acted very responsibly. Unfortunately, now they are starting up again, shooting at two Saudi Arabian ships last night. Please let this TRUTH serve to represent that if they do this again, the U.S. will hold Iran responsible, in that the Houthis are a Surrogate and/or Proxy of Iran, and major military punishment will be inflicted upon Iran and, of course, the Houthis, themselves, who I am very disappointed with in that they have, until now, acted very professionally and smart. Thank you for your attention to this matter! President DONALD J. TRUMP","['houthis', 'iran', 'saudi']","['attacked', 'military']",1
dentro,114842356238631061,2025-07-12 21:21:29.285000+00:00,"What's going on with my ""boys"" and, in some cases, ""gals?"" They're all going after Attorney General Pam Bondi, who is doing a FANTASTIC JOB! We're on one Team, MAGA, and I don't like what's happening. We have a PERFECT Administration, THE TALK OF THE WORLD, and ""selfish people"" are trying to hurt it, all over a guy who never dies, Jeffrey Epstein. For years, it's Epstein, over and over again. Why are we giving publicity to Files written by Obama, Crooked Hillary, Comey, Brennan, and the Losers and Criminals of the Biden Administration, who conned the World with the Russia, Russia, Russia Hoax, 51 ""Intelligence"" Agents, ""THE LAPTOP FROM HELL,"" and more? They created the Epstein Files, just like they created the FAKE Hillary Clinton/Christopher Steele Dossier that they used on me, and now my so-called ""friends"" are playing right into their hands. Why didn't these Radical Left Lunatics release the Epstein Files? If there was ANYTHING in there that could have hurt the MAGA Movement, why didn't they use it? They haven't even given up on the John F. Kennedy or Martin Luther King, Jr. Files. No matter how much success we have had, securing the Border, deporting Criminals, fixing the Economy, Energy Dominance, a Safer World where Iran will not have Nuclear Weapons, it's never enough for some people. We are about to achieve more in 6 months than any other Administration has achieved in over 100 years, and we have so much more to do. We are saving our Country and, MAKING AMERICA GREAT AGAIN, which will continue to be our complete PRIORITY. The Left is imploding! Kash Patel, and the FBI, must be focused on investigating Voter Fraud, Political Corruption, ActBlue, The Rigged and Stolen Election of 2020, and arresting Thugs and Criminals, instead of spending month after month looking at nothing but the same old, Radical Left inspired Documents on Jeffrey Epstein. LET PAM BONDI DO HER JOB — SHE'S GREAT! The 2020 Election was Rigged and Stolen, and they tried to do the same thing in 2024 — That's what she is looking into as AG, and much more. One year ago our Country was DEAD, now it's the ""HOTTEST"" Country anywhere in the World. Let's keep it that way, and not waste Time and Energy on Jeffrey Epstein, somebody that nobody cares about. Thank you for your attention to this matter!","['iran', 'russia']",['nuclear'],0
dentro,116162219712486900,2026-03-02 23:40:07.624000+00:00,"DOUG SCHOEN: As a Democrat, I back Trump's Iran strike — my party is wrong: foxnews.com/opinion/doug-schoe",['iran'],['strike'],0
dentro,116409146419851362,2026-04-15 14:16:50.166000+00:00,"I am working very hard with our Great Speaker, Mike Johnson, along with Chairman Jim Jordan and Chairman Rick Crawford, to get a clean extension of FISA 702 through the House of Representatives this week. I am asking Republicans to UNIFY, and vote together on the test vote to bring a clean Bill to the floor. We need to stick together when this Bill comes before the House Rules Committee today to keep it CLEAN! When the Dirty Cop, James Comey, the failed Head of the FBI went after me, he was using FISA Title I, the Domestic Collection, not FISA 702, the Foreign Collection, which needs to be extended today. While parts of FISA were illegally and unfortunately used against me in the Democrats' disgraceful Witch Hunt and Attack in the RUSSIA, RUSSIA, RUSSIA Hoax, and perhaps would be used against me in the future, I am willing to risk the giving up of my Rights and Privileges as a Citizen for our Great Military and Country! Our Military Patriots desperately need FISA 702, and it is one of the reasons we have had such tremendous SUCCESS on the battlefield. I have spoken with many in our Military who say FISA is necessary in order to protect our Troops overseas, as well as our people here at home, from the threat of Foreign Terror Attacks. It has already prevented MANY such Attacks, and it is very important that it remain in full force and effect. Thank you for your attention to this matter! President DONALD J. TRUMP",['russia'],"['attack', 'military']",0.0
dentro,115850817778602689,2026-01-06 23:46:31.201000+00:00,"I am pleased to announce that the Interim Authorities in Venezuela will be turning over between 30 and 50 MILLION Barrels of High Quality, Sanctioned Oil, to the United States of America. This Oil will be sold at its Market Price, and that money will be controlled by me, as President of the United States of America, to ensure it is used to benefit the people of Venezuela and the United States! I have asked Energy Secretary Chris Wright to execute this plan, immediately. It will be taken by storage ships, and brought directly to unloading docks in the United States. Thank you for your attention to this matter! DONALD J. TRUMP PRESIDENT OF THE UNITED STATES OF AMERICA","['barrels', 'market', 'oil', 'venezuela']",['sanctioned'],1.0
dentro,116121997925438698,2026-02-23 21:11:11.860000+00:00,"Numerous stories from the Fake News Media have been circulating stating that General Daniel Caine, sometimes referred to as Razin, is against us going to War with Iran. The story does not attribute this vast wealth of knowledge to anyone, and is 100% incorrect. General Caine, like all of us, would like not to see War but, if a decision is made on going against Iran at a Military level, it is his opinion that it will be something easily won. He knows Iran well in that he was in charge of Midnight Hammer, the attack on the Iranian Nuclear Development. It is a Development no longer, but rather, was blown to smithereens by our Great B-2 Bombers. Razin Caine is a Great Fighter, and represents the Most Powerful Military anywhere in the World. He has not spoken of not doing Iran, or even the fake limited strikes that I have been reading about, he only knows one thing, how to WIN and, if he is told to do so, he will be leading the pack. Everything that has been written about a potential War with Iran has been written incorrectly, and purposefully so. I am the one that makes the decision, I would rather have a Deal than not but, if we don't make a Deal, it will be a very bad day for that Country and, very sadly, its people, because they are great and wonderful, and something like this should never have happened to them. PRESIDENT DONALD J. TRUMP","['iran', 'iranian']","['attack', 'bombers', 'military', 'nuclear', 'strikes']",1.0
dentro,115126384708348116,2025-09-01 01:13:39.792000+00:00,"Prices are ""WAY DOWN"" in the USA, with virtually no inflation. With the exception of ridiculous, corrupt politician approved ""Windmills,"" which are killing every State and Country that uses them, Energy prices are falling,""big time."" Gasoline is at many year lows. All of this despite magnificent Tariffs, which are bringing in Trillions of Dollars from Countries that took total advantage of us, for decades, and are making America STRONG and RESPECTED AGAIN!!!",['gasoline'],['down'],1
dentro,116787911354917242,2026-06-21 11:41:44.414000+00:00,"Happy Father's Day! Our Country is doing GREAT. Record Jobs Numbers and Stock Market, BEST ECONOMY EVER! Greatest Military in the World, by far. We are WINNING on all fronts, WINNING LIKE NEVER BEFORE. GOD BLESS YOU ALL!!! President DONALD J. TRUMP",['market'],['military'],0
dentro,116351956955900185,2026-04-05 11:52:48.199000+00:00,"We have rescued the seriously wounded, and really brave, F-15 Crew Member/Officer, from deep inside the mountains of Iran. The Iranian Military was looking hard, in big numbers, and getting close. He is a highly respected Colonel. This type of raid is seldom attempted because of the danger to ""man and equipment."" It just doesn't happen! The second raid came after the first one, where we rescued the pilot in broad daylight, also unusual, spending seven hours over Iran. An AMAZING show of bravery and talent by all! I will be having a News Conference, with the Military, at the Oval Office, on Monday, at 1:00 P.M. God Bless our great MILITARY WARRIORS! President DONALD J. TRUMP","['iran', 'iranian']",['military'],1
dentro,116229058692001771,2026-03-14 18:58:09.514000+00:00,"The United States of America has beaten and completely decimated Iran, both Militarily, Economically, and in every other way, but the Countries of the World that receive Oil through the Hormuz Strait must take care of that passage, and we will help — A LOT! The U.S. will also coordinate with those Countries so that everything goes quickly, smoothly, and well. This should have always been a team effort, and now it will be — It will bring the World together toward Harmony, Security, and Everlasting Peace! President DONALD J. TRUMP","['hormuz', 'iran', 'oil']",['strait'],1
dentro,116493939901285486,2026-04-30 13:40:56.013000+00:00,"The Chancellor of Germany should spend more time on ending the war with Russia/Ukraine (Where he has been totally ineffective!), and fixing his broken Country, especially Immigration and Energy, and less time on interfering with those that are getting rid of the Iran Nuclear threat, thereby making the World, including Germany, a safer place! President DJT","['iran', 'russia', 'ukraine']",['nuclear'],0
dentro,114336723764365914,2025-04-14 14:12:30.017000+00:00,"The War between Russia and Ukraine is Biden's war, not mine. I just got here, and for four years during my term, had no problem in preventing it from happening. President Putin, and everyone else, respected your President! I HAD NOTHING TO DO WITH THIS WAR, BUT AM WORKING DILIGENTLY TO GET THE DEATH AND DESTRUCTION TO STOP. If the 2020 Presidential Election was not RIGGED, and it was, in so many ways, that horrible War would never have happened. President Zelenskyy and Crooked Joe Biden did an absolutely horrible job in allowing this travesty to begin. There were so many ways of preventing it from ever starting. But that is the past. Now we have to get it to STOP, AND FAST. SO SAD!","['putin', 'russia', 'ukraine', 'zelenskyy']",['mine'],0
dentro,116721129088347687,2026-06-09 16:38:07.895000+00:00,"I have just been informed by our Great Military that last night the Iranians shot down one of our highly sophisticated Apache Helicopters while patrolling over the Strait of Hormuz. There were two pilots involved, both are safe and uninjured. Nevertheless, the United States must, of necessity, respond to this attack. Thank you for your attention to this matter! President DONALD J. TRUMP","['hormuz', 'iranians']","['attack', 'down', 'military', 'strait']",1.0
dentro,116207821606085249,2026-03-11 00:57:17.299000+00:00,52% of US Likely Voters support Trump's decision to strike Iran: Poll: justthenews.com/politics-polic,['iran'],['strike'],1.0
dentro,115777270368444049,2025-12-25 00:02:26.784000+00:00,"Merry Christmas to all, including the Radical Left Scum that is doing everything possible to destroy our Country, but are failing badly. We no longer have Open Borders, Men in Women's Sports, Transgender for Everyone, or Weak Law Enforcement. What we do have is a Record Stock Market and 401K's, Lowest Crime numbers in decades, No Inflation, and yesterday, a 4.3 GDP, two points better than expected. Tariffs have given us Trillions of Dollars in Growth and Prosperity, and the strongest National Security we have ever had. We are respected again, perhaps like never before. God Bless America!!! President DJT",['market'],['destroy'],1
dentro,115596544162295527,2025-11-23 02:01:23.726000+00:00,"We are taking in TRILLIONS of Dollars in Tariffs and Investment Dollars from foreign lands because of Tariffs. I have stopped 5 of the eight WARS directly because of the threat of Tariffs if they don't stop fighting or, better yet, if they start. There is almost no Inflation, and the worst in USA History under Sleepy Joe Biden. The Stock Market just hit an ALL-TIME HIGH for the 48th time in 9 months. To Leonard Leo, Koch, and all of the Countries and Slimeballs that have ripped off the United States of America for years through the use of their own Tariffs, we don't have a Court System that's going to let you destroy our Country any longer. This is the richest, strongest, and most respected the USA has ever been. November 5th, and Tariffs, are the reasons why. Thank you for your attention to this matter! President DJT",['market'],['destroy'],1
dentro,116161759621251147,2026-03-02 21:43:07.189000+00:00,"If I didn't terminate Obama's horrendous Iran Nuclear Deal (JCPOA), Iran would have had a Nuclear Weapon three years ago. That was the most dangerous transaction we have ever entered into, and had it been allowed to stand, the World would be an entirely different place right now. You can blame Barack Hussein Obama, and Sleepy Joe Biden. THANK YOU PRESIDENT TRUMP!",['iran'],"['jcpoa', 'nuclear']",0
dentro,116367088879643074,2026-04-08 04:01:03.031000+00:00,"A big day for World Peace! Iran wants it to happen, they've had enough! Likewise, so has everyone else! The United States of America will be helping with the traffic buildup in the Strait of Hormuz. There will be lots of positive action! Big money will be made. Iran can start the reconstruction process. We'll be loading up with supplies of all kinds, and just ""hangin' around"" in order to make sure that everything goes well. I feel confident that it will. Just like we are experiencing in the U.S., this could be the Golden Age of the Middle East!!! President DONALD J. TRUMP","['hormuz', 'iran']",['strait'],1
dentro,114263386262728170,2025-04-01 15:21:48.549000+00:00,"My telephone call with President El-Sisi, of Egypt, went very well. We discussed numerous topics, among which was the tremendous Military progress we have made against the Ship destroying Houthis in Yemen — Also discussed was Gaza, and possible solutions, Military preparedness, etc.",['houthis'],['military'],1.0
dentro,116329512466946656,2026-04-01 12:44:52.476000+00:00,"Iran's New Regime President, much less Radicalized and far more intelligent than his predecessors, has just asked the United States of America for a CEASEFIRE! We will consider when Hormuz Strait is open, free, and clear. Until then, we are blasting Iran into oblivion or, as they say, back to the Stone Ages!!! President DJT","['hormuz', 'iran']",['strait'],1
dentro,114758683463390427,2025-06-28 02:42:24.058000+00:00,"Who in the Fake News Media is the SleazeBag saying that ""President Trump wants to give Iran $30 Billion to build non-military Nuclear facilities."" Never heard of this ridiculous idea. It's just another HOAX put out by the Fake News in order to demean. These people are SICK!!!",['iran'],"['military', 'nuclear']",1
dentro,116202054617775180,2026-03-10 00:30:40.041000+00:00,"If Iran does anything that stops the flow of Oil within the Strait of Hormuz, they will be hit by the United States of America TWENTY TIMES HARDER than they have been hit thus far. Additionally, we will take out easily destroyable targets that will make it virtually impossible for Iran to ever be built back, as a Nation, again — Death, Fire, and Fury will reign upon them — But I hope, and pray, that it does not happen! This is a gift from the United States of America to China, and all of those Nations that heavily use the Hormuz Strait. Hopefully, it is a gesture that will be greatly appreciated. Thank you for your attention to this matter! President DONALD J. TRUMP","['hormuz', 'iran', 'oil']",['strait'],1.0
dentro,116953296612438865,2026-07-20 16:41:23.173000+00:00,"Every time Iran kills an American Soldier they will pay for that killing many times over! This directive has been passed on to Secretary of War, Pete Hegseth, Chairman of the Joint Chiefs of Staff, Daniel Caine, and every Leader in the Military. President DONALD J. TRUMP",['iran'],['military'],1.0
dentro,116368825638596650,2026-04-08 11:22:43.870000+00:00,"The United States will work closely with Iran, which we have determined has gone through what will be a very productive Regime Change! There will be no enrichment of Uranium, and the United States will, working with Iran, dig up and remove all of the deeply buried (B-2 Bombers) Nuclear ""Dust."" It is now, and has been, under very exacting Satellite Surveillance (Space Force!). Nothing has been touched from the date of attack. We are, and will be, talking Tariff and Sanctions relief with Iran. Many of the 15 points have already been been agreed to. Thank you for your attention to this matter. President DONALD J. TRUMP",['iran'],"['attack', 'bombers', 'enrichment', 'nuclear', 'sanctions']",1
dentro,115483014123680949,2025-11-03 00:49:12.814000+00:00,"Why would anyone vote for New Jersey and Virginia Gubernatorial Candidates, Mikie Sherrill and Abigail Spanberger, when they want transgender for everybody, men playing in women's sports, High Crime, and the most expensive Energy prices almost anywhere in the World? VOTE REPUBLICAN for massive Energy Cost reductions, large scale Tax Cuts, and basic Common Sense! Under President Trump, ME, Gasoline will come down to approximately $2 a Gallon, very soon! With the Democrats, you'll be paying $4, $5, and $6 a Gallon, and your Electric and other Energy costs will, likewise, SOAR. VOTE REPUBLICAN FOR A GREAT AND VERY AFFORDABLE LIFE. All you'll get from voting Democrat is unrelentingly High Crime, Energy prices through the roof, men playing in women's sports, and HEARTACHE!",['gasoline'],['down'],0
dentro,115770165868454573,2025-12-23 17:55:40.717000+00:00,"THE TRUMP RULE:The Financial News today was great — GDP up 4.2% as opposed to the predicted 2.5% (and this, despite the downward pressure of the recent Democrat Shutdown!) — But in the Modern Market, when you have good news, the Market stays even, or goes down, because Wall Street's ""heads"" are wired differently than they used to be. In the old days, when there was good news, the Market went up. Nowadays, when there is good news, the Market goes down, because everybody thinks that Interest Rates will be immediately lifted to take care of ""potential"" Inflation. That means that, essentially, we can never have a Great Market again, those Markets from the time when our Nation was building up, and becoming great. Strong Markets, even phenomenal Markets, don't cause Inflation, stupidity does! I want my new Fed Chairman to lower Interest Rates if the Market is doing well, not destroy the Market for no reason whatsoever. I want to have a Market the likes of which we haven't had in many decades, a Market that goes up on good news, and down on bad news, the way it should be, and the way it was. Inflation will take care of itself and, if it doesn't, we can always raise Rates at the appropriate time — But the appropriate time is not to kill Rallies, which could lift our Nation by 10, 15, and even 20 GDP points in a year — and maybe even more than that! A Nation can never be Economically GREAT if ""eggheads"" are allowed to do everything within their power to destroy the upward slope. We are going to be encouraging the Good Market to get better, rather than make it impossible for it to do so. We are going to see numbers that are far more natural, and far better, than they have ever been before. We are going to, MAKE AMERICA GREAT AGAIN! The United States should be rewarded for SUCCESS, not brought down by it. Anybody that disagrees with me will never be the Fed Chairman!","['market', 'markets']","['destroy', 'down']",1.0
dentro,116802765132974094,2026-06-24 02:39:15.080000+00:00,"So, I have Iran on the “ropes,” ready to go down for the fall, willing to give us practically anything, and for the first time in decades, respecting the hell out of the United States and its President, ME, and the U.S. Senate decides to have a poorly timed and meaningless War Powers Act Vote, telling the Number One Sponser of Terror in the World that the United States doesn't like what I am doing to them, and I must stop, and by so doing has provided aid and comfort the Enemy. Four Republican Losers voted with the Dumocrats, and Iran asked my people, “what does that all mean?” These Senators have just made my job more difficult, but I will get it done, one way or the other, because I always get it done! President DJT",['iran'],['down'],1
dentro,116446283085364326,2026-04-22 03:41:10.711000+00:00,Iran is collapsing financially! They want the Strait of Hormuz opened immediately- Starving for cash! Losing 500 Million Dollars a day. Military and Police complaining that they are not getting paid. SOS!!!,"['hormuz', 'iran']","['military', 'strait']",1
dentro,116527444859592032,2026-05-06 11:41:41.104000+00:00,"Assuming Iran agrees to give what has been agreed to, which is, perhaps, a big assumption, the already legendary Epic Fury will be at an end, and the highly effective Blockade will allow the Hormuz Strait to be OPEN TO ALL, including Iran. If they don't agree, the bombing starts, and it will be, sadly, at a much higher level and intensity than it was before. Thank you for your attention to this matter! President DONALD J. TRUMP","['hormuz', 'iran']","['blockade', 'strait']",1
dentro,116290846597255331,2026-03-25 16:51:38.127000+00:00,"Speaker of the House Mike Johnson and Senate Majority Leader John Thune have been working to pass a clean extension of FISA Section 702, a Law that was passed many years ago by Congress to collect Intelligence on Foreigners and Noncitizens. When used properly, FISA is an effective tool to keep Americans safe. For these reasons, I have called for a clean 18-month extension, HOWEVER, the Critical and Common Sense Reforms that were made in the last Reauthorization of FISA must remain intact to protect the American People from abuses. Nobody understands this better than me, as I was a victim of the worst and most illegal abuse of FISA in our Nation's History, by Radical Left Lunatics who lied to the FISA Court to spy on my 2016 Presidential Campaign in their attempt to RIG the Election in favor of Crooked Hillary Clinton. That is why, since the first day of my already Historic Second Term, my Administration has worked tirelessly to ensure these Reforms are being aggressively executed at every level of the Executive Branch to keep Americans safe, while protecting their sacred Civil Liberties guaranteed by our Great Constitution. With the ongoing successful Military activities against the Terrorist Iranian Regime, it is more important than ever that we remain vigilant, PROTECT our Homeland, Troops, and Diplomats stationed abroad, and maintain our ability to quickly stop bad actors seeking to cause harm to our People and our Country. The fact is, whether you like FISA or not, it is extremely important to our Military. I have spoken to many Generals about this, and they consider it vital. Not one said, even tacitly, that they can do without it — especially right now with our brilliant Military Operation in Iran. Thank you for your attention to this very important matter! President DONALD J. TRUMP","['iran', 'iranian']",['military'],0
dentro,116397847496142849,2026-04-13 14:23:22.272000+00:00,"Iran's Navy is laying at the bottom of the sea, completely obliterated - 158 ships. What we have not hit are their small number of, what they call, ""fast attack ships,"" because we did not consider them much of a threat. Warning: If any of these ships come anywhere close to our BLOCKADE, they will be immediately ELIMINATED, using the same system of kill that we use against the drug dealers on boats at Sea. It is quick and brutal. P.S. 98.2% of Drugs coming into the U.S. by Ocean or Sea have STOPPED! Thank you for your attention to this matter. President DJT",['iran'],"['attack', 'blockade', 'navy', 'obliterated']",1
dentro,116629952973301768,2026-05-24 14:10:50.788000+00:00,"One of the worst deals ever made by our Country was the Iran Nuclear Deal, put forth and signed into existence by Barack Hussein Obama and the rank amateurs of the Obama Administration. It was a direct path to Iran developing a Nuclear Weapon. Not so with the transaction currently being negotiated with Iran by the Trump Administration - THE EXACT OPPOSITE, in fact! The negotiations are proceeding in an orderly and constructive manner, and I have informed my representatives not to rush into a deal in that time is on our side. The Blockade will remain in full force and effect until an agreement is reached, certified, and signed. Both sides must take their time and get it right. There can be no mistakes! Our relationship with Iran is becoming a much more professional and productive one. They must understand, however, that they cannot develop or procure a Nuclear Weapon or Bomb. I would like to thank, thus far, all of the countries of the Middle East for their support and cooperation, which will be further enhanced and strengthened by their joining the Nations of the historic Abraham Accords and, who knows, perhaps the Islamic Republic of Iran would like to join, as well! Thank you for your attention to this matter. President DONALD J. TRUMP",['iran'],"['blockade', 'nuclear']",1
dentro,115129261076571259,2025-09-01 13:25:09.688000+00:00,"What few people understand is that we do very little business with India, but they do a tremendous amount of business with us. In other words, they sell us massive amounts of goods, their biggest ""client,"" but we sell them very little - Until now a totally one sided relationship, and it has been for many decades. The reason is that India has charged us, until now, such high Tariffs, the most of any country, that our businesses are unable to sell into India. It has been a totally one sided disaster! Also, India buys most of its oil and military products from Russia, very little from the U.S. They have now offered to cut their Tariffs to nothing, but it's getting late. They should have done so years ago. Just some simple facts for people to ponder!!!","['oil', 'russia']",['military'],1.0
dentro,116295045718240014,2026-03-26 10:39:31.628000+00:00,"The Iranian negotiators are very different and ""strange."" They are ""begging"" us to make a deal, which they should be doing since they have been militarily obliterated, with zero chance of a comeback, and yet they publicly state that they are only ""looking at our proposal."" WRONG!!! They better get serious soon, before it is too late, because once that happens, there is NO TURNING BACK, and it won't be pretty! President DJT",['iranian'],['obliterated'],1
dentro,114298249002673077,2025-04-07 19:07:51.744000+00:00,"""What we're not talking about is, oil was $76, now it's $65. Gasoline prices are going to plummet…""","['gasoline', 'oil']",['plummet'],1.0
dentro,116969149016233329,2026-07-23 11:52:51.658000+00:00,"The Civil Nuclear Deal (There will be no enrichment of material!) being made between the United States Department of Energy and Saudi Arabia, which pertains only to non-military use such as the ones that Iran and UAE (and others) already have, will be approved, but is totally subject to Saudi Arabia joining the very respected and successful Abraham Accords. The United States is not opposed to Civil (Non-Enriched) Nuclear Facilities. Thank you for your attention to this matter! President DONALD J. TRUMP","['iran', 'saudi']","['enrichment', 'military', 'nuclear']",1.0
dentro,116963738416841583,2026-07-22 12:56:52.464000+00:00,"From this point forward, any time the Islamic Republic of Iran shoots at a ship in the Strait of Hormuz, whether it be by Missile, Rocket, Duone, or any other device or weapon, the United States will bomb and destroy ONE BRIDGE OR POWER PLANT, including those located next to, or in, the Capital City of Tehran. Thank you for your attention to this matter! President DONALD J. TRUMP","['hormuz', 'iran', 'tehran']","['destroy', 'drone', 'strait']",1
dentro,116420456436213944,2026-04-17 14:13:07.320000+00:00,"Now that the Hormuz Strait situation is over, I received a call from NATO asking if we would need some help. I TOLD THEM TO STAY AWAY, UNLESS THEY JUST WANT TO LOAD UP THEIR SHIPS WITH OIL. They were useless when needed, a Paper Tiger! President DJT","['hormuz', 'oil']",['strait'],1.0
dentro,116454200707517482,2026-04-23 13:14:44.038000+00:00,"Iran is having a very hard time figuring out who their leader is! They just don't know! The infighting is between the ""Hardliners,"" who have been losing BADLY on the battlefield, and the ""Moderates,"" who are not very moderate at all (but gaining respect!), is CRAZY! We have total control over the Strait of Hormuz. No ship can enter or leave without the approval of the United States Navy. It is ""Sealed up Tight,"" until such time as Iran is able to make a DEAL!!! Thank you for your attention to this matter. President DONALD J. TRUMP","['hormuz', 'iran']","['navy', 'strait']",1.0
dentro,114767860718911509,2025-06-29 17:36:17.864000+00:00,"It was my Great Honor to pardon Michael Flynn, a FEARLESS Patriot and Decorated General, who was savagely attacked by the Biden/Obama Deep State, which has now been completely exposed for the FRAUD it is. These Radical Left Lunatics unleashed a relentless storm of lies, FAKE charges, and dirty FBI ""tricks"" during the Russia, Russia, Russia Hoax to try and crush Mike's Spirit — But this Great American Hero was INNOCENT. Now Mike has written a fantastic new Book, ""PARDON OF INNOCENCE: An Inspiring Story of Faith and Freedom,"" which will greatly encourage Citizens across our Nation to NEVER GIVE UP. Get your copy today! a.co/d/cfvgv7N",['russia'],['attacked'],0
dentro,114433959082847679,2025-05-01 18:20:43.231000+00:00,"ALERT: All purchases of Iranian Oil, or Petrochemical products, must stop, NOW! Any Country or person who buys ANY AMOUNT of OIL or PETROCHEMICALS from Iran will be subject to, immediately, Secondary Sanctions. They will not be allowed to do business with the United States of America in any way, shape, or form. Thank you for your attention to this matter, PRESIDENT DONALD J. TRUMP","['iran', 'iranian', 'oil']",['sanctions'],1.0
dentro,116677921449196957,2026-06-02 01:29:51.644000+00:00,"If Iran surrenders, admits their Navy is gone and resting at the bottom of the sea, and their Air Force is no longer with us, and if their entire Military walks out of Tehran, weapons dropped and hands held high, each shouting ""I surrender, I surrender"" while wildly waving the representative White Flag, and if their entire remaining Leadership signs all necessary ""Documents of Surrender,"" and admit their defeat to the great power and force of the magnificent U.S.A., The Failing New York Times, The China Street Journal (WSJ!), Corrupt and now Irrelevant CNN, and all other members of the Fake News Media, will headline that Iran had a Masterful and Brilliant Victory over The United States of America, it wasn't even close. The Dumacrats and Media have totally lost their way. They have gone absolutely CRAZY!!! President DJT","['iran', 'tehran']","['military', 'navy']",1
dentro,116386190374675994,2026-04-11 12:58:48.715000+00:00,"The Fake News Media has lost total credibility, not that they had any to begin with. Because of their massive Trump Derangement Syndrome (Sometimes referred to as TDS!), they love saying that Iran is ""winning"" when, in fact, everyone knows that they are LOSING, and LOSING BIG! Their Navy is gone, their Air Force is gone, their Anti Aircraft apparatus is nonexistent, Radar is dead, their Missile and Drone Factories have been largely obliterated along with the Missiles and Drones themselves and, most importantly, their longtime ""Leaders"" are no longer with us, praise be to Allah! The only thing they have going is the threat that a ship may ""bunk"" into one of their sea mines which, by the way, all 28 of their mine dropper boats are also lying at the bottom of the sea. We're now starting the process of clearing out the Strait of Hormuz as a favor to Countries all over the World, including China, Japan, South Korea, France, Germany, and many others. Incredibly, they don't have the Courage or Will to do this work themselves. Very interestingly, however, empty Oil carrying ships from many Nations are all heading to the United States of America to LOAD UP with Oil. Thank you for your attention to this matter! President DONALD J. TRUMP","['hormuz', 'iran', 'oil']","['drone', 'drones', 'mine', 'mines', 'navy', 'obliterated', 'strait']",1
dentro,114167886343462616,2025-03-15 18:34:55.426000+00:00,"I am pleased to inform you that General Keith Kellogg has been appointed Special Envoy to Ukraine. General Kellogg, a Highly Respected Military Expert, will deal directly with President Zelenskyy, and Ukrainian leadership. He knows them well, and they have a very good working relationship together. Congratulations to General Kellogg!","['ukraine', 'ukrainian', 'zelenskyy']",['military'],0.0
dentro,116378705268992787,2026-04-10 05:15:15.066000+00:00,"Trump upends China's lucrative sanctioned oil import scheme after Iran, Venezuela interventions: justthenews.com/government/dip","['iran', 'oil', 'venezuela']",['sanctioned'],1
dentro,116346686438015338,2026-04-04 13:32:26.478000+00:00,"Not only were the jobs numbers GREAT yesterday, 178,000 new jobs, but the TRADE DEFICIT was down 55%, the biggest drop in history. THANK YOU MR. TARIFF! All of this and, simultaneously, getting rid of a Nuclear Iran. MAGA!!!",['iran'],"['down', 'nuclear']",1.0
dentro,116069904214662301,2026-02-14 16:23:04.916000+00:00,"Sometimes in life you waste time! T.V. Host Bill Maher asked to have dinner with me through one of his friends, also a friend of mine, and I agreed. He came into the famed Oval Office much different than I thought he would be. He was extremely nervous, had ZERO confidence in himself and, to soothe his nerves, immediately, within seconds, asked for a ""Vodka Tonic."" He said to me, ""I've never felt like this before, I'm actually scared."" In one respect, it was somewhat endearing! Anyway, we had a great dinner, it was quick, easy, and he seemed to be a nice guy and, for his first show after our dinner, he was very respectful about our meeting — But with everything I have done in bringing our Country back from ""OBLIVION,"" why wouldn't he be? But then I noticed his show started to devolve into the same old story — Very boring, ANTI TRUMP, no mention of the PERFECT Border, Lowest Crime in 125 years, the Mass Removal of Stone Cold Criminals, the 50,000 DOW, the 7,000 S&P (Both Highest Ever!), Least Number of Murders since 1900, Venezuela, ""Midnight Hammer,"" Soleimani DEAD, al-Baghdadi DEAD, Lowest Inflation in YEARS (1.2% for last three months!), the Rebuilding of our Military, Eight War Stoppages, and on, and on, and on! In any event, it was a total waste of time for me to have this jerk at the White House and last night, after explaining what a DISASTER Canadian ""Leaders"" are to deal with, how Canada has ""ripped off"" the United States for years on TRADE (But not anymore!), I jokingly stated in a TRUTH that, ""The first thing China will do is terminate ALL Ice Hockey being played in Canada, and permanently eliminate The Stanley Cup."" Well, he went on and on about the Hockey statement, like ""What kind of a person would say such a foolish thing as this,"" as though I were being serious when I said it. Fortunately, his Television Ratings are so low that nobody will learn about his various Fake News statements about me. He is no different than Kimmel, Fallon, or Colbert but, I must admit, slightly more talented! Anyway, Bill Maher is a highly overrated LIGHTWEIGHT, and Republicans should stop using him to show how the Left is coming over our way — Our Base, the Greatest of All Time, laughs at your weakness when you do it! Maher asked me if he could come back to the White House again and, with his friend, also asked to come to the wonderful White House Christmas Party, but he didn't. Regardless, I'd much rather spend my time MAKING AMERICA GREAT AGAIN than wasting it on him. Bill continues to suffer from a severe case of Trump Derangement Syndrome (TDS!), and there is nothing that will ever be done to cure him of this very serious disease. Thank you for your attention to this minor matter! President DJT",['venezuela'],"['military', 'mine']",0.0
dentro,116438260195246849,2026-04-20 17:40:51.123000+00:00,"The Democrats are doing everything possible to hurt the very strong position we are in with respect to Iran. Despite World War I lasting 4 years, 3 months, and 14 days, World War II lasting 6 years and 1 day, the Korean War lasting 3 years, 1 month, and 2 days, the Vietnam War lasting 19 years, 5 months, and 29 days, and Iraq lasting 8 years, 8 months, and 28 days, they like to say that I promised 6 weeks to defeat Iran, and actually, from the Military standpoint, it was far faster than that, but I'm not going to let them rush the United States into making a Deal that is not as good as it could have been. I read the Fake News saying that I am under ""pressure"" to make a Deal. THIS IS NOT TRUE! I am under no pressure whatsoever, although, it will all happen, relatively quickly! Time is not my adversary, the only thing that matters is that we finally, after 47 years, straighten out the MESS that other Presidents let happen because they didn't have the Courage or Foresight to do what had to be done with respect to Iran. We're in it, and it will be done RIGHT, and we won't let the Weak and Pathetic Democrats, TRAITORS ALL, who for years have been talking about the Dangers of Iran, and that something has to be done, but now, since I'm the one doing it, belittle the accomplishments of our Military and the Trump Administration. This is being perfectly executed, on the scale of Venezuela, just a bigger, more complex operation. The result will be the same. In my First Term, I built the Greatest Military our Country has ever seen, including adding Space Force. In my Second Term, I am properly and judiciously using our Military to solve problems left to us by others of far less understanding or competence. MAKE AMERICA GREAT AGAIN! President DONALD J. TRUMP","['iran', 'venezuela']",['military'],1
dentro,114733380709403439,2025-06-23 15:27:34.672000+00:00,"Did I hear Former President Medvedev, from Russia, casually throwing around the ""N word"" (Nuclear!), and saying that he and other Countries would supply Nuclear Warheads to Iran? Did he really say that or, is it just a figment of my imagination? If he did say that, and, if confirmed, please let me know, IMMEDIATELY. The ""N word"" should not be treated so casually. I guess that's why Putin's ""THE BOSS."" By the way, if anyone thinks our ""hardware"" was great over the weekend, far and away the strongest and best equipment we have, 20 years advanced over the pack, is our Nuclear Submarines. They are the most powerful and lethal weapons ever built, and just launched the 30 Tomahawks — All 30 hit their mark perfectly. So, in addition to our Great Fighter Pilots, thank you to the Captain and Crew!","['iran', 'putin', 'russia']",['nuclear'],1
dentro,116750814874397998,2026-06-14 22:27:37.043000+00:00,"This Great Deal will bring Peace and Security to the whole Region. Many presidents have tried to make Peace with Iran, and all have failed before me. The Leaders of the Region have, for the first time, found a President who can help them achieve real Peace. With the opening of the Strait upon the signing of the Deal on Friday, for purposes of mine removal, oil will flow on both ends again for the Region, and the World! President DONALD J. TRUMP","['iran', 'oil']","['mine', 'strait']",1.0
dentro,114217914259825110,2025-03-24 14:37:40.849000+00:00,"President Donald J. Trump announced today that the United States of America will be putting what is known as a Secondary Tariff on the Country of Venezuela, for numerous reasons, including the fact that Venezuela has purposefully and deceitfully sent to the United States, undercover, tens of thousands of high level, and other, criminals, many of whom are murderers and people of a very violent nature. Among the gangs they sent to the United States, is Tren de Aragua, which has been given the designation of ""Foreign Terrorist Organization."" We are in the process of returning them to Venezuela — It is a big task! In addition, Venezuela has been very hostile to the United States and the Freedoms which we espouse. Therefore, any Country that purchases Oil and/or Gas from Venezuela will be forced to pay a Tariff of 25% to the United States on any Trade they do with our Country. All documentation will be signed and registered, and the Tariff will take place on April 2nd, 2025, LIBERATION DAY IN AMERICA. Please let this notification serve to represent that the Department of Homeland Security, Border Patrol, and all other Law Enforcement Agencies within our Country have been so notified. Thank you for your attention to this matter!","['oil', 'venezuela']",['secondary tariff'],1.0
dentro,114332342610034728,2025-04-13 19:38:18.908000+00:00,"Time for the terrorists to hide, but it won't do them any good. Our Warfighters, the Greatest the World has ever seen, will find them, and bring them to swift Justice. I just got rid of Joe Biden's dangerous red tape, and empowered our Warfighters, once again, just like I did against our fight with ISIS, who were completely obliterated in three weeks under General Daniel Caine, our new Chairman of the Joint Chiefs of Staff. We will support the Somali People, who should not allow the Houthis to embed (which they are trying to do!), to end terrorism, and bring prosperity to their Country.",['houthis'],['obliterated'],0.0
dentro,115830428767897167,2026-01-03 09:21:19.588000+00:00,"The United States of America has successfully carried out a large scale strike against Venezuela and its leader, President Nicolas Maduro, who has been, along with his wife, captured and flown out of the Country. This operation was done in conjunction with U.S. Law Enforcement. Details to follow. There will be a News Conference today at 11 A.M., at Mar-a-Lago. Thank you for your attention to this matter! President DONALD J. TRUMP","['maduro', 'venezuela']",['strike'],1.0
dentro,116454087460626531,2026-04-23 12:45:56.027000+00:00,"I have ordered the United States Navy to shoot and kill any boat, small boats though they may be (Their naval ships are ALL, 159 of them, at the bottom of the sea!), that is putting mines in the waters of the Strait of Hormuz. There is to be no hesitation. Additionally, our mine ""sweepers"" are clearing the Strait right now. I am hereby ordering that activity to continue, but at a tripled up level! Thank you for your attention to this matter. President DONALD J. TRUMP",['hormuz'],"['mine', 'mines', 'naval', 'navy', 'strait']",1.0
dentro,115444830915442121,2025-10-27 06:58:43.294000+00:00,"Why would anyone vote for New Jersey and Virginia Gubernatorial Candidates, Mikie Sherrill and Abigail Spanberger, when they want transgender for everybody, men playing in women's sports, High Crime, and the most expensive Energy prices almost anywhere in the World? VOTE REPUBLICAN for massive Energy Cost reductions, large scale Tax Cuts, and basic Common Sense! Under President Trump, ME, Gasoline will come down to approximately $2 a Gallon, very soon! With the Democrats, you'll be paying $4, $5, and $6 a Gallon, and your Electric and other Energy costs will, likewise, SOAR. VOTE REPUBLICAN FOR A GREAT AND VERY AFFORDABLE LIFE. All you'll get from voting Democrat is unrelentingly High Crime, Energy prices through the roof, men playing in women's sports, and HEARTACHE!",['gasoline'],['down'],0.0
dentro,115255130298104593,2025-09-23 18:55:21.589000+00:00,"After getting to know and fully understand the Ukraine/Russia Military and Economic situation and, after seeing the Economic trouble it is causing Russia, I think Ukraine, with the support of the European Union, is in a position to fight and WIN all of Ukraine back in its original form. With time, patience, and the financial support of Europe and, in particular, NATO, the original Borders from where this War started, is very much an option. Why not? Russia has been fighting aimlessly for three and a half years a War that should have taken a Real Military Power less than a week to win. This is not distinguishing Russia. In fact, it is very much making them look like ""a paper tiger."" When the people living in Moscow, and all of the Great Cities, Towns, and Districts all throughout Russia, find out what is really going on with this War, the fact that it's almost impossible for them to get Gasoline through the long lines that are being formed, and all of the other things that are taking place in their War Economy, where most of their money is being spent on fighting Ukraine, which has Great Spirit, and only getting better, Ukraine would be able to take back their Country in its original form and, who knows, maybe even go further than that! Putin and Russia are in BIG Economic trouble, and this is the time for Ukraine to act. In any event, I wish both Countries well. We will continue to supply weapons to NATO for NATO to do what they want with them. Good luck to all! DONALD J. TRUMP, PRESIDENT OF THE UNITED STATES OF AMERICA","['gasoline', 'moscow', 'putin', 'russia', 'ukraine']",['military'],1
dentro,116946506480346191,2026-07-19 11:54:33.979000+00:00,"Republicans should add Iran to the Russian Sanctions Bill. That's what Lindsey wanted to do, and it was going to happen. IMPORTANT!!! President DJT","['iran', 'russian']",['sanctions'],1
dentro,116250236426568567,2026-03-18 12:43:56.098000+00:00,US allies need to get a grip – step up and help open the Strait of Hormuz: nypost.com/2026/03/17/opinion/,['hormuz'],['strait'],1
dentro,116338464010194156,2026-04-03 02:41:22.186000+00:00,"Our Military, the greatest and most powerful (by far!) anywhere in the World, hasn't even started destroying what's left in Iran. Bridges next, then Electric Power Plants! New Regime leadership knows what has to be done, and has to be done, FAST! President DONALD J.TRUMP",['iran'],['military'],1
dentro,116081952122265348,2026-02-16 19:27:01.396000+00:00,"Happy President's Day! Prices and Inflation are Way Down. The Stock Market, and your 401k's, are Way Up. Our Military is Strong and Powerful, Our Law Enforcement is GREAT, and Our Border is 100% Secure. Murders (YEAR 1900!) and Crime are at RECORD LOWS, and Our Country is Bigger, Better, and Stronger than EVER BEFORE!!! Working Hard - ENJOY YOUR DAY! President DJT",['market'],"['down', 'military']",1.0
dentro,116376634773749603,2026-04-09 20:28:41.816000+00:00,"I know why Tucker Carlson, Megyn Kelly, Candace Owens, and Alex Jones have all been fighting me for years, especially by the fact that they think it is wonderful for Iran, the Number One State Sponsor of Terror, to have a Nuclear Weapon — Because they have one thing in common, Low IQs. They're stupid people, they know it, their families know it, and everyone else knows it, too! Look at their past, look at their record. They don't have what it takes, and they never did! They've all been thrown off Television, lost their Shows, and aren't even invited on TV because nobody cares about them, they're NUT JOBS, TROUBLEMAKERS, and will say anything necessary for some ""free"" and cheap publicity. Now they think they get some ""clicks"" because they have Third Rate Podcasts, but nobody's talking about them, and their views are the opposite of MAGA — Or I wouldn't have won the Presidential Election in a LANDSLIDE. MAGA agrees with me, and just gave CNN a 100% Approval Rating of ""TRUMP,"" not Hand Flailing Fools like Tucker Carlson, who couldn't even finish College, he was a broken man when he got fired from Fox, and he's never been the same — Perhaps he should see a good psychiatrist! Or Megyn Kelly, who nastily asked me the now famous, ""Only Rosie O'Donnell,"" question, or ""Crazy"" Candace Owens, who accuses the Highly Respected First Lady of France of being a man, when she is not, and will hopefully win lots of money in the ongoing lawsuit. Actually, to me, the First Lady of France is a far more beautiful woman than Candace, in fact, it's not even close! Or Bankrupt Alex Jones, who says some of the dumbest things, and lost his entire fortune, as he should have, for his horrendous attack on the families of the Sandy Hook shooting victims, ridiculously claiming it was a hoax. These so-called ""pundits"" are LOSERS, and they always will be! Now Fake News CNN, The Failing New York Times, and all of the other Radical Left ""News"" Organizations, are ""hailing"" them, and giving them ""positive"" press for the first time in their lives. They're not ""MAGA,"" they're losers, just trying to latch on to MAGA. As President, I could get them on my side anytime I want to, but when they call, I don't return their calls because I'm too busy on World and Country Affairs and, after a few times, they go ""nasty,"" just like Marjorie ""Traitor"" Brown, but I no longer care about that stuff, I only care about doing right for our Country. MAGA is about WINNING and STRENGTH in not allowing Iran to have Nuclear Weapons. MAGA is about MAKING AMERICA GREAT AGAIN, and these people have no idea how to do that, BUT I DO, because THE UNITED STATES IS NOW THE ""HOTTEST"" COUNTRY ANYWHERE IN THE WORLD! President DONALD J. TRUMP",['iran'],"['attack', 'nuclear']",1
dentro,115702382320619583,2025-12-11 18:37:25.859000+00:00,"I inherited a MESS from the Biden Administration — The Worst Inflation in History, and the Highest Prices our Country has ever seen. In other words, Affordability, just 13 months ago, was a DISASTER for the American People, but now, it's totally different! Prices are coming down FAST, Energy, Oil and Gasoline, are hitting five year lows, and the Stock Market today just hit an All Time High. Tariffs are bringing in Hundreds of Billions of Dollars, and we are respected as a Nation again. When will I get credit for having created, with No Inflation, perhaps the Greatest Economy in the History of our Country? When will people understand what is happening? When will Polls reflect the Greatness of America at this point in time, and how bad it was just one year ago?","['gasoline', 'market', 'oil']",['down'],1
dentro,115196697263809382,2025-09-13 11:15:04.245000+00:00,"A LETTER SENT BY PRESIDENT DONALD J. TRUMP TO ALL NATO NATIONS AND, THE WORLD: ""I am ready to do major Sanctions on Russia when all NATO Nations have agreed, and started, to do the same thing, and when all NATO Nations STOP BUYING OIL FROM RUSSIA. As you know, NATO'S commitment to WIN has been far less than 100%, and the purchase of Russian Oil, by some, has been shocking! It greatly weakens your negotiating position, and bargaining power, over Russia. Anyway, I am ready to ""go"" when you are. Just say when? I believe that this, plus NATO, as a group, placing 50% to 100% TARIFFS ON CHINA, to be fully withdrawn after the WAR with Russia and Ukraine is ended, will also be of great help in ENDING this deadly, but RIDICULOUS, WAR. China has a strong control, and even grip, over Russia, and these powerful Tariffs will break that grip. This is not TRUMP'S WAR (it would never have started if I was President!), it is Biden's and Zelenskyy's WAR. I am only here to help stop it, and save thousands of Russian and Ukrainian lives (7,118 lives lost last week, alone. CRAZY!). If NATO does as I say, the WAR will end quickly, and all of those lives will be saved! If not, you are just wasting my time, and the time, energy, and money of the United States. Thank you for your attention to this matter! DONALD J. TRUMP, PRESIDENT OF THE UNITED STATES OF AMERICA.""","['oil', 'russia', 'russian', 'ukraine', 'ukrainian', 'zelenskyy']",['sanctions'],1.0
dentro,116404390855989138,2026-04-14 18:07:26.020000+00:00,"I am working very hard with our Great Speaker, Mike Johnson, along with Chairman Jim Jordan and Chairman Rick Crawford, to get a clean extension of FISA 702 through the House of Representatives this week. I am asking Republicans to UNIFY, and vote together on the test vote to bring a clean Bill to the floor. We need to stick together when this Bill comes before the House Rules Committee today to keep it CLEAN! I was a victim of the worst and most illegal abuse of FISA in our Nation's History, by Radical Left Lunatics, who lied to the FISA Court to spy on my 2016 Presidential Campaign in their attempt to RIG the Election in favor of Crooked Hillary Clinton. Their use of this instrument in the 2020 Presidential Election was even worse! When the Dirty Cop, James Comey, the failed Head of the FBI, went after me, he was using FISA Title I, the Domestic Collection, not FISA 702, the Foreign Collection, which needs to be extended today. While parts of FISA were illegally and unfortunately used against me in the Democrats' disgraceful Witch Hunt and Attack in the RUSSIA, RUSSIA, RUSSIA Hoax, and perhaps would be used against me in the future, I am willing to risk that as a Citizen in order to do what is right for our Country. Our Military desperately needs FISA 702, and it is one of the reasons we have had such tremendous SUCCESS on the battlefield, both in Venezuela and Iran. Since the first day of my already Historic Second Term, my Administration has worked tirelessly to ensure these FISA Reforms are being aggressively executed at every level of the Executive Branch to keep Americans safe, while protecting our sacred Civil Liberties guaranteed by our Great Constitution. With the ongoing successful Military activities against the Terrorist Iranian Regime, it is more important than ever that we remain vigilant, PROTECT our Homeland, Troops, and Diplomats stationed abroad, and maintain our ability to quickly stop bad actors seeking to cause harm to our People and our Country. The fact is, whether you like FISA or not, it is extremely important to our Military. I have spoken to many Generals about this, and they consider it VITAL. Not one said, even tacitly, that they can do without it — especially right now with our brilliant Military Operation in Iran. Thank you for your attention to this matter! President DONALD J. TRUMP","['iran', 'iranian', 'russia', 'venezuela']","['attack', 'military']",1.0
dentro,114616038217949758,2025-06-02 22:05:50.347000+00:00,"The AUTOPEN should have stopped Iran a long time ago from ""enriching."" Under our potential Agreement — WE WILL NOT ALLOW ANY ENRICHMENT OF URANIUM!",['iran'],['enrichment'],1
dentro,116389798405349626,2026-04-12 04:16:22.894000+00:00,The Trump card the president holds if Iran won't bend: a naval blockade: justthenews.com/government/sec,['iran'],"['blockade', 'naval']",1.0
dentro,115328775907282328,2025-10-06 19:04:24.405000+00:00,"Democrats have SHUT DOWN the United States Government right in the midst of one of the most successful Economies, including a Record Stock Market, that our Country has ever had. This has sadly affected so many programs, services, and other elements of Society that Americans rely on — And it should not have happened. I am happy to work with the Democrats on their Failed Healthcare Policies, or anything else, but first they must allow our Government to re-open. In fact, they should open our Government tonight!",['market'],['down'],0
dentro,114281864005346951,2025-04-04 21:40:56.526000+00:00,"These Houthis gathered for instructions on an attack. Oops, there will be no attack by these Houthis! They will never sink our ships again!",['houthis'],['attack'],1.0
dentro,116253527175738987,2026-03-19 02:40:48.946000+00:00,Graham tears into European allies over Strait of Hormuz reluctance: thehill.com/homenews/senate/57,['hormuz'],['strait'],1
dentro,115579394833948106,2025-11-20 01:20:05.742000+00:00,"Jeffrey Epstein, who was charged by the Trump Justice Department in 2019 (Not the Democrats!), was a lifelong Democrat, donated Thousands of Dollars to Democrat Politicians, and was deeply associated with many well-known Democrat figures, such as Bill Clinton (who traveled on his plane 26 times), Larry Summers (who just resigned from many Boards, including Harvard), Sleazebag Political Activist Reid Hoffman, Minority Leader Hakeem Jeffries (who asked Epstein to donate to his Campaign AFTER Epstein was charged), Democrat Congresswoman Stacey Plaskett, and many more. Perhaps the truth about these Democrats, and their associations with Jeffrey Epstein, will soon be revealed, because I HAVE JUST SIGNED THE BILL TO RELEASE THE EPSTEIN FILES! As everyone knows, I asked Speaker of the House Mike Johnson, and Senate Majority Leader John Thune, to pass this Bill in the House and Senate, respectively. Because of this request, the votes were almost unanimous in favor of passage. At my direction, the Department of Justice has already turned over close to fifty thousand pages of documents to Congress. Do not forget — The Biden Administration did not turn over a SINGLE file or page related to Democrat Epstein, nor did they ever even speak about him. Democrats have used the ""Epstein"" issue, which affects them far more than the Republican Party, in order to try and distract from our AMAZING Victories, including THE GREAT BIG BEAUTIFUL TAX CUT BILL, Strong Borders, No Men in Women's Sports or Transgender for Everyone, ending DEI, stopping Biden's Record Setting Inflation, lowering Prices, Biggest Tax and Regulation Cuts in History, ending EIGHT Wars, rebuilding our Military, knocking out Iran's Nuclear capability, getting Trillions of Dollars INVESTED in the U.S.A., creating the ""HOTTEST"" Country anywhere in the World, and even delivering a HUGE DEFEAT to the Democrats on the recent Shutdown Disaster. For years our Great Nation has had to endure RUSSIA, RUSSIA, RUSSIA, UKRAINE, UKRAINE, UKRAINE, IMPEACHMENT HOAX #1 , IMPEACHMENT HOAX #2 , and many other Democrat created Witch Hunts and Scams, all of which have been so terrible and divisive for our Country, and have been done to confuse, deflect, and distract from the GREAT JOB that Republicans, and the Trump Administration, are doing. This latest Hoax will backfire on the Democrats just as all of the rest have! Thank you for your attention to this matter. MAKE AMERICA GREAT AGAIN!","['iran', 'russia', 'ukraine']","['military', 'nuclear']",0
dentro,116634668906719597,2026-05-25 10:10:10.222000+00:00,"I laugh at all of the Dumocrats, RINOS, and Fools who know nothing about the potential deal I am making with Iran, things that haven't even been negotiated yet, weak and ineffective people like failed Senator Thom Tillis (Soon out of office!), Bill Cassidy, who just suffered a massive Primary loss, really bad Congressman Thomas Massie, a major sleazebag who lost in a landslide to a great American Patriot (Endorsed by “TRUMP”) after showing tremendous disloyalty to his Party (and Country!), and almost all Dumocrats, people that have totally lost their way, constantly supporting bad policy and even worse candidates, but are constantly critical of each and every fantastic win I have. These people should go home and rest, they do nothing but create division and loss. In other words, they are losers! The deal with Iran will either be a great and meaningful one, or there will be no deal. It will be the exact opposite of the JCPOA disaster negotiated by the failed Obama Administration, which was a direct and open path to a Nuclear Weapon for Iran. No, I don't do deals like that! President DJT",['iran'],"['jcpoa', 'nuclear']",1.0
confine,115186228312744900,2025-09-11 14:52:40.729000+00:00,"On that fateful day, savage monsters attacked the very symbols of our civilization. Yet here in Virginia, and in New York, and in the skies over Pennsylvania, Americans did not hesitate. They stood on their feet, and they showed the world that we will never yield, we will never bend, we will never give up, and our great American flag will never, ever fail… Video --",[],['attacked'],0
confine,116366146721038653,2026-04-08 00:01:26.832000+00:00,"The alleged Statement put out by CNN World News is a FRAUD, as CNN well knows. The false Statement was linked to a Fake News site (from Nigeria) and, of course, immediately picked up by CNN, and blared out as a ""legitimate"" headline. The Official Statement by Iran was just released, and posted on TRUTH, below. Authorities are looking to determine whether or not a crime was committed on the issuance of the Fake CNN World Statement, or was it a sick rogue player? CNN is being ordered to immediately withdraw this Statement with full apologies for their, as usual, terrible ""reporting."" Results of the investigation will be announced in the near future. President DONALD J. TRUMP",['iran'],[],0.0
confine,115300187189696754,2025-10-01 17:53:55.194000+00:00,"The Soybean Farmers of our Country are being hurt because China is, for ""negotiating"" reasons only, not buying. We've made so much money on Tariffs, that we are going to take a small portion of that money, and help our Farmers. I WILL NEVER LET OUR FARMERS DOWN! Sleepy Joe Biden didn't enforce our Agreement with China, where they were going to purchase Billions of Dollars of our Farm Product, but Soybeans, in particular. It's all going to work out very well. I LOVE OUR PATRIOTS, AND EVERY FARMER IS EXACTLY THAT! I'll be meeting with President Xi, of China, in four weeks, and Soybeans will be a major topic of discussion. MAKE SOYBEANS, AND OTHER ROW CROPS, GREAT AGAIN!",[],['down'],0
confine,114616192602509494,2025-06-02 22:45:06.068000+00:00,"Passing THE ONE, BIG, BEAUTIFUL BILL is a Historic Opportunity to turn our Country around after four disastrous years under Joe Biden. We will take a massive step to balancing our Budget by enacting the largest mandatory Spending Cut, EVER, and Americans will get to keep more of their money with the largest Tax Cut, EVER, and no longer taxing Tips, Overtime, or Social Security for Seniors — Something 80 Million Voters supported in November. It will unleash American Energy by expediting permitting for Energy, and refilling the Strategic Petroleum Reserve. It will make American Air Travel GREAT AGAIN by purchasing the final Air Traffic Control System. We will secure our skies from our adversaries by building The Golden Dome, and secure our Border by building more of our Wall, and supercharging the deportation of the millions of Criminal Illegals Joe Biden allowed to walk right into our Country. It will kick millions of Illegals off Medicaid, and make sure SNAP is focused on Americans ONLY! It will also restore Choice and Affordability for Car purchases by REPEALING Biden’s EV Mandate, and all of the GREEN NEW SCAM Tax Credits and Spending. THE ONE, BIG, BEAUTIFUL BILL also protects our beautiful children by stopping funding for sick sex changes for minors. With the Senate coming back to Washington today, I call on all of my Republican friends in the Senate and House to work as fast as they can to get this Bill to MY DESK before the Fourth of JULY. Thank you for your attention to this matter!",['strategic petroleum reserve'],[],0.0
confine,114180060627046678,2025-03-17 22:11:00.251000+00:00,"Third Rate Magazine, ""The Atlantic,"" that made up the ""Suckers and Losers"" Hoax about me and the Military, and refused to even acknowledge the vast horde of people who emphatically denied this FAKE STORY, has asked me to do an interview. Below is my response: Ashley Parker is not capable of doing a fair and unbiased interview. She is a Radical Left Lunatic, and has been as terrible as is possible for as long as I have known her. To this date, she doesn't even know that I won the Presidency THREE times. If you have some other reporter, let us know, but Ashley is not capable or competent enough to understand the intricacies of High Level politics. Likewise, Michael Scherer has never written a fair story about me, only negative, and virtually always LIES. The Atlantic is doing terribly, losing a fortune, and will hopefully fold up and be gone in the not too distant future. It has absolutely no credibility, and would be far better off, in terms of ""journalism,"" to cease publication. Nevertheless, when you have a writer with intelligence, competence, and fairness, please let me know!",[],['military'],0.0
confine,115367574318732455,2025-10-13 15:31:21.181000+00:00,Happy 250th Birthday to the United States Navy! Video:,[],['navy'],0
confine,114661594047511147,2025-06-10 23:11:17.140000+00:00,"From June 1775 to June 2025, those foolish enough to challenge America's Army have been met with unyielding strength, unbreakable spirit, and unstoppable, overwhelming force. Time and again, our enemies have learned that if you dare to threaten the American People, the American Soldier will chase you down, crush you, and cast you into oblivion. The last sound you ever hear will be the chilling howl of Blackhawks in the dead of night, the thunderous boom of artillery fire, or the ferocious roar of a U.S. Army Infantry Brigade charging over the horizon.",[],"['boom', 'down']",0
confine,116007264985679550,2026-02-03 14:53:06.134000+00:00,"Was Ilhan Omar there to protect her corrupt ""homeland? US forces strike ISIS-Somalia leaders in Somalia caves: foxnews.com/video/638867263011",[],['strike'],0.0
confine,115863379883214601,2026-01-09 05:01:13.706000+00:00,"Over million people rally: Iran’s 2nd largest city under protesters’ control, regime forces leave: youtube.com/watch?v=eDpP53YMys",['iran'],[],0
confine,114736023113491933,2025-06-24 02:39:34.558000+00:00,"Nate Friedman: ""Deranged leftist paid protestor says she wants to destroy Israel then I expose her! Soros is behind it all with proof…""",[],['destroy'],0.0
confine,115128853265372429,2025-09-01 11:41:26.983000+00:00,"Wow! Mayor Muriel Bowser of D.C. has become very popular because she worked with me and my great people in bringing CRIME down to virtually NOTHING in D.C. Her statements and actions were positive, instead of others like Pritzker, Wes Moore, Newscum, and the 5% approval rated Mayor of Chicago, who spend all of their time trying to justify violent Crime, instead of working with us to completely ELIMINATE it, which we have done in Washington, D.C., NOW A CRIME FREE ZONE. Wouldn't it be nice to say that about Chicago, Los Angeles, New York, and even the Crime Drenched City of Baltimore??? It can happen, and it can happen FAST! Work with us!!! Mayor Bowser's ratings have gone up, in a short period of time, 25%, and the people of D.C. are thanking her for stopping crime wherever she goes. It's not a miracle, it's hard work, courage, and being SMART. The top Law Enforcement Officer in L.A. said, during the riots, and when I sent the troops in early, that they couldn't have done it without us. They were completely overwhelmed! If we hadn't gone in early, on top of the Palisades plus fires, L.A. would have lost the Olympics. Congratulations to Mayor Muriel Bowser, but don't go Woke on us. D.C. is a GIANT VICTORY that never has to end!!!",[],['down'],0
confine,116507414650995614,2026-05-02 22:47:44.376000+00:00,"I will soon be reviewing the plan that Iran has just sent to us, but can't imagine that it would be acceptable in that they have not yet paid a big enough price for what they have done to Humanity, and the World, over the last 47 years. Thank you for your attention to this matter! President DONALD J. TRUMP",['iran'],[],1
confine,117009581290419286,2026-07-30 15:15:19.201000+00:00,"Todd Blanche is a STAR, and everyone knows it! He has the potential to go down as one of the Greatest Attorney Generals of All Time. However, John Cornyn, of Texas, and Thom Tillis, of North Carolina, both of whom I refused to Endorse, and whose political careers have been ended by my action, are refusing to vote for this Great Nominee, who will remain, in any event, as Acting. Remember, both Cornyn and Tillis voted for Merrick Garland, and others, too numerous to mention. I have no objection to temporarily withdrawing Todd's name, if they do not do the right thing, and putting him back after Cornyn and Tillis are out of office. President DONALD J. TRUMP",[],['down'],0
confine,116250068528701090,2026-03-18 12:01:14.180000+00:00,"Remember, for all of those absolute ""fools"" out there, Iran is considered, by everyone, to be the NUMBER ONE STATE SPONSOR OF TERROR. We are rapidly putting them out of business!",['iran'],[],1.0
confine,115919294107001486,2026-01-19 02:00:57.052000+00:00,"Marc Thiessen: I predict Trump will visit a 'free Iran, a free Havana and a free Caracas' before he leaves office: foxnews.com/video/638788525811","['caracas', 'iran']",[],0
confine,115850412075994316,2026-01-06 22:03:20.671000+00:00,"Nobody knows Henry Cuellar better than Donald J. Trump. I studied his records, learned about his financing, and listened to his two wonderful daughters beg me to help the mother and father that they love. Their letters were heart wrenching and beautiful, but their father had problems that nobody could solve but me, and the daughters very correctly and respectfully knew that. He and his wife were headed to jail for up to 20 years because he was ""stupid"" in what he did but, above all, because the Biden Administration practiced Political Weaponization on Cuellar and his wife because they didn't agree with his policies on the Southern Border. He was a weak and incompetent version of me, who wanted the Border closed to criminals, drug dealers, people from mental institutions and, above all, murderers and heavy handed criminals that were sitting in jails and mental institutions, and should never have been given the right to be released into our Country. Henry's views on these subjects were not strong, but they were better than other Democrats. Biden and his crew of Radical Left Thugs did not like those things about Cuellar, and they worked hard, and expected to put him in jail for the rest of his life. Being an expert on Political Weaponization, based on what the Biden Losers had done to me, and without having ever met Henry Cuellar, and in particular because of the magnificence of the letter drawn by his daughters asking me to help ""Mom and Dad,"" I gave him and Mrs. Cuellar a full and unconditional Pardon. In doing so, I never assumed he would be running for Office again, and certainly not as a Democrat, who essentially destroyed his life even with the Pardon given, but he did, and now, despite doing him by far the greatest favor of his life, 20 years of FREEDOM, I am fighting him for his seat in Congress because his views are not nearly as good or strong as Judge Tano Tijerina, who is much more powerful on the Border issue, cutting Taxes, our Military, and just about everything else than is Henry Cuellar.",[],"['destroyed', 'military']",0
confine,114744747346646288,2025-06-25 15:38:15.792000+00:00,"We've collected additional intelligence, and we've also spoken to people who have seen the site—and the site is obliterated!",[],['obliterated'],0
confine,115618236412963848,2025-11-26 21:58:01.203000+00:00,"Democracy is on trial in the coming Elections in the beautiful country of Honduras on November 30th. Will Maduro and his Narcoterrorists take over another country like they have taken over Cuba, Nicaragua, and Venezuela? The man who is standing up for Democracy, and fighting against Maduro, is Tito Asfura, the Presidential Candidate of the National Party. Tito was the highly successful Mayor of Tegucigalpa where he brought running water to millions, and paved hundreds of kilometers of roads. His chief opponent is Rixi Moncada, who says Fidel Castro is her idol. Normally, the smart people of Honduras, would reject her, and elect Tito Asfura, but the Communists are trying to trick the people by running a third Candidate, Salvador Nasralla. Nasralla is no friend of Freedom. A borderline Communist, he helped Xiomara Castro by running as her Vice President. He won, and helped Castro win. Then he resigned, and is now pretending to be an anti-Communist only for the purposes of splitting Asfura’s vote. The people of Honduras must not be tricked again. The only real friend of Freedom in Honduras is Tito Asfura. Tito and I can work together to fight the Narcocommunists, and bring needed aid to the people of Honduras. I cannot work with Moncada and the Communists, and Nasralla is not a reliable partner for Freedom, and cannot be trusted. I hope the people of Honduras vote for Freedom and Democracy, and elect Tito Asfura, President!","['maduro', 'venezuela']",[],0
confine,115169686997623003,2025-09-08 16:46:00.290000+00:00,"""U.S. CRACKS DOWN ON CARTEL ON CARTEL CRUISES"" Video --",[],['down'],0.0
confine,116590914302000241,2026-05-17 16:42:47.938000+00:00,"For Iran, the Clock is Ticking, and they better get moving, FAST, or there won't be anything left of them. TIME IS OF THE ESSENCE! President DJT",['iran'],[],1
confine,114898069194751986,2025-07-22 17:30:01.531000+00:00,"President Ferdinand Marcos, of the Philippines, is just leaving the White House, with all of his many Representatives. It was a beautiful visit, and we concluded our Trade Deal, whereby The Philippines is going OPEN MARKET with the United States, and ZERO Tariffs. The Philippines will pay a 19% Tariff. In addition, we will work together Militarily. It was a Great Honor to be with the President. He is Highly Respected in his Country, as he should be. He is also a very good, and tough, negotiator. We extend our warmest regards to the wonderful people of The Philippines!",['market'],[],0
confine,115667396705453017,2025-12-05 14:20:07.737000+00:00,"The Democrats number one policy push is the complete and total OBLITERATION of our great United States Supreme Court. They will do this on their very first day in office, through the simple Termination of the Filibuster, SHOULD THEY WIN THE UPCOMING ELECTIONS. The Radical Left Democrats are looking at 21 Justices, with immediate ascension. This would be terrible for our Country. Fear not, however, Republicans will not let it, or any of their other catastrophic policies, happen. Our Country is now in very good hands. MAGA!!!",[],['obliteration'],0
confine,116053512461029874,2026-02-11 18:54:26.605000+00:00,"""I have just finished meeting with Prime Minister Netanyahu, of Israel, and various of his Representatives. It was a very good meeting, the tremendous relationship between our two Countries continues. There was nothing definitive reached other than I insisted that negotiations with Iran continue to see whether or not a Deal can be consummated. If it can, I let the Prime Minister know that will be a preference. If it cannot, we will just have to see what the outcome will be. Last time Iran decided that they were better off not making a Deal, and they were hit with Midnight Hammer — That did not work well for them. Hopefully this time they will be more reasonable and responsible. Additionally, we discussed the tremendous progress being made in Gaza, and the Region in general. There is truly PEACE in the Middle East. Thank you for your attention to this matter! PRESIDENT DONALD J. TRUMP""",['iran'],[],0
confine,115233273741566911,2025-09-19 22:16:57.003000+00:00,"We passed the Continuing Resolution in the Republican House today, which was a very good thing because it shows that Republicans want to keep the Government open but, in the Senate, we have 53 Republicans, and we need 60 Votes. I want to thank Senator John Fetterman, a Democrat, for voting for us, but the Democrats want to shut the Country down. They want to open the Borders, they want us to stop fighting Crime (and, by the way, D.C. is finally SAFE!), they want men to play in women's sports, they want ""TRANSGENDER"" for everybody and, if they don't get them, they are not going to open the Government. Just today the House Democrats voted against condemning the political assassination of Charlie Kirk. Republicans won the Popular Vote, won all seven Swing States, won the Electoral College by a landslide, won most U.S. Counties in a landslide (2,600 to 525). Democrats must start respecting our Democracy, and the Will of the Voters!",[],['down'],0
confine,116210369394250268,2026-03-11 11:45:13.462000+00:00,"I predict that ""Representative""Thomas Massie will go down as the WORST Republican Congressman in the long and fabled history of the United States Congress, even worse than Crazy Liz Chaney, Cryin' Adam Kinzinger, and Marjorie ""Traitor"" Brown (Remember, Green turns to Brown under stress!). They are all misfits and losers, but Massie, who is running against a great American Patriot in the Kentucky Primary, will hopefully lose BIG. I LOVE KENTUCKY!!! President DJT",[],['down'],0
confine,114411308844416576,2025-04-27 18:20:28.021000+00:00,"Hopefully ACTBLUE, the Democrats ILLEGAL SCAM used to raise money, including from not allowed ""foreign contributions,"" is being looked at by authorities. The Dems only know how to win by CHEATING, something which they do better than any group or party in history. But now, with their terrible policies and candidates, and with people like Crooked Adam Schiff, who demanded a full Pardon from Sleepy Joe, leading the way, it is almost impossible to reach their money goals. The USA is wise to these scoundrels and crooks. Also, why did the Auto Pen give Schiff a Pardon? Biden knew nothing about it. Who operated the Auto Pen? That is the biggest question being asked in D.C. They almost destroyed our Country. They should all be in jail!!!",[],['destroyed'],0.0
confine,114216908831612177,2025-03-24 10:21:59.232000+00:00,"Tom Homan, Border Czar: ""We're actually using the laws on the books to enforce immigration law and secure the border (DOWN 96% UNDER TRUMP!)….We're not making this up. Everything we've done is based on a statute that was enacted by Congress and signed by a president….""",[],['down'],0.0
confine,116753053952043436,2026-06-15 07:57:02.656000+00:00,"The Dumocrats want FISA because that's what they used to go after me for three years during my First Term! I'm against FISA if it doesn't come with The Save America Act (Full version!) firmly attached to it. MAKE AMERICA GREAT AGAIN! THE SAVE AMERICA ACT! 1. ALL VOTERS MUST SHOW PHOTO I.D. (IDENTIFICATION!). 2. ALL VOTERS MUST SHOW PROOF OF CITIZENSHIP. 3. NO MAIL-IN BALLOTS (EXCEPT FOR ILLNESS, DISABILITY, MILITARY, OR TRAVEL!). 4. NO MEN IN WOMEN'S SPORTS. 5. NO TRANSGENDER MUTILIZATION SURGERY FOR OUR CHILDREN. Thank you for your attention to this matter! President DONALD J. TRUMP",[],['military'],0
confine,114072703621092444,2025-02-26 23:08:42.343000+00:00,"Wayne Gretzky is a fantastic guy! They call him, ""The Great One,"" and he is. He could run for any political office in Canada, and win. Wayne is my friend, and he wants to make me happy, and is therefore somewhat ""low key"" about Canada remaining a separate Country, rather than becoming a cherished and beautiful 51st State, paying much Lower Taxes, a Free and Powerful Military, NO TARIFFS, and having a Booming Economy. Wayne and Janet, his wonderful wife, love Canada, and they should only support Canada, and whatever else makes the Canadian People, and Governor Justin Trudeau, happy. He's the Greatest Canadian of them all, and I am therefore making him a ""free agent,"" because I don't want anyone in Canada to say anything bad about him. He supports Canada the way it is, as he should, even though it's not nearly as good as it could be as part of the Greatest and Most Powerful Country in the World, the Good Ole' U.S.A.!",[],['military'],0
confine,114042361686358877,2025-02-21 14:32:21.161000+00:00,"I won the Presidential Election in a landslide, won ALL SEVEN SWING STATES, THE POPULAR VOTE, AND ALL FIFTY STATES SHIFTED REPUBLICAN, a record, and now I have the best polling numbers I've ever had. The Democrats, run by broken down losers like James Carville, whose weak of mind and body, are going crazy, and just don't know what to do. They have lost their confidence and spirit - They have lost their minds! We are going to have big WINS for our Country, and MAKE AMERICA GREAT AGAIN. It's already happening, and will get bigger and better than ever before!",[],['down'],0.0
confine,114096104536926329,2025-03-03 02:19:51.981000+00:00,"We should spend less time worrying about Putin, and more time worrying about migrant rape gangs, drug lords, murderers, and people from mental institutions entering our Country - So that we don't end up like Europe!",['putin'],[],0.0
confine,116087827602935657,2026-02-17 20:21:14.117000+00:00,"Our MASSIVE Trade Deal with Japan has just launched! Japan is now officially, and financially, moving forward with the FIRST set of Investments under its $550 BILLION Dollar Commitment to invest in the United States of America — part of our Historic Trade Deal to REVITALIZE the American Industrial Base, create HUNDREDS OF THOUSANDS of GREAT American Jobs, and strengthen our National and Economic Security like never before. Today, I am pleased to announce three TREMENDOUS Projects in the Strategic Areas of Oil & Gas in the Great State of Texas, Power Generation in the Great State of Ohio, and Critical Minerals in the Great State of Georgia. The scale of these projects are so large, and could not be done without one very special word, TARIFFS. The Gas Power Plant in Ohio (A State I won THREE TIMES!) will be the largest in History, the LNG Facility in the Gulf of America will drive Exports, and further our Country's Energy DOMINANCE, and our Critical Minerals Facility will end our FOOLISH dependance on Foreign Sources. America is building again. America is producing again. And America is WINNING again. This is a very exciting and HISTORIC time for the United States of America and Japan. Congratulations to all! Thank you for your attention to this matter! PRESIDENT DONALD J. TRUMP",['oil'],[],0
confine,115152031890524220,2025-09-05 13:56:04.735000+00:00,"The confused and badly failing Democrat Party did nothing about Jeffrey Epstein while he was alive except befriend him, socialize with him, travel to his Island, and take his money! They knew everything there was to know about Epstein, but now, years after his death, they, out of nowhere, are seeming to show such love and heartfelt concern for his victims. Does anybody really believe that? Where were they during his very public trials, and for all of those years before his death? The answer is, ""nowhere to be found."" The now dying (after the DOJ gave thousands of pages of documents in full compliance with a very comprehensive and exacting Subpoena from Congress!) Epstein case was only brought back to life by the Radical Left Democrats because they are doing so poorly, with the lowest poll numbers in the history of the Party (16%), while the Republicans are doing so well, among the highest approval numbers the Party has ever had! The Dems don't care about the victims, as proven by the fact that they never did before. This is merely another Democrat HOAX, just like Russia, Russia, Russia, and all of the others, in order to deflect and distract from the great success of a Republican President, and the record setting failure of the previous Administration, and the Democrat Party. The Department of Justice has done its job, they have given everything requested of them. It's time to end the Democrat Epstein Hoax, and give the Republicans credit for the great, even legendary, job that they are doing. MAKE AMERICA GREAT AGAIN!!!",['russia'],[],0
confine,116876921284232391,2026-07-07 04:58:08.150000+00:00,"The United States Military has never been stronger, or more powerful. No other Nation can do what we do (It's not even close!). This year we set even more Historic Recruiting Records, months ahead of schedule. Morale has never been higher. Our Military's unmatched POWER was on full display during our Celebration of 250 Years of American Independence and, like our Country, the WAR DEPARTMENT has never been “HOTTER.” We need to keep it that way, which is why, when Congress returns, we must pass Reconciliation 3.0, with 350 Billion Dollars for Defense, plus THE SAVE AMERICA ACT! I am calling on House and Senate Leadership to make this their Number One Priority, and ensure that 350 Billion Dollars in Recon 3.0 moves out of the Budget Committee as soon as Congress is back in session. The SAVE AMERICA ACT, which everyone is asking for, paired with the full funding of our Great Department of War, can be passed very quickly, ensuring that the United States of America stays FREE for Generations to come. Thank you for your attention to this matter! President DONALD J. TRUMP",[],['military'],0.0
confine,116219148622456831,2026-03-13 00:57:53.853000+00:00,"At Military Academy with my parents, Fred and Mary!""",[],['military'],0.0
confine,113683654440040843,2024-12-20 06:08:22.954000+00:00,"I told the European Union that they must make up their tremendous deficit with the United States by the large scale purchase of our oil and gas. Otherwise, it is TARIFFS all the way!!!",['oil'],[],0.0
confine,114616063852488330,2025-06-02 22:12:21.499000+00:00,"Just had a great talk with our Military Leaders. It is the strongest Military we have ever had, including the fact that we are stockpiling weapons at a rate never seen before by our Country. Hopefully, however, we will never have to use them!",[],['military'],0
confine,114098529870362771,2025-03-03 12:36:39.633000+00:00,"The only President who gave none of Ukraine's land to Putin's Russia is President Donald J. Trump. Remember that when the weak and ineffective Democrat's criticize, and the Fake News gladly puts out anything they say!","['putin', 'russia', 'ukraine']",[],0.0
confine,114321895832364816,2025-04-11 23:21:33.731000+00:00,"My friend, Douglas Murray, just released a new book, ""On Democracies and Death Cults,"" and it is quickly becoming a Best Seller! Based on his firsthand reporting, Douglas documents the barbarity of Hamas' brutal attack on Israel on October 7th, and Israel's heroic response. The Book serves as a strong reminder of why we must always stand up for America, and our great friend and ally, Israel. A powerful read from a Highly Respected author - Get your copy today! a.co/d/c1JHUcL",[],['attack'],0
confine,117000535893705645,2026-07-29 00:54:57.401000+00:00,Great Honor to meet with President Zelenskyy of Ukraine. Many things were discussed. The meeting went very well! President DONALD J. TRUMP,"['ukraine', 'zelenskyy']",[],0
confine,116172714486213504,2026-03-04 20:09:05.163000+00:00,"Delcy Rodríguez, who is the President of Venezuela, is doing a great job, and working with U.S. Representatives very well. The Oil is beginning to flow, and the professionalism and dedication between both Countries is a very nice thing to see! President DONALD J. TRUMP","['oil', 'venezuela']",[],1
confine,115946969213492152,2026-01-23 23:19:05.664000+00:00,"U.S., U.K. Strike Deal on Higher Drug Prices: Move marks victory for Trump administration campaign to get other countries to pay more for drugs: wsj.com/health/pharma/u-s-u-k-",[],['strike'],0
confine,115898867378270216,2026-01-15 11:26:09.907000+00:00,"FoxNews: ""Iranian protester will no longer be sentenced to death after President Trump's warnings. Likewise others."" This is good news. Hopefully, it will continue!",['iranian'],[],0
confine,114626401432609274,2025-06-04 18:01:20.453000+00:00,"""Congress can give Trump the leverage to coerce Putin"" washingtonpost.com/opinions/20",['putin'],[],0.0
confine,115511090849508843,2025-11-07 23:49:29.651000+00:00,"The Failing New York Times and its Third Rate Reporters, Lily Kuo and David Pierson, did everything possible to make my very successful meeting with President Xi, of China, look as bad as possible when, in fact, it was a spectacular SUCCESS. The Times totally misrepresented the facts, and didn't cover the end result whereby China, very intelligently, pulled back their Rare Earths threat, bought Billions of Dollars of Soybeans and other Agricultural products, and agreed to pay substantial Tariffs. President Xi, a friend of mine, did the right thing for his Country, but I did the right thing for MINE. This was a Big Victory for the U.S.A. and, indeed, the World! Also, it was a wonderful outcome for China, and the fact that these two Major Powers left the meeting, as it began, with an excellent relationship, and specific plans for future talks and meetings. For The Failing New York Times to be trying to spin this Great Event negatively, when it was the exact opposite, is a disgrace to Journalism. No wonder they are doing so badly — THEY ARE, AFTER ALL, THE FAKE NEWS!",[],['mine'],0
confine,116081535267965046,2026-02-16 17:41:00.705000+00:00,"I am opposed to the future boondoggle known as ""Gateway,"" in New York/New Jersey, because it will cost many BILLIONS OF DOLLARS more than projected or anticipated, much like Gavin Newscum's ""Railroad"" to nowhere, which is many times over budget, with no end in sight, and could financially obliterate what is left, after Newscum, of the California Economy. It is a disaster! Gateway will likewise be financially catastrophic for the region, unless hard work and proper planning is done, NOW, to avoid insurmountable future cost overruns. Please let this statement represent the fact that, under no circumstances, will the Federal Government be responsible for ANY COST OVERRUNS - NOT ONE DOLLAR! The Federal Government is willing to meet, however, to make sure that this does not happen! Also, the naming of PENN Station (I LOVE Pennsylvania, but it is a direct competitor to New York, and ""eating New York's lunch!"") to TRUMP STATION, was brought up by certain politicians and construction union heads, not me - IT IS JUST MORE FAKE NEWS! NO COST OVERRUNS!!! Thank you for your attention to this matter! President DONALD J. TRUMP",[],['obliterate'],0
confine,115098861391135351,2025-08-27 04:34:07.301000+00:00,CRIME NUMBERS ARE WAY DOWN IN DC! AMAZING PROGRESS BEING MADE! Thank you for your attention to this matter. President DJT,[],['down'],0
confine,116001984939496310,2026-02-02 16:30:19.023000+00:00,US forces strike ISIS-Somalia leaders in Somalia caves: foxnews.com/video/638867263011,[],['strike'],0
confine,116776806511904791,2026-06-19 12:37:37.957000+00:00,"We didn't meet out of desperation, Iran did. They are FINISHED! We'll play out the 60 days. They get no money, not ten cents!",['iran'],[],1
confine,116552577177859102,2026-05-10 22:13:09.847000+00:00,"You could listen to FoxNews all day long, absolutely devour it, but then, when you hear SLEAZEBAGS, like Congressman Ro Khanna, “a wolf in sheep's clothing,” LIE, LIE, LIE, AND LIE AGAIN, without any pushback, or competent rebuttal from an anchor, in this case, Jacqui Heinrich, the entire Common Sense dialogue that has been going on all day at Fox is completely obliterated! Why would Fox put SCUM like this on, or others, such as Low Rated Bill Maher, who gains “credibility” by constant referral to him as though he were a Liberal source of “Wisdom,” or very Low IQ Hakeem Jeffries, who considers the Supreme Court “illegitimate,” and probably hates our Country. No matter how “Fair and Balanced” the day's News at Fox may be, the end result is destroyed by professional Liars, Conmen, and Liberal, Crooked Politicians. This is why MAGA Republicans, who are actually close to 100% of the Party, hate Fox, despite the wonderful contributions made by so many of their great anchors and commentators. Hard to win Elections like this! President DONALD J. TRUMP",[],"['destroyed', 'obliterated']",0
