gruppo,post_id,timestamp_utc,testo,attori_trovati,meccanismi_trovati,giudizio
dentro,116250203405172359,2026-03-18 12:35:32.232000+00:00,"I wonder what would happen if we ""finished off"" what's left of the Iranian Terror State, and let the Countries that use it, we don't, be responsible for the so called ""Strait?"" That would get some of our non-responsive ""Allies"" in gear, and fast!!! President DJT",['iranian'],['strait'],1
dentro,116959718559155454,2026-07-21 19:54:34.303000+00:00,"RT War: 20 years, 2,000 DEAD.Iraq War: 9 years, 4,600 DEAD.Vietnam War: 19 years and 5 months, 58,220 DEAD.Korean War: 3 years and 1 month, 36,574 DEAD.Venezuela War: 1 day, 0 DEAD.Iran Military Conflict: 4 months, 18 DEAD.","['iran', 'venezuela']",['military'],0.0
dentro,116445555373723862,2026-04-22 00:36:06.713000+00:00,"Iran doesn't want the Strait of Hormuz closed, they want it open so they can make $500 Million Dollars a day (which is, therefore, what they are losing if it is closed!). They only say they want it closed because I have it totally BLOCKADED (CLOSED!), so they merely want to ""save face."" People approached me four days ago, saying, ""Sir, Iran wants to open up the Strait, immediately."" But if we do that, there can never be a Deal with Iran, unless we blow up the rest of their Country, their leaders included! President DONALD J. TRUMP","['hormuz', 'iran']",['strait'],1.0
dentro,116235861005528220,2026-03-15 23:48:04.581000+00:00,"Iran has long been known as a Master of Media Manipulation and Public Relations. They are Militarily ineffective and weak, but are really good at ""feeding"" the very appreciative Fake News Media false information. Now, A.I. has become another Disinformation weapon that Iran uses, quite well, considering they are being annihilated by the day. They showed phony ""Kamikaze Boats,"" shooting at various Ships at Sea, which looks wonderful, powerful, and vicious, but these Boats don't exist — It's all false information to show how ""tough"" their already defeated Military is! The five U.S. Refueling Planes that were supposedly struck down and badly damaged, according to The Wall Street Journal's false reporting, and others, are all in service, with the exception of one, which will soon be flying the skies. Buildings and Ships that are shown to be on fire are not — It's FAKE NEWS, generated by A.I. For instance, Iran, working in close coordination with the Fake News Media, shows our great USS Abraham Lincoln Aircraft Carrier, one of the largest and most prestigious Ships in the World, burning uncontrollably in the Ocean. Not only was it not burning, it was not even shot at — Iran knows better than to do that! The story was knowingly FAKE and, in a certain way, you can say that those Media Outlets that generated it should be brought up on Charges for TREASON for the dissemination of false information! The fact is, Iran is being decimated, and the only battles they ""win"" are those that they create through AI, and are distributed by Corrupt Media Outlets. The Radical Leftwing Press knows this full well, but continues to go forward with false stories and LIES. That's why their Approval Rating is so low, and I can win a Presidential Election, IN A LANDSLIDE, getting only 5% positive Press — They have no credibility! I am so thrilled to see Brendan Carr, the Chairman of the Federal Communications Commission (FCC), looking at the licenses of some of these Corrupt and Highly Unpatriotic ""News"" Organizations. They get Billions of Dollars of FREE American Airwaves, and use it to perpetuate LIES, both in News and almost all of their Shows, including the Late Night Morons, who get gigantic Salaries for horrible Ratings, and never get, as I used to say in The Apprentice, ""FIRED."" Thank you for your attention to this matter! President DONALD J. TRUMP",['iran'],['military'],1.0
dentro,116206683370194686,2026-03-10 20:07:49.198000+00:00,"If Iran has put out any mines in the Hormuz Strait, and we have no reports of them doing so, we want them removed, IMMEDIATELY! If for any reason mines were placed, and they are not removed forthwith, the Military consequences to Iran will be at a level never seen before. If, on the other hand, they remove what may have been placed, it will be a giant step in the right direction! Additionally, we are using the same Technology and Missile capabilities deployed against Drug Traffickers to permanently eliminate any boat or ship attempting to mine the Hormuz Strait. They will be dealt with quickly and violently. BEWARE! President DONALD J. TRUMP","['hormuz', 'iran']","['military', 'mines', 'strait']",1.0
dentro,116527444859592032,2026-05-06 11:41:41.104000+00:00,"Assuming Iran agrees to give what has been agreed to, which is, perhaps, a big assumption, the already legendary Epic Fury will be at an end, and the highly effective Blockade will allow the Hormuz Strait to be OPEN TO ALL, including Iran. If they don't agree, the bombing starts, and it will be, sadly, at a much higher level and intensity than it was before. Thank you for your attention to this matter! President DONALD J. TRUMP","['hormuz', 'iran']","['blockade', 'strait']",1.0
dentro,114739003459183372,2025-06-24 15:17:31.025000+00:00,"Both Israel and Iran wanted to stop the War, equally! It was my great honor to Destroy All Nuclear facilities & capability, and then, STOP THE WAR!",['iran'],"['destroy', 'nuclear']",1.0
dentro,115926047595803521,2026-01-20 06:38:27.113000+00:00,"Shockingly, our ""brilliant"" NATO Ally, the United Kingdom, is currently planning to give away the Island of Diego Garcia, the site of a vital U.S. Military Base, to Mauritius, and to do so FOR NO REASON WHATSOEVER. There is no doubt that China and Russia have noticed this act of total weakness. These are International Powers who only recognize STRENGTH, which is why the United States of America, under my leadership, is now, after only one year, respected like never before. The UK giving away extremely important land is an act of GREAT STUPIDITY, and is another in a very long line of National Security reasons why Greenland has to be acquired. Denmark and its European Allies have to DO THE RIGHT THING. Thank you for your attention to this matter. PRESIDENT DONALD J. TRUMP",['russia'],['military'],0.0
dentro,114741478150368433,2025-06-25 01:46:51.815000+00:00,"FAKE NEWS CNN, TOGETHER WITH THE FAILING NEW YORK TIMES, HAVE TEAMED UP IN AN ATTEMPT TO DEMEAN ONE OF THE MOST SUCCESSFUL MILITARY STRIKES IN HISTORY. THE NUCLEAR SITES IN IRAN ARE COMPLETELY DESTROYED! BOTH THE TIMES AND CNN ARE GETTING SLAMMED BY THE PUBLIC!",['iran'],"['destroyed', 'military', 'nuclear', 'strikes']",1.0
dentro,116395566253303665,2026-04-13 04:43:13.269000+00:00,The United States to Blockade Ships Entering or Exiting Iranian Ports on April 13 at 10:00 A.M. ET. Thank you for your attention to this matter! President DJT,['iranian'],"['blockade', 'ports']",1.0
dentro,114744029649091554,2025-06-25 12:35:44.596000+00:00,"Secretary Marco Rubio: ""There's no way Iran comes to the table if somehow nothing had happened—this was COMPLETE & TOTAL OBLITERATION, they're in bad shape…""",['iran'],['obliteration'],1
dentro,116269822349947644,2026-03-21 23:44:53.572000+00:00,"If Iran doesn't FULLY OPEN, WITHOUT THREAT, the Strait of Hormuz, within 48 HOURS from this exact point in time, the United States of America will hit and obliterate their various POWER PLANTS, STARTING WITH THE BIGGEST ONE FIRST! Thank you for your attention to this matter. President DONALD J. TRUMP","['hormuz', 'iran']","['obliterate', 'strait']",1.0
dentro,116150413051904167,2026-02-28 21:37:32.281000+00:00,"Khamenei, one of the most evil people in History, is dead. This is not only Justice for the people of Iran, but for all Great Americans, and those people from many Countries throughout the World, that have been killed or mutilated by Khamenei and his gang of bloodthirsty THUGS. He was unable to avoid our Intelligence and Highly Sophisticated Tracking Systems and, working closely with Israel, there was not a thing he, or the other leaders that have been killed along with him, could do. This is the single greatest chance for the Iranian people to take back their Country. We are hearing that many of their IRGC, Military, and other Security and Police Forces, no longer want to fight, and are looking for Immunity from us. As I said last night, ""Now they can have Immunity, later they only get Death!"" Hopefully, the IRGC and Police will peacefully merge with the Iranian Patriots, and work together as a unit to bring back the Country to the Greatness it deserves. That process should soon be starting in that, not only the death of Khamenei but the Country has been, in only one day, very much destroyed and, even, obliterated. The heavy and pinpoint bombing, however, will continue, uninterrupted throughout the week or, as long as necessary to achieve our objective of PEACE THROUGHOUT THE MIDDLE EAST AND, INDEED, THE WORLD! Thank you for your attention to this matter. PRESIDENT DONALD J. TRUMP","['iran', 'iranian', 'irgc', 'khamenei']","['destroyed', 'military', 'obliterated']",1.0
dentro,116496713231472397,2026-05-01 01:26:13.673000+00:00,"Great job by highly respected Navy Commander Kirk Lippold in interview with Jesse Watters on FoxNews. Very smart and insightful concerning Iran, and more. Thank you, Commander! President DJT",['iran'],['navy'],0.0
dentro,116165200090740839,2026-03-03 12:18:04.587000+00:00,NATO Secretary General Mark Rutte praises 'Operation Epic Fury' strikes on Iran: foxnews.com/video/639026830111,['iran'],['strikes'],1.0
dentro,116378705268992787,2026-04-10 05:15:15.066000+00:00,"Trump upends China's lucrative sanctioned oil import scheme after Iran, Venezuela interventions: justthenews.com/government/dip","['iran', 'oil', 'venezuela']",['sanctioned'],1.0
dentro,116777207460249864,2026-06-19 14:19:35.943000+00:00,"RT War has diminished Iran! It doesn't, any longer, have an Air Force, a Navy, Antiaircraft Equipment, Radar, or practically anything else, and yet the Dumocrats say that Iran is better off now than it was four months ago. Can you imagine getting away with that??? How stupid can some people be??? President DJT",['iran'],['navy'],1.0
dentro,114746355912265245,2025-06-25 22:27:20.555000+00:00,"BREAKING NEWS…I was shocked to hear that the State of Israel, which has just had one of its Greatest Moments in History, and is strongly led by Bibi Netanyahu, is continuing its ridiculous Witch Hunt against their Great War Time Prime Minister! Bibi and I just went through HELL together, fighting a very tough and brilliant longtime enemy of Israel, Iran, and Bibi could not have been better, sharper, or stronger in his LOVE for the incredible Holy Land. Anybody else would have suffered losses, embarrassment, and chaos! Bibi Netanyahu was a WARRIOR, like perhaps no other Warrior in the History of Israel, and the result was something that nobody thought was possible, a complete elimination of potentially one of the biggest and most powerful Nuclear Weapons anywhere in the World, and it was going to happen, SOON! We were fighting, literally, for the Survival of Israel, and there is nobody in Israel's History that fought harder or more competently than Bibi Netanyahu. Despite all of this, I just learned that Bibi has been summoned to Court on Monday for the continuation of this long running, (He has been going through this ""Horror Show"" since May of 2020 – Unheard of! This is the first time a sitting Israeli Prime Minister has ever been on trial.), politically motivated case, ""concerning cigars, a Bugs Bunny doll, and numerous other unfair charges"" in order to do him great harm. Such a WITCH HUNT, for a man who has given so much, is unthinkable to me. He deserves much better than this, and so does the State of Israel. Bibi Netanyahu's trial should be CANCELLED, IMMEDIATELY, or a Pardon given to a Great Hero, who has done so much for the State. Perhaps there is no one that I know who could have worked in better harmony with the President of the United States, ME, than Bibi Netanyahu. It was the United States of America that saved Israel, and now it is going to be the United States of America that saves Bibi Netanyahu. THIS TRAVESTY OF ""JUSTICE"" CAN NOT BE ALLOWED!",['iran'],['nuclear'],1.0
dentro,116664181157116570,2026-05-30 15:15:31.425000+00:00,"Can you imagine? A Barack Hussein Obama Judge named Christopher Cooper has stopped a magnificent structural and aesthetic rebuilding of The Trump Kennedy Center where Millions of Dollars of material, marble, furniture, steel, air conditioning, heating, and so much else was ordered, or soon to be ordered, with the end result being a structure that would no longer be in a potential state of collapse, rusted, rotted, and rat and bug infested, to one that would be the Finest anywhere in the World. It was necessary to close the Center in order to get this work done. It is not possible to have a major and very dangerous Construction job, including the replacement of structural beams, with audiences innocently going in to watch a Play. The marble is in terrible shape, the pipes are gone, the air conditioning and heating systems are 65 years old, and no longer functioning. It was all being torn out to be replaced by brand new Carrier Equipment, at the highest standard. Now that won't happen anymore because a Judge, whose wife is an anti Trump Hater, and he is too, decided, unprecedentedly, to not allow a desperately needed Building Renovation to go forward. On top of that, he said, “Rip his name off the Building, he's got 20 days to do so,” even though a large Board of some of the most distinguished people in the Country voted unanimously to put the name up. I didn't do it, the Board did because they thought it would be good for this dying Institution, which was doing Record Low Business and, especially after COVID, only getting worse — True for other such Institutions throughout the Country, but The Trump Kennedy Center was going to be a special one. It would have fully recovered, when none others will. It would have been a New Standard of Excellence, one of my many Gifts to Washington, D.C. The new Building would have been incomparable, beautiful marble, magnificent chandeliers, the finest carpets, rugs, and furniture, designed at the highest level but, perhaps most importantly, replaced steel on many beams, columns, and girders, making the Building structurally sound again. People shouldn't be allowed to go into that Building until this is fixed, and yet the Trump Hating Judge wants to keep it open because his wife probably told him to do so! Cooper's wife, Amy Jeffress, who doesn't use the “Cooper” name because they, as a couple, don't want people to know that she has a Conflict of Interest with an important Judge, is a Radical Left Democrat, who worked as a Federal Prosecutor and Counselor to Obama Attorney General, Eric Holder, worked behind the scenes for the January 6th Unselect Committee of Political Hacks and Thugs, Dirty Cop FBI attorney Lisa Page in the Hillary Clinton Email Scandal, RUSSIA RUSSIA RUSSIA Hoax, and her Millions of Dollars Settlement, even though she was “guilty as hell,” and is currently representing Sleepy Joe Biden on the release of his audio tapes, and more. She also works for the same Legal Firm that represented E. Jean Carroll who received a decision against me, now under appeal, that was shocking to the entire World. Amy is totally wired into the Left System, from her husband down, and it is impossible for me to be treated fairly. He has a total Conflict of Interest, and should be brought up on charges for not revealing these facts. That is why The Kennedy Center will soon be closed, probably never to open again. That is why, at a different level, and with different players, our Country lost the TARIFF Case, and is forced to pay back 149 Billion Dollars in money received from people who hate everything we stand for. They are laughing all the way to the Bank at how stupid we are (One half sentence clause from the Supreme Court would have saved us this incalculable amount of money!), and that is probably why our Country will lose the Birthright Citizenship Case (No other Country in the World has this — It is totally unaffordable!), because our Court System is RIGGED, no different than our Political System is RIGGED, and the people of our Country know it, and that is why I got overwhelmingly elected President, in Record Numbers, and will FIGHT, FIGHT, FIGHT! President DONALD J. TRUMP",['russia'],['tariff'],0.0
dentro,116946506480346191,2026-07-19 11:54:33.979000+00:00,"Republicans should add Iran to the Russian Sanctions Bill. That's what Lindsey wanted to do, and it was going to happen. IMPORTANT!!! President DJT","['iran', 'russian']",['sanctions'],1.0
dentro,114880031264786538,2025-07-19 13:02:44.562000+00:00,"All three nuclear sites in Iran were completely destroyed and/or OBLITERATED. It would take years to bring them back into service and, if Iran wanted to do so, they would be much better off starting anew, in three different locations, prior to those sites being obliterated, should they decide to do so. Thank you for your attention to this matter!",['iran'],"['destroyed', 'nuclear', 'obliterated']",1
dentro,116784032456610294,2026-06-20 19:15:17.123000+00:00,"There will be NO TOLLS in the Hormuz Strait for 60 days during the Cease Fire Period, and there will be NO TOLLS after the 60 day period has expired, unless they are imposed by and for the United States of America, should the deal not be completed, for services rendered as the Guardian Angel to the countries of the Middle East for purposes of both past, present, and future reimbursement of costs. Thank you for your attention to this matter!!! President DJT",['hormuz'],['strait'],1.0
dentro,116731447139970106,2026-06-11 12:22:08.869000+00:00,"The United States will be hitting Iran (Whose Navy, Air Force, Radar, Anti Aircraft, and all other forms of Defense, together with most of its offensive capability, are GONE!), VERY HARD TONIGHT. At some point in the not too distant future, we will be taking Kharg Island, and other oil infrastructure points, and assume total control of their Oil and Gas Markets, much like we have with Venezuela, which is working out brilliantly for both Venezuela and the United States of America. Thank you for your attention to this matter! President DONALD J. TRUMP","['iran', 'oil', 'venezuela']",['navy'],1.0
dentro,114695621681197460,2025-06-16 23:24:57.625000+00:00,"AMERICA FIRST means many GREAT things, including the fact that, IRAN CAN NOT HAVE A NUCLEAR WEAPON. MAKE AMERICA GREAT AGAIN!!!",['iran'],['nuclear'],1.0
dentro,114749580476669594,2025-06-26 12:07:23.503000+00:00,Rumor is that the Failing New York Times and Fake News CNN will be firing the reporters who made up the FAKE stories on the Iran Nuclear sites because they got it so wrong. Lets see what happens?,['iran'],['nuclear'],1
dentro,116491469825575424,2026-04-30 03:12:45.649000+00:00,Harvard Harris Poll: Strong Majority back President Trump on Iran Nuclear stoppage.,['iran'],['nuclear'],1
dentro,117107001767972921,2026-08-16 20:10:37.719000+00:00,"Watching FoxNews with Shannon Bream is always like watching the Worst of Fake News CNN. I don't know Shannon, but she always seems to pick guests, charts, and ""polls"" that are negative, never talking about all of the incredible things that the Trump Administration has done, like Total Border Control, the Most Successful Stock Market in History (81 Record Days in a year and a half!), Biggest Investment in our Country in History (19.2 Trillion Dollars!), breaking the Record by many times over, the Great Military Victories over Venezuela and the essential Denuclearization of Iran — The rest to follow! — The Lowest Crime Rate in Recorded History, the Lowest Murder Rate since 1900 — 125 years! — The Highest Number of People that have Jobs in the United States, EVER, the fact that the United States is more RESPECTED throughout the World than at any time in Memory, the Biggest Drop in Drug Prices, over 500%, than has ever been seen before, which will lead to tremendous SAVINGS in Healthcare, the Rebuilding of our Military, in my First Term, making it the Strongest in U.S. History, with the inclusion of Space Force, and so many other things! Yet, week after week, I see Shannon ""interviewing"" hostile guests, and having losers like Juan Williams, who got fired like a dog from PBS, was thrown off of The Five for somebody even dumber than him, Jessica Tarlov, and when he saw me walking into the Headquarters of Fox, he went CRAZY, begging me for a picture — ""Could I have a picture with you? It would be such a Great Honor!"" In any event, Shannon's ""show"" is beyond redemption. Fortunately, MAGA, which is close to 100% of the Republican Party, understands that, and watch her ""Ratings"" start to fall. Chris Wallace was bad, but Shannon is even worse! Oh well, it couldn't have had too much of an impact, because I'm now heading back into the Oval Office to continue working on more TRIUMPHS and SUCCESSES for our Country! President DONALD J. TRUMP","['iran', 'venezuela']",['military'],0
dentro,114767794156725396,2025-06-29 17:19:22.205000+00:00,"Regarding Iran's Fordow nuclear facility—They didn't move anything...they didn't think it was going to be actually doable, what we did… Video:",['iran'],['nuclear'],1.0
dentro,116493939901285486,2026-04-30 13:40:56.013000+00:00,"The Chancellor of Germany should spend more time on ending the war with Russia/Ukraine (Where he has been totally ineffective!), and fixing his broken Country, especially Immigration and Energy, and less time on interfering with those that are getting rid of the Iran Nuclear threat, thereby making the World, including Germany, a safer place! President DJT","['iran', 'russia', 'ukraine']",['nuclear'],0.0
dentro,117356339820644146,2026-09-29 21:00:34.470000+00:00,Iran Has Lost Control of the Strait:,['iran'],['strait'],1.0
dentro,115459538588191547,2025-10-29 21:19:04.570000+00:00,"South Korea has agreed to pay the USA 350 Billion Dollars for a lowering of the Tariff's charged against them by the United States. Additionally, they have agreed to buy our Oil and Gas in vast quantities, and investments into our Country by wealthy South Korean Companies and Businessmen will exceed 600 Billion Dollars. Our Military Alliance is stronger than ever before and, based on that, I have given them approval to build a Nuclear Powered Submarine, rather than the old fashioned, and far less nimble, diesel powered Submarines that they have now. A great trip, with a great Prime Minister!",['oil'],"['military', 'nuclear', 'tariff']",1
dentro,116295045718240014,2026-03-26 10:39:31.628000+00:00,"The Iranian negotiators are very different and ""strange."" They are ""begging"" us to make a deal, which they should be doing since they have been militarily obliterated, with zero chance of a comeback, and yet they publicly state that they are only ""looking at our proposal."" WRONG!!! They better get serious soon, before it is too late, because once that happens, there is NO TURNING BACK, and it won't be pretty! President DJT",['iranian'],['obliterated'],1.0
dentro,117197478170575070,2026-09-01 19:39:58.061000+00:00,"RT United States is, as we speak, striking Iranian Targets near the Strait of Hormuz. The strikes are large and powerful, and in retaliation for the Iranians' failed attempt at adding sea mines to the Strait, which currently has no mines (They have been completely removed or detonated!), and the Iranians shooting eight missiles, all successfully knocked down, at our Military Base in Jordan. If the failed Nation of Iran retaliates for this very justified attack, they will be hit again at a much harder and higher level, but it will not be the biggest attack of them all, that is waiting in the wings and, when it is over, there will be very little left of the Islamic Republic of Iran! President DONALD J. TRUMP","['hormuz', 'iran', 'iranian', 'iranians']","['attack', 'military', 'mines', 'strait', 'strikes']",1.0
dentro,116227789768118115,2026-03-14 13:35:27.272000+00:00,"Yet again, an intentionally misleading headline by the Fake News Media about the five tanker planes that were supposedly struck down at an Airport in Saudi Arabia, and of no further use. In actuality, the Base was hit a few days ago, but the planes were not ""struck"" or ""destroyed."" Four of the five had virtually no damage, and are already back in service. One had slightly more damage, but will be in the air shortly. None were destroyed, or close to that, as the Fake News said in headlines. The New York Times and The Wall Street Journal (in particular), and other Lowlife ""Papers"" and Media actually want us to lose the War. Their terrible reporting is the exact opposite of the actual facts! They are truly sick and demented people that have no idea the damage they cause the United States of America. Fortunately, as proven by our Great and Conclusive Election Win in 2024, the People of our Country understand what is happening far better than the Fake News Media! President DONALD J. TRUMP",['saudi'],"['destroyed', 'tanker']",1.0
dentro,116278232362967212,2026-03-23 11:23:40.186000+00:00,"I AM PLEASED TO REPORT THAT THE UNITED STATES OF AMERICA, AND THE COUNTRY OF IRAN, HAVE HAD, OVER THE LAST TWO DAYS, VERY GOOD AND PRODUCTIVE CONVERSATIONS REGARDING A COMPLETE AND TOTAL RESOLUTION OF OUR HOSTILITIES IN THE MIDDLE EAST. BASED ON THE TENOR AND TONE OF THESE IN DEPTH, DETAILED, AND CONSTRUCTIVE CONVERSATIONS, WHICH WILL CONTINUE THROUGHOUT THE WEEK, I HAVE INSTRUCTED THE DEPARTMENT OF WAR TO POSTPONE ANY AND ALL MILITARY STRIKES AGAINST IRANIAN POWER PLANTS AND ENERGY INFRASTRUCTURE FOR A FIVE DAY PERIOD, SUBJECT TO THE SUCCESS OF THE ONGOING MEETINGS AND DISCUSSIONS. THANK YOU FOR YOUR ATTENTION TO THIS MATTER! PRESIDENT DONALD J. TRUMP","['iran', 'iranian']","['military', 'strikes']",1.0
dentro,115884319075881590,2026-01-12 21:46:20.430000+00:00,"Effective immediately, any Country doing business with the Islamic Republic of Iran will pay a Tariff of 25% on any and all business being done with the United States of America. This Order is final and conclusive. Thank you for your attention to this matter! PRESIDENT DONALD J. TRUMP",['iran'],['tariff'],1.0
dentro,117039691941169240,2026-08-04 22:52:51.270000+00:00,"For far too long, Radical Climate Activists attempted to hold our Great Country hostage by drastically and unreasonably expanding the intended scope of the Endangered Species Act. This was complete and total regulatory overreach by unelected bureaucrats! They treated Americans very unfairly by stifling the production of important resources like Oil, Natural Gas, and Timber, and blocking the construction of family homes and critical Infrastructure. Even our Military couldn't train on land that was deemed ""off limits"" to protect a little rodent! Now my Administration has returned the Endangered Species Act to how it was intended to be, just as the Great Justice Antonin Scalia has explained in previous cases. While responsibly protecting our beautiful Country, the United States of America is going to BUILD again. Thank you for your attention to this matter! President DONALD J. TRUMP",['oil'],['military'],0.0
dentro,116438239629407600,2026-04-20 17:35:37.313000+00:00,"The DEAL that we are making with Iran will be FAR BETTER than the JCPOA, commonly referred to as ""The Iran Nuclear Deal,"" penned by Barack Hussein Obama and Sleepy Joe Biden, one of the Worst Deals ever made having to do with the Security of our Country. It was a guaranteed Road to a Nuclear Weapon, which will not, and cannot, happen with the Deal we're working on. They actually gave $1.7 Billion Dollars in ""GREEN"" Cash, loaded into a Boeing 757, and flown to Iran for Iranian leadership to spend anyway they saw fit. He emptied out all of the Cash from Banks in D.C., Virginia, and Maryland. Those Bankers said they've never seen anything like it before. In addition, Hundreds of Billions of Dollars was paid to Iran. If I did not terminate that ""Deal,"" Nuclear Weapons would have been used on Israel, and all over the Middle East, including our cherished U.S. Military Bases. The Fake News, like Lightweight Washington Post ""Journalist"" David Ignatius, loves to talk about the JCPOA, knowing that it was DANGEROUS, and a Complete Embarrassment to our Country. If a Deal happens under ""TRUMP,"" it will guarantee Peace, Security, and Safety, not only for Israel and the Middle East, but for Europe, America, and everywhere else. It will be something that the entire World will be proud of, instead of the years of Embarrassment and Humiliation that we have been forced to suffer due to incompetent and cowardly leadership! President DONALD J. TRUMP","['iran', 'iranian']","['jcpoa', 'military', 'nuclear']",1.0
dentro,116376791555549648,2026-04-09 21:08:34.116000+00:00,"There are reports that Iran is charging fees to tankers going through the Hormuz Strait — They better not be and, if they are, they better stop now! President DONALD J. TRUMP","['hormuz', 'iran']","['strait', 'tankers']",1.0
dentro,116669680863671672,2026-05-31 14:34:10.287000+00:00,"RT spending this week reviewing the Iranian war I am now convinced President Trump is on the edge of an historic victory. The real breakthrough for me came as I reviewed President Trump's decisions and maneuvers not from the standpoint of American unilateralism but from the standpoint of the leader of a remarkable historic coalition, the largest coalition ever put together in the modern Middle East. Everyone understands that Israel is an important ally. What is little discussed is the depth of support from the United Arab Emirates, Qatar, Bahrain, Saudi Arabia and other countries in the region. It has to be sobering for the Iranian dictatorship to realize that it does not have a single ally willing to challenge the American naval blockade. Slowly, gradually, timidly, our European allies are lining up to help with the Persian Gulf and the Strait of Hormuz. A great deal of President Trump's maneuvers against Iran make sense once he is seen as a coalition leader and not just as a unilateral American President. I spent a lot of the last couple weeks reviewing kinetic options including wining the battle of the Persian Gulf and the Strait of Hormuz and if necessary using the shocking and shattering level of force President Nixon and Secretary Kissinger used against Hanoi and Haiphong in Christmas 1972 (which both leaders believed convinced the North Vietnamese to agree to a truce and the freeing of American POWs). If this were a unilateral American campaign I could enthusiastically support a more aggressive kinetic campaign. However it is also clear it would shatter the coalition because our Arab allies are convinced Iran could still do enormous damage to their oil fields and infrastructure. Coalitions are inherently slower than unilateral campaigns. However coalitions ultimately bring vastly more power to the fight. I am as frustrated as everyone else by the pace of talking with the dictatorship but having reviewed the correlation of forces and the options available to the coalition on one side and the Iranian religiously motivated dictatorship on the other I am prepared to assert that President Trump's coalition leadership (something almost none of his critics want to acknowledge) is within reach of an enormous historic victory. And if the Iranian dictatorship ultimately proves it is hopelessly committed to a suicidal position there will be plenty of time for a kinetic campaign of enormous power and effectiveness. Either way we are on the edge of an astonishing victory for our values and for a safer Middle East.","['hormuz', 'iran', 'iranian', 'oil', 'persian gulf', 'saudi']","['blockade', 'naval', 'strait']",1
dentro,114616038217949758,2025-06-02 22:05:50.347000+00:00,"The AUTOPEN should have stopped Iran a long time ago from ""enriching."" Under our potential Agreement — WE WILL NOT ALLOW ANY ENRICHMENT OF URANIUM!",['iran'],['enrichment'],1.0
dentro,117270347763611160,2026-09-14 16:31:39.810000+00:00,"I hope everyone realizes that price increases throughout America were caused by Sleepy Joe Biden and the Biden Administration, not by ""TRUMP."" Even Oil was higher under Biden than it is right now, and we prevented Iran from having a Nuclear Weapon! With the temporary exception of Oil, prices are coming down sharply, and Oil will drop like a rock as soon as the Military Conflict with Iran is over, and that will not be long. Thank you for your attention to this matter! President DONALD J. TRUMP","['iran', 'oil']","['military', 'nuclear']",1.0
dentro,116948052957822885,2026-07-19 18:27:51.353000+00:00,"RT People of Aberdeen, in Scotland, are dancing in the streets because the new Prime Minister, Andy Burnham, has stated that he will be opening up, all the way, the invaluable North Sea Oil! It is one of the Greatest Sources of quality Oil on Earth, has hundreds of years of Capacity left, with much not even found yet, and will make the United Kingdom, from a Poverty Stricken Disaster, to one of the Richest Countries anywhere in the World! Britain pays Norway Billions of Dollars a year to buy its Oil, which they get from a less valuable part of the North Sea — How ridiculous is that! Also, word is that the UK is going to move the old and horrible looking windmills, which loom over and destroy the City of Aberdeen. That will be a big day for the Country, and will be very much appreciated by everybody. Such great potential in the UK, but it all starts with OPENING NORTH SEA OIL. WE LOVE YOU SCOTLAND! President DONALD J. TRUMP",['oil'],['destroy'],1.0
dentro,117271304188365611,2026-09-14 20:34:53.694000+00:00,"I am the Hoax Buster, and I'm right now breaking another Hoax — That AI is going to take over, consume, and destroy the World, and that Robots will be marching into our Cities, and getting rid of us all! This is even wilder than the RUSSIA, RUSSIA, RUSSIA HOAX, or the Global Warming Scam. Thank you for your attention to this matter! President DONALD J. TRUMP",['russia'],['destroy'],0.0
dentro,116202054617775180,2026-03-10 00:30:40.041000+00:00,"If Iran does anything that stops the flow of Oil within the Strait of Hormuz, they will be hit by the United States of America TWENTY TIMES HARDER than they have been hit thus far. Additionally, we will take out easily destroyable targets that will make it virtually impossible for Iran to ever be built back, as a Nation, again — Death, Fire, and Fury will reign upon them — But I hope, and pray, that it does not happen! This is a gift from the United States of America to China, and all of those Nations that heavily use the Hormuz Strait. Hopefully, it is a gesture that will be greatly appreciated. Thank you for your attention to this matter! President DONALD J. TRUMP","['hormuz', 'iran', 'oil']",['strait'],1.0
dentro,116290528260288417,2026-03-25 15:30:40.690000+00:00,"The Radical Left, Country Hating Democrats are trying to create inner chaos to take away from the great military achievement we are having in Iran. They hate seeing us WIN so completely and decisively, but the American public sees what is going on. AMERICA FIRST! President DJT",['iran'],['military'],0.0
dentro,116437457191403164,2026-04-20 14:16:38.257000+00:00,"Israel never talked me into the war with Iran, the results of Oct. 7th, added to my lifelong opinion that IRAN CAN NEVER HAVE A NUCLEAR WEAPON, did. I watch and read the FAKE NEWS Pundits and Polls in total disbelief. 90% of what they say are lies and made up stories, and the polls are rigged, much as the 2020 Presidential Election was rigged. Just like the results in Venezuela, which the media doesn't like talking about, the results in Iran will be amazing - And if Iran's new leaders (Regime Change!) are smart, Iran can have a great and prosperous future! President DJT","['iran', 'venezuela']","['nuclear', 'regime change']",1.0
dentro,114406185820566958,2025-04-26 20:37:36.881000+00:00,"American Ships, both Military and Commercial, should be allowed to travel, free of charge, through the Panama and Suez Canals! Those Canals would not exist without the United States of America. I've asked Secretary of State Marco Rubio to immediately take care of, and memorialize, this situation!",['suez'],['military'],1
dentro,116420194853200133,2026-04-17 13:06:35.880000+00:00,IRAN HAS JUST ANNOUNCED THAT THE STRAIT OF IRAN IS FULLY OPEN AND READY FOR FULL PASSAGE. THANK YOU!,['iran'],['strait'],1.0
dentro,115050161923440039,2025-08-18 14:09:12.396000+00:00,"I've settled 6 Wars in 6 months, one of them a possible Nuclear disaster, and yet I have to read & listen to the Wall Street Journal, and many other who truly don't have a clue, tell me everything that I am doing wrong on the Russia/Ukraine MESS, that is Sleepy Joe Biden's war, not mine. I'm only here to stop it, not to prosecute it any further. It would have NEVER happened if I was President. I know exactly what I'm doing, and I don't need the advice of people who have been working on all of these conflicts for years, and were never able to do a thing to stop them. They are ""STUPID"" people, with no common sense, intelligence, or understanding, and they only make the current R/U disaster more difficult to FIX. Despite all of my lightweight and very jealous critics, I'll get it done — I always do!!! President DJT","['russia', 'ukraine']",['nuclear'],1
dentro,116346816254869135,2026-04-04 14:05:27.326000+00:00,Remember when I gave Iran ten days to MAKE A DEAL or OPEN UP THE HORMUZ STRAIT. Time is running out - 48 hours before all Hell will reign down on them. Glory be to GOD! President DONALD J. TRUMP,"['hormuz', 'iran']",['strait'],1.0
dentro,117298821562014906,2026-09-19 17:12:55.494000+00:00,"Over the years, there have been many Hoaxes, all generated by the Radical Left Dumocrats, for purposes of destroying our Country. RUSSIA, RUSSIA, RUSSIA, UKRAINE, UKRAINE, UKRAINE, Global Warming, Impeachment Hoax #1, Impeachment Hoax #2, Men in Women's Sports, Transgender for Everyone, and now, the decimation, or destruction, of AI, commonly known as Artificial Intelligence — And I, as President of the United States, will not stand by and let this happen. It all began with an attack on our Data Centers, until people realized how wealthy and prestigious they were for the Communities in which they were built. Higher Salaries, Lower Taxes, and Safer Streets, was the result, and the crazed Data Center attack has largely failed, so now, in much the same way as they changed the term ""Global Warming"" to ""Climate Change,"" in that it covers a much larger ""territory"" of doubt, they are going straight at AI. We will not in any way hinder or stifle the Growth of this incredible Industry. Rather, we will cherish it, help it, and watch over it, as it grows! However, we will also be looking for BAD, and we can do that, very easily, with our already existing Criminal and Civil Justice System. For this purpose, I am forming the AI Force, much like I did Space Force, which has been a tremendous SUCCESS, in my First Term. To that end, I will be announcing, in the near future, the AI ""Czar"" — Only High I.Q. individuals need apply! AI is the next Industrial Revolution, or Internet, but will be even larger and more impactful, possibly as much as 25% of our Country's GDP. We are leading China, and the rest of the World, and I intend to keep it that way! President DONALD J. TRUMP","['russia', 'ukraine']",['attack'],0
dentro,116438260195246849,2026-04-20 17:40:51.123000+00:00,"The Democrats are doing everything possible to hurt the very strong position we are in with respect to Iran. Despite World War I lasting 4 years, 3 months, and 14 days, World War II lasting 6 years and 1 day, the Korean War lasting 3 years, 1 month, and 2 days, the Vietnam War lasting 19 years, 5 months, and 29 days, and Iraq lasting 8 years, 8 months, and 28 days, they like to say that I promised 6 weeks to defeat Iran, and actually, from the Military standpoint, it was far faster than that, but I'm not going to let them rush the United States into making a Deal that is not as good as it could have been. I read the Fake News saying that I am under ""pressure"" to make a Deal. THIS IS NOT TRUE! I am under no pressure whatsoever, although, it will all happen, relatively quickly! Time is not my adversary, the only thing that matters is that we finally, after 47 years, straighten out the MESS that other Presidents let happen because they didn't have the Courage or Foresight to do what had to be done with respect to Iran. We're in it, and it will be done RIGHT, and we won't let the Weak and Pathetic Democrats, TRAITORS ALL, who for years have been talking about the Dangers of Iran, and that something has to be done, but now, since I'm the one doing it, belittle the accomplishments of our Military and the Trump Administration. This is being perfectly executed, on the scale of Venezuela, just a bigger, more complex operation. The result will be the same. In my First Term, I built the Greatest Military our Country has ever seen, including adding Space Force. In my Second Term, I am properly and judiciously using our Military to solve problems left to us by others of far less understanding or competence. MAKE AMERICA GREAT AGAIN! President DONALD J. TRUMP","['iran', 'venezuela']",['military'],1.0
dentro,116162143729203401,2026-03-02 23:20:48.211000+00:00,"The Radical Left Democrats, a Party that has completely lost its way, are complaining bitterly about the very necessary and important attack, by the United States and Israel, on Iran. What most people understand is that they are only complaining BECAUSE I DID IT and, if I didn't do it, they would be screaming — Why didn't ""TRUMP"" attack Iran, he should do it, IMMEDIATELY? There's nothing surprising about this! It's the same people that the other night at The State of the Union Address wouldn't stand for ANYBODY, including a mother who lost her beautiful daughter to an illegal alien, a Great and Brave Helicopter Pilot, who got the Congressional Medal of Honor, or a 100-year-old Veteran Warrior whose Bravery is Legend! The fact is, whatever I do, they will be on the opposite side. These people are SICK, CRAZY, and DEMENTED, but America, despite them all, is now BIGGER, BETTER, AND STRONGER THAN EVER BEFORE. MAKE AMERICA GREAT AGAIN! President DONALD J. TRUMP",['iran'],['attack'],1.0
dentro,116224518730089644,2026-03-13 23:43:35.193000+00:00,"Iran had plans of taking over the entire Middle East, and completely obliterating Israel. JUST LIKE IRAN ITSELF, THOSE PLANS ARE NOW DEAD! President DONALD J. TRUMP",['iran'],['obliterating'],1.0
dentro,116261796648776538,2026-03-20 13:43:51.090000+00:00,"Without the U.S.A., NATO IS A PAPER TIGER! They didn't want to join the fight to stop a Nuclear Powered Iran. Now that fight is Militarily WON, with very little danger for them, they complain about the high oil prices they are forced to pay, but don't want to help open the Strait of Hormuz, a simple military maneuver that is the single reason for the high oil prices. So easy for them to do, with so little risk. COWARDS, and we will REMEMBER! President DONALD J. TRUMP","['hormuz', 'iran', 'oil']","['military', 'nuclear', 'strait']",1.0
dentro,116664420134580839,2026-05-30 16:16:17.932000+00:00,"RT you imagine? A Barack Hussein Obama Judge named Christopher Cooper has stopped a magnificent structural and aesthetic rebuilding of The Trump Kennedy Center where Millions of Dollars of material, marble, furniture, steel, air conditioning, heating, and so much else was ordered, or soon to be ordered, with the end result being a structure that would no longer be in a potential state of collapse, rusted, rotted, and rat and bug infested, to one that would be the Finest anywhere in the World. It was necessary to close the Center in order to get this work done. It is not possible to have a major and very dangerous Construction job, including the replacement of structural beams, with audiences innocently going in to watch a Play. The marble is in terrible shape, the pipes are gone, the air conditioning and heating systems are 65 years old, and no longer functioning. It was all being torn out to be replaced by brand new Carrier Equipment, at the highest standard. Now that won't happen anymore because a Judge, whose wife is an anti Trump Hater, and he is too, decided, unprecedentedly, to not allow a desperately needed Building Renovation to go forward. On top of that, he said, ""Rip his name off the Building, he's got 20 days to do so,"" even though a large Board of some of the most distinguished people in the Country voted unanimously to put the name up. I didn't do it, the Board did because they thought it would be good for this dying Institution, which was doing Record Low Business and, especially after COVID, only getting worse — True for other such Institutions throughout the Country, but The Trump Kennedy Center was going to be a special one. It would have fully recovered, when none others will. It would have been a New Standard of Excellence, one of my many Gifts to Washington, D.C. The new Building would have been incomparable, beautiful marble, magnificent chandeliers, the finest carpets, rugs, and furniture, designed at the highest level but, perhaps most importantly, replaced steel on many beams, columns, and girders, making the Building structurally sound again. People shouldn't be allowed to go into that Building until this is fixed, and yet the Trump Hating Judge wants to keep it open because his wife probably told him to do so! Cooper's wife, Amy Jeffress, who doesn't use the ""Cooper"" name because they, as a couple, don't want people to know that she has a Conflict of Interest with an important Judge, is a Radical Left Democrat, who worked as a Federal Prosecutor and Counselor to Obama Attorney General, Eric Holder, worked behind the scenes for the January 6th Unselect Committee of Political Hacks and Thugs, Dirty Cop FBI attorney Lisa Page in the Hillary Clinton Email Scandal, RUSSIA RUSSIA RUSSIA Hoax, and her Millions of Dollars Settlement, even though she was ""guilty as hell,"" and is currently representing Sleepy Joe Biden on the release of his audio tapes, and more. She also works for the same Legal Firm that represented E. Jean Carroll who received a decision against me, now under appeal, that was shocking to the entire World. Amy is totally wired into the Left System, from her husband down, and it is impossible for me to be treated fairly. He has a total Conflict of Interest, and should be brought up on charges for not revealing these facts. That is why The Kennedy Center will soon be closed, probably never to open again. That is why, at a different level, and with different players, our Country lost the TARIFF Case, and is forced to pay back 149 Billion Dollars in money received from people who hate everything we stand for. They are laughing all the way to the Bank at how stupid we are (One half sentence clause from the Supreme Court would have saved us this incalculable amount of money!), and that is probably why our Country will lose the Birthright Citizenship Case (No other Country in the World has this — It is totally unaffordable!), because our Court System is RIGGED, no different than our Political System is RIGGED, and the people of our Country know it, and that is why I got overwhelmingly elected President, in Record Numbers, and will FIGHT, FIGHT, FIGHT! President DONALD J. TRUMP",['russia'],['tariff'],0.0
dentro,116737418354503074,2026-06-12 13:40:42.372000+00:00,"The terms that Iran leaked out to the Fake News have NOTHING to do with the terms that were agreed to, in writing. What they said, including their weak and pathetic statement on having a deal, bears no relation to the truth. Very dishonorable people to deal with. With them, there is no such thing as dealing in good faith. AMAZING! Also, their totally rebuffed Drone attack last night against Indian Ships leaving the Hormuz Strait is TOTALLY UNACCEPTABLE. They better get their act together, and FAST! President DONALD J. TRUMP","['hormuz', 'iran']","['attack', 'drone', 'strait']",1.0
dentro,116397847496142849,2026-04-13 14:23:22.272000+00:00,"Iran's Navy is laying at the bottom of the sea, completely obliterated - 158 ships. What we have not hit are their small number of, what they call, ""fast attack ships,"" because we did not consider them much of a threat. Warning: If any of these ships come anywhere close to our BLOCKADE, they will be immediately ELIMINATED, using the same system of kill that we use against the drug dealers on boats at Sea. It is quick and brutal. P.S. 98.2% of Drugs coming into the U.S. by Ocean or Sea have STOPPED! Thank you for your attention to this matter. President DJT",['iran'],"['attack', 'blockade', 'navy', 'obliterated']",1.0
dentro,116954623645571071,2026-07-20 22:18:52.091000+00:00,"I had a very good conversation with the new Prime Minister of the United Kingdom, Andy Burnham. We discussed many subjects, including the outstanding relationship we have had with the UK. We will be meeting in the not too distant future for topics of mutual interest. The Prime Minister has got a big job ahead of him, but he will be able to do it and, of course, the U.S.A. will be there to help! We discussed North Sea Oil, Trade, the Military Alliance, Demining of the Hormuz Strait, and many other topics. The call was interesting, and went very well. I wished Prime Minister Burnham, GOOD LUCK AND GODSPEED! President DONALD J. TRUMP","['hormuz', 'oil']","['military', 'strait']",1.0
dentro,116765811260304660,2026-06-17 14:01:23.732000+00:00,"I will be doing a Press Conference in 45 minutes from France. I'll then be heading to Versailles for Dinner with French and other European Leaders, and then back home tonight! The trip was a Great Success but, mostly what people wanted to talk about, is the fact that Iran will not have a Nuclear Weapon, and that the Strait of Hormuz will immediately be opened! Great Numbers in all categories for the United States Economy with more people working today than have ever worked before. Over 19.1 Trillion being invested in the U.S.A. with Factories and everything else happening but, importantly, recent Stock Market numbers are through the roof because of the settlement and, likewise, Oil Prices are tumbling down! President DONALD J. TRUMP","['hormuz', 'iran', 'oil']","['nuclear', 'strait']",1.0
dentro,115915851439933172,2026-01-18 11:25:26.122000+00:00,"RT have subsidized Denmark, and all of the Countries of the European Union, and others, for many years by not charging them Tariffs, or any other forms of remuneration. Now, after Centuries, it is time for Denmark to give back — World Peace is at stake! China and Russia want Greenland, and there is not a thing that Denmark can do about it. They currently have two dogsleds as protection, one added recently. Only the United States of America, under PRESIDENT DONALD J. TRUMP, can play in this game, and very successfully, at that! Nobody will touch this sacred piece of Land, especially since the National Security of the United States, and the World at large, is at stake. On top of everything else, Denmark, Norway, Sweden, France, Germany, The United Kingdom, The Netherlands, and Finland have journeyed to Greenland, for purposes unknown. This is a very dangerous situation for the Safety, Security, and Survival of our Planet. These Countries, who are playing this very dangerous game, have put a level of risk in play that is not tenable or sustainable. Therefore, it is imperative that, in order to protect Global Peace and Security, strong measures be taken so that this potentially perilous situation end quickly, and without question. Starting on February 1st, 2026, all of the above mentioned Countries (Denmark, Norway, Sweden, France, Germany, The United Kingdom, The Netherlands, and Finland), will be charged a 10% Tariff on any and all goods sent to the United States of America. On June 1st, 2026, the Tariff will be increased to 25%. This Tariff will be due and payable until such time as a Deal is reached for the Complete and Total purchase of Greenland. The United States has been trying to do this transaction for over 150 years. Many Presidents have tried, and for good reason, but Denmark has always refused. Now, because of The Golden Dome, and Modern Day Weapons Systems, both Offensive and Defensive, the need to ACQUIRE is especially important. Hundreds of Billions of Dollars are currently being spent on Security Programs having to do with ""The Dome,"" including for the possible protection of Canada, and this very brilliant, but highly complex system can only work at its maximum potential and efficiency, because of angles, metes, and bounds, if this Land is included in it. The United States of America is immediately open to negotiation with Denmark and/or any of these Countries that have put so much at risk, despite all that we have done for them, including maximum protection, over so many decades. Thank you for your attention to this matter!DONALD J. TRUMPPRESIDENT OF THE UNITED STATES OF AMERICA",['russia'],['tariff'],0
dentro,116399385880639539,2026-04-13 20:54:36.157000+00:00,"For those people that still read The Failing New York Times and, despite the fact that Iran has been totally OBLITERATED, Militarily, and otherwise, you would think that Iran is actually winning or, at the very least, doing quite well — But that's not true, and The New York Times knows that it's FAKE NEWS! When does this Corrupt Media Outlet apologize for their LIES and horrible actions against me, my supporters, and our Country itself! HAVE THEY NO SHAME? HAVE THEY NO SENSE OF DECENCY? President DONALD J. TRUMP",['iran'],['obliterated'],1.0
dentro,114474136794655068,2025-05-08 20:38:26.461000+00:00,"Talks with Russia/Ukraine continue. The U.S. calls for, ideally, a 30-day unconditional ceasefire. Hopefully, an acceptable ceasefire will be observed, and both Countries will be held accountable for respecting the sanctity of these direct negotiations. If the ceasefire is not respected, the U.S. and its partners will impose further sanctions. Thousands of young soldiers are dying on a weekly basis, and everybody should want it to STOP. I do, and the United States of America does, also. As President, I will stay committed to securing Peace between Russia and Ukraine, together with the Europeans, and a Lasting Peace it will be! This ceasefire must ultimately build toward a Peace Agreement. It can all be done very quickly, and I will be available on a moment's notice if my services are needed. Thank you for your attention to this matter!","['russia', 'ukraine']",['sanctions'],1.0
dentro,117350810719202305,2026-09-28 21:34:27.077000+00:00,"Axios just released a story that ""Trump"" offered Sanctions Relief and Frozen Funds to Iran. This is untrue. I offered them NOTHING! Axios' story, like most others, is a HOAX, used only for purposes of satisfying their Trump Derangement Syndrome. They should withdraw this fake story, IMMEDIATELY! President DONALD J. TRUMP",['iran'],['sanctions'],1
dentro,116535672760322109,2026-05-07 22:34:08.906000+00:00,"Three World Class American Destroyers just transited, very successfully, out of the Strait of Hormuz, under fire. There was no damage done to the three Destroyers, but great damage done to the Iranian attackers. They were completely destroyed along with numerous small boats, which are being used to take the place of their fully decapitated Navy. These boats went to the bottom of the Sea, quickly and efficiently. Missiles were shot at our Destroyers, and were easily knocked down. Likewise, drones came, and were incinerated while in the air. They dropped ever so beautifully down to the Ocean, very much like a butterfly dropping to its grave! A normal Country would have allowed these Destroyers to pass, but Iran is not a normal Country. They are led by LUNATICS, and if they had the chance to use a Nuclear Weapon, they would do it, without question — But they'll never have that opportunity and, just like we knocked them out again today, we'll knock them out a lot harder, and a lot more violently, in the future, if they don't get their Deal signed, FAST! Our three Destroyers, with their wonderful Crews, will now rejoin our Naval Blockade, which is truly a “Wall of Steel.” President DONALD J. TRUMP","['hormuz', 'iran', 'iranian']","['blockade', 'destroyed', 'drones', 'naval', 'navy', 'nuclear', 'strait']",1.0
dentro,116596094940250402,2026-05-18 14:40:18.204000+00:00,"If Iran surrenders, admits their Navy is gone and resting at the bottom of the sea, and their Air Force is no longer with us, and if their entire Military walks out of Tehran, weapons dropped and hands held high, each shouting ""I surrender, I surrender"" while wildly waving the representative White Flag, and if their entire remaining Leadership signs all necessary ""Documents of Surrender,"" and admit their defeat to the great power and force of the magnificent U.S.A., The Failing New York Times, The China Street Journal (WSJ!), Corrupt and now Irrelevant CNN, and all other members of the Fake News Media, will headline that Iran had a Masterful and Brilliant Victory over The United States of America, it wasn't even close. The Dumacrats and Media have totally lost their way. They have gone absolutely CRAZY!!! President DJT","['iran', 'tehran']","['military', 'navy']",1.0
dentro,114436142904738936,2025-05-02 03:36:05.709000+00:00,"The Democrats are really out of control. They have lost everything, especially their minds! These Radical Left Lunatics are into the ""Impeachment thing"" again. They have already got two ""No Name,"" little respected Congressmen, total Whackjobs both, throwing the ""Impeachment"" of DONALD J. TRUMP around, for about the 20th time, even though they have no idea for what I would be Impeached. Maybe it should be for cleaning up the MESS that they left us on the Border, or the Highest Inflation in our Country's History or, perhaps, it should be the incompetent Withdrawal from Afghanistan, or Russia, Russia, Russia/Ukraine, Ukraine, Ukraine, or the Attack of Israel on October 7th that only proceeded because they allowed Iran to regain Great Wealth. These Congressmen stated that, they didn't know why they would Impeach me but, ""We just want to do it."" The Republicans should start to think about expelling them from Congress for all of the crimes that they have committed, especially around Election time(s). These are very dishonest people that won't let our Country heal! Why do we allow them to continuously use Impeachment as a weapon against the President of the United States who, by all accounts, is working hard to SAVE OUR COUNTRY. It's the same playbook that they used in my First Term, and Republicans are not going to allow them to get away with it again. These are total LOWLIFES, who hate our Country, and everything it stands for. Perhaps we should start playing this game on them, and expel Democrats for the many crimes that they have committed — And these are REAL crimes. Remember, ""Shifty"" Adam Schiff demanded a Pardon, and they had to use the power of the Auto Pen, and a Full Pardon, for him and the Unselect Committee of Political Thugs, to save them from Expulsion, and probably worse!","['iran', 'russia', 'ukraine']",['attack'],1.0
dentro,115255130298104593,2025-09-23 18:55:21.589000+00:00,"After getting to know and fully understand the Ukraine/Russia Military and Economic situation and, after seeing the Economic trouble it is causing Russia, I think Ukraine, with the support of the European Union, is in a position to fight and WIN all of Ukraine back in its original form. With time, patience, and the financial support of Europe and, in particular, NATO, the original Borders from where this War started, is very much an option. Why not? Russia has been fighting aimlessly for three and a half years a War that should have taken a Real Military Power less than a week to win. This is not distinguishing Russia. In fact, it is very much making them look like ""a paper tiger."" When the people living in Moscow, and all of the Great Cities, Towns, and Districts all throughout Russia, find out what is really going on with this War, the fact that it's almost impossible for them to get Gasoline through the long lines that are being formed, and all of the other things that are taking place in their War Economy, where most of their money is being spent on fighting Ukraine, which has Great Spirit, and only getting better, Ukraine would be able to take back their Country in its original form and, who knows, maybe even go further than that! Putin and Russia are in BIG Economic trouble, and this is the time for Ukraine to act. In any event, I wish both Countries well. We will continue to supply weapons to NATO for NATO to do what they want with them. Good luck to all! DONALD J. TRUMP, PRESIDENT OF THE UNITED STATES OF AMERICA","['gasoline', 'moscow', 'putin', 'russia', 'ukraine']",['military'],1.0
dentro,114695407357588413,2025-06-16 22:30:27.306000+00:00,"Iran should have signed the ""deal"" I told them to sign. What a shame, and waste of human life. Simply stated, IRAN CAN NOT HAVE A NUCLEAR WEAPON. I said it over and over again! Everyone should immediately evacuate Tehran!","['iran', 'tehran']",['nuclear'],1.0
dentro,116789789595899412,2026-06-21 19:39:24.097000+00:00,"After spending Trillions of Dollars on NATO, Italy, and its Prime Minister, wouldn't even think of becoming involved with the Islamic Republic of Iran and their very serious Nuclear Threat. For decades, we defend them but, when tested, they are not there to defend us, and the rest of the World. Not good! President DONALD J. TRUMP",['iran'],['nuclear'],1.0
dentro,116799167032916635,2026-06-23 11:24:12.430000+00:00,"19 Millions Barrels of Oil flowed out of the Hormuz Strait yesterday, an all time RECORD. Oil prices are tumbling down, and the World is a much safer place!!! President DONALD J. TRUMP","['barrels', 'hormuz', 'oil']",['strait'],1
dentro,114258406263396157,2025-03-31 18:15:19.790000+00:00,"The Iran-backed Houthi Terrorists have been decimated by the relentless strikes over the past two weeks. Many of their Fighters and Leaders are no longer with us. We hit them every day and night — Harder and harder. Their capabilities that threaten Shipping and the Region are rapidly being destroyed. Our attacks will continue until they are no longer a threat to Freedom of Navigation. The choice for the Houthis is clear: Stop shooting at U.S. ships, and we will stop shooting at you. Otherwise, we have only just begun, and the real pain is yet to come, for both the Houthis and their sponsors in Iran.","['houthi', 'houthis', 'iran']","['destroyed', 'shipping', 'strikes']",1.0
dentro,116446362429862966,2026-04-22 04:01:21.412000+00:00,RT is collapsing financially! They want the Strait of Hormuz opened immediately- Starving for cash! Losing 500 Million Dollars a day. Military and Police complaining that they are not getting paid. SOS!!!,['hormuz'],"['military', 'strait']",1.0
dentro,116420484827577347,2026-04-17 14:20:20.537000+00:00,"Iran, with the help of the U.S.A., has removed, or is removing, all sea mines! Thank you! President DJT",['iran'],['mines'],1.0
dentro,116253527175738987,2026-03-19 02:40:48.946000+00:00,Graham tears into European allies over Strait of Hormuz reluctance: thehill.com/homenews/senate/57,['hormuz'],['strait'],1.0
dentro,116634668906719597,2026-05-25 10:10:10.222000+00:00,"I laugh at all of the Dumocrats, RINOS, and Fools who know nothing about the potential deal I am making with Iran, things that haven't even been negotiated yet, weak and ineffective people like failed Senator Thom Tillis (Soon out of office!), Bill Cassidy, who just suffered a massive Primary loss, really bad Congressman Thomas Massie, a major sleazebag who lost in a landslide to a great American Patriot (Endorsed by “TRUMP”) after showing tremendous disloyalty to his Party (and Country!), and almost all Dumocrats, people that have totally lost their way, constantly supporting bad policy and even worse candidates, but are constantly critical of each and every fantastic win I have. These people should go home and rest, they do nothing but create division and loss. In other words, they are losers! The deal with Iran will either be a great and meaningful one, or there will be no deal. It will be the exact opposite of the JCPOA disaster negotiated by the failed Obama Administration, which was a direct and open path to a Nuclear Weapon for Iran. No, I don't do deals like that! President DJT",['iran'],"['jcpoa', 'nuclear']",1.0
dentro,114763460580044614,2025-06-28 22:57:17.073000+00:00,"It is terrible what they are doing in Israel to Bibi Netanyahu. He is a War Hero, and a Prime Minister who did a fabulous job working with the United States to bring Great Success in getting rid of the dangerous Nuclear threat in Iran. Importantly, he is right now in the process of negotiating a Deal with Hamas, which will include getting the Hostages back. How is it possible that the Prime Minister of Israel can be forced to sit in a Courtroom all day long, over NOTHING (Cigars, Bugs Bunny Doll, etc.). It is a POLITICAL WITCH HUNT, very similar to the Witch Hunt that I was forced to endure. This travesty of ""Justice"" will interfere with both Iran and Hamas negotiations. In other words, it is INSANITY doing what the out-of-control prosecutors are doing to Bibi Netanyahu. The United States of America spends Billions of Dollar a year, far more than on any other Nation, protecting and supporting Israel. We are not going to stand for this. We just had a Great Victory with Prime Minister Bibi Netanyahu at the helm — And this greatly tarnishes our Victory. LET BIBI GO, HE'S GOT A BIG JOB TO DO!",['iran'],['nuclear'],0.0
dentro,116093101641103750,2026-02-18 18:42:29.552000+00:00,"I have been telling Prime Minister Keir Starmer, of the United Kingdom, that Leases are no good when it comes to Countries, and that he is making a big mistake by entering a 100 Year Lease with whoever it is that is ""claiming"" Right, Title, and Interest to Diego Garcia, strategically located in the Indian Ocean. Our relationship with the United Kingdom is a strong and powerful one, and it has been for many years, but Prime Minister Starmer is losing control of this important Island by claims of entities never known of before. In our opinion, they are fictitious in nature. Should Iran decide not to make a Deal, it may be necessary for the United States to use Diego Garcia, and the Airfield located in Fairford, in order to eradicate a potential attack by a highly unstable and dangerous Regime — An attack that would potentially be made on the United Kingdom, as well as other friendly Countries. Prime Minister Starmer should not lose control, for any reason, of Diego Garcia, by entering a tenuous, at best, 100 Year Lease. This land should not be taken away from the U.K. and, if it is allowed to be, it will be a blight on our Great Ally. We will always be ready, willing, and able to fight for the U.K., but they have to remain strong in the face of Wokeism, and other problems put before them. DO NOT GIVE AWAY DIEGO GARCIA!",['iran'],['attack'],0.0
dentro,114392923237368367,2025-04-24 12:24:45.921000+00:00,"I am not happy with the Russian strikes on KYIV. Not necessary, and very bad timing. Vladimir, STOP! 5000 soldiers a week are dying. Lets get the Peace Deal DONE!","['kyiv', 'russian']",['strikes'],1.0
dentro,114571369956761390,2025-05-26 00:46:06.771000+00:00,"I've always had a very good relationship with Vladimir Putin of Russia, but something has happened to him. He has gone absolutely CRAZY! He is needlessly killing a lot of people, and I'm not just talking about soldiers. Missiles and drones are being shot into Cities in Ukraine, for no reason whatsoever. I've always said that he wants ALL of Ukraine, not just a piece of it, and maybe that's proving to be right, but if he does, it will lead to the downfall of Russia! Likewise, President Zelenskyy is doing his Country no favors by talking the way he does. Everything out of his mouth causes problems, I don't like it, and it better stop. This is a War that would never have started if I were President. This is Zelenskyy's, Putin's, and Biden's War, not ""Trump's,"" I am only helping to put out the big and ugly fires, that have been started through Gross Incompetence and Hatred.","['putin', 'russia', 'ukraine', 'zelenskyy']",['drones'],1.0
dentro,116224969784331828,2026-03-14 01:38:17.734000+00:00,"RT had plans of taking over the entire Middle East, and completely obliterating Israel. JUST LIKE IRAN ITSELF, THOSE PLANS ARE NOW DEAD! President DONALD J. TRUMP",['iran'],['obliterating'],1.0
dentro,116669598824791805,2026-05-31 14:13:18.473000+00:00,"RT spending this week reviewing the Iranian war I am now convinced President Trump is on the edge of an historic victory. The real breakthrough for me came as I reviewed President Trump's decisions and maneuvers not from the standpoint of American unilateralism but from the standpoint of the leader of a remarkable historic coalition, the largest coalition ever put together in the modern Middle East. Everyone understands that Israel is an important ally. What is little discussed is the depth of support from the United Arab Emirates, Qatar, Bahrain, Saudi Arabia and other countries in the region. It has to be sobering for the Iranian dictatorship to realize that it does not have a single ally willing to challenge the American naval blockade. Slowly, gradually, timidly, our European allies are lining up to help with the Persian Gulf and the Strait of Hormuz. A great deal of President Trump's maneuvers against Iran make sense once he is seen as a coalition leader and not just as a unilateral American President. I spent a lot of the last couple weeks reviewing kinetic options including wining the battle of the Persian Gulf and the Strait of Hormuz and if necessary using the shocking and shattering level of force President Nixon and Secretary Kissinger used against Hanoi and Haiphong in Christmas 1972 (which both leaders believed convinced the North Vietnamese to agree to a truce and the freeing of American POWs). If this were a unilateral American campaign I could enthusiastically support a more aggressive kinetic campaign. However it is also clear it would shatter the coalition because our Arab allies are convinced Iran could still do enormous damage to their oil fields and infrastructure. Coalitions are inherently slower than unilateral campaigns. However coalitions ultimately bring vastly more power to the fight. I am as frustrated as everyone else by the pace of talking with the dictatorship but having reviewed the correlation of forces and the options available to the coalition on one side and the Iranian religiously motivated dictatorship on the other I am prepared to assert that President Trump's coalition leadership (something almost none of his critics want to acknowledge) is within reach of an enormous historic victory. And if the Iranian dictatorship ultimately proves it is hopelessly committed to a suicidal position there will be plenty of time for a kinetic campaign of enormous power and effectiveness. Either way we are on the edge of an astonishing victory for our values and for a safer Middle East.","['hormuz', 'iran', 'iranian', 'oil', 'persian gulf', 'saudi']","['blockade', 'naval', 'strait']",1.0
dentro,116155069503653714,2026-03-01 17:21:44.096000+00:00,"I have just been informed that we have destroyed and sunk 9 Iranian Naval Ships, some of them relatively large and important. We are going after the rest — They will soon be floating at the bottom of the sea, also! In a different attack, we largely destroyed their Naval Headquarters. Other than that, their Navy is doing very well! PRESIDENT DONALD J. TRUMP",['iranian'],"['attack', 'destroyed', 'naval', 'navy']",1
dentro,116013105630663812,2026-02-04 15:38:27.303000+00:00,"I have just completed an excellent telephone conversation with President Xi, of China. It was a long and thorough call, where many important subjects were discussed, including Trade, Military, the April trip that I will be making to China (which I very much look forward to!), Taiwan, the War between Russia/Ukraine, the current situation with Iran, the purchase of Oil and Gas by China from the United States, the consideration by China of the purchase of additional Agricultural products including lifting the Soybean count to 20 Million Tons for the current season (They have committed to 25 Million Tons for next season!), Airplane engine deliveries, and numerous other subjects, all very positive! The relationship with China, and my personal relationship with President Xi, is an extremely good one, and we both realize how important it is to keep it that way. I believe that there will be many positive results achieved over the next three years of my Presidency having to do with President Xi, and the People’s Republic of China! PRESIDENT DONALD J. TRUMP","['iran', 'oil', 'russia', 'ukraine']",['military'],1.0
dentro,116750372942466677,2026-06-14 20:35:13.697000+00:00,"Victoria Coates of the Heritage Foundation is absolutely fantastic! She gets it like few other do. Thank you Victoria. Iran will never have a Nuclear weapon, and the Strait of Hormuz will be opening up for business very shortly!!! President DJT","['hormuz', 'iran']","['nuclear', 'strait']",1.0
dentro,116386190374675994,2026-04-11 12:58:48.715000+00:00,"The Fake News Media has lost total credibility, not that they had any to begin with. Because of their massive Trump Derangement Syndrome (Sometimes referred to as TDS!), they love saying that Iran is ""winning"" when, in fact, everyone knows that they are LOSING, and LOSING BIG! Their Navy is gone, their Air Force is gone, their Anti Aircraft apparatus is nonexistent, Radar is dead, their Missile and Drone Factories have been largely obliterated along with the Missiles and Drones themselves and, most importantly, their longtime ""Leaders"" are no longer with us, praise be to Allah! The only thing they have going is the threat that a ship may ""bunk"" into one of their sea mines which, by the way, all 28 of their mine dropper boats are also lying at the bottom of the sea. We're now starting the process of clearing out the Strait of Hormuz as a favor to Countries all over the World, including China, Japan, South Korea, France, Germany, and many others. Incredibly, they don't have the Courage or Will to do this work themselves. Very interestingly, however, empty Oil carrying ships from many Nations are all heading to the United States of America to LOAD UP with Oil. Thank you for your attention to this matter! President DONALD J. TRUMP","['hormuz', 'iran', 'oil']","['drone', 'drones', 'mines', 'navy', 'obliterated', 'strait']",1.0
dentro,116899176820572671,2026-07-11 03:18:00.685000+00:00,"1000 Missiles are Locked and Loaded and aimed at the Islamic Republic of Iran, with thousands of more to immediately follow, should the Iranian Government act on its threat, pronounced in many corners of the Globe, to assassinate, or attempt to assassinate, the sitting President of the United States of America, in this case, ME! Orders have already been given, and the U.S. Military is ready, willing, and able, for a one year period of time, subject to extension, to completely decimate and destroy all areas of Iran - PRAISE BE TO ALLAH! President DONALD J. TRUMP","['iran', 'iranian']","['destroy', 'military']",1.0
dentro,116263563453969628,2026-03-20 21:13:10.398000+00:00,"We are getting very close to meeting our objectives as we consider winding down our great Military efforts in the Middle East with respect to the Terrorist Regime of Iran: (1) Completely degrading Iranian Missile Capability, Launchers, and everything else pertaining to them. (2) Destroying Iran's Defense Industrial Base. (3) Eliminating their Navy and Air Force, including Anti Aircraft Weaponry. (4) Never allowing Iran to get even close to Nuclear Capability, and always being in a position where the U.S.A. can quickly and powerfully react to such a situation, should it take place. (5) Protecting, at the highest level, our Middle Eastern Allies, including Israel, Saudi Arabia, Qatar, the United Arab Emirates, Bahrain, Kuwait, and others. The Hormuz Strait will have to be guarded and policed, as necessary, by other Nations who use it — The United States does not! If asked, we will help these Countries in their Hormuz efforts, but it shouldn't be necessary once Iran's threat is eradicated. Importantly, it will be an easy Military Operation for them. Thank you for your attention to this matter! President DONALD J. TRUMP","['hormuz', 'iran', 'iranian', 'saudi']","['military', 'navy', 'nuclear', 'strait']",1.0
dentro,116438577686057718,2026-04-20 19:01:35.649000+00:00,"RT 'm winning a War, BY A LOT, things are going very well, our Military has been amazing and, if you read the Fake News, like The Failing New York Times, the absolutely horrendous and disgusting Wall Street Journal, or the now almost defunct, fortunately, Washington Post, you would actually think we are losing the War. The enemy is confused, because they get these same Media ""reports,"" and yet they realize their Navy has been completely wiped out, their Air Force has gone onto darker runways, they have no Anti Missile or Anti Airplane Equipment, their former leaders are mostly gone (This has been, in addition to everything else, Regime Change!), and perhaps, most important of all, THE BLOCKADE, which we will not take off until there is a ""DEAL,"" is absolutely destroying Iran. They are losing $500 Million Dollars a day, an unsustainable number, even in the short run. The Anti-America Fake News Media is rooting for Iran to win, but it's not going to happen, because I'm in charge! Just like these unpatriotic people used every ounce of their limited strength to fight me in the Election, they continue to do so with Iran. The result will be the same — It already is! President DONALD J. TRUMP",['iran'],"['blockade', 'military', 'navy', 'regime change']",1.0
dentro,116207821606085249,2026-03-11 00:57:17.299000+00:00,52% of US Likely Voters support Trump's decision to strike Iran: Poll: justthenews.com/politics-polic,['iran'],['strike'],1.0
dentro,116002095109616255,2026-02-02 16:58:20.085000+00:00,"It was an Honor to speak with Prime Minister Modi, of India, this morning. He is one of my greatest friends and, a Powerful and Respected Leader of his Country. We spoke about many things, including Trade, and ending the War with Russia and Ukraine. He agreed to stop buying Russian Oil, and to buy much more from the United States and, potentially, Venezuela. This will help END THE WAR in Ukraine, which is taking place right now, with thousands of people dying each and every week! Out of friendship and respect for Prime Minister Modi and, as per his request, effective immediately, we agreed to a Trade Deal between the United States and India, whereby the United States will charge a reduced Reciprocal Tariff, lowering it from 25% to 18%. They will likewise move forward to reduce their Tariffs and Non Tariff Barriers against the United States, to ZERO. The Prime Minister also committed to ""BUY AMERICAN,"" at a much higher level, in addition to over $500 BILLION DOLLARS of U.S. Energy, Technology, Agricultural, Coal, and many other products. Our amazing relationship with India will be even stronger going forward. Prime Minister Modi and I are two people that GET THINGS DONE, something that cannot be said for most. Thank you for your attention to this matter! PRESIDENT DONALD J. TRUMP","['oil', 'russia', 'russian', 'ukraine', 'venezuela']",['tariff'],1.0
dentro,116517438678419639,2026-05-04 17:16:58.896000+00:00,"Iran has taken some shots at unrelated Nations with respect to the Ship Movement, PROJECT FREEDOM, including a South Korean Cargo Ship. Perhaps it's time for South Korea to come and join the mission! We've shot down seven small Boats or, as they like to call them, “fast” Boats. It's all they have left. Other than the South Korean Ship, there has been, at this moment, no damage going through the Strait. Secretary of War Pete Hegseth and Chairman of the Joint Chiefs of Staff, Dan Caine, will have a News Conference tomorrow morning. Thank you for your attention to this matter! President DONALD J. TRUMP",['iran'],['strait'],1.0
dentro,114733380709403439,2025-06-23 15:27:34.672000+00:00,"Did I hear Former President Medvedev, from Russia, casually throwing around the ""N word"" (Nuclear!), and saying that he and other Countries would supply Nuclear Warheads to Iran? Did he really say that or, is it just a figment of my imagination? If he did say that, and, if confirmed, please let me know, IMMEDIATELY. The ""N word"" should not be treated so casually. I guess that's why Putin's ""THE BOSS."" By the way, if anyone thinks our ""hardware"" was great over the weekend, far and away the strongest and best equipment we have, 20 years advanced over the pack, is our Nuclear Submarines. They are the most powerful and lethal weapons ever built, and just launched the 30 Tomahawks — All 30 hit their mark perfectly. So, in addition to our Great Fighter Pilots, thank you to the Captain and Crew!","['iran', 'putin', 'russia']",['nuclear'],1.0
dentro,117116752164653735,2026-08-18 13:30:16.965000+00:00,"There are no talks or conversations going on, or scheduled, with the Islamic Republic of Iran. The Naval Blockade remains in full force and effect. The Hormuz Strait is open and operating. All water mines have been removed or detonated. Thank you for your attention to this matter! President DONALD J. TRUMP","['hormuz', 'iran']","['blockade', 'mines', 'naval', 'strait']",1.0
dentro,116058518017586892,2026-02-12 16:07:25.336000+00:00,"AG Pam Bondi, under intense fire from the Trump Deranged Radical Left Lunatics, was fantastic at yesterday's Hearing on the never ending saga of Jeffrey Epstein, where the one thing that has been proven conclusively, much to their chagrin, was that President Donald J. Trump has been 100% exonerated of their ridiculous Russia, Russia, Russia type charges. Actually, it is the SLIMEBALL Democrats, many of them big Donors and Politicians, that have been proven GUILTY! ""Republican"" Loser, Sanctimonious RINO Congressman, Thomas Massie, made a total fool of himself yesterday, fighting aimlessly against a hopeless agenda of Hate and Stupidity, as most clearly stated by his crashing Job Approval Numbers in the Great Commonwealth of Kentucky, where a Military Hero Opponent, Ed Gallrein, is crushing him in the Polls. He is now in ""Wacky"" Liz Cheney territory! Nobody cared about Epstein when he was alive, they only cared about him when they thought he could create Political Harm to a very popular President who has brought our Country back from the brink of extinction, and very quickly, at that! In fact, this attempt by the Democrats to take away attention from tremendous Republican SUCCESS is backfiring badly. Maybe they should focus on their quest to Open our Borders to the World's Greatest Criminals, have Transgender for Everybody or, get Men, no matter their size or strength, to play in Women's Sports. Thank you for your attention to this matter! PRESIDENT DONALD J. TRUMP",['russia'],['military'],0.0
dentro,114471750357100883,2025-05-08 10:31:32.314000+00:00,"""Too Late"" Jerome Powell is a FOOL, who doesn't have a clue. Other than that, I like him very much! Oil and Energy way down, almost all costs (groceries and ""eggs"") down, virtually NO INFLATION, Tariff Money Pouring Into the U.S. — THE EXACT OPPOSITE OF ""TOO LATE!"" ENJOY!",['oil'],['tariff'],1.0
dentro,116386223863837276,2026-04-11 13:07:19.719000+00:00,"RT Fake News Media has lost total credibility, not that they had any to begin with. Because of their massive Trump Derangement Syndrome (Sometimes referred to as TDS!), they love saying that Iran is ""winning"" when, in fact, everyone knows that they are LOSING, and LOSING BIG! Their Navy is gone, their Air Force is gone, their Anti Aircraft apparatus is nonexistent, Radar is dead, their Missile and Drone Factories have been largely obliterated along with the Missiles and Drones themselves and, most importantly, their longtime ""Leaders"" are no longer with us, praise be to Allah! The only thing they have going is the threat that a ship may ""bunk"" into one of their sea mines which, by the way, all 28 of their mine dropper boats are also lying at the bottom of the sea. We're now starting the process of clearing out the Strait of Hormuz as a favor to Countries all over the World, including China, Japan, South Korea, France, Germany, and many others. Incredibly, they don't have the Courage or Will to do this work themselves. Very interestingly, however, empty Oil carrying ships from many Nations are all heading to the United States of America to LOAD UP with Oil. Thank you for your attention to this matter! President DONALD J. TRUMP","['hormuz', 'iran', 'oil']","['drone', 'drones', 'mines', 'navy', 'obliterated', 'strait']",1.0
dentro,116187586876366061,2026-03-07 11:11:19.827000+00:00,"Iran, which is being beat to HELL, has apologized and surrendered to its Middle East neighbors, and promised that it will not shoot at them anymore. This promise was only made because of the relentless U.S. and Israeli attack. They were looking to take over and rule the Middle East. It is the first time that Iran has ever lost, in thousands of years, to surrounding Middle Eastern Countries. They have said, ""Thank you President Trump."" I have said, ""You're welcome!"" Iran is no longer the ""Bully of the Middle East,"" they are, instead, ""THE LOSER OF THE MIDDLE EAST,"" and will be for many decades until they surrender or, more likely, completely collapse! Today Iran will be hit very hard! Under serious consideration for complete destruction and certain death, because of Iran's bad behavior, are areas and groups of people that were not considered for targeting up until this moment in time. Thank you for your attention to this matter! President DONALD J. TRUMP",['iran'],['attack'],1.0
dentro,116756674797972374,2026-06-15 23:17:52.381000+00:00,"Iran has agreed to never have a Nuclear Weapon! Also, the story that the U.S. is paying Iran 300 million Dollars is Fake News, put out by the Dumocrats!!! President DJT",['iran'],['nuclear'],1.0
confine,115526107177904576,2025-11-10 15:28:20.639000+00:00,"All Air Traffic Controllers must get back to work, NOW!!! Anyone who doesn't will be substantially ""docked."" For those Air Traffic Controllers who who were GREAT PATRIOTS, and didn't take ANY TIME OFF for the ""Democrat Shutdown Hoax,"" I will be recommending a BONUS of $10,000 per person for distinguished service to our Country. For those that did nothing but complain, and took time off, even though everyone knew they would be paid, IN FULL, shortly into the future, I am NOT HAPPY WITH YOU. You didn't step up to help the U.S.A. against the FAKE DEMOCRAT ATTACK that was only meant to hurt our Country. You will have a negative mark, at least in my mind, against your record. If you want to leave service in the near future, please do not hesitate to do so, with NO payment or severance of any kind! You will be quickly replaced by true Patriots, who will do a better job on the Brand New State of the Art Equipment, the best in the World, that we are in the process of ordering. The last ""Administration"" wasted Billions of Dollars trying to fix antiquated ""junk."" They had no idea what they were doing! Again, to our great American Patriots, GOD BLESS YOU - I won't be able to send your money fast enough! To all others, REPORT TO WORK IMMEDIATELY. GOD BLESS AMERICA! PRESIDENT DONALD J. TRUMP",[],['attack'],0
confine,116769781426549874,2026-06-18 06:51:03.661000+00:00,"The Ballroom is coming along fantastically well. It's on time, and under budget (Unlike the Federal Reserve Building, where ""Too Late"" has done a terrible job of Cost and Time Control!), and at a much higher quality than I ever promised, including the DronePort, and ALL of the other many Military elements, which are all vital for National Security, that are being built throughout the whole integrated, cohesive Project. It is desperately needed, and will be very special! The woman that sued me has absolutely no STANDING to do so. This should not even be a case, and it is highly damaging to our Country. She is highly litigious, a serial plaintiff, and said she was bothered in her walking by the White House, but didn't state her involvement in numerous places around D.C. Why then is she involved in litigation on other Developments in far distant parts of D.C. Is she walking there, too? How is she walking on a totally closed street at the Treasury Building — Nobody is allowed to walk there? She never saw a Building, because there is no Building there. President DONALD J. TRUMP",[],['military'],0
confine,115612027228424815,2025-11-25 19:38:56.566000+00:00,"It looks like the Indiana Senate Republicans will be coming back in two weeks to take up Redistricting, a very important initiative to balance out the Democrats' endless ""Sue to Blue"" and Census rigging strategy that has stolen seats from Republicans, and given them to Democrats who would not have them if they played fairly. Radical Left Democrats have rigged the game for a long time — Remember, until the GREAT Speaker Newt Gingrich, Democrats controlled the House for 40 YEARS in a row, and now, Republicans must fight back for the American People who want and need the Massive Tax and Regulation Cuts, Lower Prices, Strong Borders, Powerful Military, and Safe Cities that Republicans are delivering, and Democrats are fighting against every step of the way. Democrats, if they steal power back, will again give us the Highest Ever Inflation, Sky High Prices, Open Borders, Transgender for Everybody, DEI, and unlimited Violent Crime that they caused and allowed until we came back into Office this year. Republicans must do what is necessary to stop the destruction of our Country by these people who hate America, and are so ungrateful for the opportunities our Nation has given them. Our Country and Democracy is special, and we must do everything we possibly can to defend it from the Far Left infiltrators who want to destroy it. I am glad to hear the Indiana House is stepping up to do the right thing, and I hope the Senate finds the Votes. If they do, I will make sure that all of those people supporting me win their Primaries, and go on to Greatness but, if they don't, I will partner with the incredibly powerful MAGA Grassroots Republicans to elect STRONG Republicans who are ready to do what is needed to protect our Country and, MAKE AMERICA GREAT AGAIN!",[],"['destroy', 'military']",0.0
confine,114745136248099636,2025-06-25 17:17:09.957000+00:00,"Israel just stated that the Nuclear Sites were OBLITERATED! Thank you to our great B-2 pilots, and all others involved!",[],"['nuclear', 'obliterated']",1.0
confine,114259534733735170,2025-03-31 23:02:18.881000+00:00,"""French shipping magnate Rodolphe Saadé pledges $20bn US expansion in nod to Donald Trump"" ft.com/content/0a9aa553-6f15-4",[],['shipping'],0
confine,115652356733049190,2025-12-02 22:35:15.970000+00:00,"We had a very productive call with President Lula of Brazil. Among the things discussed were Trade, how our Countries could work together to stop Organized Crime, Sanctions imposed on various Brazilian dignitaries, Tariffs, and various other items. President Lula and I established a relationship at a meeting which took place at the United Nations, and I believe it set the stage for very good dialogue and agreement long into the future. I look forward to seeing and speaking with him soon. Much good will come out of this newly formed partnership!",[],['sanctions'],0
confine,114779394158777330,2025-07-01 18:29:24.190000+00:00,"Almost all of our Great Republicans in the United States Senate have passed our ""ONE, BIG, BEAUTIFUL BILL."" It is no longer a ""House Bill"" or a ""Senate Bill"". It is everyone's Bill. There is so much to be proud of, and EVERYONE got a major Policy WIN — But, the Biggest Winner of them all will be the American People, who will have Permanently Lower Taxes, Higher Wages and Take Home Pay, Secure Borders, and a Stronger and More Powerful Military. Additionally, Medicaid, Medicare, and Social Security Benefits are not being cut, but are being STRENGTHENED and PROTECTED from the Radical and Destructive Democrats by eliminating Waste, Fraud, and Abuse from those Programs. We can have all of this right now, but only if the House GOP UNITES, ignores its occasional ""GRANDSTANDERS"" (You know who you are!), and does the right thing, which is sending this Bill to my desk. We are on schedule — Let's keep it going, and be done before you and your family go on a July 4thvacation. The American People need and deserve it. They sent us here to, GET IT DONE! Our Country is going to explode with Massive Growth, even more than it already has since I was Re-Elected. Between the Growth, this Bill, our Tariffs, and more, ""THE ONE, BIG, BEAUTIFUL BILL"" sets the United States down a fiscal path by greatly reducing our Federal Deficit, and setting us on course for enormous Prosperity in the new and wonderful Golden Age of America. To my GOP friends in the House: Stay UNITED, have fun, and Vote ""YAY."" GOD BLESS YOU ALL!",[],['military'],0.0
confine,116423281657895037,2026-04-18 02:11:36.781000+00:00,Trump touts ‘historic' $300B Texas refinery as first new US plant in nearly 50 years: foxbusiness.com/energy/trump-t,[],['refinery'],0
confine,116201913738494775,2026-03-09 23:54:50.394000+00:00,Nolte: Cassidy 'Trump Attacked Secret Service Agent' Hutchinson Referred for Criminal Charges: breitbart.com/politics/2026/03,[],['attacked'],0
confine,114942005076829557,2025-07-30 11:43:29.888000+00:00,"THE AUGUST FIRST DEADLINE IS THE AUGUST FIRST DEADLINE — IT STANDS STRONG, AND WILL NOT BE EXTENDED. A BIG DAY FOR AMERICA!!!",[],['deadline'],1
confine,115483103242712538,2025-11-03 01:11:52.663000+00:00,"RT just spoke to President Trump, and we agree — the relationship between the United States and China has never been better. Following President Trump's historic meeting with Chairman Xi in South Korea, I had an equally positive meeting with my counterpart, China's Minister of National Defense Admiral Dong Jun in Malaysia. And we spoke again last night. The Admiral and I agree that peace, stability, and good relations are the best path for our two great and strong countries. As President Trump said, his historic ""G2 meeting"" set the tone for everlasting peace and success for the U.S. and China. The Department of War will do the same — peace through strength, mutual respect, and positive relations. Admiral Dong and I also agreed that we should set up military-to-military channels to deconflict and deescalate any problems that arise. We have more meetings on that coming soon. God bless both China and the USA!",[],['military'],0.0
confine,116868292534134605,2026-07-05 16:23:43.872000+00:00,"From Shou Chew, CEO of TikTok: “Attached are the latest numbers of the President on TikTok. All time views of #Trump TikToks are now at 425 billion. Also, 1 billion new views across UFC 250, Trump's Iran Peace Deal and “Happy Birthday, Mr. President"" TikToks in just 48 hours! Wishing the President a belated happy birthday!”",['iran'],[],0
confine,116760662558632411,2026-06-16 16:12:00.779000+00:00,"FBI stopped alleged terror plot to attack UFC 250 event with drones and snipers, officials said: justthenews.com/government/sec",[],"['attack', 'drones']",0
confine,116665965710026985,2026-05-30 22:49:21.542000+00:00,"RT Reflecting Pool, built between The Lincoln Memorial and The Washington Monument, which was destroyed by Barack Hussein Obama and Sleepy Joe Biden after spending Hundreds of Millions of Dollars trying to fix it (It only got worse!), is moving along nicely, and we should easily make the July 4th date. It will be SPECTACULAR, and good, without leaks, for 100 years, at a fraction of the cost! President DONALD J. TRUMP",[],['destroyed'],0
confine,116297841162983424,2026-03-26 22:30:26.730000+00:00,"The Radical Left Democrats, and their ""Leader,"" Cryin' Chuck Schumer, have made it very clear where they stand, and that is, ON THE SIDE OF CRIMINAL ILLEGAL ALIENS, AND NOT THE AMERICAN PEOPLE. They are refusing to fund Immigration Enforcement unless the Republicans agree to their Open Border Policies, which will never, ever happen again. They almost destroyed our Country, allowing 25 Million People to enter from Prisons, Mental Institutions, and Insane Asylums, those that are Drug Dealers, and thousands of Murderers, many of whom killed more than one person. Because the Democrats have recklessly created a true National Crisis, I am using my authorities under the Law to protect our Great Country, as I always will do! Therefore, I am going to sign an Order instructing the Secretary of Homeland Security, Markwayne Mullin, to immediately pay our TSA Agents in order to address this Emergency Situation, and to quickly stop the Democrat Chaos at the Airports. It is not an easy thing to do, but I am going to do it! I want to thank our hardworking TSA Agents and also, ICE, for the incredible help they have given us at the Airports. I will not allow the Radical Left Democrats to hold our Country hostage any longer. Thank you for your attention to this matter! President DONALD J. TRUMP",[],['destroyed'],0
confine,116184185735585906,2026-03-06 20:46:22.537000+00:00,"We just concluded a very good meeting with the largest U.S. Defense Manufacturing Companies where we discussed Production and Production Schedules. They have agreed to quadruple Production of the ""Exquisite Class"" Weaponry in that we want to reach, as rapidly as possible, the highest levels of quantity. Expansion began three months prior to the meeting, and Plants and Production of many of these Weapons are already under way. We have a virtually unlimited supply of Medium and Upper Medium Grade Munitions, which we are using, as an example, in Iran, and recently used in Venezuela. Regardless, however, we have also increased Orders at these levels. The Companies represented were the CEOs of BAE Systems, Boeing, Honeywell Aerospace, L3Harris Missile Solutions, Lockheed Martin, Northrop Grumman, and Raytheon. The meeting concluded with another meeting scheduled in two months. States all over the Country are bidding for these new Plants. Thank you for your attention to this matter! President DONALD J. TRUMP","['iran', 'venezuela']",[],0
confine,114960298523087379,2025-08-02 17:15:45.725000+00:00,"""NEW BOMBSHELLS IN THE RUSSIA COLLUSION HOAX""",['russia'],[],0
confine,115943220561708200,2026-01-23 07:25:45.778000+00:00,"RT Newscum, as a ""Lame Duck"" Governor of a Failing State, should not be at Davos running around screaming for the attention of Foreign Leaders, and embarrassing our Country. He made a mockery of himself, and everybody, including his staff, knows it! He should get the permits so that people can build their homes destroyed by the fire that he could have prevented if he would have allowed water to flow from the Pacific Northwest. He should finish his monstrously ""overbudget and behind schedule"" Railroad, from San Francisco to L.A., one of the Greatest Public Disasters in History, and focus on stopping Crime in the streets of California Cities — Then finish out his term, and GO HOME! With a record like he's got, the ruination of one of the most beautiful places on Earth, where people are leaving in droves, it is unimaginable that he could run for President but, who knows, it's a very strange World!",[],"['destroyed', 'to flow']",0.0
confine,115499354921504983,2025-11-05 22:04:53.602000+00:00,"Christianity is facing an existential threat in Nigeria. The United States cannot stand by while such atrocities are happening there, and in numerous other Countries. We stand ready, willing, and able to save our Great Christian Population around the World! Video:",['nigeria'],[],0
confine,117025644223308461,2026-08-02 11:20:20.106000+00:00,Trump administration creating 'incubators' to develop new tech to counter drone terror attacks:,[],['drone'],0
confine,115124030766596526,2025-08-31 15:15:01.492000+00:00,"Can you imagine being so stupid as to destroy one of the best areas in the United States by building Low Income Housing there? The people must be having a ""fit."" thecentersquare.com/california Newsom unveils $101M to build Palisades low-income housing (The Center Square) — Six months after the devastating Palisades and Eaton fires, California Gov. Gavin Newsom unveiled $101 million in funding Tuesday for ""multifamily low-income housing development""…",[],['destroy'],0.00
confine,116001981271406695,2026-02-02 16:29:23.052000+00:00,"Trump has been 'very clear' in message to Iran, State Department spokesperson says: foxnews.com/video/638865427511",['iran'],[],0
confine,116449851372799866,2026-04-22 18:48:38.457000+00:00,Producer Behind BBC's Donald Trump Film Was Kept In Dark About Editing Error: deadline.com/2025/11/bbc-donal,[],['deadline'],0
confine,115567457865630938,2025-11-17 22:44:22.061000+00:00,"Congratulations to the World on the incredible Vote of the United Nations Security Council, just moments ago, acknowledging and endorsing the BOARD OF PEACE, which will be chaired by me, and include the most powerful and respected Leaders throughout the World. This will go down as one of the biggest approvals in the History of the United Nations, will lead to further Peace all over the World, and is a moment of true Historic proportion! Thank you to the United Nations, and all of the Countries on the U.N. Security Council, China, Russia, France, The United Kingdom, Algeria, Denmark, Greece, Guyana, South Korea, Pakistan, Panama, Sierra Leone, Slovenia, and Somalia. Also thank you to those Countries that weren't on this Committee, but strongly backed the effort, including Qatar, Egypt, United Arab Emirates, The Kingdom of Saudi Arabia, Indonesia, Turkiye, and Jordan. The members of the Board, and many more exciting announcements, will be made in the coming weeks.","['russia', 'saudi']",[],0
confine,116601944483216097,2026-05-19 15:27:55.146000+00:00,"RT Congressman Tom Massie voted against Tax Cuts, the Border Wall, our Military and Law Enforcement. Actually, he voted against almost everything that is good. The Worst Republican Congressman in History. Kentucky, vote the bum out on Tuesday. We can't live with this troublemaker for another two years. He is a true negative force!!! President DJT",[],['military'],0
confine,114563539540146112,2025-05-24 15:34:44.096000+00:00,"As you receive your commissions as Second Lieutenants, each of you continues down the same hallowed path walked by the titans and legends of U.S. Military lore…",[],['military'],0
confine,114332337028519855,2025-04-13 19:36:53.740000+00:00,"NOBODY is getting ""off the hook"" for the unfair Trade Balances, and Non Monetary Tariff Barriers, that other Countries have used against us, especially not China which, by far, treats us the worst! There was no Tariff ""exception"" announced on Friday. These products are subject to the existing 20% Fentanyl Tariffs, and they are just moving to a different Tariff ""bucket."" The Fake News knows this, but refuses to report it. We are taking a look at Semiconductors and the WHOLE ELECTRONICS SUPPLY CHAIN in the upcoming National Security Tariff Investigations. What has been exposed is that we need to make products in the United States, and that we will not be held hostage by other Countries, especially hostile trading Nations like China, which will do everything within its power to disrespect the American People. We also cannot let them continue to abuse us on Trade, like they have for decades, THOSE DAYS ARE OVER! The Golden Age of America, which includes the upcoming Tax and Regulation Cuts, a substantial amount of which was just approved by the House and Senate, will mean more and better paying Jobs, making products in our Nation, and treating other Countries, in particular China, the same way they have treated us. The bottom line is that our Country will be bigger, better, and stronger than ever before. We will, MAKE AMERICA GREAT AGAIN!",[],['tariff'],0
confine,117122655030789696,2026-08-19 14:31:27.554000+00:00,"The most gratifying loss last night was that of a real treasonous creep, Alexander Vindman, to a Radical Left Lunatic, who can't speak or think properly, and who will go down to certain defeat at the hands of Ashley Moody, a truly Fantastic Senator, from the Great State Florida. Vindman, if you remember, was the one who lied about my ""Perfect Call"" with President Zelenskyy of Ukraine, only to find out that the conversation was routinely recorded and proved that I was 100% in the right (Completely Innocent!). It was, indeed, a Perfect Call, and the Dumocrats Fake Impeachment effort massively failed. Vindman should be prosecuted for what he did! President Donald J. TRUMP","['ukraine', 'zelenskyy']",[],0
confine,114098529870362771,2025-03-03 12:36:39.633000+00:00,"The only President who gave none of Ukraine's land to Putin's Russia is President Donald J. Trump. Remember that when the weak and ineffective Democrat's criticize, and the Fake News gladly puts out anything they say!","['putin', 'russia', 'ukraine']",[],0.0
confine,114072703621092444,2025-02-26 23:08:42.343000+00:00,"Wayne Gretzky is a fantastic guy! They call him, ""The Great One,"" and he is. He could run for any political office in Canada, and win. Wayne is my friend, and he wants to make me happy, and is therefore somewhat ""low key"" about Canada remaining a separate Country, rather than becoming a cherished and beautiful 51st State, paying much Lower Taxes, a Free and Powerful Military, NO TARIFFS, and having a Booming Economy. Wayne and Janet, his wonderful wife, love Canada, and they should only support Canada, and whatever else makes the Canadian People, and Governor Justin Trudeau, happy. He's the Greatest Canadian of them all, and I am therefore making him a ""free agent,"" because I don't want anyone in Canada to say anything bad about him. He supports Canada the way it is, as he should, even though it's not nearly as good as it could be as part of the Greatest and Most Powerful Country in the World, the Good Ole' U.S.A.!",[],['military'],0.0
confine,114140367932686103,2025-03-10 21:56:37.800000+00:00,"“Donald Trump attends Daytona 500 with loud cheers, says NASCAR will 'fuel America's golden age'”",['fuel'],[],0
confine,116466283877725023,2026-04-25 16:27:38.583000+00:00,"I just cancelled the trip of my representatives going is Islamabad, Pakistan, to meet with the Iranians. Too much time wasted on traveling, too much work! Besides which, there is tremendous infighting and confusion within their ""leadership."" Nobody knows who is in charge, including them. Also, we have all the cards, they have none! If they want to talk, all they have to do is call!!! President DONALD J. TRUMP",['iranians'],[],0
confine,115491996994152487,2025-11-04 14:53:40.540000+00:00,"If affordability is you issue, VOTE REPUBLICAN! Energy costs, as and example, are plummeting - Getting close to 2 Dollar a gallon gasoline. When energy goes down, everything else follows, and it has!!! President DJT",['gasoline'],[],0.0
confine,117225659119998401,2026-09-06 19:06:45.224000+00:00,"Last week at the White House Ballroom/Military Complex. It will be the finest of its kind, anywhere in the World! President DONALD J. TRUMP",[],['military'],0
confine,117290107011309524,2026-09-18 04:16:42.003000+00:00,"Very interesting. A must read! Keep on leaking you dirty dogs! When we find you, you will pay a big price!!! President DJTWhat the disloyal leaks about Iran prove about Trump:",['iran'],[],0.0
confine,113693359542059043,2024-12-21 23:16:31.059000+00:00,"The Panama Canal is considered a VITAL National Asset for the United States, due to its critical role to America's Economy and National Security. A secure Panama Canal is crucial for U.S. Commerce, and rapid deployment of the Navy, from the Atlantic to the Pacific, and drastically cuts shipping times to U.S. ports. The United States is the Number One user of the Canal, with over 70 percent of all transits heading to, or from, U.S. ports. Considered one of the Wonders of the Modern World, the Panama Canal opened for business 110 years ago, and was built at HUGE cost to the United States in lives and treasure - 38,000 American men died from infected mosquitos in the jungles during construction. Teddy Roosevelt was President of the United States at the time of its building, and understood the strength of Naval Power and Trade. When President Jimmy Carter foolishly gave it away, for One Dollar, during his term in Office, it was solely for Panama to manage, not China, or anyone else. It was likewise not given for Panama to charge the United States, its Navy, and corporations, doing business within our Country, exorbitant prices and rates of passage. Our Navy and Commerce have been treated in a very unfair and injudicious way. The fees being charged by Panama are ridiculous, especially knowing the extraordinary generosity that has been bestowed to Panama by the U.S. This complete ""rip-off"" of our Country will immediately stop….",[],"['naval', 'navy', 'ports', 'shipping']",1.0
confine,114744949125614209,2025-06-25 16:29:34.695000+00:00,"We just caught the Failing New York Times, working with Fake News CNN, cheating again! They tried to demean the great work our B-2 pilots did, and they were wrong in doing so. These reporters are just BAD AND SICK PEOPLE. You would think they would be proud of the great success we had, instead of trying to always make our Country look bad. TOTAL OBLITERATION!",[],['obliteration'],0.0
confine,114141631976318293,2025-03-11 03:18:05.576000+00:00,"Despite the fact that Canada is charging the USA from 250% to 390% Tariffs on many of our farm products, Ontario just announced a 25% surcharge on ""electricity,"" of all things, and your not even allowed to do that. Because our Tariffs are reciprocal, we'll just get it all back on April 2. Canada is a Tariff abuser, and always has been, but the United States is not going to be subsidizing Canada any longer. We don't need your Cars, we don't need your Lumber, we don't your Energy, and very soon, you will find that out. MAKE AMERICA GREAT AGAIN!!!",[],['tariff'],0
confine,114490093180275292,2025-05-11 16:16:21.583000+00:00,"President Putin of Russia doesn't want to have a Cease Fire Agreement with Ukraine, but rather wants to meet on Thursday, in Turkey, to negotiate a possible end to the BLOODBATH. Ukraine should agree to this, IMMEDIATELY. At least they will be able to determine whether or not a deal is possible, and if it is not, European leaders, and the U.S., will know where everything stands, and can proceed accordingly! I'm starting to doubt that Ukraine will make a deal with Putin, who's too busy celebrating the Victory of World War ll, which could not have been won (not even close!) without the United States of America. HAVE THE MEETING, NOW!!!","['putin', 'russia', 'ukraine']",[],1.0
confine,116664404638689204,2026-05-30 16:12:21.483000+00:00,"The Reflecting Pool, built between The Lincoln Memorial and The Washington Monument, which was destroyed by Barack Hussein Obama and Sleepy Joe Biden after spending Hundreds of Millions of Dollars trying to fix it (It only got worse!), is moving along nicely, and we should easily make the July 4th date. It will be SPECTACULAR, and good, without leaks, for 100 years, at a fraction of the cost! President DONALD J. TRUMP",[],['destroyed'],0
confine,116552084797839159,2026-05-10 20:07:56.724000+00:00,"The Sleazebag, Radical Left Congressman from the failed State of California, Ro Khanna, should not be allowed on FoxNews unless you have an “anchor” who is capable of disputing his lies, one after another, and closing down his FAKE (Bullshit!) narrative. He is similar, but worse than Hakeem Jeffries, only with a somewhat higher IQ. This morning he tried, on behalf of the Dumacrats, to take credit for the Steel Industry pouring back into the U.S., knowing full well that the Dumbs virtually destroyed it, and I SAVED IT, through strong Tariffs (PLUS!). Our Country was DEAD during the last “Administration,” and now it is hotter than ever before. We can't allow the Dumacrats to take credit for this. If elected, they will fully destroy our thriving, and now very respected, Nation. I will NOT let that happen!!! President DONALD J. TRUMP",[],"['destroy', 'destroyed']",0.0
confine,116366146721038653,2026-04-08 00:01:26.832000+00:00,"The alleged Statement put out by CNN World News is a FRAUD, as CNN well knows. The false Statement was linked to a Fake News site (from Nigeria) and, of course, immediately picked up by CNN, and blared out as a ""legitimate"" headline. The Official Statement by Iran was just released, and posted on TRUTH, below. Authorities are looking to determine whether or not a crime was committed on the issuance of the Fake CNN World Statement, or was it a sick rogue player? CNN is being ordered to immediately withdraw this Statement with full apologies for their, as usual, terrible ""reporting."" Results of the investigation will be announced in the near future. President DONALD J. TRUMP","['iran', 'nigeria']",[],0.0
confine,116267892671497457,2026-03-21 15:34:09.015000+00:00,"If the Radical Left Democrats don't immediately sign an agreement to let our Country, in particular, our Airports, be FREE and SAFE again, I will move our brilliant and patriotic ICE Agents to the Airports where they will do Security like no one has ever seen before, including the immediate arrest of all Illegal Immigrants who have come into our Country, with heavy emphasis on those from Somalia, who have totally destroyed, with the approval of a corrupt Governor, Attorney General, and Congresswoman, Ilhan Omar, the once Great State of Minnesota. I look forward to seeing ICE in action at our Airports. MAKE AMERICA GREAT AGAIN! President DONALD J. TRUMP",[],['destroyed'],0
confine,114745403809459125,2025-06-25 18:25:12.619000+00:00,"Natasha Bertrand should be FIRED from CNN! I watched her for three days doing Fake News. She should be IMMEDIATELY reprimanded, and then thrown out ""like a dog."" She lied on the Laptop from Hell Story, and now she lied on the Nuclear Sites Story, attempting to destroy our Patriot Pilots by making them look bad when, in fact, they did a GREAT job and hit ""pay dirt"" — TOTAL OBLITERATION! She should not be allowed to work at Fake News CNN. It's people like her who destroyed the reputation of a once great Network. Her slant was so obviously negative, besides, she doesn't have what it takes to be an on camera correspondent, not even close. FIRE NATASHA!",[],"['destroy', 'destroyed', 'nuclear', 'obliteration']",0.0
confine,115863379883214601,2026-01-09 05:01:13.706000+00:00,"Over million people rally: Iran’s 2nd largest city under protesters’ control, regime forces leave: youtube.com/watch?v=eDpP53YMys",['iran'],[],0.0
confine,116466723361470977,2026-04-25 18:19:24.573000+00:00,"I just cancelled the trip of my representatives going to Islamabad, Pakistan, to meet with the Iranians. Too much time wasted on traveling, too much work! Besides which, there is tremendous infighting and confusion within their “leadership.” Nobody knows who is in charge, including them. Also, we have all the cards, they have none! If they want to talk, all they have to do is call!!! President DONALD J. TRUMP",['iranians'],[],0
confine,115455747368897621,2025-10-29 05:14:55.155000+00:00,"RT , at the direction of President Trump, the Department of War carried out three lethal kinetic strikes on four vessels operated by Designated Terrorist Organizations (DTO) trafficking narcotics in the Eastern Pacific. The four vessels were known by our intelligence apparatus, transiting along known narco-trafficking routes, and carrying narcotics.Eight male narco-terrorists were aboard the vessels during the first strike. Four male narco-terrorists were aboard the vessel during the second strike. Three male narco-terrorists were aboard the vessel during the third strike. A total of 14 narco-terrorists were killed during the three strikes, with one survivor. All strikes were in international waters with no U.S. forces harmed.Regarding the survivor, USSOUTHCOM immediately initiated Search and Rescue (SAR) standard protocols; Mexican SAR authorities accepted the case and assumed responsibility for coordinating the rescue.The Department has spent over TWO DECADES defending other homelands. Now, we're defending our own. These narco-terrorists have killed more Americans than Al-Qaeda, and they will be treated the same. We will track them, we will network them, and then, we will hunt and kill them.",[],"['strike', 'strikes', 'vessel', 'vessels']",0.0
confine,116420395293904982,2026-04-17 13:57:34.362000+00:00,"The U.S.A. will get all Nuclear ""Dust,"" created by our great B2 Bombers - No money will exchange hands in any way, shape, or form. This deal is in no way subject to Lebanon, either, but the USA will, separately, work with Lebanon, and deal with the Hezboolah situation in an appropriate manner. Israel will not be bombing Lebanon any longer. They are PROHIBITED from doing so by the U.S.A. Enough is enough!!! Thank you! President DJT",[],"['bombers', 'nuclear']",0
confine,117139411859970862,2026-08-22 13:32:56.476000+00:00,"Tremendous work has been done on the magnificent BALLROOM/MILITARY COMPLEX being built on the grounds of the White House! Presidents have wanted this for 150 years, and so has everyone else. It will give the White House, and all of D.C., Great National Security. The Project is under budget, and ahead of schedule! The Ballroom will be paid for with ZERO Dollars of Taxpayer Money. Great American Patriots and Companies are footing the entire bill. President DONALD J. TRUMP",[],['military'],0
confine,116971555718513784,2026-07-23 22:04:55.021000+00:00,"Please let this statement serve to represent, until further notice, that from this point forth, any and all damages done to Ships, Cargo, or anything related thereto, will be paid for by Iranian Money that the United States has in its possession, and controls. These damages may be very substantial but, nevertheless, this is the fair and equitable thing to do. Thank you for your attention to this matter! President DONALD J. TRUMP",['iranian'],[],0
