group,post_id,timestamp_utc,text,actors_found,mechanisms_found,label
inside,116245182325726375,2026-03-17 15:18:36.640000+00:00,"The United States has been informed by most of our NATO ""Allies"" that they don't want to get involved with our Military Operation against the Terrorist Regime of Iran, in the Middle East, this, despite the fact that almost every Country strongly agreed with what we are doing, and that Iran cannot, in any way, shape, or form, be allowed to have a Nuclear Weapon. I am not surprised by their action, however, because I always considered NATO, where we spend Hundreds of Billions of Dollars per year protecting these same Countries, to be a one way street — We will protect them, but they will do nothing for us, in particular, in a time of need. Fortunately, we have decimated Iran's Military — Their Navy is gone, their Air Force is gone, their Anti-Aircraft and Radar is gone and perhaps, most importantly, their Leaders, at virtually every level, are gone, never to threaten us, our Middle Eastern Allies, or the World, again! Because of the fact that we have had such Military Success, we no longer ""need,"" or desire, the NATO Countries' assistance — WE NEVER DID! Likewise, Japan, Australia, or South Korea. In fact, speaking as President of the United States of America, by far the Most Powerful Country Anywhere in the World, WE DO NOT NEED THE HELP OF ANYONE! Thank you for your attention to this matter. President DONALD J. TRUMP",['iran'],"['military', 'navy', 'nuclear']",1.0
inside,116959718559155454,2026-07-21 19:54:34.303000+00:00,"RT War: 20 years, 2,000 DEAD.Iraq War: 9 years, 4,600 DEAD.Vietnam War: 19 years and 5 months, 58,220 DEAD.Korean War: 3 years and 1 month, 36,574 DEAD.Venezuela War: 1 day, 0 DEAD.Iran Military Conflict: 4 months, 18 DEAD.","['iran', 'venezuela']",['military'],0
inside,116445317344745621,2026-04-21 23:35:34.679000+00:00,"THE WALL STREET JOURNAL HAS LOST ITS WAY! An IDIOT on The Wall Street Journal's Editorial Board, named Elliot Kaufman, just wrote an Op Ed entitled, ""The Iranians Take Trump for a Sucker."" Really? For 47 years, they have killed our people, and many others, and taken advantage of every President, except me — And what did I give to them, a Country in tatters! Their entire Navy is at the bottom of the Sea, their Air Force is gone, their Anti Aircraft and Radar is wiped out, their Nuclear Labs and Storage Areas were OBLITERATED late one dark June evening by our Great B-2 Bombers, their leaders are DEAD, including General Soleimani, their evil genius who destroyed the lives of so many with his favored roadside bombs, the Strait of Hormuz is BLOCKADED and totally controlled by the U.S., with no Ships allowed to go to Iranian Ports — It is said that they are losing 500 Million Dollars a day because of this — Their Country is an Economic Catastrophe, that is hanging by a thread. Barack Hussein Obama gave them 1.7 Billion Dollars in ""Green"" Cash, flown in by a Boeing 757 to their leaders, and Hundreds of Billions of Dollars in order to help them on their way to a Nuclear Bomb. Other Presidents did nothing to stop them, a BLIGHT on the Office of the Presidency! But despite all of this, I have a MORON on the Editorial Board of The Wall Street Journal writing about me being taken for a ""sucker."" Iran certainly doesn't think so! Neither does anyone else. I guess Rupert Murdoch told him to write it this way, because The Wall Street Journal has lost its way, no longer required reading, just another failing political ""RAG!"" President DONALD J. TRUMP","['hormuz', 'iran', 'iranian', 'iranians']","['bombers', 'destroyed', 'navy', 'nuclear', 'obliterated', 'ports', 'strait']",1
inside,116229166794959253,2026-03-14 19:25:39.034000+00:00,McLaughlin: Strong Majority Backs Trump in Stopping Iran's Nuclear Ambitions: newsmax.com/mclaughlin/cable-n,['iran'],['nuclear'],0.0
inside,116206683370194686,2026-03-10 20:07:49.198000+00:00,"If Iran has put out any mines in the Hormuz Strait, and we have no reports of them doing so, we want them removed, IMMEDIATELY! If for any reason mines were placed, and they are not removed forthwith, the Military consequences to Iran will be at a level never seen before. If, on the other hand, they remove what may have been placed, it will be a giant step in the right direction! Additionally, we are using the same Technology and Missile capabilities deployed against Drug Traffickers to permanently eliminate any boat or ship attempting to mine the Hormuz Strait. They will be dealt with quickly and violently. BEWARE! President DONALD J. TRUMP","['hormuz', 'iran']","['military', 'mine', 'mines', 'strait']",1.0
inside,116527444859592032,2026-05-06 11:41:41.104000+00:00,"Assuming Iran agrees to give what has been agreed to, which is, perhaps, a big assumption, the already legendary Epic Fury will be at an end, and the highly effective Blockade will allow the Hormuz Strait to be OPEN TO ALL, including Iran. If they don't agree, the bombing starts, and it will be, sadly, at a much higher level and intensity than it was before. Thank you for your attention to this matter! President DONALD J. TRUMP","['hormuz', 'iran']","['blockade', 'strait']",1.0
inside,114738128058193093,2025-06-24 11:34:53.466000+00:00,IRAN WILL NEVER REBUILD THEIR NUCLEAR FACILITIES!,['iran'],['nuclear'],1.0
inside,115926047595803521,2026-01-20 06:38:27.113000+00:00,"Shockingly, our ""brilliant"" NATO Ally, the United Kingdom, is currently planning to give away the Island of Diego Garcia, the site of a vital U.S. Military Base, to Mauritius, and to do so FOR NO REASON WHATSOEVER. There is no doubt that China and Russia have noticed this act of total weakness. These are International Powers who only recognize STRENGTH, which is why the United States of America, under my leadership, is now, after only one year, respected like never before. The UK giving away extremely important land is an act of GREAT STUPIDITY, and is another in a very long line of National Security reasons why Greenland has to be acquired. Denmark and its European Allies have to DO THE RIGHT THING. Thank you for your attention to this matter. PRESIDENT DONALD J. TRUMP",['russia'],['military'],0.0
inside,114739003459183372,2025-06-24 15:17:31.025000+00:00,"Both Israel and Iran wanted to stop the War, equally! It was my great honor to Destroy All Nuclear facilities & capability, and then, STOP THE WAR!",['iran'],"['destroy', 'nuclear']",1.0
inside,116394704213456431,2026-04-13 01:03:59.585000+00:00,"Pope Leo is WEAK on Crime, and terrible for Foreign Policy. He talks about ""fear"" of the Trump Administration, but doesn't mention the FEAR that the Catholic Church, and all other Christian Organizations, had during COVID when they were arresting priests, ministers, and everybody else, for holding Church Services, even when going outside, and being ten and even twenty feet apart. I like his brother Louis much better than I like him, because Louis is all MAGA. He gets it, and Leo doesn't! I don't want a Pope who thinks it's OK for Iran to have a Nuclear Weapon. I don't want a Pope who thinks it's terrible that America attacked Venezuela, a Country that was sending massive amounts of Drugs into the United States and, even worse, emptying their prisons, including murderers, drug dealers, and killers, into our Country. And I don't want a Pope who criticizes the President of the United States because I'm doing exactly what I was elected, IN A LANDSLIDE, to do, setting Record Low Numbers in Crime, and creating the Greatest Stock Market in History. Leo should be thankful because, as everyone knows, he was a shocking surprise. He wasn't on any list to be Pope, and was only put there by the Church because he was an American, and they thought that would be the best way to deal with President Donald J. Trump. If I wasn't in the White House, Leo wouldn't be in the Vatican. Unfortunately, Leo's Weak on Crime, Weak on Nuclear Weapons, does not sit well with me, nor does the fact that he meets with Obama Sympathizers like David Axelrod, a LOSER from the Left, who is one of those who wanted churchgoers and clerics to be arrested. Leo should get his act together as Pope, use Common Sense, stop catering to the Radical Left, and focus on being a Great Pope, not a Politician. It's hurting him very badly and, more importantly, it's hurting the Catholic Church! President DONALD J. TRUMP","['iran', 'venezuela']","['attacked', 'nuclear']",1
inside,114744008368646986,2025-06-25 12:30:19.882000+00:00,This was an unbelievable hit in Iran by genius pilots and genius people in the military…,['iran'],['military'],1
inside,116269822349947644,2026-03-21 23:44:53.572000+00:00,"If Iran doesn't FULLY OPEN, WITHOUT THREAT, the Strait of Hormuz, within 48 HOURS from this exact point in time, the United States of America will hit and obliterate their various POWER PLANTS, STARTING WITH THE BIGGEST ONE FIRST! Thank you for your attention to this matter. President DONALD J. TRUMP","['hormuz', 'iran']","['obliterate', 'strait']",1.0
inside,116121997925438698,2026-02-23 21:11:11.860000+00:00,"Numerous stories from the Fake News Media have been circulating stating that General Daniel Caine, sometimes referred to as Razin, is against us going to War with Iran. The story does not attribute this vast wealth of knowledge to anyone, and is 100% incorrect. General Caine, like all of us, would like not to see War but, if a decision is made on going against Iran at a Military level, it is his opinion that it will be something easily won. He knows Iran well in that he was in charge of Midnight Hammer, the attack on the Iranian Nuclear Development. It is a Development no longer, but rather, was blown to smithereens by our Great B-2 Bombers. Razin Caine is a Great Fighter, and represents the Most Powerful Military anywhere in the World. He has not spoken of not doing Iran, or even the fake limited strikes that I have been reading about, he only knows one thing, how to WIN and, if he is told to do so, he will be leading the pack. Everything that has been written about a potential War with Iran has been written incorrectly, and purposefully so. I am the one that makes the decision, I would rather have a Deal than not but, if we don't make a Deal, it will be a very bad day for that Country and, very sadly, its people, because they are great and wonderful, and something like this should never have happened to them. PRESIDENT DONALD J. TRUMP","['iran', 'iranian']","['attack', 'bombers', 'military', 'nuclear', 'strikes']",1.0
inside,116496713231472397,2026-05-01 01:26:13.673000+00:00,"Great job by highly respected Navy Commander Kirk Lippold in interview with Jesse Watters on FoxNews. Very smart and insightful concerning Iran, and more. Thank you, Commander! President DJT",['iran'],['navy'],0
inside,116163464520215003,2026-03-03 04:56:41.883000+00:00,"The United States Munitions Stockpiles have, at the medium and upper medium grade, never been higher or better - As was stated to me today, we have a virtually unlimited supply of these weapons. Wars can be fought ""forever,"" and very successfully, using just these supplies (which are better than other countries finest arms!). At the highest end, we have a good supply, but are not where we want to be. Much additional high grade weaponry is stored for us in outlying countries. Sleepy Joe Biden spent all of his time, and our Country's money, GIVING everything to P.T. Barnum (Zelenskyy!) of Ukraine - Hundreds of Billions of Dollars worth - And, while he gave so much of the super high end away (FREE!), he didn't bother to replace it. Fortunately, I rebuilt the military in my first term, and continue to do so. The United States is stocked, and ready to WIN, BIG!!! Thank you for your attention to this matter. President DONALD J. TRUMP","['ukraine', 'zelenskyy']",['military'],1.0
inside,116378705268992787,2026-04-10 05:15:15.066000+00:00,"Trump upends China's lucrative sanctioned oil import scheme after Iran, Venezuela interventions: justthenews.com/government/dip","['iran', 'oil', 'venezuela']",['sanctioned'],1.0
inside,116777207460249864,2026-06-19 14:19:35.943000+00:00,"RT War has diminished Iran! It doesn't, any longer, have an Air Force, a Navy, Antiaircraft Equipment, Radar, or practically anything else, and yet the Dumocrats say that Iran is better off now than it was four months ago. Can you imagine getting away with that??? How stupid can some people be??? President DJT",['iran'],['navy'],1
inside,114746355912265245,2025-06-25 22:27:20.555000+00:00,"BREAKING NEWS…I was shocked to hear that the State of Israel, which has just had one of its Greatest Moments in History, and is strongly led by Bibi Netanyahu, is continuing its ridiculous Witch Hunt against their Great War Time Prime Minister! Bibi and I just went through HELL together, fighting a very tough and brilliant longtime enemy of Israel, Iran, and Bibi could not have been better, sharper, or stronger in his LOVE for the incredible Holy Land. Anybody else would have suffered losses, embarrassment, and chaos! Bibi Netanyahu was a WARRIOR, like perhaps no other Warrior in the History of Israel, and the result was something that nobody thought was possible, a complete elimination of potentially one of the biggest and most powerful Nuclear Weapons anywhere in the World, and it was going to happen, SOON! We were fighting, literally, for the Survival of Israel, and there is nobody in Israel's History that fought harder or more competently than Bibi Netanyahu. Despite all of this, I just learned that Bibi has been summoned to Court on Monday for the continuation of this long running, (He has been going through this ""Horror Show"" since May of 2020 – Unheard of! This is the first time a sitting Israeli Prime Minister has ever been on trial.), politically motivated case, ""concerning cigars, a Bugs Bunny doll, and numerous other unfair charges"" in order to do him great harm. Such a WITCH HUNT, for a man who has given so much, is unthinkable to me. He deserves much better than this, and so does the State of Israel. Bibi Netanyahu's trial should be CANCELLED, IMMEDIATELY, or a Pardon given to a Great Hero, who has done so much for the State. Perhaps there is no one that I know who could have worked in better harmony with the President of the United States, ME, than Bibi Netanyahu. It was the United States of America that saved Israel, and now it is going to be the United States of America that saves Bibi Netanyahu. THIS TRAVESTY OF ""JUSTICE"" CAN NOT BE ALLOWED!",['iran'],['nuclear'],1
inside,116659205867536088,2026-05-29 18:10:14.531000+00:00,"RT spending this week reviewing the Iranian war I am now convinced President Trump is on the edge of an historic victory. The real breakthrough for me came as I reviewed President Trump's decisions and maneuvers not from the standpoint of American unilateralism but from the standpoint of the leader of a remarkable historic coalition, the largest coalition ever put together in the modern Middle East. Everyone understands that Israel is an important ally. What is little discussed is the depth of support from the United Arab Emirates, Qatar, Bahrain, Saudi Arabia and other countries in the region. It has to be sobering for the Iranian dictatorship to realize that it does not have a single ally willing to challenge the American naval blockade. Slowly, gradually, timidly, our European allies are lining up to help with the Persian Gulf and the Strait of Hormuz. A great deal of President Trump's maneuvers against Iran make sense once he is seen as a coalition leader and not just as a unilateral American President. I spent a lot of the last couple weeks reviewing kinetic options including wining the battle of the Persian Gulf and the Strait of Hormuz and if necessary using the shocking and shattering level of force President Nixon and Secretary Kissinger used against Hanoi and Haiphong in Christmas 1972 (which both leaders believed convinced the North Vietnamese to agree to a truce and the freeing of American POWs). If this were a unilateral American campaign I could enthusiastically support a more aggressive kinetic campaign. However it is also clear it would shatter the coalition because our Arab allies are convinced Iran could still do enormous damage to their oil fields and infrastructure. Coalitions are inherently slower than unilateral campaigns. However coalitions ultimately bring vastly more power to the fight. I am as frustrated as everyone else by the pace of talking with the dictatorship but having reviewed the correlation of forces and the options available to the coalition on one side and the Iranian religiously motivated dictatorship on the other I am prepared to assert that President Trump's coalition leadership (something almost none of his critics want to acknowledge) is within reach of an enormous historic victory. And if the Iranian dictatorship ultimately proves it is hopelessly committed to a suicidal position there will be plenty of time for a kinetic campaign of enormous power and effectiveness. Either way we are on the edge of an astonishing victory for our values and for a safer Middle East.","['hormuz', 'iran', 'iranian', 'oil', 'persian gulf', 'saudi']","['blockade', 'naval', 'strait']",1
inside,116946506480346191,2026-07-19 11:54:33.979000+00:00,"Republicans should add Iran to the Russian Sanctions Bill. That's what Lindsey wanted to do, and it was going to happen. IMPORTANT!!! President DJT","['iran', 'russian']",['sanctions'],1.0
inside,114842356238631061,2025-07-12 21:21:29.285000+00:00,"What's going on with my ""boys"" and, in some cases, ""gals?"" They're all going after Attorney General Pam Bondi, who is doing a FANTASTIC JOB! We're on one Team, MAGA, and I don't like what's happening. We have a PERFECT Administration, THE TALK OF THE WORLD, and ""selfish people"" are trying to hurt it, all over a guy who never dies, Jeffrey Epstein. For years, it's Epstein, over and over again. Why are we giving publicity to Files written by Obama, Crooked Hillary, Comey, Brennan, and the Losers and Criminals of the Biden Administration, who conned the World with the Russia, Russia, Russia Hoax, 51 ""Intelligence"" Agents, ""THE LAPTOP FROM HELL,"" and more? They created the Epstein Files, just like they created the FAKE Hillary Clinton/Christopher Steele Dossier that they used on me, and now my so-called ""friends"" are playing right into their hands. Why didn't these Radical Left Lunatics release the Epstein Files? If there was ANYTHING in there that could have hurt the MAGA Movement, why didn't they use it? They haven't even given up on the John F. Kennedy or Martin Luther King, Jr. Files. No matter how much success we have had, securing the Border, deporting Criminals, fixing the Economy, Energy Dominance, a Safer World where Iran will not have Nuclear Weapons, it's never enough for some people. We are about to achieve more in 6 months than any other Administration has achieved in over 100 years, and we have so much more to do. We are saving our Country and, MAKING AMERICA GREAT AGAIN, which will continue to be our complete PRIORITY. The Left is imploding! Kash Patel, and the FBI, must be focused on investigating Voter Fraud, Political Corruption, ActBlue, The Rigged and Stolen Election of 2020, and arresting Thugs and Criminals, instead of spending month after month looking at nothing but the same old, Radical Left inspired Documents on Jeffrey Epstein. LET PAM BONDI DO HER JOB — SHE'S GREAT! The 2020 Election was Rigged and Stolen, and they tried to do the same thing in 2024 — That's what she is looking into as AG, and much more. One year ago our Country was DEAD, now it's the ""HOTTEST"" Country anywhere in the World. Let's keep it that way, and not waste Time and Energy on Jeffrey Epstein, somebody that nobody cares about. Thank you for your attention to this matter!","['iran', 'russia']",['nuclear'],0.0
inside,116784032456610294,2026-06-20 19:15:17.123000+00:00,"There will be NO TOLLS in the Hormuz Strait for 60 days during the Cease Fire Period, and there will be NO TOLLS after the 60 day period has expired, unless they are imposed by and for the United States of America, should the deal not be completed, for services rendered as the Guardian Angel to the countries of the Middle East for purposes of both past, present, and future reimbursement of costs. Thank you for your attention to this matter!!! President DJT",['hormuz'],['strait'],1.0
inside,116731447139970106,2026-06-11 12:22:08.869000+00:00,"The United States will be hitting Iran (Whose Navy, Air Force, Radar, Anti Aircraft, and all other forms of Defense, together with most of its offensive capability, are GONE!), VERY HARD TONIGHT. At some point in the not too distant future, we will be taking Kharg Island, and other oil infrastructure points, and assume total control of their Oil and Gas Markets, much like we have with Venezuela, which is working out brilliantly for both Venezuela and the United States of America. Thank you for your attention to this matter! President DONALD J. TRUMP","['iran', 'oil', 'venezuela']",['navy'],1
inside,114695595047194931,2025-06-16 23:18:11.223000+00:00,"Somebody please explain to kooky Tucker Carlson that,"" IRAN CAN NOT HAVE A NUCLEAR WEAPON!""",['iran'],['nuclear'],1.0
inside,117156624974445904,2026-08-25 14:30:27.759000+00:00,"I have just been informed by the United States Navy that all mines have been removed and/or detonated from within the International Waters of the Strait of Hormuz. Iran has been notified that any ship or boat placing new mines will be immediately and systematically destroyed. Through Space Force, we are watching every square inch of the Strait, as we are, also, with Pickaxe Mountain and the already destroyed three other Nuclear sites. There is a Zero Tolerance policy on mine placement in full force and effect. Thank you for your attention to this matter! President DONALD J. TRUMP","['hormuz', 'iran']","['destroyed', 'mine', 'mines', 'navy', 'nuclear', 'strait']",1
inside,116483733181582907,2026-04-28 18:25:13.830000+00:00,"The Chancellor of Germany, Friedrich Merz, thinks it's OK for Iran to have a Nuclear Weapon. He doesn't know what he's talking about! If Iran had a Nuclear Weapon, the whole World would be held hostage. I am doing something with Iran, right now, that other Nations, or Presidents, should have done long ago. No wonder Germany is doing so poorly, both Economically, and otherwise! President DONALD J. TRUMP",['iran'],['nuclear'],1.0
inside,116664181157116570,2026-05-30 15:15:31.425000+00:00,"Can you imagine? A Barack Hussein Obama Judge named Christopher Cooper has stopped a magnificent structural and aesthetic rebuilding of The Trump Kennedy Center where Millions of Dollars of material, marble, furniture, steel, air conditioning, heating, and so much else was ordered, or soon to be ordered, with the end result being a structure that would no longer be in a potential state of collapse, rusted, rotted, and rat and bug infested, to one that would be the Finest anywhere in the World. It was necessary to close the Center in order to get this work done. It is not possible to have a major and very dangerous Construction job, including the replacement of structural beams, with audiences innocently going in to watch a Play. The marble is in terrible shape, the pipes are gone, the air conditioning and heating systems are 65 years old, and no longer functioning. It was all being torn out to be replaced by brand new Carrier Equipment, at the highest standard. Now that won't happen anymore because a Judge, whose wife is an anti Trump Hater, and he is too, decided, unprecedentedly, to not allow a desperately needed Building Renovation to go forward. On top of that, he said, “Rip his name off the Building, he's got 20 days to do so,” even though a large Board of some of the most distinguished people in the Country voted unanimously to put the name up. I didn't do it, the Board did because they thought it would be good for this dying Institution, which was doing Record Low Business and, especially after COVID, only getting worse — True for other such Institutions throughout the Country, but The Trump Kennedy Center was going to be a special one. It would have fully recovered, when none others will. It would have been a New Standard of Excellence, one of my many Gifts to Washington, D.C. The new Building would have been incomparable, beautiful marble, magnificent chandeliers, the finest carpets, rugs, and furniture, designed at the highest level but, perhaps most importantly, replaced steel on many beams, columns, and girders, making the Building structurally sound again. People shouldn't be allowed to go into that Building until this is fixed, and yet the Trump Hating Judge wants to keep it open because his wife probably told him to do so! Cooper's wife, Amy Jeffress, who doesn't use the “Cooper” name because they, as a couple, don't want people to know that she has a Conflict of Interest with an important Judge, is a Radical Left Democrat, who worked as a Federal Prosecutor and Counselor to Obama Attorney General, Eric Holder, worked behind the scenes for the January 6th Unselect Committee of Political Hacks and Thugs, Dirty Cop FBI attorney Lisa Page in the Hillary Clinton Email Scandal, RUSSIA RUSSIA RUSSIA Hoax, and her Millions of Dollars Settlement, even though she was “guilty as hell,” and is currently representing Sleepy Joe Biden on the release of his audio tapes, and more. She also works for the same Legal Firm that represented E. Jean Carroll who received a decision against me, now under appeal, that was shocking to the entire World. Amy is totally wired into the Left System, from her husband down, and it is impossible for me to be treated fairly. He has a total Conflict of Interest, and should be brought up on charges for not revealing these facts. That is why The Kennedy Center will soon be closed, probably never to open again. That is why, at a different level, and with different players, our Country lost the TARIFF Case, and is forced to pay back 149 Billion Dollars in money received from people who hate everything we stand for. They are laughing all the way to the Bank at how stupid we are (One half sentence clause from the Supreme Court would have saved us this incalculable amount of money!), and that is probably why our Country will lose the Birthright Citizenship Case (No other Country in the World has this — It is totally unaffordable!), because our Court System is RIGGED, no different than our Political System is RIGGED, and the people of our Country know it, and that is why I got overwhelmingly elected President, in Record Numbers, and will FIGHT, FIGHT, FIGHT! President DONALD J. TRUMP",['russia'],['tariff'],0.0
inside,114764221948518343,2025-06-29 02:10:54.634000+00:00,"Republicans must remember that they are fighting against a very evil, corrupt and, in many ways, incompetent (Policywise!) group of people, who would rather see our Country ""go down in flames"" than do the right thing and, MAKE AMERICA GREAT AGAIN! The Democrats would LOVE to see the Biggest Tax Hike in History (68%!), No Border Spending (Open Borders!), and a weak, underfunded Military, so we wouldn't be able to do things like we did just one week ago in Iran. We gave the Dems a Debt Extension because it was the right thing to do, but they won't do it for us. The one thing they do have is an ability to stick together, and vote as one group (They don't have GRANDSTANDERS!). They also have House and Senate Rules that give Great Power to their Leaders - Committee Chairmanships, etc. Republicans don't have that, have never been able to get it, BUT THEY SHOULD! What we do have is wonderful people and phenomenal Policy, and that should win Elections every single time!",['iran'],['military'],1
inside,116493939901285486,2026-04-30 13:40:56.013000+00:00,"The Chancellor of Germany should spend more time on ending the war with Russia/Ukraine (Where he has been totally ineffective!), and fixing his broken Country, especially Immigration and Energy, and less time on interfering with those that are getting rid of the Iran Nuclear threat, thereby making the World, including Germany, a safer place! President DJT","['iran', 'russia', 'ukraine']",['nuclear'],0.0
inside,117356339820644146,2026-09-29 21:00:34.470000+00:00,Iran Has Lost Control of the Strait:,['iran'],['strait'],1
inside,115419815673188246,2025-10-22 20:57:00.989000+00:00,"""Treasury Sanctions Major Russian Oil Companies, Calls on Moscow to Immediately Agree to Ceasefire""","['moscow', 'oil', 'russian']",['sanctions'],1.0
inside,116295045718240014,2026-03-26 10:39:31.628000+00:00,"The Iranian negotiators are very different and ""strange."" They are ""begging"" us to make a deal, which they should be doing since they have been militarily obliterated, with zero chance of a comeback, and yet they publicly state that they are only ""looking at our proposal."" WRONG!!! They better get serious soon, before it is too late, because once that happens, there is NO TURNING BACK, and it won't be pretty! President DJT",['iranian'],['obliterated'],1.0
inside,117197478170575070,2026-09-01 19:39:58.061000+00:00,"RT United States is, as we speak, striking Iranian Targets near the Strait of Hormuz. The strikes are large and powerful, and in retaliation for the Iranians' failed attempt at adding sea mines to the Strait, which currently has no mines (They have been completely removed or detonated!), and the Iranians shooting eight missiles, all successfully knocked down, at our Military Base in Jordan. If the failed Nation of Iran retaliates for this very justified attack, they will be hit again at a much harder and higher level, but it will not be the biggest attack of them all, that is waiting in the wings and, when it is over, there will be very little left of the Islamic Republic of Iran! President DONALD J. TRUMP","['hormuz', 'iran', 'iranian', 'iranians']","['attack', 'military', 'mines', 'strait', 'strikes']",1
inside,116227789768118115,2026-03-14 13:35:27.272000+00:00,"Yet again, an intentionally misleading headline by the Fake News Media about the five tanker planes that were supposedly struck down at an Airport in Saudi Arabia, and of no further use. In actuality, the Base was hit a few days ago, but the planes were not ""struck"" or ""destroyed."" Four of the five had virtually no damage, and are already back in service. One had slightly more damage, but will be in the air shortly. None were destroyed, or close to that, as the Fake News said in headlines. The New York Times and The Wall Street Journal (in particular), and other Lowlife ""Papers"" and Media actually want us to lose the War. Their terrible reporting is the exact opposite of the actual facts! They are truly sick and demented people that have no idea the damage they cause the United States of America. Fortunately, as proven by our Great and Conclusive Election Win in 2024, the People of our Country understand what is happening far better than the Fake News Media! President DONALD J. TRUMP",['saudi'],"['destroyed', 'tanker']",1.0
inside,116278232362967212,2026-03-23 11:23:40.186000+00:00,"I AM PLEASED TO REPORT THAT THE UNITED STATES OF AMERICA, AND THE COUNTRY OF IRAN, HAVE HAD, OVER THE LAST TWO DAYS, VERY GOOD AND PRODUCTIVE CONVERSATIONS REGARDING A COMPLETE AND TOTAL RESOLUTION OF OUR HOSTILITIES IN THE MIDDLE EAST. BASED ON THE TENOR AND TONE OF THESE IN DEPTH, DETAILED, AND CONSTRUCTIVE CONVERSATIONS, WHICH WILL CONTINUE THROUGHOUT THE WEEK, I HAVE INSTRUCTED THE DEPARTMENT OF WAR TO POSTPONE ANY AND ALL MILITARY STRIKES AGAINST IRANIAN POWER PLANTS AND ENERGY INFRASTRUCTURE FOR A FIVE DAY PERIOD, SUBJECT TO THE SUCCESS OF THE ONGOING MEETINGS AND DISCUSSIONS. THANK YOU FOR YOUR ATTENTION TO THIS MATTER! PRESIDENT DONALD J. TRUMP","['iran', 'iranian']","['military', 'strikes']",1.0
inside,115884319075881590,2026-01-12 21:46:20.430000+00:00,"Effective immediately, any Country doing business with the Islamic Republic of Iran will pay a Tariff of 25% on any and all business being done with the United States of America. This Order is final and conclusive. Thank you for your attention to this matter! PRESIDENT DONALD J. TRUMP",['iran'],['tariff'],1
inside,117039691941169240,2026-08-04 22:52:51.270000+00:00,"For far too long, Radical Climate Activists attempted to hold our Great Country hostage by drastically and unreasonably expanding the intended scope of the Endangered Species Act. This was complete and total regulatory overreach by unelected bureaucrats! They treated Americans very unfairly by stifling the production of important resources like Oil, Natural Gas, and Timber, and blocking the construction of family homes and critical Infrastructure. Even our Military couldn't train on land that was deemed ""off limits"" to protect a little rodent! Now my Administration has returned the Endangered Species Act to how it was intended to be, just as the Great Justice Antonin Scalia has explained in previous cases. While responsibly protecting our beautiful Country, the United States of America is going to BUILD again. Thank you for your attention to this matter! President DONALD J. TRUMP",['oil'],['military'],0
inside,116438239629407600,2026-04-20 17:35:37.313000+00:00,"The DEAL that we are making with Iran will be FAR BETTER than the JCPOA, commonly referred to as ""The Iran Nuclear Deal,"" penned by Barack Hussein Obama and Sleepy Joe Biden, one of the Worst Deals ever made having to do with the Security of our Country. It was a guaranteed Road to a Nuclear Weapon, which will not, and cannot, happen with the Deal we're working on. They actually gave $1.7 Billion Dollars in ""GREEN"" Cash, loaded into a Boeing 757, and flown to Iran for Iranian leadership to spend anyway they saw fit. He emptied out all of the Cash from Banks in D.C., Virginia, and Maryland. Those Bankers said they've never seen anything like it before. In addition, Hundreds of Billions of Dollars was paid to Iran. If I did not terminate that ""Deal,"" Nuclear Weapons would have been used on Israel, and all over the Middle East, including our cherished U.S. Military Bases. The Fake News, like Lightweight Washington Post ""Journalist"" David Ignatius, loves to talk about the JCPOA, knowing that it was DANGEROUS, and a Complete Embarrassment to our Country. If a Deal happens under ""TRUMP,"" it will guarantee Peace, Security, and Safety, not only for Israel and the Middle East, but for Europe, America, and everywhere else. It will be something that the entire World will be proud of, instead of the years of Embarrassment and Humiliation that we have been forced to suffer due to incompetent and cowardly leadership! President DONALD J. TRUMP","['iran', 'iranian']","['jcpoa', 'military', 'nuclear']",1
inside,116376634773749603,2026-04-09 20:28:41.816000+00:00,"I know why Tucker Carlson, Megyn Kelly, Candace Owens, and Alex Jones have all been fighting me for years, especially by the fact that they think it is wonderful for Iran, the Number One State Sponsor of Terror, to have a Nuclear Weapon — Because they have one thing in common, Low IQs. They're stupid people, they know it, their families know it, and everyone else knows it, too! Look at their past, look at their record. They don't have what it takes, and they never did! They've all been thrown off Television, lost their Shows, and aren't even invited on TV because nobody cares about them, they're NUT JOBS, TROUBLEMAKERS, and will say anything necessary for some ""free"" and cheap publicity. Now they think they get some ""clicks"" because they have Third Rate Podcasts, but nobody's talking about them, and their views are the opposite of MAGA — Or I wouldn't have won the Presidential Election in a LANDSLIDE. MAGA agrees with me, and just gave CNN a 100% Approval Rating of ""TRUMP,"" not Hand Flailing Fools like Tucker Carlson, who couldn't even finish College, he was a broken man when he got fired from Fox, and he's never been the same — Perhaps he should see a good psychiatrist! Or Megyn Kelly, who nastily asked me the now famous, ""Only Rosie O'Donnell,"" question, or ""Crazy"" Candace Owens, who accuses the Highly Respected First Lady of France of being a man, when she is not, and will hopefully win lots of money in the ongoing lawsuit. Actually, to me, the First Lady of France is a far more beautiful woman than Candace, in fact, it's not even close! Or Bankrupt Alex Jones, who says some of the dumbest things, and lost his entire fortune, as he should have, for his horrendous attack on the families of the Sandy Hook shooting victims, ridiculously claiming it was a hoax. These so-called ""pundits"" are LOSERS, and they always will be! Now Fake News CNN, The Failing New York Times, and all of the other Radical Left ""News"" Organizations, are ""hailing"" them, and giving them ""positive"" press for the first time in their lives. They're not ""MAGA,"" they're losers, just trying to latch on to MAGA. As President, I could get them on my side anytime I want to, but when they call, I don't return their calls because I'm too busy on World and Country Affairs and, after a few times, they go ""nasty,"" just like Marjorie ""Traitor"" Brown, but I no longer care about that stuff, I only care about doing right for our Country. MAGA is about WINNING and STRENGTH in not allowing Iran to have Nuclear Weapons. MAGA is about MAKING AMERICA GREAT AGAIN, and these people have no idea how to do that, BUT I DO, because THE UNITED STATES IS NOW THE ""HOTTEST"" COUNTRY ANYWHERE IN THE WORLD! President DONALD J. TRUMP",['iran'],"['attack', 'nuclear']",1.0
inside,117206830744287806,2026-09-03 11:18:27.011000+00:00,This is GREAT! President DONALD J. TRUMPSyria is pitching itself as an alternative to the Strait of Hormuz:,['hormuz'],['strait'],1
inside,114571369956761390,2025-05-26 00:46:06.771000+00:00,"I've always had a very good relationship with Vladimir Putin of Russia, but something has happened to him. He has gone absolutely CRAZY! He is needlessly killing a lot of people, and I'm not just talking about soldiers. Missiles and drones are being shot into Cities in Ukraine, for no reason whatsoever. I've always said that he wants ALL of Ukraine, not just a piece of it, and maybe that's proving to be right, but if he does, it will lead to the downfall of Russia! Likewise, President Zelenskyy is doing his Country no favors by talking the way he does. Everything out of his mouth causes problems, I don't like it, and it better stop. This is a War that would never have started if I were President. This is Zelenskyy's, Putin's, and Biden's War, not ""Trump's,"" I am only helping to put out the big and ugly fires, that have been started through Gross Incompetence and Hatred.","['putin', 'russia', 'ukraine', 'zelenskyy']",['drones'],1.0
inside,117270347763611160,2026-09-14 16:31:39.810000+00:00,"I hope everyone realizes that price increases throughout America were caused by Sleepy Joe Biden and the Biden Administration, not by ""TRUMP."" Even Oil was higher under Biden than it is right now, and we prevented Iran from having a Nuclear Weapon! With the temporary exception of Oil, prices are coming down sharply, and Oil will drop like a rock as soon as the Military Conflict with Iran is over, and that will not be long. Thank you for your attention to this matter! President DONALD J. TRUMP","['iran', 'oil']","['military', 'nuclear']",1
inside,116948052957822885,2026-07-19 18:27:51.353000+00:00,"RT People of Aberdeen, in Scotland, are dancing in the streets because the new Prime Minister, Andy Burnham, has stated that he will be opening up, all the way, the invaluable North Sea Oil! It is one of the Greatest Sources of quality Oil on Earth, has hundreds of years of Capacity left, with much not even found yet, and will make the United Kingdom, from a Poverty Stricken Disaster, to one of the Richest Countries anywhere in the World! Britain pays Norway Billions of Dollars a year to buy its Oil, which they get from a less valuable part of the North Sea — How ridiculous is that! Also, word is that the UK is going to move the old and horrible looking windmills, which loom over and destroy the City of Aberdeen. That will be a big day for the Country, and will be very much appreciated by everybody. Such great potential in the UK, but it all starts with OPENING NORTH SEA OIL. WE LOVE YOU SCOTLAND! President DONALD J. TRUMP",['oil'],['destroy'],1
inside,117271304188365611,2026-09-14 20:34:53.694000+00:00,"I am the Hoax Buster, and I'm right now breaking another Hoax — That AI is going to take over, consume, and destroy the World, and that Robots will be marching into our Cities, and getting rid of us all! This is even wilder than the RUSSIA, RUSSIA, RUSSIA HOAX, or the Global Warming Scam. Thank you for your attention to this matter! President DONALD J. TRUMP",['russia'],['destroy'],0
inside,116202053313332968,2026-03-10 00:30:20.137000+00:00,52% of US Likely Voters support Trump's decision to strike Iran: Poll: justthenews.com/politics-polic,['iran'],['strike'],0.0
inside,116290528260288417,2026-03-25 15:30:40.690000+00:00,"The Radical Left, Country Hating Democrats are trying to create inner chaos to take away from the great military achievement we are having in Iran. They hate seeing us WIN so completely and decisively, but the American public sees what is going on. AMERICA FIRST! President DJT",['iran'],['military'],0.0
inside,116433000897070863,2026-04-19 19:23:20.602000+00:00,"Today, an Iranian-flagged cargo ship named TOUSKA, nearly 900 feet long and weighing almost as much as an aircraft carrier, tried to get past our Naval Blockade, and it did not go well for them. The U.S. Navy Guided Missile Destroyer USS SPRUANCE intercepted the TOUSKA in the Gulf of Oman, and gave them fair warning to stop. The Iranian crew refused to listen, so our Navy ship stopped them right in their tracks by blowing a hole in the engineroom. Right now, U.S. Marines have custody of the vessel. The TOUSKA is under U.S. Treasury Sanctions because of their prior history of illegal activity. We have full custody of the ship, and are seeing what's on board! President DONALD J. TRUMP",['iranian'],"['blockade', 'naval', 'navy', 'sanctions', 'vessel']",1
inside,114404524335638236,2025-04-26 13:35:04.633000+00:00,"No matter what deal I make with respect to Russia/Ukraine, no matter how good it is, even if it's the greatest deal ever made, The Failing New York Times will speak BADLY of it. Liddle' Peter Baker, the very biased and untalented writer for The Times, followed his Editor's demands and wrote that Ukraine should get back territory, including, I suppose, Crimea, and other ridiculous requests, in order to stop the killing that is worse than anything since World War II. Why doesn't this lightweight reporter say that it was Obama who made it possible for Russia to steal Crimea from Ukraine without even a shot being fired. It was also Liddle' Peter who wrote an absolutely fawning, yet terribly written Biography, on Obama. It was a JOKE! Did Baker ever criticize the Obama Crimea Giveaway? NO, not once, only TRUMP, and I've had nothing to do with this stupid war, other than early on, when I gave Ukraine Javelins, and Obama gave them sheets. This is Sleepy Joe Biden's War, not mine. It was a loser from day one, and should have never happened, and wouldn't have happened if I were President at the time. I'm just trying to clean up the mess that was left to me by Obama and Biden, and what a mess it is. With all of that being said, there was no reason for Putin to be shooting missiles into civilian areas, cities and towns, over the last few days. It makes me think that maybe he doesn't want to stop the war, he's just tapping me along, and has to be dealt with differently, through ""Banking"" or ""Secondary Sanctions?"" Too many people are dying!!!","['putin', 'russia', 'ukraine']","['mine', 'sanctions']",0.0
inside,116420194853200133,2026-04-17 13:06:35.880000+00:00,IRAN HAS JUST ANNOUNCED THAT THE STRAIT OF IRAN IS FULLY OPEN AND READY FOR FULL PASSAGE. THANK YOU!,['iran'],['strait'],1.0
inside,115049902258471066,2025-08-18 13:03:10.223000+00:00,"We will only see the return of the remaining hostages when Hamas is confronted and destroyed!!! The sooner this takes place, the better the chances of success will be. Remember, I was the one who negotiated and got hundreds of hostages freed and released into Israel (and America!). I was the one who ended 6 wars, in just 6 months. I was the one who OBLITERATED Iran's Nuclear facilities. Play to WIN, or don't play at all! Thank you for your attention to this matter! President DJT",['iran'],"['destroyed', 'nuclear', 'obliterated']",1
inside,116346816254869135,2026-04-04 14:05:27.326000+00:00,Remember when I gave Iran ten days to MAKE A DEAL or OPEN UP THE HORMUZ STRAIT. Time is running out - 48 hours before all Hell will reign down on them. Glory be to GOD! President DONALD J. TRUMP,"['hormuz', 'iran']",['strait'],1.0
inside,116953296612438865,2026-07-20 16:41:23.173000+00:00,"Every time Iran kills an American Soldier they will pay for that killing many times over! This directive has been passed on to Secretary of War, Pete Hegseth, Chairman of the Joint Chiefs of Staff, Daniel Caine, and every Leader in the Military. President DONALD J. TRUMP",['iran'],['military'],1.0
inside,116959705309751797,2026-07-21 19:51:12.133000+00:00,"Afghanistan War: 20 years, 2,000 DEAD. Iraq War: 9 years, 4,600 DEAD. Vietnam War: 19 years and 5 months, 58,220 DEAD. Korean War: 3 years and 1 month, 36,574 DEAD. Venezuela War: 1 day, 0 DEAD. Iran Military Conflict: 4 months, 18 DEAD.","['iran', 'venezuela']",['military'],0
inside,116161759621251147,2026-03-02 21:43:07.189000+00:00,"If I didn't terminate Obama's horrendous Iran Nuclear Deal (JCPOA), Iran would have had a Nuclear Weapon three years ago. That was the most dangerous transaction we have ever entered into, and had it been allowed to stand, the World would be an entirely different place right now. You can blame Barack Hussein Obama, and Sleepy Joe Biden. THANK YOU PRESIDENT TRUMP!",['iran'],"['jcpoa', 'nuclear']",0.0
inside,116224324444349237,2026-03-13 22:54:10.627000+00:00,"Moments ago, at my direction, the United States Central Command executed one of the most powerful bombing raids in the History of the Middle East, and totally obliterated every MILITARY target in Iran's crown jewel, Kharg Island. Our Weapons are the most powerful and sophisticated that the World has ever known but, for reasons of decency, I have chosen NOT to wipe out the Oil Infrastructure on the Island. However, should Iran, or anyone else, do anything to interfere with the Free and Safe Passage of Ships through the Strait of Hormuz, I will immediately reconsider this decision. During my First Term, and currently, I rebuilt our Military into the Most Lethal, Powerful, and Effective Force, by far, anywhere in the World. Iran has NO ability to defend anything that we want to attack — There is nothing they can do about it! Iran will NEVER have a nuclear weapon, nor will it have the ability to threaten the United States of America, the Middle East or, for that matter, the World! Iran's Military, and all others involved with this Terrorist Regime, would be wise to lay down their arms, and save what's left of their country, which isn't much! Thank you for your attention to this matter. President DONALD J. TRUMP","['hormuz', 'iran', 'oil']","['attack', 'military', 'nuclear', 'obliterated', 'strait']",1
inside,116261796648776538,2026-03-20 13:43:51.090000+00:00,"Without the U.S.A., NATO IS A PAPER TIGER! They didn't want to join the fight to stop a Nuclear Powered Iran. Now that fight is Militarily WON, with very little danger for them, they complain about the high oil prices they are forced to pay, but don't want to help open the Strait of Hormuz, a simple military maneuver that is the single reason for the high oil prices. So easy for them to do, with so little risk. COWARDS, and we will REMEMBER! President DONALD J. TRUMP","['hormuz', 'iran', 'oil']","['military', 'nuclear', 'strait']",1
inside,116664420134580839,2026-05-30 16:16:17.932000+00:00,"RT you imagine? A Barack Hussein Obama Judge named Christopher Cooper has stopped a magnificent structural and aesthetic rebuilding of The Trump Kennedy Center where Millions of Dollars of material, marble, furniture, steel, air conditioning, heating, and so much else was ordered, or soon to be ordered, with the end result being a structure that would no longer be in a potential state of collapse, rusted, rotted, and rat and bug infested, to one that would be the Finest anywhere in the World. It was necessary to close the Center in order to get this work done. It is not possible to have a major and very dangerous Construction job, including the replacement of structural beams, with audiences innocently going in to watch a Play. The marble is in terrible shape, the pipes are gone, the air conditioning and heating systems are 65 years old, and no longer functioning. It was all being torn out to be replaced by brand new Carrier Equipment, at the highest standard. Now that won't happen anymore because a Judge, whose wife is an anti Trump Hater, and he is too, decided, unprecedentedly, to not allow a desperately needed Building Renovation to go forward. On top of that, he said, ""Rip his name off the Building, he's got 20 days to do so,"" even though a large Board of some of the most distinguished people in the Country voted unanimously to put the name up. I didn't do it, the Board did because they thought it would be good for this dying Institution, which was doing Record Low Business and, especially after COVID, only getting worse — True for other such Institutions throughout the Country, but The Trump Kennedy Center was going to be a special one. It would have fully recovered, when none others will. It would have been a New Standard of Excellence, one of my many Gifts to Washington, D.C. The new Building would have been incomparable, beautiful marble, magnificent chandeliers, the finest carpets, rugs, and furniture, designed at the highest level but, perhaps most importantly, replaced steel on many beams, columns, and girders, making the Building structurally sound again. People shouldn't be allowed to go into that Building until this is fixed, and yet the Trump Hating Judge wants to keep it open because his wife probably told him to do so! Cooper's wife, Amy Jeffress, who doesn't use the ""Cooper"" name because they, as a couple, don't want people to know that she has a Conflict of Interest with an important Judge, is a Radical Left Democrat, who worked as a Federal Prosecutor and Counselor to Obama Attorney General, Eric Holder, worked behind the scenes for the January 6th Unselect Committee of Political Hacks and Thugs, Dirty Cop FBI attorney Lisa Page in the Hillary Clinton Email Scandal, RUSSIA RUSSIA RUSSIA Hoax, and her Millions of Dollars Settlement, even though she was ""guilty as hell,"" and is currently representing Sleepy Joe Biden on the release of his audio tapes, and more. She also works for the same Legal Firm that represented E. Jean Carroll who received a decision against me, now under appeal, that was shocking to the entire World. Amy is totally wired into the Left System, from her husband down, and it is impossible for me to be treated fairly. He has a total Conflict of Interest, and should be brought up on charges for not revealing these facts. That is why The Kennedy Center will soon be closed, probably never to open again. That is why, at a different level, and with different players, our Country lost the TARIFF Case, and is forced to pay back 149 Billion Dollars in money received from people who hate everything we stand for. They are laughing all the way to the Bank at how stupid we are (One half sentence clause from the Supreme Court would have saved us this incalculable amount of money!), and that is probably why our Country will lose the Birthright Citizenship Case (No other Country in the World has this — It is totally unaffordable!), because our Court System is RIGGED, no different than our Political System is RIGGED, and the people of our Country know it, and that is why I got overwhelmingly elected President, in Record Numbers, and will FIGHT, FIGHT, FIGHT! President DONALD J. TRUMP",['russia'],['tariff'],0
inside,116225502010036899,2026-03-14 03:53:38.854000+00:00,"The Fake News Media hates to report how well the United States Military has done against Iran, which is totally defeated and wants a deal - But not a deal that I would accept! Thank you for your attention to this matter. President DJT",['iran'],['military'],1
inside,116397847496142849,2026-04-13 14:23:22.272000+00:00,"Iran's Navy is laying at the bottom of the sea, completely obliterated - 158 ships. What we have not hit are their small number of, what they call, ""fast attack ships,"" because we did not consider them much of a threat. Warning: If any of these ships come anywhere close to our BLOCKADE, they will be immediately ELIMINATED, using the same system of kill that we use against the drug dealers on boats at Sea. It is quick and brutal. P.S. 98.2% of Drugs coming into the U.S. by Ocean or Sea have STOPPED! Thank you for your attention to this matter. President DJT",['iran'],"['attack', 'blockade', 'navy', 'obliterated']",1.0
inside,116954623645571071,2026-07-20 22:18:52.091000+00:00,"I had a very good conversation with the new Prime Minister of the United Kingdom, Andy Burnham. We discussed many subjects, including the outstanding relationship we have had with the UK. We will be meeting in the not too distant future for topics of mutual interest. The Prime Minister has got a big job ahead of him, but he will be able to do it and, of course, the U.S.A. will be there to help! We discussed North Sea Oil, Trade, the Military Alliance, Demining of the Hormuz Strait, and many other topics. The call was interesting, and went very well. I wished Prime Minister Burnham, GOOD LUCK AND GODSPEED! President DONALD J. TRUMP","['hormuz', 'oil']","['military', 'strait']",1.0
inside,116765811260304660,2026-06-17 14:01:23.732000+00:00,"I will be doing a Press Conference in 45 minutes from France. I'll then be heading to Versailles for Dinner with French and other European Leaders, and then back home tonight! The trip was a Great Success but, mostly what people wanted to talk about, is the fact that Iran will not have a Nuclear Weapon, and that the Strait of Hormuz will immediately be opened! Great Numbers in all categories for the United States Economy with more people working today than have ever worked before. Over 19.1 Trillion being invested in the U.S.A. with Factories and everything else happening but, importantly, recent Stock Market numbers are through the roof because of the settlement and, likewise, Oil Prices are tumbling down! President DONALD J. TRUMP","['hormuz', 'iran', 'oil']","['nuclear', 'strait']",1.0
inside,115911344443637897,2026-01-17 16:19:14.816000+00:00,"We have subsidized Denmark, and all of the Countries of the European Union, and others, for many years by not charging them Tariffs, or any other forms of remuneration. Now, after Centuries, it is time for Denmark to give back — World Peace is at stake! China and Russia want Greenland, and there is not a thing that Denmark can do about it. They currently have two dogsleds as protection, one added recently. Only the United States of America, under PRESIDENT DONALD J. TRUMP, can play in this game, and very successfully, at that! Nobody will touch this sacred piece of Land, especially since the National Security of the United States, and the World at large, is at stake. On top of everything else, Denmark, Norway, Sweden, France, Germany, The United Kingdom, The Netherlands, and Finland have journeyed to Greenland, for purposes unknown. This is a very dangerous situation for the Safety, Security, and Survival of our Planet. These Countries, who are playing this very dangerous game, have put a level of risk in play that is not tenable or sustainable. Therefore, it is imperative that, in order to protect Global Peace and Security, strong measures be taken so that this potentially perilous situation end quickly, and without question. Starting on February 1st, 2026, all of the above mentioned Countries (Denmark, Norway, Sweden, France, Germany, The United Kingdom, The Netherlands, and Finland), will be charged a 10% Tariff on any and all goods sent to the United States of America. On June 1st, 2026, the Tariff will be increased to 25%. This Tariff will be due and payable until such time as a Deal is reached for the Complete and Total purchase of Greenland. The United States has been trying to do this transaction for over 150 years. Many Presidents have tried, and for good reason, but Denmark has always refused. Now, because of The Golden Dome, and Modern Day Weapons Systems, both Offensive and Defensive, the need to ACQUIRE is especially important. Hundreds of Billions of Dollars are currently being spent on Security Programs having to do with ""The Dome,"" including for the possible protection of Canada, and this very brilliant, but highly complex system can only work at its maximum potential and efficiency, because of angles, metes, and bounds, if this Land is included in it. The United States of America is immediately open to negotiation with Denmark and/or any of these Countries that have put so much at risk, despite all that we have done for them, including maximum protection, over so many decades. Thank you for your attention to this matter! DONALD J. TRUMP PRESIDENT OF THE UNITED STATES OF AMERICA",['russia'],['tariff'],1
inside,116399385880639539,2026-04-13 20:54:36.157000+00:00,"For those people that still read The Failing New York Times and, despite the fact that Iran has been totally OBLITERATED, Militarily, and otherwise, you would think that Iran is actually winning or, at the very least, doing quite well — But that's not true, and The New York Times knows that it's FAKE NEWS! When does this Corrupt Media Outlet apologize for their LIES and horrible actions against me, my supporters, and our Country itself! HAVE THEY NO SHAME? HAVE THEY NO SENSE OF DECENCY? President DONALD J. TRUMP",['iran'],['obliterated'],1
inside,114471750357100883,2025-05-08 10:31:32.314000+00:00,"""Too Late"" Jerome Powell is a FOOL, who doesn't have a clue. Other than that, I like him very much! Oil and Energy way down, almost all costs (groceries and ""eggs"") down, virtually NO INFLATION, Tariff Money Pouring Into the U.S. — THE EXACT OPPOSITE OF ""TOO LATE!"" ENJOY!",['oil'],['tariff'],1
inside,116445555373723862,2026-04-22 00:36:06.713000+00:00,"Iran doesn't want the Strait of Hormuz closed, they want it open so they can make $500 Million Dollars a day (which is, therefore, what they are losing if it is closed!). They only say they want it closed because I have it totally BLOCKADED (CLOSED!), so they merely want to ""save face."" People approached me four days ago, saying, ""Sir, Iran wants to open up the Strait, immediately."" But if we do that, there can never be a Deal with Iran, unless we blow up the rest of their Country, their leaders included! President DONALD J. TRUMP","['hormuz', 'iran']",['strait'],1.0
inside,116535672760322109,2026-05-07 22:34:08.906000+00:00,"Three World Class American Destroyers just transited, very successfully, out of the Strait of Hormuz, under fire. There was no damage done to the three Destroyers, but great damage done to the Iranian attackers. They were completely destroyed along with numerous small boats, which are being used to take the place of their fully decapitated Navy. These boats went to the bottom of the Sea, quickly and efficiently. Missiles were shot at our Destroyers, and were easily knocked down. Likewise, drones came, and were incinerated while in the air. They dropped ever so beautifully down to the Ocean, very much like a butterfly dropping to its grave! A normal Country would have allowed these Destroyers to pass, but Iran is not a normal Country. They are led by LUNATICS, and if they had the chance to use a Nuclear Weapon, they would do it, without question — But they'll never have that opportunity and, just like we knocked them out again today, we'll knock them out a lot harder, and a lot more violently, in the future, if they don't get their Deal signed, FAST! Our three Destroyers, with their wonderful Crews, will now rejoin our Naval Blockade, which is truly a “Wall of Steel.” President DONALD J. TRUMP","['hormuz', 'iran', 'iranian']","['blockade', 'destroyed', 'drones', 'naval', 'navy', 'nuclear', 'strait']",1
inside,116596094940250402,2026-05-18 14:40:18.204000+00:00,"If Iran surrenders, admits their Navy is gone and resting at the bottom of the sea, and their Air Force is no longer with us, and if their entire Military walks out of Tehran, weapons dropped and hands held high, each shouting ""I surrender, I surrender"" while wildly waving the representative White Flag, and if their entire remaining Leadership signs all necessary ""Documents of Surrender,"" and admit their defeat to the great power and force of the magnificent U.S.A., The Failing New York Times, The China Street Journal (WSJ!), Corrupt and now Irrelevant CNN, and all other members of the Fake News Media, will headline that Iran had a Masterful and Brilliant Victory over The United States of America, it wasn't even close. The Dumacrats and Media have totally lost their way. They have gone absolutely CRAZY!!! President DJT","['iran', 'tehran']","['military', 'navy']",1.0
inside,114433959082847679,2025-05-01 18:20:43.231000+00:00,"ALERT: All purchases of Iranian Oil, or Petrochemical products, must stop, NOW! Any Country or person who buys ANY AMOUNT of OIL or PETROCHEMICALS from Iran will be subject to, immediately, Secondary Sanctions. They will not be allowed to do business with the United States of America in any way, shape, or form. Thank you for your attention to this matter, PRESIDENT DONALD J. TRUMP","['iran', 'iranian', 'oil']",['sanctions'],1.0
inside,115255130298104593,2025-09-23 18:55:21.589000+00:00,"After getting to know and fully understand the Ukraine/Russia Military and Economic situation and, after seeing the Economic trouble it is causing Russia, I think Ukraine, with the support of the European Union, is in a position to fight and WIN all of Ukraine back in its original form. With time, patience, and the financial support of Europe and, in particular, NATO, the original Borders from where this War started, is very much an option. Why not? Russia has been fighting aimlessly for three and a half years a War that should have taken a Real Military Power less than a week to win. This is not distinguishing Russia. In fact, it is very much making them look like ""a paper tiger."" When the people living in Moscow, and all of the Great Cities, Towns, and Districts all throughout Russia, find out what is really going on with this War, the fact that it's almost impossible for them to get Gasoline through the long lines that are being formed, and all of the other things that are taking place in their War Economy, where most of their money is being spent on fighting Ukraine, which has Great Spirit, and only getting better, Ukraine would be able to take back their Country in its original form and, who knows, maybe even go further than that! Putin and Russia are in BIG Economic trouble, and this is the time for Ukraine to act. In any event, I wish both Countries well. We will continue to supply weapons to NATO for NATO to do what they want with them. Good luck to all! DONALD J. TRUMP, PRESIDENT OF THE UNITED STATES OF AMERICA","['gasoline', 'moscow', 'putin', 'russia', 'ukraine']",['military'],1.0
inside,114685507052179501,2025-06-15 04:32:40.635000+00:00,"The U.S. had nothing to do with the attack on Iran, tonight. If we are attacked in any way, shape or form by Iran, the full strength and might of the U.S. Armed Forces will come down on you at levels never seen before. However, we can easily get a deal done between Iran and Israel, and end this bloody conflict!!!",['iran'],"['attack', 'attacked']",1.0
inside,116789789595899412,2026-06-21 19:39:24.097000+00:00,"After spending Trillions of Dollars on NATO, Italy, and its Prime Minister, wouldn't even think of becoming involved with the Islamic Republic of Iran and their very serious Nuclear Threat. For decades, we defend them but, when tested, they are not there to defend us, and the rest of the World. Not good! President DONALD J. TRUMP",['iran'],['nuclear'],1
inside,116446283085364326,2026-04-22 03:41:10.711000+00:00,Iran is collapsing financially! They want the Strait of Hormuz opened immediately- Starving for cash! Losing 500 Million Dollars a day. Military and Police complaining that they are not getting paid. SOS!!!,"['hormuz', 'iran']","['military', 'strait']",1.0
inside,114258406263396157,2025-03-31 18:15:19.790000+00:00,"The Iran-backed Houthi Terrorists have been decimated by the relentless strikes over the past two weeks. Many of their Fighters and Leaders are no longer with us. We hit them every day and night — Harder and harder. Their capabilities that threaten Shipping and the Region are rapidly being destroyed. Our attacks will continue until they are no longer a threat to Freedom of Navigation. The choice for the Houthis is clear: Stop shooting at U.S. ships, and we will stop shooting at you. Otherwise, we have only just begun, and the real pain is yet to come, for both the Houthis and their sponsors in Iran.","['houthi', 'houthis', 'iran']","['destroyed', 'shipping', 'strikes']",1.0
inside,116446362429862966,2026-04-22 04:01:21.412000+00:00,RT is collapsing financially! They want the Strait of Hormuz opened immediately- Starving for cash! Losing 500 Million Dollars a day. Military and Police complaining that they are not getting paid. SOS!!!,['hormuz'],"['military', 'strait']",1
inside,116420484827577347,2026-04-17 14:20:20.537000+00:00,"Iran, with the help of the U.S.A., has removed, or is removing, all sea mines! Thank you! President DJT",['iran'],['mines'],1.0
inside,116253388303392718,2026-03-19 02:05:29.922000+00:00,"Israel, out of anger for what has taken place in the Middle East, has violently lashed out at a major facility known as South Pars Gas Field in Iran. A relatively small section of the whole has been hit. The United States knew nothing about this particular attack, and the country of Qatar was in no way, shape, or form, involved with it, nor did it have any idea that it was going to happen. Unfortunately, Iran did not know this, or any of the pertinent facts pertaining to the South Pars attack, and unjustifiably and unfairly attacked a portion of Qatar's LNG Gas facility. NO MORE ATTACKS WILL BE MADE BY ISRAEL pertaining to this extremely important and valuable South Pars Field unless Iran unwisely decides to attack a very innocent, in this case, Qatar - In which instance the United States of America, with or without the help or consent of Israel, will massively blow up the entirety of the South Pars Gas Field at an amount of strength and power that Iran has never seen or witnessed before. I do not want to authorize this level of violence and destruction because of the long term implications that it will have on the future of Iran, but if Qatar's LNG is again attacked, I will not hesitate to do so. Thank you for your attention to this matter. President DONALD J. TRUMP",['iran'],"['attack', 'attacked']",1.0
inside,116634668906719597,2026-05-25 10:10:10.222000+00:00,"I laugh at all of the Dumocrats, RINOS, and Fools who know nothing about the potential deal I am making with Iran, things that haven't even been negotiated yet, weak and ineffective people like failed Senator Thom Tillis (Soon out of office!), Bill Cassidy, who just suffered a massive Primary loss, really bad Congressman Thomas Massie, a major sleazebag who lost in a landslide to a great American Patriot (Endorsed by “TRUMP”) after showing tremendous disloyalty to his Party (and Country!), and almost all Dumocrats, people that have totally lost their way, constantly supporting bad policy and even worse candidates, but are constantly critical of each and every fantastic win I have. These people should go home and rest, they do nothing but create division and loss. In other words, they are losers! The deal with Iran will either be a great and meaningful one, or there will be no deal. It will be the exact opposite of the JCPOA disaster negotiated by the failed Obama Administration, which was a direct and open path to a Nuclear Weapon for Iran. No, I don't do deals like that! President DJT",['iran'],"['jcpoa', 'nuclear']",1.0
inside,114760673221371284,2025-06-28 11:08:25.355000+00:00,"Charlie Kirk ( ) JUST IN — President Trump says he will no longer be removing sanctions from Iran after the Ayatollah claimed he won the war. ""As a man of great faith, he's not supposed to lie ... They are always so ... [Quotes DJT Trump of 6/27/2025, 10:56am]",['iran'],['sanctions'],1.0
inside,116093101641103750,2026-02-18 18:42:29.552000+00:00,"I have been telling Prime Minister Keir Starmer, of the United Kingdom, that Leases are no good when it comes to Countries, and that he is making a big mistake by entering a 100 Year Lease with whoever it is that is ""claiming"" Right, Title, and Interest to Diego Garcia, strategically located in the Indian Ocean. Our relationship with the United Kingdom is a strong and powerful one, and it has been for many years, but Prime Minister Starmer is losing control of this important Island by claims of entities never known of before. In our opinion, they are fictitious in nature. Should Iran decide not to make a Deal, it may be necessary for the United States to use Diego Garcia, and the Airfield located in Fairford, in order to eradicate a potential attack by a highly unstable and dangerous Regime — An attack that would potentially be made on the United Kingdom, as well as other friendly Countries. Prime Minister Starmer should not lose control, for any reason, of Diego Garcia, by entering a tenuous, at best, 100 Year Lease. This land should not be taken away from the U.K. and, if it is allowed to be, it will be a blight on our Great Ally. We will always be ready, willing, and able to fight for the U.K., but they have to remain strong in the face of Wokeism, and other problems put before them. DO NOT GIVE AWAY DIEGO GARCIA!",['iran'],['attack'],0.0
inside,114336723764365914,2025-04-14 14:12:30.017000+00:00,"The War between Russia and Ukraine is Biden's war, not mine. I just got here, and for four years during my term, had no problem in preventing it from happening. President Putin, and everyone else, respected your President! I HAD NOTHING TO DO WITH THIS WAR, BUT AM WORKING DILIGENTLY TO GET THE DEATH AND DESTRUCTION TO STOP. If the 2020 Presidential Election was not RIGGED, and it was, in so many ways, that horrible War would never have happened. President Zelenskyy and Crooked Joe Biden did an absolutely horrible job in allowing this travesty to begin. There were so many ways of preventing it from ever starting. But that is the past. Now we have to get it to STOP, AND FAST. SO SAD!","['putin', 'russia', 'ukraine', 'zelenskyy']",['mine'],0.0
inside,114474136794655068,2025-05-08 20:38:26.461000+00:00,"Talks with Russia/Ukraine continue. The U.S. calls for, ideally, a 30-day unconditional ceasefire. Hopefully, an acceptable ceasefire will be observed, and both Countries will be held accountable for respecting the sanctity of these direct negotiations. If the ceasefire is not respected, the U.S. and its partners will impose further sanctions. Thousands of young soldiers are dying on a weekly basis, and everybody should want it to STOP. I do, and the United States of America does, also. As President, I will stay committed to securing Peace between Russia and Ukraine, together with the Europeans, and a Lasting Peace it will be! This ceasefire must ultimately build toward a Peace Agreement. It can all be done very quickly, and I will be available on a moment's notice if my services are needed. Thank you for your attention to this matter!","['russia', 'ukraine']",['sanctions'],1.0
inside,116224969784331828,2026-03-14 01:38:17.734000+00:00,"RT had plans of taking over the entire Middle East, and completely obliterating Israel. JUST LIKE IRAN ITSELF, THOSE PLANS ARE NOW DEAD! President DONALD J. TRUMP",['iran'],['obliterating'],1
inside,116669598824791805,2026-05-31 14:13:18.473000+00:00,"RT spending this week reviewing the Iranian war I am now convinced President Trump is on the edge of an historic victory. The real breakthrough for me came as I reviewed President Trump's decisions and maneuvers not from the standpoint of American unilateralism but from the standpoint of the leader of a remarkable historic coalition, the largest coalition ever put together in the modern Middle East. Everyone understands that Israel is an important ally. What is little discussed is the depth of support from the United Arab Emirates, Qatar, Bahrain, Saudi Arabia and other countries in the region. It has to be sobering for the Iranian dictatorship to realize that it does not have a single ally willing to challenge the American naval blockade. Slowly, gradually, timidly, our European allies are lining up to help with the Persian Gulf and the Strait of Hormuz. A great deal of President Trump's maneuvers against Iran make sense once he is seen as a coalition leader and not just as a unilateral American President. I spent a lot of the last couple weeks reviewing kinetic options including wining the battle of the Persian Gulf and the Strait of Hormuz and if necessary using the shocking and shattering level of force President Nixon and Secretary Kissinger used against Hanoi and Haiphong in Christmas 1972 (which both leaders believed convinced the North Vietnamese to agree to a truce and the freeing of American POWs). If this were a unilateral American campaign I could enthusiastically support a more aggressive kinetic campaign. However it is also clear it would shatter the coalition because our Arab allies are convinced Iran could still do enormous damage to their oil fields and infrastructure. Coalitions are inherently slower than unilateral campaigns. However coalitions ultimately bring vastly more power to the fight. I am as frustrated as everyone else by the pace of talking with the dictatorship but having reviewed the correlation of forces and the options available to the coalition on one side and the Iranian religiously motivated dictatorship on the other I am prepared to assert that President Trump's coalition leadership (something almost none of his critics want to acknowledge) is within reach of an enormous historic victory. And if the Iranian dictatorship ultimately proves it is hopelessly committed to a suicidal position there will be plenty of time for a kinetic campaign of enormous power and effectiveness. Either way we are on the edge of an astonishing victory for our values and for a safer Middle East.","['hormuz', 'iran', 'iranian', 'oil', 'persian gulf', 'saudi']","['blockade', 'naval', 'strait']",1
inside,116150413051904167,2026-02-28 21:37:32.281000+00:00,"Khamenei, one of the most evil people in History, is dead. This is not only Justice for the people of Iran, but for all Great Americans, and those people from many Countries throughout the World, that have been killed or mutilated by Khamenei and his gang of bloodthirsty THUGS. He was unable to avoid our Intelligence and Highly Sophisticated Tracking Systems and, working closely with Israel, there was not a thing he, or the other leaders that have been killed along with him, could do. This is the single greatest chance for the Iranian people to take back their Country. We are hearing that many of their IRGC, Military, and other Security and Police Forces, no longer want to fight, and are looking for Immunity from us. As I said last night, ""Now they can have Immunity, later they only get Death!"" Hopefully, the IRGC and Police will peacefully merge with the Iranian Patriots, and work together as a unit to bring back the Country to the Greatness it deserves. That process should soon be starting in that, not only the death of Khamenei but the Country has been, in only one day, very much destroyed and, even, obliterated. The heavy and pinpoint bombing, however, will continue, uninterrupted throughout the week or, as long as necessary to achieve our objective of PEACE THROUGHOUT THE MIDDLE EAST AND, INDEED, THE WORLD! Thank you for your attention to this matter. PRESIDENT DONALD J. TRUMP","['iran', 'iranian', 'irgc', 'khamenei']","['destroyed', 'military', 'obliterated']",1.0
inside,116002095109616255,2026-02-02 16:58:20.085000+00:00,"It was an Honor to speak with Prime Minister Modi, of India, this morning. He is one of my greatest friends and, a Powerful and Respected Leader of his Country. We spoke about many things, including Trade, and ending the War with Russia and Ukraine. He agreed to stop buying Russian Oil, and to buy much more from the United States and, potentially, Venezuela. This will help END THE WAR in Ukraine, which is taking place right now, with thousands of people dying each and every week! Out of friendship and respect for Prime Minister Modi and, as per his request, effective immediately, we agreed to a Trade Deal between the United States and India, whereby the United States will charge a reduced Reciprocal Tariff, lowering it from 25% to 18%. They will likewise move forward to reduce their Tariffs and Non Tariff Barriers against the United States, to ZERO. The Prime Minister also committed to ""BUY AMERICAN,"" at a much higher level, in addition to over $500 BILLION DOLLARS of U.S. Energy, Technology, Agricultural, Coal, and many other products. Our amazing relationship with India will be even stronger going forward. Prime Minister Modi and I are two people that GET THINGS DONE, something that cannot be said for most. Thank you for your attention to this matter! PRESIDENT DONALD J. TRUMP","['oil', 'russia', 'russian', 'ukraine', 'venezuela']",['tariff'],1.0
inside,116750372942466677,2026-06-14 20:35:13.697000+00:00,"Victoria Coates of the Heritage Foundation is absolutely fantastic! She gets it like few other do. Thank you Victoria. Iran will never have a Nuclear weapon, and the Strait of Hormuz will be opening up for business very shortly!!! President DJT","['hormuz', 'iran']","['nuclear', 'strait']",1.0
inside,116386190374675994,2026-04-11 12:58:48.715000+00:00,"The Fake News Media has lost total credibility, not that they had any to begin with. Because of their massive Trump Derangement Syndrome (Sometimes referred to as TDS!), they love saying that Iran is ""winning"" when, in fact, everyone knows that they are LOSING, and LOSING BIG! Their Navy is gone, their Air Force is gone, their Anti Aircraft apparatus is nonexistent, Radar is dead, their Missile and Drone Factories have been largely obliterated along with the Missiles and Drones themselves and, most importantly, their longtime ""Leaders"" are no longer with us, praise be to Allah! The only thing they have going is the threat that a ship may ""bunk"" into one of their sea mines which, by the way, all 28 of their mine dropper boats are also lying at the bottom of the sea. We're now starting the process of clearing out the Strait of Hormuz as a favor to Countries all over the World, including China, Japan, South Korea, France, Germany, and many others. Incredibly, they don't have the Courage or Will to do this work themselves. Very interestingly, however, empty Oil carrying ships from many Nations are all heading to the United States of America to LOAD UP with Oil. Thank you for your attention to this matter! President DONALD J. TRUMP","['hormuz', 'iran', 'oil']","['drone', 'drones', 'mine', 'mines', 'navy', 'obliterated', 'strait']",1.0
inside,116899176820572671,2026-07-11 03:18:00.685000+00:00,"1000 Missiles are Locked and Loaded and aimed at the Islamic Republic of Iran, with thousands of more to immediately follow, should the Iranian Government act on its threat, pronounced in many corners of the Globe, to assassinate, or attempt to assassinate, the sitting President of the United States of America, in this case, ME! Orders have already been given, and the U.S. Military is ready, willing, and able, for a one year period of time, subject to extension, to completely decimate and destroy all areas of Iran - PRAISE BE TO ALLAH! President DONALD J. TRUMP","['iran', 'iranian']","['destroy', 'military']",1
inside,116263563453969628,2026-03-20 21:13:10.398000+00:00,"We are getting very close to meeting our objectives as we consider winding down our great Military efforts in the Middle East with respect to the Terrorist Regime of Iran: (1) Completely degrading Iranian Missile Capability, Launchers, and everything else pertaining to them. (2) Destroying Iran's Defense Industrial Base. (3) Eliminating their Navy and Air Force, including Anti Aircraft Weaponry. (4) Never allowing Iran to get even close to Nuclear Capability, and always being in a position where the U.S.A. can quickly and powerfully react to such a situation, should it take place. (5) Protecting, at the highest level, our Middle Eastern Allies, including Israel, Saudi Arabia, Qatar, the United Arab Emirates, Bahrain, Kuwait, and others. The Hormuz Strait will have to be guarded and policed, as necessary, by other Nations who use it — The United States does not! If asked, we will help these Countries in their Hormuz efforts, but it shouldn't be necessary once Iran's threat is eradicated. Importantly, it will be an easy Military Operation for them. Thank you for your attention to this matter! President DONALD J. TRUMP","['hormuz', 'iran', 'iranian', 'saudi']","['military', 'navy', 'nuclear', 'strait']",1.0
inside,116438577686057718,2026-04-20 19:01:35.649000+00:00,"RT 'm winning a War, BY A LOT, things are going very well, our Military has been amazing and, if you read the Fake News, like The Failing New York Times, the absolutely horrendous and disgusting Wall Street Journal, or the now almost defunct, fortunately, Washington Post, you would actually think we are losing the War. The enemy is confused, because they get these same Media ""reports,"" and yet they realize their Navy has been completely wiped out, their Air Force has gone onto darker runways, they have no Anti Missile or Anti Airplane Equipment, their former leaders are mostly gone (This has been, in addition to everything else, Regime Change!), and perhaps, most important of all, THE BLOCKADE, which we will not take off until there is a ""DEAL,"" is absolutely destroying Iran. They are losing $500 Million Dollars a day, an unsustainable number, even in the short run. The Anti-America Fake News Media is rooting for Iran to win, but it's not going to happen, because I'm in charge! Just like these unpatriotic people used every ounce of their limited strength to fight me in the Election, they continue to do so with Iran. The result will be the same — It already is! President DONALD J. TRUMP",['iran'],"['blockade', 'military', 'navy', 'regime change']",1
inside,116207821606085249,2026-03-11 00:57:17.299000+00:00,52% of US Likely Voters support Trump's decision to strike Iran: Poll: justthenews.com/politics-polic,['iran'],['strike'],1.0
inside,115972658725010644,2026-01-28 12:12:16.502000+00:00,"A massive Armada is heading to Iran. It is moving quickly, with great power, enthusiasm, and purpose. It is a larger fleet, headed by the great Aircraft Carrier Abraham Lincoln, than that sent to Venezuela. Like with Venezuela, it is, ready, willing, and able to rapidly fulfill its mission, with speed and violence, if necessary. Hopefully Iran will quickly ""Come to the Table"" and negotiate a fair and equitable deal - NO NUCLEAR WEAPONS - one that is good for all parties. Time is running out, it is truly of the essence! As I told Iran once before, MAKE A DEAL! They didn't, and there was ""Operation Midnight Hammer,"" a major destruction of Iran. The next attack will be far worse! Don't make that happen again. Thank you for your attention to this matter! President DONALD J. TRUMP","['iran', 'venezuela']","['attack', 'nuclear']",1.0
inside,116517438678419639,2026-05-04 17:16:58.896000+00:00,"Iran has taken some shots at unrelated Nations with respect to the Ship Movement, PROJECT FREEDOM, including a South Korean Cargo Ship. Perhaps it's time for South Korea to come and join the mission! We've shot down seven small Boats or, as they like to call them, “fast” Boats. It's all they have left. Other than the South Korean Ship, there has been, at this moment, no damage going through the Strait. Secretary of War Pete Hegseth and Chairman of the Joint Chiefs of Staff, Dan Caine, will have a News Conference tomorrow morning. Thank you for your attention to this matter! President DONALD J. TRUMP",['iran'],['strait'],1.0
inside,114732962923492888,2025-06-23 13:41:19.765000+00:00,"GET THIS ""BUM"" OUT OF OFFICE, ASAP!!! ·June 22 Congressman Thomas Massie of Kentucky is not MAGA, even though he likes to say he is. Actually, MAGA doesn't want him, doesn't know him, and doesn't respect him. He is a negative force who almost always Votes ""NO,"" no matter how good something may be. He's a simple minded ""grandstander"" who thinks it's good politics for Iran to have the highest level Nuclear weapon, while at the same time yelling ""DEATH TO AMERICA"" at every chance they get. Iran has killed and maimed thousands of Americans, and even took over the American Embassy in Tehran under the Carter Administration. We had a spectacular military success yesterday, taking the ""bomb"" right out of their hands (and they would use it if they could!) but, as usual, and despite all of the praise and accolades received, this ""lightweight"" Congressman is against what was so brilliantly achieved last night in Iran. Massie is weak, ineffective, and votes ""NO"" on virtually everything put before him (Rand Paul, Jr.), no matter how good something may be. He is disrespectful to our great military, and all that they stand for, not even acknowledging their brilliance and bravery in yesterday's attack, which was a total and complete WIN. Massie should drop his fake act and start putting America First, but he doesn't know how to get there — he doesn't have a clue! He'll undoubtedly vote against the Great, Big, Beautiful Bill, even though non-passage means a 68% Tax Increase for everybody, and many things far worse than that. MAGA should drop this pathetic LOSER, Tom Massie, like the plague! The good news is that we will have a wonderful American Patriot running against him in the Republican Primary, and I'll be out in Kentucky campaigning really hard. MAGA is not about lazy, grandstanding, nonproductive politicians, of which Thomas Massie is definitely one. Thank you to our incredible military for the AMAZING job they did last night. It was really SPECIAL!!! MAKE AMERICA GREAT AGAIN.","['iran', 'tehran']","['attack', 'military', 'nuclear']",0
inside,117116752164653735,2026-08-18 13:30:16.965000+00:00,"There are no talks or conversations going on, or scheduled, with the Islamic Republic of Iran. The Naval Blockade remains in full force and effect. The Hormuz Strait is open and operating. All water mines have been removed or detonated. Thank you for your attention to this matter! President DONALD J. TRUMP","['hormuz', 'iran']","['blockade', 'mines', 'naval', 'strait']",1
inside,116058518017586892,2026-02-12 16:07:25.336000+00:00,"AG Pam Bondi, under intense fire from the Trump Deranged Radical Left Lunatics, was fantastic at yesterday's Hearing on the never ending saga of Jeffrey Epstein, where the one thing that has been proven conclusively, much to their chagrin, was that President Donald J. Trump has been 100% exonerated of their ridiculous Russia, Russia, Russia type charges. Actually, it is the SLIMEBALL Democrats, many of them big Donors and Politicians, that have been proven GUILTY! ""Republican"" Loser, Sanctimonious RINO Congressman, Thomas Massie, made a total fool of himself yesterday, fighting aimlessly against a hopeless agenda of Hate and Stupidity, as most clearly stated by his crashing Job Approval Numbers in the Great Commonwealth of Kentucky, where a Military Hero Opponent, Ed Gallrein, is crushing him in the Polls. He is now in ""Wacky"" Liz Cheney territory! Nobody cared about Epstein when he was alive, they only cared about him when they thought he could create Political Harm to a very popular President who has brought our Country back from the brink of extinction, and very quickly, at that! In fact, this attempt by the Democrats to take away attention from tremendous Republican SUCCESS is backfiring badly. Maybe they should focus on their quest to Open our Borders to the World's Greatest Criminals, have Transgender for Everybody or, get Men, no matter their size or strength, to play in Women's Sports. Thank you for your attention to this matter! PRESIDENT DONALD J. TRUMP",['russia'],['military'],0
inside,114436142904738936,2025-05-02 03:36:05.709000+00:00,"The Democrats are really out of control. They have lost everything, especially their minds! These Radical Left Lunatics are into the ""Impeachment thing"" again. They have already got two ""No Name,"" little respected Congressmen, total Whackjobs both, throwing the ""Impeachment"" of DONALD J. TRUMP around, for about the 20th time, even though they have no idea for what I would be Impeached. Maybe it should be for cleaning up the MESS that they left us on the Border, or the Highest Inflation in our Country's History or, perhaps, it should be the incompetent Withdrawal from Afghanistan, or Russia, Russia, Russia/Ukraine, Ukraine, Ukraine, or the Attack of Israel on October 7th that only proceeded because they allowed Iran to regain Great Wealth. These Congressmen stated that, they didn't know why they would Impeach me but, ""We just want to do it."" The Republicans should start to think about expelling them from Congress for all of the crimes that they have committed, especially around Election time(s). These are very dishonest people that won't let our Country heal! Why do we allow them to continuously use Impeachment as a weapon against the President of the United States who, by all accounts, is working hard to SAVE OUR COUNTRY. It's the same playbook that they used in my First Term, and Republicans are not going to allow them to get away with it again. These are total LOWLIFES, who hate our Country, and everything it stands for. Perhaps we should start playing this game on them, and expel Democrats for the many crimes that they have committed — And these are REAL crimes. Remember, ""Shifty"" Adam Schiff demanded a Pardon, and they had to use the power of the Auto Pen, and a Full Pardon, for him and the Unselect Committee of Political Thugs, to save them from Expulsion, and probably worse!","['iran', 'russia', 'ukraine']",['attack'],1.0
inside,116386223863837276,2026-04-11 13:07:19.719000+00:00,"RT Fake News Media has lost total credibility, not that they had any to begin with. Because of their massive Trump Derangement Syndrome (Sometimes referred to as TDS!), they love saying that Iran is ""winning"" when, in fact, everyone knows that they are LOSING, and LOSING BIG! Their Navy is gone, their Air Force is gone, their Anti Aircraft apparatus is nonexistent, Radar is dead, their Missile and Drone Factories have been largely obliterated along with the Missiles and Drones themselves and, most importantly, their longtime ""Leaders"" are no longer with us, praise be to Allah! The only thing they have going is the threat that a ship may ""bunk"" into one of their sea mines which, by the way, all 28 of their mine dropper boats are also lying at the bottom of the sea. We're now starting the process of clearing out the Strait of Hormuz as a favor to Countries all over the World, including China, Japan, South Korea, France, Germany, and many others. Incredibly, they don't have the Courage or Will to do this work themselves. Very interestingly, however, empty Oil carrying ships from many Nations are all heading to the United States of America to LOAD UP with Oil. Thank you for your attention to this matter! President DONALD J. TRUMP","['hormuz', 'iran', 'oil']","['drone', 'drones', 'mine', 'mines', 'navy', 'obliterated', 'strait']",1
inside,116187586876366061,2026-03-07 11:11:19.827000+00:00,"Iran, which is being beat to HELL, has apologized and surrendered to its Middle East neighbors, and promised that it will not shoot at them anymore. This promise was only made because of the relentless U.S. and Israeli attack. They were looking to take over and rule the Middle East. It is the first time that Iran has ever lost, in thousands of years, to surrounding Middle Eastern Countries. They have said, ""Thank you President Trump."" I have said, ""You're welcome!"" Iran is no longer the ""Bully of the Middle East,"" they are, instead, ""THE LOSER OF THE MIDDLE EAST,"" and will be for many decades until they surrender or, more likely, completely collapse! Today Iran will be hit very hard! Under serious consideration for complete destruction and certain death, because of Iran's bad behavior, are areas and groups of people that were not considered for targeting up until this moment in time. Thank you for your attention to this matter! President DONALD J. TRUMP",['iran'],['attack'],1.0
inside,116754269577470122,2026-06-15 13:06:11.628000+00:00,"Ships are starting to move, many loaded up with Oil, out of the Strait of Hormuz. They are going along the Southern “Highway,” which is totally safe, secure, and pristine. There are other areas of travel, also!!! President DJT","['hormuz', 'oil']",['strait'],1.0
boundary,115522186645083678,2025-11-09 22:51:18.056000+00:00,"RT New York Post report on the Nobel Peace Prize Winner dedicating her prize to President Trump may be a bigger honor than if the Committee had given the prize directly to the President. As the Post reported "" Venezuelan opposition leader María Corina Machado on Friday said her historic Nobel Peace Prize isn't just a victory for her embattled nation — it's also a tribute to President Donald Trump, whose policies have ""restored democracy and freedom in the Americas.""""I dedicated this award to the Venezuelan people and President Trump because I believe that's absolutely fair. We, the Venezuelan people, are absolutely grateful to President Trump for the way he has supported democracy and freedom in the Americas."" Remember she is praising him for working on Venezuela while his public focus has been on Gaza and Ukraine. President Trump's reach and ability to multitask is historic.","['ukraine', 'venezuela', 'venezuelan']",[],0
boundary,116771222226594566,2026-06-18 12:57:28.525000+00:00,Pope Leo commends US-Iran peace deal: justthenews.com/nation/religio,['iran'],[],0
boundary,115612007398266637,2025-11-25 19:33:53.982000+00:00,"Over the past week, my team has made tremendous progress with respect to ending the War between Russia and Ukraine (A War that would have NEVER started if I were President!). Last month 25,000 soldiers died. The original 28-Point Peace Plan, which was drafted by the United States, has been fine-tuned, with additional input from both sides, and there are only a few remaining points of disagreement. In the hopes of finalizing this Peace Plan, I have directed my Special Envoy Steve Witkoff to meet with President Putin in Moscow and, at the same time, Secretary of the Army Dan Driscoll will be meeting with the Ukrainians. I will be briefed on all progress made, along with Vice President JD Vance, Secretary of State Marco Rubio, Secretary of War Pete Hegseth, and White House Chief of Staff Susie Wiles. I look forward to hopefully meeting with President Zelenskyy and President Putin soon, but ONLY when the deal to end this War is FINAL or, in its final stages. Thank you for your attention to this very important matter, and let’s all hope that PEACE can be accomplished AS SOON AS POSSIBLE! DONALD J. TRUMP PRESIDENT OF THE UNITED STATES OF AMERICA","['moscow', 'putin', 'russia', 'ukraine', 'zelenskyy']",[],1
boundary,114745136248099636,2025-06-25 17:17:09.957000+00:00,"Israel just stated that the Nuclear Sites were OBLITERATED! Thank you to our great B-2 pilots, and all others involved!",[],"['nuclear', 'obliterated']",1.0
boundary,114254008984567465,2025-03-30 23:37:02.640000+00:00,"Kristen Welker's entire first half hour of the Lowly Rated Meet the Fake Press this morning, was devoted to the boring Signal Witch Hunt. She doesn't want to talk in detail about anything that matters like how well we are doing against the Houthis, substantive Peace Talks with Russia and Ukraine or, Iran, Iran, Iran. She wastes my Administration's time by talking to them about ""NOTHING."" Why can't NBC, one of the Worst Broadcasters on Television, hire people that are honest and credible? The reason they don't is because their Chairman, Brian Roberts, is a pathetic Loser, who is petrified of the Left, and always will be. Comcast's MSNBC and NBC have fought me for years, spending almost all of their waking hours making up Fake Stories — and look, I'm PRESIDENT, with really high Poll Numbers and Great Accomplishments. Good job Brian!","['houthis', 'iran', 'russia', 'ukraine']",[],0
boundary,115647063978030089,2025-12-02 00:09:14.938000+00:00,"Obama sycophant, the former Attorney General of the United States, who did so much to hurt our Country, and who weaponized the Obama Administration against the Republican Party (and ME!), Eric Holder (known as ""FAST AND FURIOUS"") just gave a Speech where he emphatically stated, above all else, that Democrats will PACK the Supreme Court of the United States if they get the chance. The word is, he wants 21 Radical Left Activist Judges, not being satisfied with the heretofore 15 that they were seeking. It will be 21, they will destroy our Constitution, and there's not a thing that the Republicans can do about it unless we TERMINATE THE FILIBUSTER, which will lead to an easy WIN of the Midterms, and an even easier WIN in the Presidential Election of 2028. Why would the Republicans even think about giving them this opportunity? The American People don't want gridlock, they want their Leaders to GET THINGS DONE — TERMINATE THE FILIBUSTER, AND HAVE THE MOST SUCCESSFUL FOUR YEARS IN THE HISTORY OF OUR COUNTRY, BY FAR, WITH NOT EVEN THE HINT OF A SHUTDOWN OF OUR GREAT NATION ON JANUARY 30TH! Video --",[],['destroy'],0
boundary,114779394158777330,2025-07-01 18:29:24.190000+00:00,"Almost all of our Great Republicans in the United States Senate have passed our ""ONE, BIG, BEAUTIFUL BILL."" It is no longer a ""House Bill"" or a ""Senate Bill"". It is everyone's Bill. There is so much to be proud of, and EVERYONE got a major Policy WIN — But, the Biggest Winner of them all will be the American People, who will have Permanently Lower Taxes, Higher Wages and Take Home Pay, Secure Borders, and a Stronger and More Powerful Military. Additionally, Medicaid, Medicare, and Social Security Benefits are not being cut, but are being STRENGTHENED and PROTECTED from the Radical and Destructive Democrats by eliminating Waste, Fraud, and Abuse from those Programs. We can have all of this right now, but only if the House GOP UNITES, ignores its occasional ""GRANDSTANDERS"" (You know who you are!), and does the right thing, which is sending this Bill to my desk. We are on schedule — Let's keep it going, and be done before you and your family go on a July 4thvacation. The American People need and deserve it. They sent us here to, GET IT DONE! Our Country is going to explode with Massive Growth, even more than it already has since I was Re-Elected. Between the Growth, this Bill, our Tariffs, and more, ""THE ONE, BIG, BEAUTIFUL BILL"" sets the United States down a fiscal path by greatly reducing our Federal Deficit, and setting us on course for enormous Prosperity in the new and wonderful Golden Age of America. To my GOP friends in the House: Stay UNITED, have fun, and Vote ""YAY."" GOD BLESS YOU ALL!",[],['military'],0
boundary,116432859604499088,2026-04-19 18:47:24.648000+00:00,"Trump, Iran and the Bottom Line for American Interests: realclearpolitics.com/articles",['iran'],[],0
boundary,116206732840510472,2026-03-10 20:20:24.055000+00:00,"I am pleased to report that within the last few hours, we have hit, and completely destroyed, 10 inactive mine laying boats and/or ships, with more to follow! President DONALD J. TRUMP",[],"['destroyed', 'mine']",1
boundary,114944494894008041,2025-07-30 22:16:41.483000+00:00,"I am pleased to announce that the United States of America has agreed to a Full and Complete Trade Deal with the Republic of Korea. The Deal is that South Korea will give to the United States $350 Billion Dollars for Investments owned and controlled by the United States, and selected by myself, as President. Additionally, South Korea will purchase $100 Billion Dollars of LNG, or other Energy products and, further, South Korea has agreed to invest a large sum of money for their Investment purposes. This sum will be announced within the next two weeks when the President of South Korea, Lee Jae Myung, comes to the White House for a Bilateral Meeting. I would also like to congratulate the new President on his Electoral Success. It is also agreed that South Korea will be completely OPEN TO TRADE with the United States, and that they will accept American product including Cars and Trucks, Agriculture, etc. We have agreed to a Tariff for South Korea of 15%. America will not be charged a Tariff. I would like to thank the Trade Representatives who came forward today. It was an Honor to meet them, and talk about the Great Success of their Country!",[],['tariff'],0
boundary,115483103242712538,2025-11-03 01:11:52.663000+00:00,"RT just spoke to President Trump, and we agree — the relationship between the United States and China has never been better. Following President Trump's historic meeting with Chairman Xi in South Korea, I had an equally positive meeting with my counterpart, China's Minister of National Defense Admiral Dong Jun in Malaysia. And we spoke again last night. The Admiral and I agree that peace, stability, and good relations are the best path for our two great and strong countries. As President Trump said, his historic ""G2 meeting"" set the tone for everlasting peace and success for the U.S. and China. The Department of War will do the same — peace through strength, mutual respect, and positive relations. Admiral Dong and I also agreed that we should set up military-to-military channels to deconflict and deescalate any problems that arise. We have more meetings on that coming soon. God bless both China and the USA!",[],['military'],0
boundary,116884610837999938,2026-07-08 13:33:41.429000+00:00,President Zelenskyy and I just had a News Conference with the Fake News. It went very well. Everybody is looking for a solution. Very positive! President DONALD J. TRUMP,['zelenskyy'],[],1
boundary,116770163996850294,2026-06-18 08:28:21.221000+00:00,"Trump Says He Welcomes China, India Investment in Venezuela Oil: bloomberg.com/news/articles/20","['oil', 'venezuela']",[],1
boundary,116676034049614301,2026-06-01 17:29:52.212000+00:00,"I had a very productive call with Prime Minister Bibi Netanyahu, of Israel, and there will be no Troops going to Beirut, and any Troops that are on their way, have already been turned back. Likewise, through highly placed Representatives, I had a very good call with Hezbollah, and they agreed that all shooting will stop — That Israel will not attack them, and they will not attack Israel. President DONALD J. TRUMP",[],['attack'],1
boundary,116302759431805190,2026-03-27 19:21:13.556000+00:00,"The Republicans should TERMINATE THE FILIBUSTER, and VOTE! Haven't they had enough of this nonsense from the Radical Left Lunatics that are looking to destroy our Country? MAKE AMERICA GREAT AGAIN! President DONALD J. TRUMP",[],['destroy'],0
boundary,116193527873859174,2026-03-08 12:22:12.254000+00:00,"Great Job by hard working Scott Pressler on Fox & Friends talking about using the Filibuster, or Talking Filibuster, in order to pass THE SAVE AMERICA ACT, an 88% issue with ALL VOTERS. It must be done immediately. It supersedes everything else. MUST GO TO THE FRONT OF THE LINE. I, as President, will not sign other Bills until this is passed, AND NOT THE WATERED DOWN VERSION - GO FOR THE GOLD: MUST SHOW VOTER I.D. & PROOF OF CITIZENSHIP: NO MAIL-IN BALLOTS EXCEPT FOR MILITARY - ILLNESS, DISABILITY, TRAVEL: NO MEN IN WOMEN'S SPORTS: NO TRANSGENDER MUTILIZATION FOR CHILDREN! DO NOT FAIL!!! President DONALD J. TRUMP",[],['military'],0
boundary,114961541517491341,2025-08-02 22:31:52.315000+00:00,"THE DEMOCRATS ARE EXTORTIONISTS WHO ALMOST DESTROYED OUR COUNTRY. NOW WE ARE BACK, AND THE USA IS THE ""HOTTEST"" COUNTRY ANYWHERE IN THE WORLD. MAKE AMERICA GREAT AGAIN!!!",[],['destroyed'],0
boundary,115943220561708200,2026-01-23 07:25:45.778000+00:00,"RT Newscum, as a ""Lame Duck"" Governor of a Failing State, should not be at Davos running around screaming for the attention of Foreign Leaders, and embarrassing our Country. He made a mockery of himself, and everybody, including his staff, knows it! He should get the permits so that people can build their homes destroyed by the fire that he could have prevented if he would have allowed water to flow from the Pacific Northwest. He should finish his monstrously ""overbudget and behind schedule"" Railroad, from San Francisco to L.A., one of the Greatest Public Disasters in History, and focus on stopping Crime in the streets of California Cities — Then finish out his term, and GO HOME! With a record like he's got, the ruination of one of the most beautiful places on Earth, where people are leaving in droves, it is unimaginable that he could run for President but, who knows, it's a very strange World!",[],"['destroyed', 'to flow']",0
boundary,115503140217634129,2025-11-06 14:07:32.637000+00:00,"2025 Thanksgiving dinner under Trump is 25% lower than 2024 Thanksgiving dinner under Biden, according to Walmart. My cost are lower than the Democrats on everything, especially oil and gas! So the Democrats ""affordability"" issue is DEAD! STOP LYING!!!",['oil'],[],0
boundary,117037743827019674,2026-08-04 14:37:25.407000+00:00,FIRST ON FOX: Trump to open direct line with military families in ground-up readiness push:,[],['military'],0
boundary,115124030766596526,2025-08-31 15:15:01.492000+00:00,"Can you imagine being so stupid as to destroy one of the best areas in the United States by building Low Income Housing there? The people must be having a ""fit."" thecentersquare.com/california Newsom unveils $101M to build Palisades low-income housing (The Center Square) — Six months after the devastating Palisades and Eaton fires, California Gov. Gavin Newsom unveiled $101 million in funding Tuesday for ""multifamily low-income housing development""…",[],['destroy'],0
boundary,116001984939496310,2026-02-02 16:30:19.023000+00:00,US forces strike ISIS-Somalia leaders in Somalia caves: foxnews.com/video/638867263011,[],['strike'],0.0
boundary,116455187676369886,2026-04-23 17:25:43.987000+00:00,"John Phelan is a long time friend, and very successful businessman, who did an outstanding job serving as my Secretary Of The Navy for the last year. John helped my Administration rebuild Sleepy Joe Biden's rapidly depleted, and almost abandoned, Navy. Now, because of John, and all of the Great Men and Women lovingly and tirelessly involved, we have the strongest Navy in the World — BY FAR! John Phelan is smart, tough, and respected by all, and although he has decided to move on from his position as Secretary Of The Navy, I very much appreciate the job that he has done, and would certainly like to have him back within the Trump Administration sometime in the future. A very special thank you to John for his service to the United States of America! President DONALD J. TRUMP",[],['navy'],0
boundary,115563298458806964,2025-11-17 05:06:34.549000+00:00,"It's a Democrat Hoax for purposes of deflection, just like the Russia, Russia, Russia Scam!!! They had the sleazy relationships with Epstein, and should be prosecuted!!!",['russia'],[],0.0
boundary,116634703608757444,2026-05-25 10:18:59.733000+00:00,"Happy Memorial Day to all, including the Dumocrats, who disrespect our Military and all of the tremendous success that it has had over the last year. God Bless those that have made the ultimate sacrifice. I love you all! President DONALD J. TRUMP",[],['military'],0.0
boundary,114559436943598657,2025-05-23 22:11:23.441000+00:00,REFORMING NUCLEAR REACTOR TESTING AT THE DEPARTMENT OF ENERGY: whitehouse.gov/presidential-ac ORDERING THE REFORM OF THE NUCLEAR REGULATORY COMMISSION: whitehouse.gov/presidential-ac REINVIGORATING THE NUCLEAR INDUSTRIAL BASE: whitehouse.gov/presidential-ac,[],['nuclear'],0
boundary,114320237164839938,2025-04-11 16:19:44.473000+00:00,"Today, President Donald J. Trump and Cadwalader, Wickersham & Taft, LLP (""Cadwalader"") announce the following commitments regarding a series of actions to be taken by Cadwalader: 1. Cadwalader will provide a total of at least $100 Million Dollars in pro bono Legal Services, during the Trump Administration, and beyond, to causes that President Trump and Cadwalader both support, such as: Assisting Veterans and other Public Servants including, among others, members of the Military, Gold Star families, Law Enforcement, and First Responders; Ensuring fairness in our Justice System; and Combatting Antisemitism. Cadwalader's pro bono Committee will ensure that pro bono matters are consistent with these objectives, and that pro bono activities represent the full political spectrum, including Conservative ideals. 2. Cadwalader affirms its commitment to Merit-Based Hiring, Promotion, and Retention. Accordingly, the Firm will not engage in illegal DEI discrimination and preferences. Cadwalader affirms that it is Cadwalader's policy to give Fair and Equal consideration to Job Candidates, irrespective of their political beliefs, including Candidates who have served in the Trump Administration, and any other Republican or Democrat Administration. Cadwalader will engage independent outside counsel to advise the Firm in confirming that employment practices are fully compliant with Law, including, but not limited to, Anti-Discrimination Laws. 3. Cadwalader affirms that it will not deny representation to clients, such as members of politically disenfranchised groups and Government Officials, employees, and advisors, who have not historically received Legal representation from major National Law Firms, including in pro bono matters and in support of non-profits, because of the personal political views of individual lawyers, consistent with our intake and conflicts procedures and capabilities….",[],['military'],0
boundary,117133120342300539,2026-08-21 10:52:55.535000+00:00,"Today, I concluded a deal to substantially lower the price of ground beef for working American families. As everyone knows, under President Biden, beef prices soared at their fastest rate and the American beef herd fell to its smallest size in modern history. As we work to rebuild this herd and help our ranchers, for the next 90 days, the United States will allow up to 300,000 metric tons of product for ground beef to be imported with no out of quota tariff. We have a commitment that this beef will be sold at 25 percent below current market prices. This deal will reduce prices for Americans while giving space for our Great American Beef Herd to grow again. Thank you for your attention to this matter! President DONALD J. TRUMP",[],['tariff'],0
boundary,114084241095787137,2025-03-01 00:02:50.236000+00:00,"The Department of Justice has just returned the boxes that Deranged Jack Smith made such a big deal about. They are being brought down to Florida and will someday be part of the Trump Presidential Library. Justice finally won out. I did absolutely nothing wrong. This was merely an attack on a political opponent that, obviously, did not work well. Justice in our Country will now be restored.",[],['attack'],0
boundary,114061816777959152,2025-02-25 01:00:02.300000+00:00,"Our Country's doing really well, and today, I was just thinking, that the company building the Keystone XL Pipeline that was viciously jettisoned by the incompetent Biden Administration should come back to America, and get it built — NOW! I know they were treated very badly by Sleepy Joe Biden, but the Trump Administration is very different — Easy approvals, almost immediate start! If not them, perhaps another Pipeline Company. We want the Keystone XL Pipeline built!",[],['pipeline'],0
boundary,114124499360504090,2025-03-08 02:41:02.605000+00:00,"Our GREAT United States Naval Academy needs a new Board of Visitors. I am pleased to announce that an incredible group of Patriots will serve on the Board— Walt Nauta, Sean Spicer, ""Doc Ronnie"" Jackson, and Derek Van Orden. Together they will ensure continued Greatness for the Academy!",[],['naval'],0.0
boundary,117303154231930646,2026-09-20 11:34:46.790000+00:00,"At the strong request of the United States Military, and for National Security purposes, I have agreed to convert the magnificent Triumphal Arch, planned since the Civil War Era many years ago, at the Receptive Circle adjoining the Arlington Memorial Bridge, into a top grade Military Complex/Triumphal Arch, to house, store, and have the rapid ability to use large numbers of drones, plus Snipers, on both the roof and plaza areas, and additionally have and hold large quantities of sniper ammunition in storage. There will be no facility like this anywhere in the World. Out of the 59 top cities and Capitals, Washington, D.C., IS THE ONLY ONE IN THE WORLD THAT DOES NOT HAVE A TRIUMPHAL ARCH, but it will now and, by far, the greatest of them all! Thank you for your attention to this matter. President DONALD J. TRUMP",[],"['drones', 'military']",0
boundary,115491996994152487,2025-11-04 14:53:40.540000+00:00,"If affordability is you issue, VOTE REPUBLICAN! Energy costs, as and example, are plummeting - Getting close to 2 Dollar a gallon gasoline. When energy goes down, everything else follows, and it has!!! President DJT",['gasoline'],[],0
boundary,115499196526115634,2025-11-05 21:24:36.680000+00:00,"I am pleased to report that today, the United States has the STRONGEST ECONOMY, the STRONGEST BORDER, the STRONGEST MILITARY, the STRONGEST FRIENDSHIPS, and the STRONGEST SPIRIT of any nation anywhere—This is the Golden Age of America! rumble.com/v719kki-president-t Video:",[],['military'],0
boundary,117290107011309524,2026-09-18 04:16:42.003000+00:00,"Very interesting. A must read! Keep on leaking you dirty dogs! When we find you, you will pay a big price!!! President DJTWhat the disloyal leaks about Iran prove about Trump:",['iran'],[],0
boundary,113693359542059043,2024-12-21 23:16:31.059000+00:00,"The Panama Canal is considered a VITAL National Asset for the United States, due to its critical role to America's Economy and National Security. A secure Panama Canal is crucial for U.S. Commerce, and rapid deployment of the Navy, from the Atlantic to the Pacific, and drastically cuts shipping times to U.S. ports. The United States is the Number One user of the Canal, with over 70 percent of all transits heading to, or from, U.S. ports. Considered one of the Wonders of the Modern World, the Panama Canal opened for business 110 years ago, and was built at HUGE cost to the United States in lives and treasure - 38,000 American men died from infected mosquitos in the jungles during construction. Teddy Roosevelt was President of the United States at the time of its building, and understood the strength of Naval Power and Trade. When President Jimmy Carter foolishly gave it away, for One Dollar, during his term in Office, it was solely for Panama to manage, not China, or anyone else. It was likewise not given for Panama to charge the United States, its Navy, and corporations, doing business within our Country, exorbitant prices and rates of passage. Our Navy and Commerce have been treated in a very unfair and injudicious way. The fees being charged by Panama are ridiculous, especially knowing the extraordinary generosity that has been bestowed to Panama by the U.S. This complete ""rip-off"" of our Country will immediately stop….",[],"['naval', 'navy', 'ports', 'shipping']",1
boundary,114744949125614209,2025-06-25 16:29:34.695000+00:00,"We just caught the Failing New York Times, working with Fake News CNN, cheating again! They tried to demean the great work our B-2 pilots did, and they were wrong in doing so. These reporters are just BAD AND SICK PEOPLE. You would think they would be proud of the great success we had, instead of trying to always make our Country look bad. TOTAL OBLITERATION!",[],['obliteration'],0.0
boundary,114124513631913892,2025-03-08 02:44:40.369000+00:00,"Senator Eric Schmitt: ""The shift that you're seeing in the foreign policy of the United States is a shift to REALISM — the American taxpayers are tapped out of this war in Ukraine. President Trump is trying to bring PEACE!""",['ukraine'],[],0.0
boundary,114487210304050642,2025-05-11 04:03:12.383000+00:00,"A potentially great day for Russia and Ukraine! Think of the hundreds of thousands of lives that will be saved as this never ending ""bloodbath"" hopefully comes to an end. It will be a whole new, and much better, WORLD. I will continue to work with both sides to make sure that it happens. The USA wants to focus, instead, on Rebuilding and Trade. A BIG week upcoming!","['russia', 'ukraine']",[],1
boundary,116667326723211656,2026-05-31 04:35:28.955000+00:00,"The results of my Physical Examination, taken at Walter Reed Military Medical Center, and just released, were extremely good. Unlike other U.S. Presidents, none of whom have ever taken an approved, high difficulty, Cognitive Test, I scored a perfect 30 out of 30, considered “extreme intelligence.” Are the Dumocrats really surprised? In fact, this is my fourth such test, all PERFECT or, 120 correct answers out of 120 questions asked! It is very rare that anyone gets a Perfect Score, especially when achieved four times in a row. All people running for President and Vice President should be forced to take high difficulty Cognitive Tests. Congress, and the Dumocrats, should demand it! President DONALD J. TRUMP",[],['military'],0
boundary,116552244024465774,2026-05-10 20:48:26.330000+00:00,"“Any money paid to the United States of America does not have to be paid back” — That sentence, if added by the Supreme Court to its highly disputed Tariff decision, would have saved America 159 Billion Dollars! President DONALD J. TRUMP",[],['tariff'],0
boundary,116372497116210545,2026-04-09 02:56:26.172000+00:00,The Failing New York Times and Fake News CNN each reported a totally FAKE TEN POINT PLAN on the Iran negotiations which was meant to discredit the people involved in the peace process. All ten points were a made up HOAX - EVIL LOSERS!!! MAKE AMERICA GREAT AGAIN,['iran'],[],0
boundary,116272810363139207,2026-03-22 12:24:47.035000+00:00,"Now with the death of Iran, the greatest enemy America has is the Radical Left, Highly Incompetent, Democrat Party! Thank you for your attention to this matter. President DJT",['iran'],[],0.0
boundary,114746066225069169,2025-06-25 21:13:40.279000+00:00,"I have an idea for the Democrats to bring them back into ""play."" After years of being left out in the cold, including suffering one of the Greatest Losses in History, the 2024 Presidential Election, the Democrats should nominate Low IQ Candidate, Jasmine Crockett, for President, and AOC+3 should be, respectively, Vice President, and three High Level Members of the Cabinet – Added together with our future Communist Mayor of New York City, Zohran Mamdani, and our Country is really SCREWED! June 25, 2025 14:13 Secretary of Defense (War!) Pete Hegseth, together with Military Representatives, will be holding a Major News Conference tomorrow morning at 8 A.M. EST at The Pentagon, in order to fight for the Dignity of our Great American Pilots. These Patriots were very upset! After 36 hours of dangerously flying through Enemy Territory, they landed, they knew the Success was LEGENDARY, and then, two days later, they started reading Fake News by CNN and The Failing New York Times. They felt terribly! Fortunately for them and, as usual, solely for the purpose of demeaning PRESIDENT DONALD J. TRUMP, the Fake News (Times and CNN) lied and totally misrepresented the Facts, none of which they had (because it was too soon, there were no Facts out there yet!). The News Conference will prove both interesting and irrefutable. Enjoy!",[],['military'],0
boundary,115861588073149023,2026-01-08 21:25:32.854000+00:00,"Biden ignored the Housing Market, and instead was immersed with High Crime, Open Borders, runaway INFLATION, the Afghanistan Disaster, and a Military that he left in Chaos and Confusion. Everything was broken, but I, as President of the United States, have already fixed it! Now, I am giving special attention to the Housing Market. Because I chose not to sell Fannie Mae and Freddie Mac in my First Term, a truly great decision, and against the advice of the ""experts,"" it is now worth many times that amount — AN ABSOLUTE FORTUNE — and has $200 BILLION DOLLARS IN CASH. Because of this, I am instructing my Representatives to BUY $200 BILLION DOLLARS IN MORTGAGE BONDS. This will drive Mortgage Rates DOWN, monthly payments DOWN, and make the cost of owning a home more affordable. It is one of my many steps in restoring Affordability, something that the Biden Administration absolutely destroyed. We are bringing back the AMERICAN DREAM that was destroyed by the last Administration. MAKE AMERICA GREAT AGAIN!",[],"['destroyed', 'military']",0.0
boundary,116478194977749312,2026-04-27 18:56:47.546000+00:00,"The Radical Left Democrats have kept DHS shut down since February 14th. Our Great Speaker, Mike Johnson, is working hard to end the Democrat Shut Down, and pass the first step of a plan to get FULL FUNDING for our incredible ICE and Border Patrol Agents. We need all Republicans to join together and support this Budget Blueprint, which will allow us to bypass Democrat obstruction in the Senate, and fund Immigration Enforcement with only Republican Votes. The Senate passed this Blueprint last week on Thursday morning, and now, House Republicans must UNIFY, and pass the same Blueprint to get the Bill done. I've asked for the final Bill on my desk by June 1st, and we can make that deadline if we keep to the plan, FAST and FOCUSED. Let's take care of our Great Agents of Law Enforcement. Thank you for your attention to this matter! President DONALD J. TRUMP",[],['deadline'],0
boundary,115455747368897621,2025-10-29 05:14:55.155000+00:00,"RT , at the direction of President Trump, the Department of War carried out three lethal kinetic strikes on four vessels operated by Designated Terrorist Organizations (DTO) trafficking narcotics in the Eastern Pacific. The four vessels were known by our intelligence apparatus, transiting along known narco-trafficking routes, and carrying narcotics.Eight male narco-terrorists were aboard the vessels during the first strike. Four male narco-terrorists were aboard the vessel during the second strike. Three male narco-terrorists were aboard the vessel during the third strike. A total of 14 narco-terrorists were killed during the three strikes, with one survivor. All strikes were in international waters with no U.S. forces harmed.Regarding the survivor, USSOUTHCOM immediately initiated Search and Rescue (SAR) standard protocols; Mexican SAR authorities accepted the case and assumed responsibility for coordinating the rescue.The Department has spent over TWO DECADES defending other homelands. Now, we're defending our own. These narco-terrorists have killed more Americans than Al-Qaeda, and they will be treated the same. We will track them, we will network them, and then, we will hunt and kill them.",[],"['strike', 'strikes', 'vessel', 'vessels']",0
boundary,116420635683173112,2026-04-17 14:58:42.411000+00:00,"The Failing New York Times, FAKE NEWS CNN, and others, just don't know what to do. They are desperately looking for a reason to criticize President Donald J. Trump on the Iran situation, but just can't find it. Why don't they just say, at the right time, JOB WELL DONE, MR. PRESIDENT, and start to gain back their credibility???",['iran'],[],0
boundary,117151539756508748,2026-08-24 16:57:13.491000+00:00,Trump's Patience With the Iranian Regime Runs Out:,['iranian'],[],0
boundary,116976146307878077,2026-07-24 17:32:21.856000+00:00,"Thank you to all the Senators who opposed yet another Dumocrat-led attempt to undermine our National Security. Congratulations to our GREAT Speaker, Mike Johnson, and the House Republicans for their MAJOR success in taking the first step towards passing the Budget Bill. Thank you to our terrific Chairman, Jodey Arrington, Chip Roy, Michelle Fishbach, Virginia Foxx, Jason Smith, Mike Rogers, GT Thompson, Bryan Steil, our incredible Whip, Tom Emmer, Majority Leader, Steve Scalise, and all those who came together to take this important step. This will be one of the most consequential Bills in America's History. Strengthening our powerful Military, providing aid for our Farmers and, most importantly, as much of THE SAVE AMERICA ACT as possible. Our Voters will be extremely happy — And even impressed! I am asking that the Senate adopt a Budget Resolution, which can pass with a simple Majority, before leaving for the August recess. We are ready to work side-by-side with the Senate to get this done for the American People! President DONALD J. TRUMP",[],['military'],0
