gruppo,post_id,timestamp_utc,testo,attori_trovati,meccanismi_trovati,giudizio
dentro,116013105630663812,2026-02-04 15:38:27.303000+00:00,"I have just completed an excellent telephone conversation with President Xi, of China. It was a long and thorough call, where many important subjects were discussed, including Trade, Military, the April trip that I will be making to China (which I very much look forward to!), Taiwan, the War between Russia/Ukraine, the current situation with Iran, the purchase of Oil and Gas by China from the United States, the consideration by China of the purchase of additional Agricultural products including lifting the Soybean count to 20 Million Tons for the current season (They have committed to 25 Million Tons for next season!), Airplane engine deliveries, and numerous other subjects, all very positive! The relationship with China, and my personal relationship with President Xi, is an extremely good one, and we both realize how important it is to keep it that way. I believe that there will be many positive results achieved over the next three years of my Presidency having to do with President Xi, and the People’s Republic of China! PRESIDENT DONALD J. TRUMP","['iran', 'oil', 'russia', 'ukraine']",['military'],1
dentro,116782304422351399,2026-06-20 11:55:49.413000+00:00,"Funny how the Dumocrats like to say that Iran is in a stronger position today than they were three months ago, despite the fact that they have been defeated militarily, with no Navy or Air Force. That's why I call them the Dumocrats!!! President DJT",['iran'],['navy'],0
dentro,116836032463779667,2026-06-29 23:39:34.264000+00:00,"Gasoline Retailers must get their Prices down, IMMEDIATELY! They're too high considering that Oil is now at $68 a Barrel, and heading south. The Retailers must quickly react to this statement, and do what they know is right — DROP YOUR PRICE FOR OUR GREAT AMERICAN PEOPLE! There will be no gauging, which is totally illegal. If Retailers don't do this, big problems lie ahead! Start targeting around the $2.50 a Gallon number, and California should stop charging such heavy Taxes on their Gasoline. Soon the Tax will be higher than the Product itself, and the United States will not stand for it, nor will the People of California, who are being abused by these ridiculous Taxes, and by their own Government. President DONALD J. TRUMP","['barrel', 'gasoline', 'oil']",['down'],1
dentro,115893658269457561,2026-01-14 13:21:25.215000+00:00,"NATO: Tell Denmark to get them out of here, NOW! Two dogsleds won't do it! Only the USA can!!! Danish intel warned last year about Russian and Chinese military goals toward Greenland and Arctic: justthenews.com/government/sec",['russian'],['military'],1
dentro,115632959311037868,2025-11-29 12:22:14.799000+00:00,"Tariffs have made our Country Rich, Strong, Powerful, and Safe. They have been successfully used by other Countries against us for Decades, but when it comes to Tariffs, and because of what I have set in place, WE HAVE ALL THE CARDS, and with a smart President, we always will! Wars have been stopped, and stronger relationships with other countries have been built, even though they are not allowed to rip off the United States anymore. The Stock Market and 401k’s have hit an all time high, Inflation, Prices and Taxes are DOWN. Education is being brought back to the States (where it belongs!), and our Military, and Southern Border, is the strongest they have ever been. The USA is respected again, respected like never before. All of this was brought about by Strong Leadership and TARIFFS, without which we would be a poor and pathetic laughingstock again. Evil, American hating Forces are fighting us at the United States Supreme Court. Pray to God that our Nine Justices will show great wisdom, and do the right thing for America!",['market'],"['down', 'military']",0
dentro,116420194853200133,2026-04-17 13:06:35.880000+00:00,IRAN HAS JUST ANNOUNCED THAT THE STRAIT OF IRAN IS FULLY OPEN AND READY FOR FULL PASSAGE. THANK YOU!,['iran'],['strait'],1
dentro,116772416131420569,2026-06-18 18:01:06.067000+00:00,"The United States is committed to PEACE, and we encourage everyone in the Middle East Region to maintain their commitment to allowing our negotiations to beautifully unfold. The Markets are loving what is happening with Oil Prices way down, and Stocks way up. We expect a complete Ceasefire on all fronts, including Lebanon, Hezbollah, and Israel. Thank you for your attention to this matter! President DONALD J. TRUMP","['markets', 'oil']",['down'],1
dentro,115196697263809382,2025-09-13 11:15:04.245000+00:00,"A LETTER SENT BY PRESIDENT DONALD J. TRUMP TO ALL NATO NATIONS AND, THE WORLD: ""I am ready to do major Sanctions on Russia when all NATO Nations have agreed, and started, to do the same thing, and when all NATO Nations STOP BUYING OIL FROM RUSSIA. As you know, NATO'S commitment to WIN has been far less than 100%, and the purchase of Russian Oil, by some, has been shocking! It greatly weakens your negotiating position, and bargaining power, over Russia. Anyway, I am ready to ""go"" when you are. Just say when? I believe that this, plus NATO, as a group, placing 50% to 100% TARIFFS ON CHINA, to be fully withdrawn after the WAR with Russia and Ukraine is ended, will also be of great help in ENDING this deadly, but RIDICULOUS, WAR. China has a strong control, and even grip, over Russia, and these powerful Tariffs will break that grip. This is not TRUMP'S WAR (it would never have started if I was President!), it is Biden's and Zelenskyy's WAR. I am only here to help stop it, and save thousands of Russian and Ukrainian lives (7,118 lives lost last week, alone. CRAZY!). If NATO does as I say, the WAR will end quickly, and all of those lives will be saved! If not, you are just wasting my time, and the time, energy, and money of the United States. Thank you for your attention to this matter! DONALD J. TRUMP, PRESIDENT OF THE UNITED STATES OF AMERICA.""","['oil', 'russia', 'russian', 'ukraine', 'ukrainian', 'zelenskyy']",['sanctions'],1
dentro,114695407357588413,2025-06-16 22:30:27.306000+00:00,"Iran should have signed the ""deal"" I told them to sign. What a shame, and waste of human life. Simply stated, IRAN CAN NOT HAVE A NUCLEAR WEAPON. I said it over and over again! Everyone should immediately evacuate Tehran!","['iran', 'tehran']",['nuclear'],1
dentro,116278232362967212,2026-03-23 11:23:40.186000+00:00,"I AM PLEASED TO REPORT THAT THE UNITED STATES OF AMERICA, AND THE COUNTRY OF IRAN, HAVE HAD, OVER THE LAST TWO DAYS, VERY GOOD AND PRODUCTIVE CONVERSATIONS REGARDING A COMPLETE AND TOTAL RESOLUTION OF OUR HOSTILITIES IN THE MIDDLE EAST. BASED ON THE TENOR AND TONE OF THESE IN DEPTH, DETAILED, AND CONSTRUCTIVE CONVERSATIONS, WHICH WILL CONTINUE THROUGHOUT THE WEEK, I HAVE INSTRUCTED THE DEPARTMENT OF WAR TO POSTPONE ANY AND ALL MILITARY STRIKES AGAINST IRANIAN POWER PLANTS AND ENERGY INFRASTRUCTURE FOR A FIVE DAY PERIOD, SUBJECT TO THE SUCCESS OF THE ONGOING MEETINGS AND DISCUSSIONS. THANK YOU FOR YOUR ATTENTION TO THIS MATTER! PRESIDENT DONALD J. TRUMP","['iran', 'iranian']","['military', 'strikes']",1
dentro,114695621681197460,2025-06-16 23:24:57.625000+00:00,"AMERICA FIRST means many GREAT things, including the fact that, IRAN CAN NOT HAVE A NUCLEAR WEAPON. MAKE AMERICA GREAT AGAIN!!!",['iran'],['nuclear'],1
dentro,116765811260304660,2026-06-17 14:01:23.732000+00:00,"I will be doing a Press Conference in 45 minutes from France. I'll then be heading to Versailles for Dinner with French and other European Leaders, and then back home tonight! The trip was a Great Success but, mostly what people wanted to talk about, is the fact that Iran will not have a Nuclear Weapon, and that the Strait of Hormuz will immediately be opened! Great Numbers in all categories for the United States Economy with more people working today than have ever worked before. Over 19.1 Trillion being invested in the U.S.A. with Factories and everything else happening but, importantly, recent Stock Market numbers are through the roof because of the settlement and, likewise, Oil Prices are tumbling down! President DONALD J. TRUMP","['hormuz', 'iran', 'market', 'oil']","['down', 'nuclear', 'strait']",1
dentro,115419815673188246,2025-10-22 20:57:00.989000+00:00,"""Treasury Sanctions Major Russian Oil Companies, Calls on Moscow to Immediately Agree to Ceasefire""","['moscow', 'oil', 'russian']",['sanctions'],1
dentro,116398358272601798,2026-04-13 16:33:16.102000+00:00,"34 Ships went through the Strait of Hormuz yesterday, which is by far the highest number since this foolish closure began. President DONALD J. TRUMP",['hormuz'],['strait'],1
dentro,115520448197201824,2025-11-09 15:29:11.446000+00:00,"""AUTOPEN"" Sleepy Joe Biden was, by far, the worst President in American History. Taking office as a result of the most corrupt Election ever seen in the United States, Biden oversaw a series of unprecedented disasters that brought our Nation to the brink of destruction. His policies caused the highest Inflation ever recorded, leading the U.S. Dollar to lose more than 20% of its value in 4 years. His Green New Scam surrendered American Energy Dominance and, by abolishing the Southern Border, Biden let 21 million people from all over the World pour into the United States, including from prisons, jails, mental institutions, and insane asylums. His surrender in Afghanistan was among the most humiliating events in American History, and resulted in the murder of 13 brave American Servicemembers, with many others gravely wounded. Seeing Biden's devastating weakness, Russia invaded Ukraine, and Hamas terrorists launched the heinous October 7th attack on Israel. Nicknamed both ""Sleepy"" and ""Crooked,"" Joe Biden was dominated by his radical handlers. They and their allies in the Fake News Media attempted to cover up his severe mental decline, and his unprecedented use of the Autopen. Following his humiliating debate loss to President Trump in the big June 2024 debate, he was forced to withdraw from his campaign for re-election in disgrace. Biden weaponized Law Enforcement against his political opponent, while also persecuting many other innocent people. He left office issuing blanket pardons to Radical Democrat criminals and thugs, as well as members of the Biden Crime Family — But despite it all, President Trump would get Re-Elected, and SAVE AMERICA!","['russia', 'ukraine']",['attack'],0
dentro,116236498017197393,2026-03-16 02:30:04.608000+00:00,"Mark Levin, a truly Great American Patriot, is somewhat under siege by other people with far less Intellect, Capability, and Love for our Country. Mark is Tough, Strong, and Brilliant, hence the nickname, ""THE GREAT ONE,"" conceived by our MAGA friend, the wonderful Sean Hannity, after years of dealing with Mark in Legal, Media, and other capacities. Mark would often do Sean's show, speaking as a lawyer, and Sean realized then, as did others, that he was special. Mark Levin was not looking to do Television, Radio, or anything else, but he was drafted by very smart people who understood that there are few like him. He is a true Conservative, and Intellect, far smarter than those who criticize him but, above all, he is a man of Great Wisdom and Common Sense who truly loves our Country. When you hear others unfairly attack Mark, remember that they are jealous and angry Human Beings, whose ""sway"" is much less than the Public understands, and will, now that they know where I stand, rapidly diminish. Other than for his wonderful wife and family, Mark Levin only cares and wants one thing, GREATNESS AND SUCCESS FOR AMERICA! Those that speak ill of Mark will quickly fall by the wayside, as do the people whose ideas, policies, and footings are not sound. THEY ARE NOT MAGA, I AM, and MAGA includes not allowing Iran, a Sick, Demented, and Violent Terrorist Regime, to have a Nuclear Weapon to blow up the United States of America, the Middle East and, ultimately, the rest of the World. MAGA is about stopping them cold, and that is exactly what we are doing. GOD BLESS OUR GREAT MILITARY, WHICH I HAVE REBUILT SINCE THE BEGINNING OF MY FIRST TERM, TO ACHIEVE EVERLASTING PEACE THROUGH STRENGTH. MAKE AMERICA GREAT AGAIN! Thank you for your attention to this matter. President DONALD J. TRUMP",['iran'],"['attack', 'military', 'nuclear']",0
dentro,116671779106880540,2026-05-31 23:27:46.938000+00:00,"Fake News CNN said today, routinely, that my Iran Nuclear Deal doesn't talk about Nuclear, when actually it states, very clearly, that Iran will not have a Nuclear Weapon. It then goes on, in very strong and lengthy detail, to discuss various other aspects of Nuclear. In fact, that's what most of the agreement is about. CNN, and so many others in the Fake News Media, is a Low Ratings disaster. Even with new ownership, it is unlikely to ever get better!!! President DJT",['iran'],['nuclear'],1
dentro,114724124909451419,2025-06-22 00:13:42.373000+00:00,"I will be giving an Address to the Nation at 10:00 P.M., at the White House, regarding our very successful military operation in Iran. This is an HISTORIC MOMENT FOR THE UNITED STATES OF AMERICA, ISRAEL, AND THE WORLD. IRAN MUST NOW AGREE TO END THIS WAR. THANK YOU!",['iran'],['military'],1
dentro,116454087460626531,2026-04-23 12:45:56.027000+00:00,"I have ordered the United States Navy to shoot and kill any boat, small boats though they may be (Their naval ships are ALL, 159 of them, at the bottom of the sea!), that is putting mines in the waters of the Strait of Hormuz. There is to be no hesitation. Additionally, our mine ""sweepers"" are clearing the Strait right now. I am hereby ordering that activity to continue, but at a tripled up level! Thank you for your attention to this matter. President DONALD J. TRUMP",['hormuz'],"['mine', 'mines', 'naval', 'navy', 'strait']",1
dentro,116784032456610294,2026-06-20 19:15:17.123000+00:00,"There will be NO TOLLS in the Hormuz Strait for 60 days during the Cease Fire Period, and there will be NO TOLLS after the 60 day period has expired, unless they are imposed by and for the United States of America, should the deal not be completed, for services rendered as the Guardian Angel to the countries of the Middle East for purposes of both past, present, and future reimbursement of costs. Thank you for your attention to this matter!!! President DJT",['hormuz'],['strait'],1
dentro,114739003459183372,2025-06-24 15:17:31.025000+00:00,"Both Israel and Iran wanted to stop the War, equally! It was my great honor to Destroy All Nuclear facilities & capability, and then, STOP THE WAR!",['iran'],"['destroy', 'nuclear']",1
dentro,116782087277472431,2026-06-20 11:00:36.045000+00:00,"Radical Left fools and Dumocrats realize how well we have done in our War against Iran, with their Country being completely defeated militarily. Obuma just kept giving them $Billions in cash, and never used our then depleted military for what should have been done to reign in the World's number one sponsor of terror, Iran. They had ZERO respect for him. They thought he was, like Sleepy Joe Biden, a weak and ineffective leader, and on this they were 100% correct. Iran got away with ”murder” for 47 years, until I came along. Then it all changed. AMERICA IS BACK!!! President DJT",['iran'],['military'],0
dentro,116552089783940030,2026-05-10 20:09:12.806000+00:00,"Exclusive — Kurdish Leader: Trump Is ‘Master of the Deal,' Can Land Major Deal to End Iran War and Create Worldwide Economic Boom: breitbart.com/politics/2026/05",['iran'],['boom'],1
dentro,114438304481024140,2025-05-02 12:45:48.746000+00:00,"Gasoline just broke $1.98 a Gallon, lowest in years, groceries (and eggs!) down, energy down, mortgage rates down, employment strong, and much more good news, as Billions of Dollars pour in from Tariffs. Just like I said, and we're only in a TRANSITION STAGE, just getting started!!! Consumers have been waiting for years to see pricing come down. NO INFLATION, THE FED SHOULD LOWER ITS RATE!!! DJT",['gasoline'],['down'],1
dentro,114728970221252806,2025-06-22 20:45:55.963000+00:00,"The damage to the Nuclear sites in Iran is said to be ""monumental."" The hits were hard and accurate. Great skill was shown by our military. Thank you!",['iran'],"['military', 'nuclear']",1
dentro,116396012068955371,2026-04-13 06:36:35.876000+00:00,The Trump card the president holds if Iran won't bend: a naval blockade: justthenews.com/government/sec,['iran'],"['blockade', 'naval']",1
dentro,116483733181582907,2026-04-28 18:25:13.830000+00:00,"The Chancellor of Germany, Friedrich Merz, thinks it's OK for Iran to have a Nuclear Weapon. He doesn't know what he's talking about! If Iran had a Nuclear Weapon, the whole World would be held hostage. I am doing something with Iran, right now, that other Nations, or Presidents, should have done long ago. No wonder Germany is doing so poorly, both Economically, and otherwise! President DONALD J. TRUMP",['iran'],['nuclear'],1
dentro,114734934153569653,2025-06-23 22:02:38.349000+00:00,"CONGRATULATIONS TO EVERYONE! It has been fully agreed by and between Israel and Iran that there will be a Complete and Total CEASEFIRE (in approximately 6 hours from now, when Israel and Iran have wound down and completed their in progress, final missions!), for 12 hours, at which point the War will be considered, ENDED! Officially, Iran will start the CEASEFIRE and, upon the 12th Hour, Israel will start the CEASEFIRE and, upon the 24th Hour, an Official END to THE 12 DAY WAR will be saluted by the World. During each CEASEFIRE, the other side will remain PEACEFUL and RESPECTFUL. On the assumption that everything works as it should, which it will, I would like to congratulate both Countries, Israel and Iran, on having the Stamina, Courage, and Intelligence to end, what should be called, ""THE 12 DAY WAR."" This is a War that could have gone on for years, and destroyed the entire Middle East, but it didn't, and never will! God bless Israel, God bless Iran, God bless the Middle East, God bless the United States of America, and GOD BLESS THE WORLD! DONALD J. TRUMP, PRESIDENT OF THE UNITED STATES OF AMERICA",['iran'],"['destroyed', 'down']",1
dentro,116750814874397998,2026-06-14 22:27:37.043000+00:00,"This Great Deal will bring Peace and Security to the whole Region. Many presidents have tried to make Peace with Iran, and all have failed before me. The Leaders of the Region have, for the first time, found a President who can help them achieve real Peace. With the opening of the Strait upon the signing of the Deal on Friday, for purposes of mine removal, oil will flow on both ends again for the Region, and the World! President DONALD J. TRUMP","['iran', 'oil']","['mine', 'strait']",1
dentro,114695595047194931,2025-06-16 23:18:11.223000+00:00,"Somebody please explain to kooky Tucker Carlson that,"" IRAN CAN NOT HAVE A NUCLEAR WEAPON!""",['iran'],['nuclear'],1
dentro,114893947519507520,2025-07-22 00:01:49.758000+00:00,"Iran's Foreign Minister, Abbas Araghchi, on the Iran Nuclear Sites: ""Damages are very severe, they are destroyed."" Of course they are, just like I said, and we will do it again, if necessary! As interviewed by Bret Baier. Fake News CNN should immediately fire their phony ""reporter"" and apologize to me and the great pilots who ""OBLITERATED"" Iran's nuclear sites. CNN is a major ratings loser, as is MSDNC!",['iran'],"['destroyed', 'nuclear']",1
dentro,116163464520215003,2026-03-03 04:56:41.883000+00:00,"The United States Munitions Stockpiles have, at the medium and upper medium grade, never been higher or better - As was stated to me today, we have a virtually unlimited supply of these weapons. Wars can be fought ""forever,"" and very successfully, using just these supplies (which are better than other countries finest arms!). At the highest end, we have a good supply, but are not where we want to be. Much additional high grade weaponry is stored for us in outlying countries. Sleepy Joe Biden spent all of his time, and our Country's money, GIVING everything to P.T. Barnum (Zelenskyy!) of Ukraine - Hundreds of Billions of Dollars worth - And, while he gave so much of the super high end away (FREE!), he didn't bother to replace it. Fortunately, I rebuilt the military in my first term, and continue to do so. The United States is stocked, and ready to WIN, BIG!!! Thank you for your attention to this matter. President DONALD J. TRUMP","['ukraine', 'zelenskyy']",['military'],1
dentro,116420456436213944,2026-04-17 14:13:07.320000+00:00,"Now that the Hormuz Strait situation is over, I received a call from NATO asking if we would need some help. I TOLD THEM TO STAY AWAY, UNLESS THEY JUST WANT TO LOAD UP THEIR SHIPS WITH OIL. They were useless when needed, a Paper Tiger! President DJT","['hormuz', 'oil']",['strait'],1
dentro,115854352740910460,2026-01-07 14:45:30.446000+00:00,"Remember, for all of those big NATO fans, they were at 2% GDP, and most weren’t paying their bills, UNTIL I CAME ALONG. The USA was, foolishly, paying for them! I, respectfully, got them to 5% GDP, AND THEY PAY, immediately. Everyone said that couldn’t be done, but it could, because, beyond all else, they are all my friends. Without my involvement, Russia would have ALL OF UKRAINE right now. Remember, also, I single-handedly ENDED 8 WARS, and Norway, a NATO Member, foolishly chose not to give me the Noble Peace Prize. But that doesn’t matter! What does matter is that I saved Millions of Lives. RUSSIA AND CHINA HAVE ZERO FEAR OF NATO WITHOUT THE UNITED STATES, AND I DOUBT NATO WOULD BE THERE FOR US IF WE REALLY NEEDED THEM. EVERYONE IS LUCKY THAT I REBUILT OUR MILITARY IN MY FIRST TERM, AND CONTINUE TO DO SO. We will always be there for NATO, even if they won’t be there for us. The only Nation that China and Russia fear and respect is the DJT REBUILT U.S.A. MAKE AMERICA GREAT AGAIN!!! President DJT","['russia', 'ukraine']",['military'],0
dentro,116121997925438698,2026-02-23 21:11:11.860000+00:00,"Numerous stories from the Fake News Media have been circulating stating that General Daniel Caine, sometimes referred to as Razin, is against us going to War with Iran. The story does not attribute this vast wealth of knowledge to anyone, and is 100% incorrect. General Caine, like all of us, would like not to see War but, if a decision is made on going against Iran at a Military level, it is his opinion that it will be something easily won. He knows Iran well in that he was in charge of Midnight Hammer, the attack on the Iranian Nuclear Development. It is a Development no longer, but rather, was blown to smithereens by our Great B-2 Bombers. Razin Caine is a Great Fighter, and represents the Most Powerful Military anywhere in the World. He has not spoken of not doing Iran, or even the fake limited strikes that I have been reading about, he only knows one thing, how to WIN and, if he is told to do so, he will be leading the pack. Everything that has been written about a potential War with Iran has been written incorrectly, and purposefully so. I am the one that makes the decision, I would rather have a Deal than not but, if we don't make a Deal, it will be a very bad day for that Country and, very sadly, its people, because they are great and wonderful, and something like this should never have happened to them. PRESIDENT DONALD J. TRUMP","['iran', 'iranian']","['attack', 'bombers', 'military', 'nuclear', 'strikes']",1
dentro,116954623645571071,2026-07-20 22:18:52.091000+00:00,"I had a very good conversation with the new Prime Minister of the United Kingdom, Andy Burnham. We discussed many subjects, including the outstanding relationship we have had with the UK. We will be meeting in the not too distant future for topics of mutual interest. The Prime Minister has got a big job ahead of him, but he will be able to do it and, of course, the U.S.A. will be there to help! We discussed North Sea Oil, Trade, the Military Alliance, Demining of the Hormuz Strait, and many other topics. The call was interesting, and went very well. I wished Prime Minister Burnham, GOOD LUCK AND GODSPEED! President DONALD J. TRUMP","['hormuz', 'oil']","['military', 'strait']",1
dentro,116790096457517049,2026-06-21 20:57:26.434000+00:00,"The headline in the Corrupt and Failing New York Times: “What Changed After Almost 4 Months of War? Analysts Say Not Much.” REALLY? Their Military is DONE, their Navy is GONE, their Air Force is GONE, their Launching Pads, Missiles, Drones and Manufacturing of same, is almost GONE, their top two sets of Leaders are GONE, their Inflation is at 250%, their Economy is BROKEN, their Soldiers aren't being paid, the Hormuz Strait is OPEN, THE OIL IS GUSHING, and the U.S. Stock Market and Jobs are at record HIGHS. That's what's CHANGED, you corrupt and unethical cowards, and MORE!!! President DJT","['hormuz', 'market', 'oil']","['drones', 'military', 'navy', 'strait']",1
dentro,116351998782539414,2026-04-05 12:03:26.423000+00:00,"Tuesday will be Power Plant Day, and Bridge Day, all wrapped up in one, in Iran. There will be nothing like it!!! Open the Fuckin' Strait, you crazy bastards, or you'll be living in Hell - JUST WATCH! Praise be to Allah. President DONALD J. TRUMP",['iran'],['strait'],1
dentro,116229166794959253,2026-03-14 19:25:39.034000+00:00,McLaughlin: Strong Majority Backs Trump in Stopping Iran's Nuclear Ambitions: newsmax.com/mclaughlin/cable-n,['iran'],['nuclear'],0
dentro,116517438678419639,2026-05-04 17:16:58.896000+00:00,"Iran has taken some shots at unrelated Nations with respect to the Ship Movement, PROJECT FREEDOM, including a South Korean Cargo Ship. Perhaps it's time for South Korea to come and join the mission! We've shot down seven small Boats or, as they like to call them, “fast” Boats. It's all they have left. Other than the South Korean Ship, there has been, at this moment, no damage going through the Strait. Secretary of War Pete Hegseth and Chairman of the Joint Chiefs of Staff, Dan Caine, will have a News Conference tomorrow morning. Thank you for your attention to this matter! President DONALD J. TRUMP",['iran'],"['down', 'strait']",1
dentro,114345526663892197,2025-04-16 03:31:11.604000+00:00,"The United States is taking in RECORD NUMBERS in Tariffs, with the cost of almost all products going down, including gasoline, groceries, and just about everything else. Likewise, INFLATION is down. Promises Made, Promises Kept!",['gasoline'],['down'],1
dentro,116725591109474316,2026-06-10 11:32:52.935000+00:00,"The Fake News Media refuses to report how EFFECTIVE the U.S. Naval BLOCKADE is, the most successful Blockade in the history of Naval Warfare. NOTHING GETS THROUGH unless we want it to. IT IS A STEEL WALL! Iran is doing ZERO business, not paying their military, or any of their bills, and quickly becoming a FAILED NATION! Lots of oil is getting out. Praise be to Allah! President DONALD J. TRUMP","['iran', 'oil']","['blockade', 'military', 'naval']",1
dentro,116207821606085249,2026-03-11 00:57:17.299000+00:00,52% of US Likely Voters support Trump's decision to strike Iran: Poll: justthenews.com/politics-polic,['iran'],['strike'],1
dentro,115815648382815071,2025-12-31 18:42:28.810000+00:00,Putin 'attack' bluster shows Russia is the one standing in the way of peace: nypost.com/2025/12/30/opinion/,"['putin', 'russia']",['attack'],1
dentro,115599428464496784,2025-11-23 14:14:54.685000+00:00,"The War between Russia and Ukraine is a violent and terrible one that, with strong and proper U.S. and Ukrainian LEADERSHIP, would have NEVER HAPPENED. It began long before I took office for a Second Term, during the Sleepy Joe Biden Administration, and has only gotten worse. If the 2020 Presidential Election was not RIGGED & STOLEN, the only thing the Radical Left Democrats are good at doing, there would be no Ukraine/Russia War, as there wasn't, not even a mention, during my first Term in Office. Putin would never have attacked! It was only when he saw Sleepy Joe in action that he said, ""Now is my chance!"" The rest is history, and so it continues. I INHERITED A WAR THAT SHOULD HAVE NEVER HAPPENED, A WAR THAT IS A LOSER FOR EVERYONE, ESPECIALLY THE MILLIONS OF PEOPLE THAT HAVE SO NEEDLESSLY DIED. UKRAINE ""LEADERSHIP"" HAS EXPRESSED ZERO GRATITUDE FOR OUR EFFORTS, AND EUROPE CONTINUES TO BUY OIL FROM RUSSIA. THE USA CONTINUES TO SELL MASSIVE $AMOUNTS OF WEAPONS TO NATO, FOR DISTRIBUTION TO UKRAINE (CROOKED JOE GAVE EVERYTHING, FREE, FREE, FREE, INCLUDING ""BIG"" MONEY!). GOD BLESS ALL THE LIVES THAT HAVE BEEN LOST IN THE HUMAN CATASTROPHE! President DJT","['oil', 'putin', 'russia', 'ukraine', 'ukrainian']",['attacked'],1
dentro,116162143729203401,2026-03-02 23:20:48.211000+00:00,"The Radical Left Democrats, a Party that has completely lost its way, are complaining bitterly about the very necessary and important attack, by the United States and Israel, on Iran. What most people understand is that they are only complaining BECAUSE I DID IT and, if I didn't do it, they would be screaming — Why didn't ""TRUMP"" attack Iran, he should do it, IMMEDIATELY? There's nothing surprising about this! It's the same people that the other night at The State of the Union Address wouldn't stand for ANYBODY, including a mother who lost her beautiful daughter to an illegal alien, a Great and Brave Helicopter Pilot, who got the Congressional Medal of Honor, or a 100-year-old Veteran Warrior whose Bravery is Legend! The fact is, whatever I do, they will be on the opposite side. These people are SICK, CRAZY, and DEMENTED, but America, despite them all, is now BIGGER, BETTER, AND STRONGER THAN EVER BEFORE. MAKE AMERICA GREAT AGAIN! President DONALD J. TRUMP",['iran'],['attack'],1
dentro,116368854361048135,2026-04-08 11:30:02.140000+00:00,"A Country supplying Military Weapons to Iran will be immediately tariffed, on any and all goods sold to the United States of America, 50%, effective immediately. There will be no exclusions or exemptions! President DJT",['iran'],['military'],1
dentro,114263386262728170,2025-04-01 15:21:48.549000+00:00,"My telephone call with President El-Sisi, of Egypt, went very well. We discussed numerous topics, among which was the tremendous Military progress we have made against the Ship destroying Houthis in Yemen — Also discussed was Gaza, and possible solutions, Military preparedness, etc.",['houthis'],['military'],1
dentro,116336091138489301,2026-04-02 16:37:55.037000+00:00,"The biggest bridge in Iran comes tumbling down, never to be used again — Much more to follow! IT IS TIME FOR IRAN TO MAKE A DEAL BEFORE IT IS TOO LATE, AND THERE IS NOTHING LEFT OF WHAT STILL COULD BECOME A GREAT COUNTRY! President DONALD J. TRUMP Video:",['iran'],['down'],1
dentro,114760673221371284,2025-06-28 11:08:25.355000+00:00,"Charlie Kirk ( ) JUST IN — President Trump says he will no longer be removing sanctions from Iran after the Ayatollah claimed he won the war. ""As a man of great faith, he's not supposed to lie ... They are always so ... [Quotes DJT Trump of 6/27/2025, 10:56am]",['iran'],['sanctions'],1
dentro,116202054617775180,2026-03-10 00:30:40.041000+00:00,"If Iran does anything that stops the flow of Oil within the Strait of Hormuz, they will be hit by the United States of America TWENTY TIMES HARDER than they have been hit thus far. Additionally, we will take out easily destroyable targets that will make it virtually impossible for Iran to ever be built back, as a Nation, again — Death, Fire, and Fury will reign upon them — But I hope, and pray, that it does not happen! This is a gift from the United States of America to China, and all of those Nations that heavily use the Hormuz Strait. Hopefully, it is a gesture that will be greatly appreciated. Thank you for your attention to this matter! President DONALD J. TRUMP","['hormuz', 'iran', 'oil']",['strait'],1
dentro,116953296612438865,2026-07-20 16:41:23.173000+00:00,"Every time Iran kills an American Soldier they will pay for that killing many times over! This directive has been passed on to Secretary of War, Pete Hegseth, Chairman of the Joint Chiefs of Staff, Daniel Caine, and every Leader in the Military. President DONALD J. TRUMP",['iran'],['military'],1
dentro,116372694697146221,2026-04-09 03:46:41.018000+00:00,"All U.S. Ships, Aircraft, and Military Personnel, with additional Ammunition, Weaponry, and anything else that is appropriate and necessary for the lethal prosecution and destruction of an already substantially degraded Enemy, will remain in place in, and around, Iran, until such time as the REAL AGREEMENT reached is fully complied with. If for any reason it is not, which is highly unlikely, then the ""Shootin' Starts,"" bigger, and better, and stronger than anyone has ever seen before. It was agreed, a long time ago, and despite all of the fake rhetoric to the contrary - NO NUCLEAR WEAPONS and, the Strait of Hormuz WILL BE OPEN & SAFE. In the meantime our great Military is Loading Up and Resting, looking forward, actually, to its next Conquest. AMERICA IS BACK!","['hormuz', 'iran']","['military', 'nuclear', 'strait']",1
dentro,115488448679125333,2025-11-03 23:51:17.550000+00:00,"Why would anyone vote for New Jersey and Virginia Gubernatorial Candidates, Mikie Sherrill and Abigail Spanberger, when they want transgender for everybody, men playing in women's sports, High Crime, and the most expensive Energy prices almost anywhere in the World? VOTE REPUBLICAN for massive Energy Cost reductions, large scale Tax Cuts, and basic Common Sense! Under President Trump, ME, Gasoline will come down to approximately $2 a Gallon, very soon! With the Democrats, you'll be paying $4, $5, and $6 a Gallon, and your Electric and other Energy costs will, likewise, SOAR. VOTE REPUBLICAN FOR A GREAT AND VERY AFFORDABLE LIFE. All you'll get from voting Democrat is unrelentingly High Crime, Energy prices through the roof, men playing in women's sports, and HEARTACHE!",['gasoline'],['down'],1
dentro,115770165868454573,2025-12-23 17:55:40.717000+00:00,"THE TRUMP RULE:The Financial News today was great — GDP up 4.2% as opposed to the predicted 2.5% (and this, despite the downward pressure of the recent Democrat Shutdown!) — But in the Modern Market, when you have good news, the Market stays even, or goes down, because Wall Street's ""heads"" are wired differently than they used to be. In the old days, when there was good news, the Market went up. Nowadays, when there is good news, the Market goes down, because everybody thinks that Interest Rates will be immediately lifted to take care of ""potential"" Inflation. That means that, essentially, we can never have a Great Market again, those Markets from the time when our Nation was building up, and becoming great. Strong Markets, even phenomenal Markets, don't cause Inflation, stupidity does! I want my new Fed Chairman to lower Interest Rates if the Market is doing well, not destroy the Market for no reason whatsoever. I want to have a Market the likes of which we haven't had in many decades, a Market that goes up on good news, and down on bad news, the way it should be, and the way it was. Inflation will take care of itself and, if it doesn't, we can always raise Rates at the appropriate time — But the appropriate time is not to kill Rallies, which could lift our Nation by 10, 15, and even 20 GDP points in a year — and maybe even more than that! A Nation can never be Economically GREAT if ""eggheads"" are allowed to do everything within their power to destroy the upward slope. We are going to be encouraging the Good Market to get better, rather than make it impossible for it to do so. We are going to see numbers that are far more natural, and far better, than they have ever been before. We are going to, MAKE AMERICA GREAT AGAIN! The United States should be rewarded for SUCCESS, not brought down by it. Anybody that disagrees with me will never be the Fed Chairman!","['market', 'markets']","['destroy', 'down']",1
dentro,116081952122265348,2026-02-16 19:27:01.396000+00:00,"Happy President's Day! Prices and Inflation are Way Down. The Stock Market, and your 401k's, are Way Up. Our Military is Strong and Powerful, Our Law Enforcement is GREAT, and Our Border is 100% Secure. Murders (YEAR 1900!) and Crime are at RECORD LOWS, and Our Country is Bigger, Better, and Stronger than EVER BEFORE!!! Working Hard - ENJOY YOUR DAY! President DJT",['market'],"['down', 'military']",1
dentro,116454200707517482,2026-04-23 13:14:44.038000+00:00,"Iran is having a very hard time figuring out who their leader is! They just don't know! The infighting is between the ""Hardliners,"" who have been losing BADLY on the battlefield, and the ""Moderates,"" who are not very moderate at all (but gaining respect!), is CRAZY! We have total control over the Strait of Hormuz. No ship can enter or leave without the approval of the United States Navy. It is ""Sealed up Tight,"" until such time as Iran is able to make a DEAL!!! Thank you for your attention to this matter. President DONALD J. TRUMP","['hormuz', 'iran']","['navy', 'strait']",1
dentro,115850817778602689,2026-01-06 23:46:31.201000+00:00,"I am pleased to announce that the Interim Authorities in Venezuela will be turning over between 30 and 50 MILLION Barrels of High Quality, Sanctioned Oil, to the United States of America. This Oil will be sold at its Market Price, and that money will be controlled by me, as President of the United States of America, to ensure it is used to benefit the people of Venezuela and the United States! I have asked Energy Secretary Chris Wright to execute this plan, immediately. It will be taken by storage ships, and brought directly to unloading docks in the United States. Thank you for your attention to this matter! DONALD J. TRUMP PRESIDENT OF THE UNITED STATES OF AMERICA","['barrels', 'market', 'oil', 'venezuela']",['sanctioned'],1
dentro,116291185984825094,2026-03-25 18:17:56.770000+00:00,"My meeting with the Highly Respected President of China, President Xi Jinping, which was originally postponed due to our Military operation in Iran, has been rescheduled, and will take place in Beijing on May 14th and 15th. First Lady Melania and I will also host President Xi and Madame Peng for a reciprocal visit in Washington, D.C., at a later date, this year. Our Representatives are finalizing preparations for these Historic Visits. I look very much forward to spending time with President Xi in what will be, I am sure, a Monumental Event. Thank you for your attention to this matter! President DONALD J. TRUMP",['iran'],['military'],0
dentro,116404390855989138,2026-04-14 18:07:26.020000+00:00,"I am working very hard with our Great Speaker, Mike Johnson, along with Chairman Jim Jordan and Chairman Rick Crawford, to get a clean extension of FISA 702 through the House of Representatives this week. I am asking Republicans to UNIFY, and vote together on the test vote to bring a clean Bill to the floor. We need to stick together when this Bill comes before the House Rules Committee today to keep it CLEAN! I was a victim of the worst and most illegal abuse of FISA in our Nation's History, by Radical Left Lunatics, who lied to the FISA Court to spy on my 2016 Presidential Campaign in their attempt to RIG the Election in favor of Crooked Hillary Clinton. Their use of this instrument in the 2020 Presidential Election was even worse! When the Dirty Cop, James Comey, the failed Head of the FBI, went after me, he was using FISA Title I, the Domestic Collection, not FISA 702, the Foreign Collection, which needs to be extended today. While parts of FISA were illegally and unfortunately used against me in the Democrats' disgraceful Witch Hunt and Attack in the RUSSIA, RUSSIA, RUSSIA Hoax, and perhaps would be used against me in the future, I am willing to risk that as a Citizen in order to do what is right for our Country. Our Military desperately needs FISA 702, and it is one of the reasons we have had such tremendous SUCCESS on the battlefield, both in Venezuela and Iran. Since the first day of my already Historic Second Term, my Administration has worked tirelessly to ensure these FISA Reforms are being aggressively executed at every level of the Executive Branch to keep Americans safe, while protecting our sacred Civil Liberties guaranteed by our Great Constitution. With the ongoing successful Military activities against the Terrorist Iranian Regime, it is more important than ever that we remain vigilant, PROTECT our Homeland, Troops, and Diplomats stationed abroad, and maintain our ability to quickly stop bad actors seeking to cause harm to our People and our Country. The fact is, whether you like FISA or not, it is extremely important to our Military. I have spoken to many Generals about this, and they consider it VITAL. Not one said, even tacitly, that they can do without it — especially right now with our brilliant Military Operation in Iran. Thank you for your attention to this matter! President DONALD J. TRUMP","['iran', 'iranian', 'russia', 'venezuela']","['attack', 'military']",1
dentro,115459650821125830,2025-10-29 21:47:37.109000+00:00,"South Korea has agreed to pay the USA 350 Billion Dollars for a lowering of the Tariff's charged against them by the United States. Additionally, they have agreed to buy our Oil and Gas in vast quantities, and investments into our Country by wealthy South Korean Companies and Businessmen will exceed 600 Billion Dollars. Our Military Alliance is stronger than ever before and, based on that, I have given them approval to build a Nuclear Powered Submarine, rather than the old fashioned, and far less nimble, diesel powered Submarines that they have now. A great trip, with a great President of South Korea!",['oil'],"['military', 'nuclear']",1
dentro,115129261076571259,2025-09-01 13:25:09.688000+00:00,"What few people understand is that we do very little business with India, but they do a tremendous amount of business with us. In other words, they sell us massive amounts of goods, their biggest ""client,"" but we sell them very little - Until now a totally one sided relationship, and it has been for many decades. The reason is that India has charged us, until now, such high Tariffs, the most of any country, that our businesses are unable to sell into India. It has been a totally one sided disaster! Also, India buys most of its oil and military products from Russia, very little from the U.S. They have now offered to cut their Tariffs to nothing, but it's getting late. They should have done so years ago. Just some simple facts for people to ponder!!!","['oil', 'russia']",['military'],1
dentro,116302505060458396,2026-03-27 18:16:32.157000+00:00,Going to make a big speech on economics in Miami. Our Military Operation in Iran is going GREAT! President DJT,['iran'],['military'],1
dentro,116799154100072125,2026-06-23 11:20:55.091000+00:00,"Despite their protestations and false statements to the contrary, coupled with the drumbeat of the Fake News, which is doing everything possible to make the U.S. Victory as small and insignificant as possible, Iran has fully and completely agreed to highest level Nuclear inspections long into the future (Infinity!!!). This will insure “Nuclear Honesty.” If they did not agree to this, there would be no further negotiations! Based on this and other major concessions being made by Iran, I have agreed to allow the Hormuz Strait to remain OPEN, with no further Naval Blockade. However, all ships are remaining in place should it be necessary to reinstitute the Blockade, which seems, at this point, highly unlikely. The Money and/or Sanctions that the U.S. Treasury is releasing goes into escrow, controlled by the U.S.A., and will be used for the purchase of food and medical supplies, exclusively from the United States, including Corn, Wheat, and Soybeans from our great American Farmers. These are things that are desperately needed by Iran. This is a humanitarian crisis, and I feel it is necessary to help, NOW, before it is too late. Talks are going well! Thank you for your attention to this matter. President DONALD J. TRUMP","['hormuz', 'iran']","['blockade', 'naval', 'nuclear', 'sanctions', 'strait']",1
dentro,116969149016233329,2026-07-23 11:52:51.658000+00:00,"The Civil Nuclear Deal (There will be no enrichment of material!) being made between the United States Department of Energy and Saudi Arabia, which pertains only to non-military use such as the ones that Iran and UAE (and others) already have, will be approved, but is totally subject to Saudi Arabia joining the very respected and successful Abraham Accords. The United States is not opposed to Civil (Non-Enriched) Nuclear Facilities. Thank you for your attention to this matter! President DONALD J. TRUMP","['iran', 'saudi']","['enrichment', 'military', 'nuclear']",1
dentro,116423336936103421,2026-04-18 02:25:40.260000+00:00,"President Xi is very happy that the Strait of Hormuz is open and/or rapidly opening. Our meeting in China will be a special one and, potentially, Historic. I look forward to being with President Xi — Much will be accomplished! President DONALD J. TRUMP",['hormuz'],['strait'],1
dentro,116420562510387829,2026-04-17 14:40:05.883000+00:00,Iran has agreed to never close the Strait of Hormuz again. It will no longer be used as a weapon against the World! President DONALD J. TRUMP,"['hormuz', 'iran']",['strait'],1
dentro,116482569681977454,2026-04-28 13:29:20.235000+00:00,"Iran has just informed us that they are in a “State of Collapse.” They want us to “Open the Hormuz Strait,” as soon as possible, as they try to figure out their leadership situation (Which I believe they will be able to do!). Thank you for your attention to this matter! President DONALD J. TRUMP","['hormuz', 'iran']",['strait'],1
dentro,114770956840780267,2025-06-30 06:43:40.934000+00:00,"Tell phony Democrat Senator Chris Coons that I am not offering Iran ANYTHING, unlike Obama, who paid them $Billions under the stupid ""road to a Nuclear Weapon JCPOA (which would now be expired!), nor am I even talking to them since we totally OBLITERATED their Nuclear Facilities.",['iran'],"['jcpoa', 'nuclear']",1
dentro,114433959082847679,2025-05-01 18:20:43.231000+00:00,"ALERT: All purchases of Iranian Oil, or Petrochemical products, must stop, NOW! Any Country or person who buys ANY AMOUNT of OIL or PETROCHEMICALS from Iran will be subject to, immediately, Secondary Sanctions. They will not be allowed to do business with the United States of America in any way, shape, or form. Thank you for your attention to this matter, PRESIDENT DONALD J. TRUMP","['iran', 'iranian', 'oil']",['sanctions'],1
dentro,116721129088347687,2026-06-09 16:38:07.895000+00:00,"I have just been informed by our Great Military that last night the Iranians shot down one of our highly sophisticated Apache Helicopters while patrolling over the Strait of Hormuz. There were two pilots involved, both are safe and uninjured. Nevertheless, the United States must, of necessity, respond to this attack. Thank you for your attention to this matter! President DONALD J. TRUMP","['hormuz', 'iranians']","['attack', 'down', 'military', 'strait']",1
dentro,116389798405349626,2026-04-12 04:16:22.894000+00:00,The Trump card the president holds if Iran won't bend: a naval blockade: justthenews.com/government/sec,['iran'],"['blockade', 'naval']",1
dentro,114167886343462616,2025-03-15 18:34:55.426000+00:00,"I am pleased to inform you that General Keith Kellogg has been appointed Special Envoy to Ukraine. General Kellogg, a Highly Respected Military Expert, will deal directly with President Zelenskyy, and Ukrainian leadership. He knows them well, and they have a very good working relationship together. Congratulations to General Kellogg!","['ukraine', 'ukrainian', 'zelenskyy']",['military'],0
dentro,116385843841281126,2026-04-11 11:30:41.035000+00:00,"Massive numbers of completely empty oil tankers, some of the largest anywhere in the World, are heading, right now, to the United States to load up with the best and ""sweetest"" oil (and gas!) anywhere in the World. We have more oil than the next two largest oil economies combined - and higher quality. We are waiting for you. Quick turnaround! President DJT",['oil'],['tankers'],1
dentro,116348358117196662,2026-04-04 20:37:34.278000+00:00,"Many of Iran's Military Leaders, who have led them poorly and unwisely, are terminated, along with much else, with this massive strike in Tehran! President DONALD J. TRUMP Video:","['iran', 'tehran']","['military', 'strike']",1
dentro,116069904214662301,2026-02-14 16:23:04.916000+00:00,"Sometimes in life you waste time! T.V. Host Bill Maher asked to have dinner with me through one of his friends, also a friend of mine, and I agreed. He came into the famed Oval Office much different than I thought he would be. He was extremely nervous, had ZERO confidence in himself and, to soothe his nerves, immediately, within seconds, asked for a ""Vodka Tonic."" He said to me, ""I've never felt like this before, I'm actually scared."" In one respect, it was somewhat endearing! Anyway, we had a great dinner, it was quick, easy, and he seemed to be a nice guy and, for his first show after our dinner, he was very respectful about our meeting — But with everything I have done in bringing our Country back from ""OBLIVION,"" why wouldn't he be? But then I noticed his show started to devolve into the same old story — Very boring, ANTI TRUMP, no mention of the PERFECT Border, Lowest Crime in 125 years, the Mass Removal of Stone Cold Criminals, the 50,000 DOW, the 7,000 S&P (Both Highest Ever!), Least Number of Murders since 1900, Venezuela, ""Midnight Hammer,"" Soleimani DEAD, al-Baghdadi DEAD, Lowest Inflation in YEARS (1.2% for last three months!), the Rebuilding of our Military, Eight War Stoppages, and on, and on, and on! In any event, it was a total waste of time for me to have this jerk at the White House and last night, after explaining what a DISASTER Canadian ""Leaders"" are to deal with, how Canada has ""ripped off"" the United States for years on TRADE (But not anymore!), I jokingly stated in a TRUTH that, ""The first thing China will do is terminate ALL Ice Hockey being played in Canada, and permanently eliminate The Stanley Cup."" Well, he went on and on about the Hockey statement, like ""What kind of a person would say such a foolish thing as this,"" as though I were being serious when I said it. Fortunately, his Television Ratings are so low that nobody will learn about his various Fake News statements about me. He is no different than Kimmel, Fallon, or Colbert but, I must admit, slightly more talented! Anyway, Bill Maher is a highly overrated LIGHTWEIGHT, and Republicans should stop using him to show how the Left is coming over our way — Our Base, the Greatest of All Time, laughs at your weakness when you do it! Maher asked me if he could come back to the White House again and, with his friend, also asked to come to the wonderful White House Christmas Party, but he didn't. Regardless, I'd much rather spend my time MAKING AMERICA GREAT AGAIN than wasting it on him. Bill continues to suffer from a severe case of Trump Derangement Syndrome (TDS!), and there is nothing that will ever be done to cure him of this very serious disease. Thank you for your attention to this minor matter! President DJT",['venezuela'],"['military', 'mine']",0
dentro,116440547673226976,2026-04-21 03:22:35.267000+00:00,"Operation Midnight Hammer was a complete and total obliteration of the Nuclear Dust sites in Iran. Therefore, digging it out will be a long and difficult process. Fake News CNN, and other corrupt Media Networks and Platforms, fail to give our great aviators the credit they deserve - Always trying to demean and belittle - LOSERS!!!",['iran'],['nuclear'],1
dentro,114734021412822365,2025-06-23 18:10:31.030000+00:00,"The sites that we hit in Iran were totally destroyed, and everyone knows it. Only the Fake News would say anything different in order to try and demean, as much as possible — And even they say they were ""pretty well destroyed!"" Working especially hard on this falsehood is Allison Cooper of Fake News CNN, Dumb Brian L. Roberts, Chairman of ""Con""cast, Jonny Karl of ABC Fake News, and always, the Losers of, again, Concast's NBC Fake News. It never ends with the sleazebags in the Media, and that's why their Ratings are at an ALL TIME LOW — ZERO CREDIBILITY!",['iran'],['destroyed'],1
dentro,116756674797972374,2026-06-15 23:17:52.381000+00:00,"Iran has agreed to never have a Nuclear Weapon! Also, the story that the U.S. is paying Iran 300 million Dollars is Fake News, put out by the Dumocrats!!! President DJT",['iran'],['nuclear'],1
dentro,114217914259825110,2025-03-24 14:37:40.849000+00:00,"President Donald J. Trump announced today that the United States of America will be putting what is known as a Secondary Tariff on the Country of Venezuela, for numerous reasons, including the fact that Venezuela has purposefully and deceitfully sent to the United States, undercover, tens of thousands of high level, and other, criminals, many of whom are murderers and people of a very violent nature. Among the gangs they sent to the United States, is Tren de Aragua, which has been given the designation of ""Foreign Terrorist Organization."" We are in the process of returning them to Venezuela — It is a big task! In addition, Venezuela has been very hostile to the United States and the Freedoms which we espouse. Therefore, any Country that purchases Oil and/or Gas from Venezuela will be forced to pay a Tariff of 25% to the United States on any Trade they do with our Country. All documentation will be signed and registered, and the Tariff will take place on April 2nd, 2025, LIBERATION DAY IN AMERICA. Please let this notification serve to represent that the Department of Homeland Security, Border Patrol, and all other Law Enforcement Agencies within our Country have been so notified. Thank you for your attention to this matter!","['oil', 'venezuela']",['secondary tariff'],1
dentro,114298249002673077,2025-04-07 19:07:51.744000+00:00,"""What we're not talking about is, oil was $76, now it's $65. Gasoline prices are going to plummet…""","['gasoline', 'oil']",['plummet'],1
dentro,115830428767897167,2026-01-03 09:21:19.588000+00:00,"The United States of America has successfully carried out a large scale strike against Venezuela and its leader, President Nicolas Maduro, who has been, along with his wife, captured and flown out of the Country. This operation was done in conjunction with U.S. Law Enforcement. Details to follow. There will be a News Conference today at 11 A.M., at Mar-a-Lago. Thank you for your attention to this matter! President DONALD J. TRUMP","['maduro', 'venezuela']",['strike'],1
dentro,116455405423651208,2026-04-23 18:21:06.547000+00:00,"For those people, fewer in number now than ever before, that are reading The Failing New York Times, or watching Fake News CNN, that think that I am ""anxious"" to end the War (if you would even call it that!) with Iran, please be advised that I am possibly the least pressured person ever to be in this position. I have all the time in the World, but Iran doesn't — The clock is ticking! The reason some of the Media is doing so poorly with Subscribers and Viewers is because they no longer have credibility. Iran's Navy is lying at the bottom of the Sea, their Air Force is demolished, their Anti Aircraft and Radar Weaponry is gone, their leaders are no longer with us, the Blockade is airtight and strong and, from there, it only gets worse — Time is not on their side! A Deal will only be made when it's appropriate and good for the United States of America, our Allies and, in fact, the rest of the World. President DONALD J. TRUMP",['iran'],"['blockade', 'navy']",1
dentro,115444830915442121,2025-10-27 06:58:43.294000+00:00,"Why would anyone vote for New Jersey and Virginia Gubernatorial Candidates, Mikie Sherrill and Abigail Spanberger, when they want transgender for everybody, men playing in women's sports, High Crime, and the most expensive Energy prices almost anywhere in the World? VOTE REPUBLICAN for massive Energy Cost reductions, large scale Tax Cuts, and basic Common Sense! Under President Trump, ME, Gasoline will come down to approximately $2 a Gallon, very soon! With the Democrats, you'll be paying $4, $5, and $6 a Gallon, and your Electric and other Energy costs will, likewise, SOAR. VOTE REPUBLICAN FOR A GREAT AND VERY AFFORDABLE LIFE. All you'll get from voting Democrat is unrelentingly High Crime, Energy prices through the roof, men playing in women's sports, and HEARTACHE!",['gasoline'],['down'],0
dentro,115327091437197645,2025-10-06 11:56:01.431000+00:00,"JUST OUT: Good news for the Holiday Season. EARLY PRICES ARE DOWN, WHILE TARIFFS ARE MAKING OUR COUNTRY AN ECONOMIC POWER AGAIN. Also, virtually NO INFLATION, AS STOCK MARKETS CONTINUALLY HIT RECORD HIGHS. THE BEST OF ALL WORLDS FOR THE U.S.A.",['markets'],['down'],1
dentro,116634668906719597,2026-05-25 10:10:10.222000+00:00,"I laugh at all of the Dumocrats, RINOS, and Fools who know nothing about the potential deal I am making with Iran, things that haven't even been negotiated yet, weak and ineffective people like failed Senator Thom Tillis (Soon out of office!), Bill Cassidy, who just suffered a massive Primary loss, really bad Congressman Thomas Massie, a major sleazebag who lost in a landslide to a great American Patriot (Endorsed by “TRUMP”) after showing tremendous disloyalty to his Party (and Country!), and almost all Dumocrats, people that have totally lost their way, constantly supporting bad policy and even worse candidates, but are constantly critical of each and every fantastic win I have. These people should go home and rest, they do nothing but create division and loss. In other words, they are losers! The deal with Iran will either be a great and meaningful one, or there will be no deal. It will be the exact opposite of the JCPOA disaster negotiated by the failed Obama Administration, which was a direct and open path to a Nuclear Weapon for Iran. No, I don't do deals like that! President DJT",['iran'],"['jcpoa', 'nuclear']",1
dentro,116253388303392718,2026-03-19 02:05:29.922000+00:00,"Israel, out of anger for what has taken place in the Middle East, has violently lashed out at a major facility known as South Pars Gas Field in Iran. A relatively small section of the whole has been hit. The United States knew nothing about this particular attack, and the country of Qatar was in no way, shape, or form, involved with it, nor did it have any idea that it was going to happen. Unfortunately, Iran did not know this, or any of the pertinent facts pertaining to the South Pars attack, and unjustifiably and unfairly attacked a portion of Qatar's LNG Gas facility. NO MORE ATTACKS WILL BE MADE BY ISRAEL pertaining to this extremely important and valuable South Pars Field unless Iran unwisely decides to attack a very innocent, in this case, Qatar - In which instance the United States of America, with or without the help or consent of Israel, will massively blow up the entirety of the South Pars Gas Field at an amount of strength and power that Iran has never seen or witnessed before. I do not want to authorize this level of violence and destruction because of the long term implications that it will have on the future of Iran, but if Qatar's LNG is again attacked, I will not hesitate to do so. Thank you for your attention to this matter. President DONALD J. TRUMP",['iran'],"['attack', 'attacked']",1
dentro,116346686438015338,2026-04-04 13:32:26.478000+00:00,"Not only were the jobs numbers GREAT yesterday, 178,000 new jobs, but the TRADE DEFICIT was down 55%, the biggest drop in history. THANK YOU MR. TARIFF! All of this and, simultaneously, getting rid of a Nuclear Iran. MAGA!!!",['iran'],"['down', 'nuclear']",1
dentro,116093101641103750,2026-02-18 18:42:29.552000+00:00,"I have been telling Prime Minister Keir Starmer, of the United Kingdom, that Leases are no good when it comes to Countries, and that he is making a big mistake by entering a 100 Year Lease with whoever it is that is ""claiming"" Right, Title, and Interest to Diego Garcia, strategically located in the Indian Ocean. Our relationship with the United Kingdom is a strong and powerful one, and it has been for many years, but Prime Minister Starmer is losing control of this important Island by claims of entities never known of before. In our opinion, they are fictitious in nature. Should Iran decide not to make a Deal, it may be necessary for the United States to use Diego Garcia, and the Airfield located in Fairford, in order to eradicate a potential attack by a highly unstable and dangerous Regime — An attack that would potentially be made on the United Kingdom, as well as other friendly Countries. Prime Minister Starmer should not lose control, for any reason, of Diego Garcia, by entering a tenuous, at best, 100 Year Lease. This land should not be taken away from the U.K. and, if it is allowed to be, it will be a blight on our Great Ally. We will always be ready, willing, and able to fight for the U.K., but they have to remain strong in the face of Wokeism, and other problems put before them. DO NOT GIVE AWAY DIEGO GARCIA!",['iran'],['attack'],0
dentro,116376791555549648,2026-04-09 21:08:34.116000+00:00,"There are reports that Iran is charging fees to tankers going through the Hormuz Strait — They better not be and, if they are, they better stop now! President DONALD J. TRUMP","['hormuz', 'iran']","['strait', 'tankers']",1
dentro,115731908387416458,2025-12-16 23:46:17.884000+00:00,"Venezuela is completely surrounded by the largest Armada ever assembled in the History of South America. It will only get bigger, and the shock to them will be like nothing they have ever seen before — Until such time as they return to the United States of America all of the Oil, Land, and other Assets that they previously stole from us. The illegitimate Maduro Regime is using Oil from these stolen Oil Fields to finance themselves, Drug Terrorism, Human Trafficking, Murder, and Kidnapping. For the theft of our Assets, and many other reasons, including Terrorism, Drug Smuggling, and Human Trafficking, the Venezuelan Regime has been designated a FOREIGN TERRORIST ORGANIZATION. Therefore, today, I am ordering A TOTAL AND COMPLETE BLOCKADE OF ALL SANCTIONED OIL TANKERS going into, and out of, Venezuela. The Illegal Aliens and Criminals that the Maduro Regime has sent into the United States during the weak and inept Biden Administration, are being returned to Venezuela at a rapid pace. America will not allow Criminals, Terrorists, or other Countries, to rob, threaten, or harm our Nation and, likewise, will not allow a Hostile Regime to take our Oil, Land, or any other Assets, all of which must be returned to the United States, IMMEDIATELY. Thank you for your attention to this matter!DONALD J. TRUMP PRESIDENT OF THE UNITED STATES OF AMERICA","['maduro', 'oil', 'venezuela', 'venezuelan']","['blockade', 'sanctioned', 'tankers']",1
dentro,115210075167747572,2025-09-15 19:57:14.859000+00:00,"This morning, on my Orders, U.S. Military Forces conducted a SECOND Kinetic Strike against positively identified, extraordinarily violent drug trafficking cartels and narcoterrorists in the SOUTHCOM area of responsibility. The Strike occurred while these confirmed narcoterrorists from Venezuela were in International Waters transporting illegal narcotics (A DEADLY WEAPON POISONING AMERICANS!) headed to the U.S. These extremely violent drug trafficking cartels POSE A THREAT to U.S. National Security, Foreign Policy, and vital U.S. Interests. The Strike resulted in 3 male terrorists killed in action. No U.S. Forces were harmed in this Strike. BE WARNED — IF YOU ARE TRANSPORTING DRUGS THAT CAN KILL AMERICANS, WE ARE HUNTING YOU! The illicit activities by these cartels have wrought DEVASTATING CONSEQUENCES ON AMERICAN COMMUNITIES FOR DECADES, killing millions of American Citizens. NO LONGER. Thank you for your attention to this matter!!!Video --",['venezuela'],"['military', 'strike']",0
dentro,116409146419851362,2026-04-15 14:16:50.166000+00:00,"I am working very hard with our Great Speaker, Mike Johnson, along with Chairman Jim Jordan and Chairman Rick Crawford, to get a clean extension of FISA 702 through the House of Representatives this week. I am asking Republicans to UNIFY, and vote together on the test vote to bring a clean Bill to the floor. We need to stick together when this Bill comes before the House Rules Committee today to keep it CLEAN! When the Dirty Cop, James Comey, the failed Head of the FBI went after me, he was using FISA Title I, the Domestic Collection, not FISA 702, the Foreign Collection, which needs to be extended today. While parts of FISA were illegally and unfortunately used against me in the Democrats' disgraceful Witch Hunt and Attack in the RUSSIA, RUSSIA, RUSSIA Hoax, and perhaps would be used against me in the future, I am willing to risk the giving up of my Rights and Privileges as a Citizen for our Great Military and Country! Our Military Patriots desperately need FISA 702, and it is one of the reasons we have had such tremendous SUCCESS on the battlefield. I have spoken with many in our Military who say FISA is necessary in order to protect our Troops overseas, as well as our people here at home, from the threat of Foreign Terror Attacks. It has already prevented MANY such Attacks, and it is very important that it remain in full force and effect. Thank you for your attention to this matter! President DONALD J. TRUMP",['russia'],"['attack', 'military']",0
dentro,114626383407680212,2025-06-04 17:56:45.415000+00:00,"I just finished speaking, by telephone, with President Vladimir Putin, of Russia. The call lasted approximately one hour and 15 minutes. We discussed the attack on Russia’s docked airplanes, by Ukraine, and also various other attacks that have been taking place by both sides. It was a good conversation, but not a conversation that will lead to immediate Peace. President Putin did say, and very strongly, that he will have to respond to the recent attack on the airfields. We also discussed Iran, and the fact that time is running out on Iran’s decision pertaining to nuclear weapons, which must be made quickly! I stated to President Putin that Iran cannot have a nuclear weapon and, on this, I believe that we were in agreement. President Putin suggested that he will participate in the discussions with Iran and that he could, perhaps, be helpful in getting this brought to a rapid conclusion. It is my opinion that Iran has been slowwalking their decision on this very important matter, and we will need a definitive answer in a very short period of time!","['iran', 'putin', 'russia', 'ukraine']","['attack', 'nuclear']",1
dentro,116392449978703637,2026-04-12 15:30:42.692000+00:00,"Iran promised to open the Strait of Hormuz, and they knowingly failed to do so. This caused anxiety, dislocation, and pain to many people and Countries throughout the World. They say they put mines in the water, even though all of their Navy, and most of their ""mine droppers,"" have been completely blown up. They may have done so, but what ship owner would want to take the chance? There is great dishonor and permanent harm to the reputation of Iran, and what's left of their ""Leaders,"" but we are beyond all of that. As they promised, they better begin the process of getting this INTERNATIONAL WATERWAY OPEN AND FAST! Every Law in the book is being violated by them. I have been fully debriefed by Vice President JD Vance, Special Envoy Steve Witkoff, and Jared Kushner, on the meeting that took place in Islamabad through the kind and very competent leadership of Field Marshal Asim Munir, and Prime Minister Shehbaz Sharif, of Pakistan. They are very extraordinary men, and continuously thank me for saving 30 to 50 million lives in what would have been a horrendous War with India. I always appreciate hearing that — The amount of Humanity spoken of is incomprehensible. The meeting with Iran began early in the morning, and lasted throughout the night — Close to 20 hours. I could go into great detail, and talk about much that has been gotten but, there is only one thing that matters — IRAN IS UNWILLING TO GIVE UP ITS NUCLEAR AMBITIONS! In many ways, the points that were agreed to are better than us continuing our Military Operations to conclusion, but all of those points don't matter compared to allowing Nuclear Power to be in the hands of such volatile, difficult, unpredictable people. My three Representatives, as all of this time went by, became, not surprisingly, very friendly and respectful of Iran's Representatives, Mohammad-Bagher Ghalibaf, Abbas Araghchi, and Ali Bagheri, but that doesn't matter because they were very unyielding as to the single most important issue and, as I have always said, right from the beginning, and many years ago, IRAN WILL NEVER HAVE A NUCLEAR WEAPON!","['hormuz', 'iran']","['military', 'mine', 'mines', 'navy', 'nuclear', 'strait', 'waterway']",1
dentro,115373751811822463,2025-10-14 17:42:22.245000+00:00,"Under my Standing Authorities as Commander-in-Chief, this morning, the Secretary of War, ordered a lethal kinetic strike on a vessel affiliated with a Designated Terrorist Organization (DTO) conducting narcotrafficking in the USSOUTHCOM area of responsibility — just off the Coast of Venezuela. Intelligence confirmed the vessel was trafficking narcotics, was associated with illicit narcoterrorist networks, and was transiting along a known DTO route. The strike was conducted in International Waters, and six male narcoterrorists aboard the vessel were killed in the strike. No U.S. Forces were harmed. Thank you for your attention to this matter!!!!!! Video:",['venezuela'],"['strike', 'vessel']",0
dentro,114281864005346951,2025-04-04 21:40:56.526000+00:00,"These Houthis gathered for instructions on an attack. Oops, there will be no attack by these Houthis! They will never sink our ships again!",['houthis'],['attack'],1
dentro,116263563453969628,2026-03-20 21:13:10.398000+00:00,"We are getting very close to meeting our objectives as we consider winding down our great Military efforts in the Middle East with respect to the Terrorist Regime of Iran: (1) Completely degrading Iranian Missile Capability, Launchers, and everything else pertaining to them. (2) Destroying Iran's Defense Industrial Base. (3) Eliminating their Navy and Air Force, including Anti Aircraft Weaponry. (4) Never allowing Iran to get even close to Nuclear Capability, and always being in a position where the U.S.A. can quickly and powerfully react to such a situation, should it take place. (5) Protecting, at the highest level, our Middle Eastern Allies, including Israel, Saudi Arabia, Qatar, the United Arab Emirates, Bahrain, Kuwait, and others. The Hormuz Strait will have to be guarded and policed, as necessary, by other Nations who use it — The United States does not! If asked, we will help these Countries in their Hormuz efforts, but it shouldn't be necessary once Iran's threat is eradicated. Importantly, it will be an easy Military Operation for them. Thank you for your attention to this matter! President DONALD J. TRUMP","['hormuz', 'iran', 'iranian', 'saudi']","['down', 'military', 'navy', 'nuclear', 'strait']",1
dentro,115593240147764609,2025-11-22 12:01:08.465000+00:00,"I HAVE JUST GOTTEN THE HIGHEST POLL NUMBERS OF MY ""POLITICAL CAREER."" While my great work on the Economy has not yet been fully appreciated, it will be! Things are really Rockin'. Stopping WARS and Foreign Relations seems to be a strong suit. Also great, The Border and Stopping Crime. I predict that the Economy, with the already HIGHEST STOCK MARKET, EVER, and prices coming sharply down from the Biden disaster, will soon be at the top of the list. MAKE AMERICA GREAT AGAIN!",['market'],['down'],1
dentro,116642543193922330,2026-05-26 19:32:42.309000+00:00,"If Iran surrenders, admits their Navy is gone and resting at the bottom of the sea, and their Air Force is no longer with us, and if their entire Military walks out of Tehran, weapons dropped and hands held high, each shouting “I surrender, I surrender” while wildly waving the representative White Flag, and if their entire remaining Leadership signs all necessary “Documents of Surrender,” and admit their defeat to the great power and force of the magnificent U.S.A., The Failing New York Times, The China Street Journal (WSJ!), Corrupt and now Irrelevant CNN, and all other members of the Fake News Media, will headline that Iran had a Masterful and Brilliant Victory over The United States of America, it wasn't even close. The Dumacrats and Media have totally lost their way. They have gone absolutely CRAZY!!! President DJT","['iran', 'tehran']","['military', 'navy']",1
confine,115209549037822166,2025-09-15 17:43:26.753000+00:00,"Congressional Republicans, including Leader John Thune and Speaker Mike Johnson, are working on a short term ""CLEAN"" extension of Government Funding to stop Cryin' Chuck Schumer from shutting down the Government. In times like these, Republicans have to stick TOGETHER to fight back against the Radical Left Democrat demands, and vote ""YES!"" on both Votes needed to pass a Clean CR this week out of the House of Representatives. Democrats want the Government to shut down. Republicans want the Government to OPEN. Democrats love CRIME, Republicans make our Country SAFE — WE HATE CRIME. FAILURE IS NOT AN OPTION. Thank you for your attention to this matter! President DJTVideo --",[],['down'],
confine,116366146721038653,2026-04-08 00:01:26.832000+00:00,"The alleged Statement put out by CNN World News is a FRAUD, as CNN well knows. The false Statement was linked to a Fake News site (from Nigeria) and, of course, immediately picked up by CNN, and blared out as a ""legitimate"" headline. The Official Statement by Iran was just released, and posted on TRUTH, below. Authorities are looking to determine whether or not a crime was committed on the issuance of the Fake CNN World Statement, or was it a sick rogue player? CNN is being ordered to immediately withdraw this Statement with full apologies for their, as usual, terrible ""reporting."" Results of the investigation will be announced in the near future. President DONALD J. TRUMP",['iran'],[],
confine,115311360340851958,2025-10-03 17:15:23.950000+00:00,"A boat loaded with enough drugs to kill 25 TO 50 THOUSAND PEOPLE was stopped, early this morning off the Coast of Venezuela, from entering American Territory. Video:",['venezuela'],[],
confine,114616192602509494,2025-06-02 22:45:06.068000+00:00,"Passing THE ONE, BIG, BEAUTIFUL BILL is a Historic Opportunity to turn our Country around after four disastrous years under Joe Biden. We will take a massive step to balancing our Budget by enacting the largest mandatory Spending Cut, EVER, and Americans will get to keep more of their money with the largest Tax Cut, EVER, and no longer taxing Tips, Overtime, or Social Security for Seniors — Something 80 Million Voters supported in November. It will unleash American Energy by expediting permitting for Energy, and refilling the Strategic Petroleum Reserve. It will make American Air Travel GREAT AGAIN by purchasing the final Air Traffic Control System. We will secure our skies from our adversaries by building The Golden Dome, and secure our Border by building more of our Wall, and supercharging the deportation of the millions of Criminal Illegals Joe Biden allowed to walk right into our Country. It will kick millions of Illegals off Medicaid, and make sure SNAP is focused on Americans ONLY! It will also restore Choice and Affordability for Car purchases by REPEALING Biden’s EV Mandate, and all of the GREEN NEW SCAM Tax Credits and Spending. THE ONE, BIG, BEAUTIFUL BILL also protects our beautiful children by stopping funding for sick sex changes for minors. With the Senate coming back to Washington today, I call on all of my Republican friends in the Senate and House to work as fast as they can to get this Bill to MY DESK before the Fourth of JULY. Thank you for your attention to this matter!",['strategic petroleum reserve'],[],
confine,114180060627046678,2025-03-17 22:11:00.251000+00:00,"Third Rate Magazine, ""The Atlantic,"" that made up the ""Suckers and Losers"" Hoax about me and the Military, and refused to even acknowledge the vast horde of people who emphatically denied this FAKE STORY, has asked me to do an interview. Below is my response: Ashley Parker is not capable of doing a fair and unbiased interview. She is a Radical Left Lunatic, and has been as terrible as is possible for as long as I have known her. To this date, she doesn't even know that I won the Presidency THREE times. If you have some other reporter, let us know, but Ashley is not capable or competent enough to understand the intricacies of High Level politics. Likewise, Michael Scherer has never written a fair story about me, only negative, and virtually always LIES. The Atlantic is doing terribly, losing a fortune, and will hopefully fold up and be gone in the not too distant future. It has absolutely no credibility, and would be far better off, in terms of ""journalism,"" to cease publication. Nevertheless, when you have a writer with intelligence, competence, and fairness, please let me know!",[],['military'],
confine,115384956858741387,2025-10-16 17:11:57.693000+00:00,"I have just concluded my telephone conversation with President Vladimir Putin, of Russia, and it was a very productive one. President Putin congratulated me and the United States on the Great Accomplishment of Peace in the Middle East, something that, he said, has been dreamed of for centuries. I actually believe that the Success in the Middle East will help in our negotiation in attaining an end to the War with Russia/Ukraine. President Putin thanked the First Lady, Melania, for her involvement with children. He was very appreciative, and said that this will continue. We also spent a great deal of time talking about Trade between Russia and the United States when the War with Ukraine is over. At the conclusion of the call, we agreed that there will be a meeting of our High Level Advisors, next week. The United States' initial meetings will be led by Secretary of State Marco Rubio, together with various other people, to be designated. A meeting location is to be determined. President Putin and I will then meet in an agreed upon location, Budapest, Hungary, to see if we can bring this ""inglorious"" War, between Russia and Ukraine, to an end. President Zelenskyy and I will be meeting tomorrow, in the Oval Office, where we will discuss my conversation with President Putin, and much more. I believe great progress was made with today's telephone conversation.","['putin', 'russia', 'ukraine', 'zelenskyy']",[],
confine,114661875773869479,2025-06-11 00:22:55.944000+00:00,"Generations of Army heroes did not shed their blood on distant shores only to watch our Country be destroyed by invasion and Third World lawlessness here at home, like is happening in California. As Commander in Chief, I will not let that happen…",[],['destroyed'],
confine,116009525888634030,2026-02-04 00:28:04.775000+00:00,Jeb Bush heaps praise on Trump's 'unprecedented support' for Iranians 10 years after heated primary: foxnews.com/politics/jeb-bush-,['iranians'],[],
confine,115866624593954329,2026-01-09 18:46:24.063000+00:00,"The largest Oil Companies in the World are coming to the White House at 2:30 P.M. Everybody wants to be there. It’s too bad that the Ballroom hasn’t completed because, if it were, it would be PACKED. We apologize to those Oil Companies that we cannot take today, but Secretary of Energy Chris Wright, and Secretary of the Interior Doug Burgum, will see them over the next week. Everyone is in daily contact. Today’s meeting will almost exclusively be a discussion on Venezuelan Oil, and our longterm relationship with Venezuela, its Security, and People. A very big factor in this involvement will be the reduction of Oil Prices for the American People. Additionally, and perhaps most importantly of all, will be the stoppage of Drugs and Criminals coming into the United States of America. Thank you for your attention to this matter! PRESIDENT DONALD J. TRUMP","['oil', 'venezuela', 'venezuelan']",[],
confine,114736023113491933,2025-06-24 02:39:34.558000+00:00,"Nate Friedman: ""Deranged leftist paid protestor says she wants to destroy Israel then I expose her! Soros is behind it all with proof…""",[],['destroy'],
confine,115151159839778614,2025-09-05 10:14:18.297000+00:00,"Looks like we've lost India and Russia to deepest, darkest, China. May they have a long and prosperous future together! President Donald J. Trump",['russia'],[],
confine,116495078448348822,2026-04-30 18:30:28.862000+00:00,"In Honor of the King and Queen of the United Kingdom, who have just left the White House, soon headed back to their wonderful Country, I will be removing the Tariffs and Restrictions on Whiskey having to do with Scotland's ability to work with the Commonwealth of Kentucky on Whiskey and Bourbon, two very important Industries within Scotland and Kentucky. People have wanted to do this for a long time, in that there had been great Inter-Country Trade, especially having to do with the Wooden Barrels used. The King and Queen got me to do something that nobody else was able to do, without hardly even asking! A wonderful Honor to have them both in the U.S.A. President DONALD J. TRUMP",['barrels'],[],
confine,116363336033995961,2026-04-07 12:06:39.151000+00:00,"A whole civilization will die tonight, never to be brought back again. I don't want that to happen, but it probably will. However, now that we have Complete and Total Regime Change, where different, smarter, and less radicalized minds prevail, maybe something revolutionarily wonderful can happen, WHO KNOWS? We will find out tonight, one of the most important moments in the long and complex history of the World. 47 years of extortion, corruption, and death, will finally end. God Bless the Great People of Iran!",['iran'],[],
confine,116250068528701090,2026-03-18 12:01:14.180000+00:00,"Remember, for all of those absolute ""fools"" out there, Iran is considered, by everyone, to be the NUMBER ONE STATE SPONSOR OF TERROR. We are rapidly putting them out of business!",['iran'],[],
confine,115925766187001811,2026-01-20 05:26:53.156000+00:00,"I had a very good telephone call with Mark Rutte, the Secretary General of NATO, concerning Greenland. I agreed to a meeting of the various parties in Davos, Switzerland. As I expressed to everyone, very plainly, Greenland is imperative for National and World Security. There can be no going back — On that, everyone agrees! The United States of America is the most powerful Country anywhere on the Globe, by far. Much of the reason for this is a rebuilding of our Military during my First Term, which rebuilding continues at even more expedited pace. We are the only POWER that can ensure PEACE throughout the World — And it is done, quite simply, through STRENGTH! PRESIDENT DONALD J. TRUMP",[],['military'],
confine,115855894695940909,2026-01-07 21:17:38.812000+00:00,"After long and difficult negotiations with Senators, Congressmen, Secretaries, and other Political Representatives, I have determined that, for the Good of our Country, especially in these very troubled and dangerous times, our Military Budget for the year 2027 should not be $1 Trillion Dollars, but rather $1.5 Trillion Dollars. This will allow us to build the ""Dream Military"" that we have long been entitled to and, more importantly, that will keep us SAFE and SECURE, regardless of foe. If it weren't for the tremendous numbers being produced by Tariffs from other Countries, many of which, in the past, have ""ripped off"" the United States at levels never seen before, I would stay at the $1 Trillion Dollar number but, because of Tariffs, and the tremendous Income that they bring, amounts being generated, that would have been unthinkable in the past (especially just one year ago during the Sleepy Joe Biden Administration, the Worst President in the History of our Country!), we are able to easily hit the $1.5 Trillion Dollar number while, at the same time, producing an unparalleled Military Force, and having the ability to, at the same time, pay down Debt, and likewise, pay a substantial Dividend to moderate income Patriots within our Country! PRESIDENT DONALD J. TRUMP",[],"['down', 'military']",
confine,114745136248099636,2025-06-25 17:17:09.957000+00:00,"Israel just stated that the Nuclear Sites were OBLITERATED! Thank you to our great B-2 pilots, and all others involved!",[],['nuclear'],
confine,115625427648743414,2025-11-28 04:26:50.753000+00:00,"…Even as we have progressed technologically, Immigration Policy has eroded those gains and living conditions for many. I will permanently pause migration from all Third World Countries to allow the U.S. system to fully recover, terminate all of the millions of Biden illegal admissions, including those signed by Sleepy Joe Biden's Autopen, and remove anyone who is not a net asset to the United States, or is incapable of loving our Country, end all Federal benefits and subsidies to noncitizens of our Country, denaturalize migrants who undermine domestic tranquility, and deport any Foreign National who is a public charge, security risk, or non-compatible with Western Civilization. These goals will be pursued with the aim of achieving a major reduction in illegal and disruptive populations, including those admitted through an unauthorized and illegal Autopen approval process. Only REVERSE MIGRATION can fully cure this situation. Other than that, HAPPY THANKSGIVING TO ALL, except those that hate, steal, murder, and destroy everything that America stands for — You won't be here for long!",[],['destroy'],
confine,115170494005487289,2025-09-08 20:11:14.253000+00:00,"I have seen the horrific video of a beautiful, young Ukrainian refugee, who came to America to escape the vicious War in Ukraine, and was innocently riding the Metro in Charlotte, North Carolina, where she was brutally ambushed by a mentally deranged lunatic. The perpetrator was a well known career criminal, who had been previously arrested and released on CASHLESS BAIL in January, a total of 14 TIMES. What the hell was he doing riding the train, and walking the streets? Criminals like this need to be LOCKED UP. The blood of this innocent woman can literally be seen dripping from the killer's knife, and now her blood is on the hands of the Democrats who refuse to put bad people in jail, including Former Disgraced Governor and ""Wannabe Senator"" Roy Cooper. North Carolina, and every State, needs LAW AND ORDER, and only Republicans will deliver it! Additionally, where is the outrage from the Mainstream Media on this horrible tragedy? VOTE FOR MICHAEL WHATLEY FOR UNITED STATES SENATE, HE WON'T LET THIS HAPPEN AGAIN!","['ukraine', 'ukrainian']",[],
confine,116588075000941546,2026-05-17 04:40:43.642000+00:00,"Tom Massie of Kentucky, the worst and most unreliable Republican Congressman in the history of our Country, is an even bigger insult to our Nation than Senator Bill Cassidy of Louisiana, who suffered an unprecedented loss tonight by not even being allowed to run in the Republican Primary. This is the first time such a thing has ever happened to a sitting U.S. Senator! That's what you get by voting to Impeach an innocent man, especially one who made it possible for Cassidy's Senate win. Very disloyal, but Tom Massie, a major Sleazebag, is even worse! Kentucky, get this LOSER out of politics in Tuesday's Election. He is nicknamed Rand Paul Jr., another real “beauty,” because of his absolutely terrible voting habits. Vote for Ed Gallrein, a successful Kentucky farmer, and American War Hero, who only ran because he thought that Massie was so disloyal and disrespectful to your President, ME! This is a great man, Central Casting, in fact, who truly deserves to represent the fantastic people of Kentucky, a Commonwealth that I am proud to have won all three times, in record fashion! ED WILL NEVER LET YOU DOWN. MAKE AMERICA GREAT AGAIN! President DONALD J. TRUMP",[],['down'],
confine,114902760700024238,2025-07-23 13:23:08.220000+00:00,"Indonesia has also agreed, for the first time ever, to COMPLETELY OPEN ITS MARKET TO THE USA. That’s BIG!!! Our businesses will make a fortune. Likewise Japan!",['market'],[],
confine,115673676055612429,2025-12-06 16:57:03.016000+00:00,EXCLUSIVE: Watch a Coast Guard helicopter sniper disable a go-fast drug vessel in interdiction operation. foxnews.com/video/638606174511,[],"['interdiction', 'vessel']",
confine,116065471857020644,2026-02-13 21:35:52.505000+00:00,"The Democrats refuse to vote for Voter I.D., or Citizenship. The reason is very simple — They want to continue to cheat in Elections. This was not what our Founders desired. I have searched the depths of Legal Arguments not yet articulated or vetted on this subject, and will be presenting an irrefutable one in the very near future. There will be Voter I.D. for the Midterm Elections, whether approved by Congress or not! Also, the People of our Country are insisting on Citizenship, and No Mail-In Ballots, with exceptions for Military, Disability, Illness, or Travel. Thank you for your attention to this matter! PRESIDENT DONALD J. TRUMP",[],['military'],
confine,115237675581682288,2025-09-20 16:56:23.753000+00:00,"We want Venezuela to immediately accept all of the prisoners, and people from mental institutions, which includes the Worst in the World Insane Asylums, that Venezuelan ""Leadership"" has forced into the United States of America. Thousands of people have been badly hurt, and even killed, by these ""Monsters."" GET THEM THE HELL OUT OF OUR COUNTRY, RIGHT NOW, OR THE PRICE YOU PAY WILL BE INCALCULABLE!","['venezuela', 'venezuelan']",[],
confine,116219148622456831,2026-03-13 00:57:53.853000+00:00,"At Military Academy with my parents, Fred and Mary!""",[],['military'],
confine,114411308844416576,2025-04-27 18:20:28.021000+00:00,"Hopefully ACTBLUE, the Democrats ILLEGAL SCAM used to raise money, including from not allowed ""foreign contributions,"" is being looked at by authorities. The Dems only know how to win by CHEATING, something which they do better than any group or party in history. But now, with their terrible policies and candidates, and with people like Crooked Adam Schiff, who demanded a full Pardon from Sleepy Joe, leading the way, it is almost impossible to reach their money goals. The USA is wise to these scoundrels and crooks. Also, why did the Auto Pen give Schiff a Pardon? Biden knew nothing about it. Who operated the Auto Pen? That is the biggest question being asked in D.C. They almost destroyed our Country. They should all be in jail!!!",[],['destroyed'],
confine,114216908831612177,2025-03-24 10:21:59.232000+00:00,"Tom Homan, Border Czar: ""We're actually using the laws on the books to enforce immigration law and secure the border (DOWN 96% UNDER TRUMP!)….We're not making this up. Everything we've done is based on a statute that was enacted by Congress and signed by a president….""",[],['down'],
confine,116726429558380513,2026-06-10 15:06:06.650000+00:00,"Just like they did on Border Funding, the Radical Left Dumocrats are trying to take our National Security hostage because of unrelated issues. They should stop playing politics with the safety of our Great Country. I have named William Pulte to be Acting Director of National Intelligence, who will take over on June 19th, and have asked him to execute the immediate and needed downsizing of the office, reverting staff to their home agencies. At the same time, I am looking for a permanent ODNI Nominee with experience in National Security. FISA 702 is very important to our Military, and keeping the American People safe, especially during the World Cup and America250 Celebrations. If nothing is done, this important Law will expire this week. I am asking Congress to send me a short-term extension of FISA to provide time for the selection and confirmation of a permanent Head of the Agency. I would like to thank Director Pulte for his time and commitment. President DONALD J. TRUMP",[],['military'],
confine,114071839130050988,2025-02-26 19:28:51.256000+00:00,"In just over one month, illegal border crossings have plummeted by numbers nobody has ever actually seen before—We've unleashed American energy...We're fighting every day to get the prices down...",[],['down'],
confine,114042361686358877,2025-02-21 14:32:21.161000+00:00,"I won the Presidential Election in a landslide, won ALL SEVEN SWING STATES, THE POPULAR VOTE, AND ALL FIFTY STATES SHIFTED REPUBLICAN, a record, and now I have the best polling numbers I've ever had. The Democrats, run by broken down losers like James Carville, whose weak of mind and body, are going crazy, and just don't know what to do. They have lost their confidence and spirit - They have lost their minds! We are going to have big WINS for our Country, and MAKE AMERICA GREAT AGAIN. It's already happening, and will get bigger and better than ever before!",[],['down'],
confine,114096104536926329,2025-03-03 02:19:51.981000+00:00,"We should spend less time worrying about Putin, and more time worrying about migrant rape gangs, drug lords, murderers, and people from mental institutions entering our Country - So that we don't end up like Europe!",['putin'],[],
confine,116104410806971686,2026-02-20 18:38:33.729000+00:00,"The Supreme Court's Ruling on TARIFFS is deeply disappointing! I am ashamed of certain Members of the Court for not having the Courage to do what is right for our Country. I would like to thank and congratulate Justices Thomas, Alito, and Kavanaugh for your Strength, Wisdom, and Love of our Country, which is right now very proud of you. When you read the dissenting opinions, there is no way that anyone can argue against them. Foreign Countries that have been ripping us off for years are ecstatic, and dancing in the streets — But they won't be dancing for long! The Democrats on the Court are thrilled, but they will automatically vote ""NO"" against ANYTHING that makes America Strong and Healthy Again. They, also, are a Disgrace to our Nation. Others think they're being ""politically correct,"" which has happened before, far too often, with certain Members of this Court when, in fact, they're just FOOLS and ""LAPDOGS"" for the RINOS and Radical Left Democrats and, not that this should have anything to do with it, very unpatriotic, and disloyal to the Constitution. It is my opinion that the Court has been swayed by Foreign Interests, and a Political Movement that is far smaller than people would think — But obnoxious, ignorant, and loud! This was an important case to me, more as a symbol of Economic and National Security, than anything else. The Good News is that there are methods, practices, Statutes, and other Authorities, as recognized by the entire Court and Congress, that are even stronger than the IEEPA TARIFFS, available to me as President of the United States of America and, in actuality, I was very modest in my ""ask"" of other Countries and Businesses because I wanted to do nothing that could sway the decision that has been rendered by the Court. I have very effectively utilized TARIFFS over the past year to, MAKE AMERICA GREAT AGAIN. Our Stock Market has just recently broken the 50,000 mark on the DOW and, simultaneously, 7,000 on the S&P, two numbers that everybody thought, upon our Landslide Election Victory, could not be attained until the very end of my Administration — Four years! TARIFFS have, likewise, been used to end five of the eight Wars that I settled, have given us Great National Security and, together with our Strong Border, reduced Fentanyl coming into our Country by 30%, when I use them as a penalty against Countries illegally sending this poison to us. All of those TARIFFS remain, but other alternatives will now be used to replace the ones that the Court incorrectly rejected.",['market'],[],
confine,115169686997623003,2025-09-08 16:46:00.290000+00:00,"""U.S. CRACKS DOWN ON CARTEL ON CARTEL CRUISES"" Video --",[],['down'],
confine,116876921284232391,2026-07-07 04:58:08.150000+00:00,"The United States Military has never been stronger, or more powerful. No other Nation can do what we do (It's not even close!). This year we set even more Historic Recruiting Records, months ahead of schedule. Morale has never been higher. Our Military's unmatched POWER was on full display during our Celebration of 250 Years of American Independence and, like our Country, the WAR DEPARTMENT has never been “HOTTER.” We need to keep it that way, which is why, when Congress returns, we must pass Reconciliation 3.0, with 350 Billion Dollars for Defense, plus THE SAVE AMERICA ACT! I am calling on House and Senate Leadership to make this their Number One Priority, and ensure that 350 Billion Dollars in Recon 3.0 moves out of the Budget Committee as soon as Congress is back in session. The SAVE AMERICA ACT, which everyone is asking for, paired with the full funding of our Great Department of War, can be passed very quickly, ensuring that the United States of America stays FREE for Generations to come. Thank you for your attention to this matter! President DONALD J. TRUMP",[],['military'],
confine,116224518730089644,2026-03-13 23:43:35.193000+00:00,"Iran had plans of taking over the entire Middle East, and completely obliterating Israel. JUST LIKE IRAN ITSELF, THOSE PLANS ARE NOW DEAD! President DONALD J. TRUMP",['iran'],[],
confine,113683654440040843,2024-12-20 06:08:22.954000+00:00,"I told the European Union that they must make up their tremendous deficit with the United States by the large scale purchase of our oil and gas. Otherwise, it is TARIFFS all the way!!!",['oil'],[],
confine,114614695646992423,2025-06-02 16:24:24.340000+00:00,"Yesterday's horrific attack in Boulder, Colorado, WILL NOT BE TOLERATED in the United States of America. He came in through Biden's ridiculous Open Border Policy, which has hurt our Country so badly. He must go out under ""TRUMP"" Policy. Acts of Terrorism will be prosecuted to the fullest extent of the Law. This is yet another example of why we must keep our Borders SECURE, and deport Illegal, Anti-American Radicals from our Homeland. My heart goes out to the victims of this terrible tragedy, and the Great People of Boulder, Colorado!",[],['attack'],
confine,114098529870362771,2025-03-03 12:36:39.633000+00:00,"The only President who gave none of Ukraine's land to Putin's Russia is President Donald J. Trump. Remember that when the weak and ineffective Democrat's criticize, and the Fake News gladly puts out anything they say!","['putin', 'russia', 'ukraine']",[],
confine,114332342610034728,2025-04-13 19:38:18.908000+00:00,"Time for the terrorists to hide, but it won't do them any good. Our Warfighters, the Greatest the World has ever seen, will find them, and bring them to swift Justice. I just got rid of Joe Biden's dangerous red tape, and empowered our Warfighters, once again, just like I did against our fight with ISIS, who were completely obliterated in three weeks under General Daniel Caine, our new Chairman of the Joint Chiefs of Staff. We will support the Somali People, who should not allow the Houthis to embed (which they are trying to do!), to end terrorism, and bring prosperity to their Country.",['houthis'],[],
confine,116255809955960965,2026-03-19 12:21:21.408000+00:00,"Media, lawmakers downplay threat from the Iran regime, but evidence shows the true scope of danger: justthenews.com/government/sec",['iran'],[],
confine,116177101048442216,2026-03-05 14:44:38.790000+00:00,"The Republicans MUST DO, with PASSION, and at the expense of everything else, THE SAVE AMERICA ACT - And not the watered down version. This is a Country Defining fight for the Soul of our Nation!",[],['down'],
confine,115950424403894234,2026-01-24 13:57:47.686000+00:00,"If Governor Carney thinks he is going to make Canada a ""Drop Off Port"" for China to send goods and products into the United States, he is sorely mistaken. China will eat Canada alive, completely devour it, including the destruction of their businesses, social fabric, and general way of life. If Canada makes a deal with China, it will immediately be hit with a 100% Tariff against all Canadian goods and products coming into the U.S.A. Thank you for your attention to this matter! President DJT justthenews.com/government/dip",[],['port'],
confine,115906000981082082,2026-01-16 17:40:20.048000+00:00,"I greatly respect the fact that all scheduled hangings, which were to take place yesterday (Over 800 of them), have been cancelled by the leadership of Iran. Thank you!DONALD J. TRUMP PRESIDENT OF THE UNITED STATES OF AMERICA",['iran'],[],
confine,114626401432609274,2025-06-04 18:01:20.453000+00:00,"""Congress can give Trump the leverage to coerce Putin"" washingtonpost.com/opinions/20",['putin'],[],
confine,115520387746375038,2025-11-09 15:13:49.040000+00:00,"I am sorry that the American People are being terrorized by Democrats who have decided to shut the Government down to make me and other Republicans continue ObamaCare subsidies, which have been a windfall for Health Insurance Companies, and a DISASTER for the American People. The largest Health Insurance Companies have seen their Stock Prices soar (Some over 1000%!) since the passage of ObamaCare. Meanwhile, Americans' Premiums have more than DOUBLED, contrary to President Obama's promise. I believe that the money should go directly to THE PEOPLE to purchase better Healthcare, and create competition. This enrichment of Health Insurance companies must stop. It is long past time to lower Premiums, not enrich Insurance Companies. I stand ready to work with both Parties to solve this problem once the Government is open. Stop terrorizing the American People. Stop pushing failed policies!",[],"['down', 'enrichment']",
confine,116104407604484915,2026-02-20 18:37:44.863000+00:00,"To show you how ridiculous the opinion is, the Court said that I'm not allowed to charge even $1 DOLLAR to any Country under IEEPA, I assume to protect other Countries, not the United States which they should be interested in protecting — But I am allowed to cut off any and all Trade or Business with that same Country, even imposing a Foreign Country destroying embargo, and do anything else I want to do to them — How nonsensical is that? They are saying that I have the absolute right to license, but not the right to charge a license fee. What license has ever been issued without the right to charge a fee? But now the Court has given me the unquestioned right to ban all sorts of things from coming into our Country, a much more powerful Right than many people thought we had. Our Country is the ""HOTTEST"" anywhere in the World, but now, I am going in a different direction, which is even stronger than our original choice. As Justice Kavanaugh wrote in his Dissent: ""Although I firmly disagree with the Court's holding today, the decision might not substantially constrain a President's ability to order tariffs going forward. That is because numerous other federal statutes authorize the President to impose tariffs and might justify most (if not all) of the tariffs issued in this case...Those statutes include, for example, the Trade Expansion Act of 1962 (Section 232); the Trade Act of 1974 (Sections 122, 201, and 301); and the Tariff Act of 1930 (Section 338)."" Thank you Justice Kavanaugh! In actuality, while I am sure they did not mean to do so, the Supreme Court's decision today made a President's ability to both regulate Trade, and impose TARIFFS, more powerful and crystal clear, rather than less. There will no longer be any doubt, and the Income coming in, and the protection of our Companies and Country, will actually increase because of this decision. Based on longstanding Law and Hundreds of Victories to the contrary, the Supreme Court did not overrule TARIFFS, they merely overruled a particular use of IEEPA TARIFFS. The ability to block, embargo, restrict, license, or impose any other condition on a Foreign Country's ability to conduct Trade with the United States under IEEPA, has been fully confirmed by this decision. In order to protect our Country, a President can actually charge more TARIFFS than I was charging in the past under the various other TARIFF authorities, which have also been confirmed, and fully allowed. Therefore, effective immediately, all National Security TARIFFS, Section 232 and existing Section 301 TARIFFS, remain in place, and in full force and effect. Today I will sign an Order to impose a 10% GLOBAL TARIFF, under Section 122, over and above our normal TARIFFS already being charged, and we are also initiating several Section 301 and other Investigations to protect our Country from unfair Trading practices. Thank you for your attention to this matter. MAKE AMERICA GREAT AGAIN! PRESIDENT DONALD J. TRUMP",[],['embargo'],
confine,115109848555666148,2025-08-29 03:08:18.127000+00:00,"Carjacking in DC is down 87%. ALL other categories of crime are likewise down massively since I got involved. DC will soon be a CRIME FREE ZONE, in only 14 days, far faster than scheduled. Thank you for your attention to this matter!",[],['down'],
confine,116007264985679550,2026-02-03 14:53:06.134000+00:00,"Was Ilhan Omar there to protect her corrupt ""homeland? US forces strike ISIS-Somalia leaders in Somalia caves: foxnews.com/video/638867263011",[],['strike'],
confine,116772506497851104,2026-06-18 18:24:04.950000+00:00,"Anybody who doesn't want to Terminate the Filibuster is a FOOL, a very stupid one, at that! The Dumocrats will end it within minutes of taking office, and then rapidly proceed to destroy our Country, adding 2 Radical Left States, 4 Dumocrat Senators, many Congressmen/women, their dream of 21 Supreme Court Justices (Not just 13, an unlucky number!), an impossible to beat number of Electoral College Votes (and that's the Ballgame!), “Popular” Vote Landslides, and so much else. The Republican Party will never win another Election. I will, sadly, be the last Republican President. Senate Majority Leader John Thune, and the Republican Senate, must not let this “carnage” happen. They will go down on the wrong side of History, as will all Republicans who just stood by and watched. The Republican Party isn't at stake, our Country is. TERMINATE THE FILIBUSTER, AND IMMEDIATELY APPROVE THE SAVE AMERICA ACT. GOD BLESS THE U.S.A. President DONALD J. TRUMP",[],"['destroy', 'down']",
confine,116552084797839159,2026-05-10 20:07:56.724000+00:00,"The Sleazebag, Radical Left Congressman from the failed State of California, Ro Khanna, should not be allowed on FoxNews unless you have an “anchor” who is capable of disputing his lies, one after another, and closing down his FAKE (Bullshit!) narrative. He is similar, but worse than Hakeem Jeffries, only with a somewhat higher IQ. This morning he tried, on behalf of the Dumacrats, to take credit for the Steel Industry pouring back into the U.S., knowing full well that the Dumbs virtually destroyed it, and I SAVED IT, through strong Tariffs (PLUS!). Our Country was DEAD during the last “Administration,” and now it is hotter than ever before. We can't allow the Dumacrats to take credit for this. If elected, they will fully destroy our thriving, and now very respected, Nation. I will NOT let that happen!!! President DONALD J. TRUMP",[],"['destroy', 'destroyed', 'down']",
