gruppo,post_id,timestamp_utc,testo,attori_trovati,meccanismi_trovati,giudizio
dentro,116187586876366061,2026-03-07 11:11:19.827000+00:00,"Iran, which is being beat to HELL, has apologized and surrendered to its Middle East neighbors, and promised that it will not shoot at them anymore. This promise was only made because of the relentless U.S. and Israeli attack. They were looking to take over and rule the Middle East. It is the first time that Iran has ever lost, in thousands of years, to surrounding Middle Eastern Countries. They have said, ""Thank you President Trump."" I have said, ""You're welcome!"" Iran is no longer the ""Bully of the Middle East,"" they are, instead, ""THE LOSER OF THE MIDDLE EAST,"" and will be for many decades until they surrender or, more likely, completely collapse! Today Iran will be hit very hard! Under serious consideration for complete destruction and certain death, because of Iran's bad behavior, are areas and groups of people that were not considered for targeting up until this moment in time. Thank you for your attention to this matter! President DONALD J. TRUMP",['iran'],['attack'],1.0
dentro,116794817775547048,2026-06-22 16:58:08.030000+00:00,Everybody is fully aware that Iran will agree to have Major Weapons Inspections in order to ensure “Nuclear Honesty” long into the future. President DONALD J. TRUMP,['iran'],['nuclear'],1.0
dentro,116392448970133700,2026-04-12 15:30:27.303000+00:00,"So, there you have it, the meeting went well, most points were agreed to, but the only point that really mattered, NUCLEAR, was not. Effective immediately, the United States Navy, the Finest in the World, will begin the process of BLOCKADING any and all Ships trying to enter, or leave, the Strait of Hormuz. At some point, we will reach an ""ALL BEING ALLOWED TO GO IN, ALL BEING ALLOWED TO GO OUT"" basis, but Iran has not allowed that to happen by merely saying, ""There may be a mine out there somewhere,"" that nobody knows about but them. THIS IS WORLD EXTORTION, and Leaders of Countries, especially the United States of America, will never be extorted. I have also instructed our Navy to seek and interdict every vessel in International Waters that has paid a toll to Iran. No one who pays an illegal toll will have safe passage on the high seas. We will also begin destroying the mines the Iranians laid in the Straits. Any Iranian who fires at us, or at peaceful vessels, will be BLOWN TO HELL! Iran knows, better than anyone, how to END this situation which has already devastated their Country. Their Navy is gone, their Air Force is gone, their Anti Aircraft and Radar are useless, Khamenei, and most of their ""Leaders,"" are dead, all because of their Nuclear ambition. The Blockade will begin shortly. Other Countries will be involved with this Blockade. Iran will not be allowed to profit off this Illegal Act of EXTORTION. They want money and, more importantly, they want Nuclear. Additionally and, at an appropriate moment, we are fully ""LOCKED AND LOADED,"" and our Military will finish up the little that is left of Iran! President DONALD J. TRUMP","['hormuz', 'iran', 'iranian', 'iranians', 'khamenei']","['blockade', 'blockading', 'interdict', 'military', 'mine', 'mines', 'navy', 'nuclear', 'strait', 'vessel', 'vessels']",1.0
dentro,116163464520215003,2026-03-03 04:56:41.883000+00:00,"The United States Munitions Stockpiles have, at the medium and upper medium grade, never been higher or better - As was stated to me today, we have a virtually unlimited supply of these weapons. Wars can be fought ""forever,"" and very successfully, using just these supplies (which are better than other countries finest arms!). At the highest end, we have a good supply, but are not where we want to be. Much additional high grade weaponry is stored for us in outlying countries. Sleepy Joe Biden spent all of his time, and our Country's money, GIVING everything to P.T. Barnum (Zelenskyy!) of Ukraine - Hundreds of Billions of Dollars worth - And, while he gave so much of the super high end away (FREE!), he didn't bother to replace it. Fortunately, I rebuilt the military in my first term, and continue to do so. The United States is stocked, and ready to WIN, BIG!!! Thank you for your attention to this matter. President DONALD J. TRUMP","['ukraine', 'zelenskyy']",['military'],1.0
dentro,115926047595803521,2026-01-20 06:38:27.113000+00:00,"Shockingly, our ""brilliant"" NATO Ally, the United Kingdom, is currently planning to give away the Island of Diego Garcia, the site of a vital U.S. Military Base, to Mauritius, and to do so FOR NO REASON WHATSOEVER. There is no doubt that China and Russia have noticed this act of total weakness. These are International Powers who only recognize STRENGTH, which is why the United States of America, under my leadership, is now, after only one year, respected like never before. The UK giving away extremely important land is an act of GREAT STUPIDITY, and is another in a very long line of National Security reasons why Greenland has to be acquired. Denmark and its European Allies have to DO THE RIGHT THING. Thank you for your attention to this matter. PRESIDENT DONALD J. TRUMP",['russia'],['military'],0.0
dentro,116397847496142849,2026-04-13 14:23:22.272000+00:00,"Iran's Navy is laying at the bottom of the sea, completely obliterated - 158 ships. What we have not hit are their small number of, what they call, ""fast attack ships,"" because we did not consider them much of a threat. Warning: If any of these ships come anywhere close to our BLOCKADE, they will be immediately ELIMINATED, using the same system of kill that we use against the drug dealers on boats at Sea. It is quick and brutal. P.S. 98.2% of Drugs coming into the U.S. by Ocean or Sea have STOPPED! Thank you for your attention to this matter. President DJT",['iran'],"['attack', 'blockade', 'navy', 'obliterated']",1.0
dentro,116725591109474316,2026-06-10 11:32:52.935000+00:00,"The Fake News Media refuses to report how EFFECTIVE the U.S. Naval BLOCKADE is, the most successful Blockade in the history of Naval Warfare. NOTHING GETS THROUGH unless we want it to. IT IS A STEEL WALL! Iran is doing ZERO business, not paying their military, or any of their bills, and quickly becoming a FAILED NATION! Lots of oil is getting out. Praise be to Allah! President DONALD J. TRUMP","['iran', 'oil']","['blockade', 'military', 'naval']",1.0
dentro,116750323241294561,2026-06-14 20:22:35.317000+00:00,"Senator Jack Reed, a Dumocrat from R.I., lied when stating the the Deal we just made is not as good as the Obama disaster known as the JCPOA. Reed is either an outright fraud, or incompetent. The Obuma Deal was a road to a Nuclear weapon for Iran, cash and all, one of the worst and dumbest (hence Dumocrats!) Deals ever made by the U.S. Our Deal is a WALL against Iran ever having a Nuclear weapon, the complete opposite of Obuma. Impeach Jack Reed!",['iran'],"['jcpoa', 'nuclear']",0.0
dentro,114728311939211877,2025-06-22 17:58:31.377000+00:00,"Congressman Thomas Massie of Kentucky is not MAGA, even though he likes to say he is. Actually, MAGA doesn't want him, doesn't know him, and doesn't respect him. He is a negative force who almost always Votes ""NO,"" no matter how good something may be. He's a simple minded ""grandstander"" who thinks it's good politics for Iran to have the highest level Nuclear weapon, while at the same time yelling ""DEATH TO AMERICA"" at every chance they get. Iran has killed and maimed thousands of Americans, and even took over the American Embassy in Tehran under the Carter Administration. We had a spectacular military success yesterday, taking the ""bomb"" right out of their hands (and they would use it if they could!) but, as usual, and despite all of the praise and accolades received, this ""lightweight"" Congressman is against what was so brilliantly achieved last night in Iran. Massie is weak, ineffective, and votes ""NO"" on virtually everything put before him (Rand Paul, Jr.), no matter how good something may be. He is disrespectful to our great military, and all that they stand for, not even acknowledging their brilliance and bravery in yesterday's attack, which was a total and complete WIN. Massie should drop his fake act and start putting America First, but he doesn't know how to get there — he doesn't have a clue! He'll undoubtedly vote against the Great, Big, Beautiful Bill, even though non-passage means a 68% Tax Increase for everybody, and many things far worse than that. MAGA should drop this pathetic LOSER, Tom Massie, like the plague! The good news is that we will have a wonderful American Patriot running against him in the Republican Primary, and I'll be out in Kentucky campaigning really hard. MAGA is not about lazy, grandstanding, nonproductive politicians, of which Thomas Massie is definitely one. Thank you to our incredible military for the AMAZING job they did last night. It was really SPECIAL!!! MAKE AMERICA GREAT AGAIN.","['iran', 'tehran']","['attack', 'military', 'nuclear']",0.0
dentro,116269555618597105,2026-03-21 22:37:03.574000+00:00,"The United States has blown Iran off of the map, and yet their lightweight analyst, David Sanger, says that I haven't met my own goals. Yes I have, and weeks ahead of schedule! Their leadership is gone, their navy and air force are dead, they have absolutely no defense, and they want to make a deal. I don't! We are weeks ahead of schedule. Just like their incompetent Election coverage of me, The Failing New York Times always gets it wrong! President DJT",['iran'],['navy'],1.0
dentro,114728970221252806,2025-06-22 20:45:55.963000+00:00,"The damage to the Nuclear sites in Iran is said to be ""monumental."" The hits were hard and accurate. Great skill was shown by our military. Thank you!",['iran'],"['military', 'nuclear']",1.0
dentro,116202053313332968,2026-03-10 00:30:20.137000+00:00,52% of US Likely Voters support Trump's decision to strike Iran: Poll: justthenews.com/politics-polic,['iran'],['strike'],0.0
dentro,116408554531050811,2026-04-15 11:46:18.659000+00:00,"China is very happy that I am permanently opening the Strait of Hormuz. I am doing it for them, also - And the World. This situation will never happen again. They have agreed not to send weapons to Iran. President Xi will give me a big, fat, hug when I get there in a few weeks. We are working together smartly, and very well! Doesn't that beat fighting??? BUT REMEMBER, we are very good at fighting, if we have to - far better than anyone else!!! President DJT","['hormuz', 'iran']",['strait'],1.0
dentro,116386190374675994,2026-04-11 12:58:48.715000+00:00,"The Fake News Media has lost total credibility, not that they had any to begin with. Because of their massive Trump Derangement Syndrome (Sometimes referred to as TDS!), they love saying that Iran is ""winning"" when, in fact, everyone knows that they are LOSING, and LOSING BIG! Their Navy is gone, their Air Force is gone, their Anti Aircraft apparatus is nonexistent, Radar is dead, their Missile and Drone Factories have been largely obliterated along with the Missiles and Drones themselves and, most importantly, their longtime ""Leaders"" are no longer with us, praise be to Allah! The only thing they have going is the threat that a ship may ""bunk"" into one of their sea mines which, by the way, all 28 of their mine dropper boats are also lying at the bottom of the sea. We're now starting the process of clearing out the Strait of Hormuz as a favor to Countries all over the World, including China, Japan, South Korea, France, Germany, and many others. Incredibly, they don't have the Courage or Will to do this work themselves. Very interestingly, however, empty Oil carrying ships from many Nations are all heading to the United States of America to LOAD UP with Oil. Thank you for your attention to this matter! President DONALD J. TRUMP","['hormuz', 'iran', 'oil']","['drone', 'drones', 'mine', 'mines', 'navy', 'obliterated', 'strait']",1.0
dentro,115854352740910460,2026-01-07 14:45:30.446000+00:00,"Remember, for all of those big NATO fans, they were at 2% GDP, and most weren’t paying their bills, UNTIL I CAME ALONG. The USA was, foolishly, paying for them! I, respectfully, got them to 5% GDP, AND THEY PAY, immediately. Everyone said that couldn’t be done, but it could, because, beyond all else, they are all my friends. Without my involvement, Russia would have ALL OF UKRAINE right now. Remember, also, I single-handedly ENDED 8 WARS, and Norway, a NATO Member, foolishly chose not to give me the Noble Peace Prize. But that doesn’t matter! What does matter is that I saved Millions of Lives. RUSSIA AND CHINA HAVE ZERO FEAR OF NATO WITHOUT THE UNITED STATES, AND I DOUBT NATO WOULD BE THERE FOR US IF WE REALLY NEEDED THEM. EVERYONE IS LUCKY THAT I REBUILT OUR MILITARY IN MY FIRST TERM, AND CONTINUE TO DO SO. We will always be there for NATO, even if they won’t be there for us. The only Nation that China and Russia fear and respect is the DJT REBUILT U.S.A. MAKE AMERICA GREAT AGAIN!!! President DJT","['russia', 'ukraine']",['military'],0.0
dentro,116236498017197393,2026-03-16 02:30:04.608000+00:00,"Mark Levin, a truly Great American Patriot, is somewhat under siege by other people with far less Intellect, Capability, and Love for our Country. Mark is Tough, Strong, and Brilliant, hence the nickname, ""THE GREAT ONE,"" conceived by our MAGA friend, the wonderful Sean Hannity, after years of dealing with Mark in Legal, Media, and other capacities. Mark would often do Sean's show, speaking as a lawyer, and Sean realized then, as did others, that he was special. Mark Levin was not looking to do Television, Radio, or anything else, but he was drafted by very smart people who understood that there are few like him. He is a true Conservative, and Intellect, far smarter than those who criticize him but, above all, he is a man of Great Wisdom and Common Sense who truly loves our Country. When you hear others unfairly attack Mark, remember that they are jealous and angry Human Beings, whose ""sway"" is much less than the Public understands, and will, now that they know where I stand, rapidly diminish. Other than for his wonderful wife and family, Mark Levin only cares and wants one thing, GREATNESS AND SUCCESS FOR AMERICA! Those that speak ill of Mark will quickly fall by the wayside, as do the people whose ideas, policies, and footings are not sound. THEY ARE NOT MAGA, I AM, and MAGA includes not allowing Iran, a Sick, Demented, and Violent Terrorist Regime, to have a Nuclear Weapon to blow up the United States of America, the Middle East and, ultimately, the rest of the World. MAGA is about stopping them cold, and that is exactly what we are doing. GOD BLESS OUR GREAT MILITARY, WHICH I HAVE REBUILT SINCE THE BEGINNING OF MY FIRST TERM, TO ACHIEVE EVERLASTING PEACE THROUGH STRENGTH. MAKE AMERICA GREAT AGAIN! Thank you for your attention to this matter. President DONALD J. TRUMP",['iran'],"['attack', 'military', 'nuclear']",0.0
dentro,116625784011805994,2026-05-23 20:30:37.484000+00:00,"I am in the Oval Office at the White House where we just had a very good call with President Mohammed bin Salman Al Saud, of Saudi Arabia, Mohammed bin Zayed Al Nahyan, of The United Arab Emirates, Emir Tamim bin Hamad bin Khalifa Al Thani, Prime Minister Mohammed bin Abdulrahman bin Jassim bin Jaber Al Thani, and Minister Ali al-Thawadi, of Qatar, Field Marshal Syed Asim Munir Ahmed Shah, of Pakistan, President Recep Tayyip Erdoğan, of Türkiye, President Abdel Fattah El-Sisi, of Egypt, King Abdullah II, of Jordan, and King Hamad bin Isa Al Khalifa, of Bahrain, concerning the Islamic Republic of Iran, and all things related to a Memorandum of Understanding pertaining to PEACE. An Agreement has been largely negotiated, subject to finalization between the United States of America, the Islamic Republic of Iran, and the various other Countries, as listed. Separately, I had a call with Prime Minister Bibi Netanyahu, of Israel, which, likewise, went very well. Final aspects and details of the Deal are currently being discussed, and will be announced shortly. In addition to many other elements of the Agreement, the Strait of Hormuz will be opened. Thank you for your attention to this matter! President DONALD J. TRUMP","['hormuz', 'iran', 'saudi']",['strait'],1.0
dentro,114729009239087163,2025-06-22 20:55:51.328000+00:00,"It's not politically correct to use the term, ""Regime Change,"" but if the current Iranian Regime is unable to MAKE IRAN GREAT AGAIN, why wouldn't there be a Regime change??? MIGA!!!","['iran', 'iranian']",['regime change'],1.0
dentro,116420562510387829,2026-04-17 14:40:05.883000+00:00,Iran has agreed to never close the Strait of Hormuz again. It will no longer be used as a weapon against the World! President DONALD J. TRUMP,"['hormuz', 'iran']",['strait'],1.0
dentro,116725476229257491,2026-06-10 11:03:40.002000+00:00,"Iran's Military is a complete and total mess. Much of it, like their Navy and Air Force, doesn't even exist anymore - They have been completely defeated. Iran is all talk and no action. The Bully of the Middle East is DEAD!!! They've taken too long to negotiate a deal that would have been great for them, now they will have to pay the price!!! President DONALD J. TRUMP",['iran'],"['military', 'navy']",1.0
dentro,114741478150368433,2025-06-25 01:46:51.815000+00:00,"FAKE NEWS CNN, TOGETHER WITH THE FAILING NEW YORK TIMES, HAVE TEAMED UP IN AN ATTEMPT TO DEMEAN ONE OF THE MOST SUCCESSFUL MILITARY STRIKES IN HISTORY. THE NUCLEAR SITES IN IRAN ARE COMPLETELY DESTROYED! BOTH THE TIMES AND CNN ARE GETTING SLAMMED BY THE PUBLIC!",['iran'],"['destroyed', 'military', 'nuclear', 'strikes']",1.0
dentro,116597121700043134,2026-05-18 19:01:25.315000+00:00,"I have been asked by the Emir of Qatar, Tamim bin Hamad Al Thani, the Crown Prince of Saudi Arabia, Mohammed bin Salman Al Saud, and the President of the United Arab Emirates, Mohamed bin Zayed Al Nahyan, to hold off on our planned Military attack of the Islamic Republic of Iran, which was scheduled for tomorrow, in that serious negotiations are now taking place, and that, in their opinion, as Great Leaders and Allies, a Deal will be made, which will be very acceptable to the United States of America, as well as all Countries in the Middle East, and beyond. This Deal will include, importantly, NO NUCLEAR WEAPONS FOR IRAN! Based on my respect for the above mentioned Leaders, I have instructed Secretary of War, Pete Hegseth, The Chairman of The Joint Chiefs of Staff, General Daniel Caine, and The United States Military, that we will NOT be doing the scheduled attack of Iran tomorrow, but have further instructed them to be prepared to go forward with a full, large scale assault of Iran, on a moment's notice, in the event that an acceptable Deal is not reached. Thank you for your attention to this matter! President DONALD J. TRUMP","['iran', 'saudi']","['attack', 'military', 'nuclear']",1.0
dentro,116446283085364326,2026-04-22 03:41:10.711000+00:00,Iran is collapsing financially! They want the Strait of Hormuz opened immediately- Starving for cash! Losing 500 Million Dollars a day. Military and Police complaining that they are not getting paid. SOS!!!,"['hormuz', 'iran']","['military', 'strait']",1.0
dentro,114616038217949758,2025-06-02 22:05:50.347000+00:00,"The AUTOPEN should have stopped Iran a long time ago from ""enriching."" Under our potential Agreement — WE WILL NOT ALLOW ANY ENRICHMENT OF URANIUM!",['iran'],['enrichment'],1.0
dentro,114734021412822365,2025-06-23 18:10:31.030000+00:00,"The sites that we hit in Iran were totally destroyed, and everyone knows it. Only the Fake News would say anything different in order to try and demean, as much as possible — And even they say they were ""pretty well destroyed!"" Working especially hard on this falsehood is Allison Cooper of Fake News CNN, Dumb Brian L. Roberts, Chairman of ""Con""cast, Jonny Karl of ABC Fake News, and always, the Losers of, again, Concast's NBC Fake News. It never ends with the sleazebags in the Media, and that's why their Ratings are at an ALL TIME LOW — ZERO CREDIBILITY!",['iran'],['destroyed'],1.0
dentro,116376868752554780,2026-04-09 21:28:12.049000+00:00,"The Wall Street Journal, one of the worst and most inaccurate ""Editorial Boards"" in the World, stated that I ""declared premature victory in Iran."" Actually, it is a Victory, and there's nothing ""premature"" about it! Because of me, IRAN WILL NEVER HAVE A NUCLEAR WEAPON and, very quickly, you'll see Oil start flowing, with or without the help of Iran and, to me, it makes no difference, either way. The Wall Street Journal will, as usual, live to eat their words. They are always quick to criticize, but never to admit when they're wrong, which is most of the time! President DONALD J. TRUMP","['iran', 'oil']",['nuclear'],1.0
dentro,116442964943642737,2026-04-21 13:37:19.887000+00:00,"Never allow the Traitor Democrats like Low IQ person Hakeem Jeffries, or Cryin' Chuck Schumer, or the totally corrupt Fake News Media such as the phony and decaying Wall Street Journal, the Failing New York Times (Subscriptions way down!), or dying ""60 Minutes,"" to demean or criticize Operation Midnight Hammer, which totally obliterated the Nuclear Dust locations to the point where bloodthirsty Iran has been unable to get to it, or dig it out. Space Force has cameras on every inch of the 3 sites that were so brilliantly hit last June! Thank you for your attention to this matter! President DJT",['iran'],"['nuclear', 'obliterated']",0.0
dentro,114739003459183372,2025-06-24 15:17:31.025000+00:00,"Both Israel and Iran wanted to stop the War, equally! It was my great honor to Destroy All Nuclear facilities & capability, and then, STOP THE WAR!",['iran'],"['destroy', 'nuclear']",1.0
dentro,116392449978703637,2026-04-12 15:30:42.692000+00:00,"Iran promised to open the Strait of Hormuz, and they knowingly failed to do so. This caused anxiety, dislocation, and pain to many people and Countries throughout the World. They say they put mines in the water, even though all of their Navy, and most of their ""mine droppers,"" have been completely blown up. They may have done so, but what ship owner would want to take the chance? There is great dishonor and permanent harm to the reputation of Iran, and what's left of their ""Leaders,"" but we are beyond all of that. As they promised, they better begin the process of getting this INTERNATIONAL WATERWAY OPEN AND FAST! Every Law in the book is being violated by them. I have been fully debriefed by Vice President JD Vance, Special Envoy Steve Witkoff, and Jared Kushner, on the meeting that took place in Islamabad through the kind and very competent leadership of Field Marshal Asim Munir, and Prime Minister Shehbaz Sharif, of Pakistan. They are very extraordinary men, and continuously thank me for saving 30 to 50 million lives in what would have been a horrendous War with India. I always appreciate hearing that — The amount of Humanity spoken of is incomprehensible. The meeting with Iran began early in the morning, and lasted throughout the night — Close to 20 hours. I could go into great detail, and talk about much that has been gotten but, there is only one thing that matters — IRAN IS UNWILLING TO GIVE UP ITS NUCLEAR AMBITIONS! In many ways, the points that were agreed to are better than us continuing our Military Operations to conclusion, but all of those points don't matter compared to allowing Nuclear Power to be in the hands of such volatile, difficult, unpredictable people. My three Representatives, as all of this time went by, became, not surprisingly, very friendly and respectful of Iran's Representatives, Mohammad-Bagher Ghalibaf, Abbas Araghchi, and Ali Bagheri, but that doesn't matter because they were very unyielding as to the single most important issue and, as I have always said, right from the beginning, and many years ago, IRAN WILL NEVER HAVE A NUCLEAR WEAPON!","['hormuz', 'iran']","['military', 'mine', 'mines', 'navy', 'nuclear', 'strait', 'waterway']",1.0
dentro,114730186433008075,2025-06-23 01:55:13.882000+00:00,"Monumental Damage was done to all Nuclear sites in Iran, as shown by satellite images. Obliteration is an accurate term! The white structure shown is deeply imbedded into the rock, with even its roof well below ground level, and completely shielded from flame. The biggest damage took place far below ground level. Bullseye!!!",['iran'],"['nuclear', 'obliteration']",1.0
dentro,114942106248731470,2025-07-30 12:09:13.648000+00:00,"Remember, while India is our friend, we have, over the years, done relatively little business with them because their Tariffs are far too high, among the highest in the World, and they have the most strenuous and obnoxious non-monetary Trade Barriers of any Country. Also, they have always bought a vast majority of their military equipment from Russia, and are Russia’s largest buyer of ENERGY, along with China, at a time when everyone wants Russia to STOP THE KILLING IN UKRAINE — ALL THINGS NOT GOOD! INDIA WILL THEREFORE BE PAYING A TARIFF OF 25%, PLUS A PENALTY FOR THE ABOVE, STARTING ON AUGUST FIRST. THANK YOU FOR YOUR ATTENTION TO THIS MATTER. MAGA!","['russia', 'ukraine']",['military'],1.0
dentro,116206683370194686,2026-03-10 20:07:49.198000+00:00,"If Iran has put out any mines in the Hormuz Strait, and we have no reports of them doing so, we want them removed, IMMEDIATELY! If for any reason mines were placed, and they are not removed forthwith, the Military consequences to Iran will be at a level never seen before. If, on the other hand, they remove what may have been placed, it will be a giant step in the right direction! Additionally, we are using the same Technology and Missile capabilities deployed against Drug Traffickers to permanently eliminate any boat or ship attempting to mine the Hormuz Strait. They will be dealt with quickly and violently. BEWARE! President DONALD J. TRUMP","['hormuz', 'iran']","['military', 'mine', 'mines', 'strait']",1.0
dentro,116824603632739697,2026-06-27 23:13:04.142000+00:00,"United States aircraft just struck Iranian missile and drone storage locations, and coastal radar sites, for violating the Cease Fire Agreement, AGAIN! It is very possible that they will never learn! There may come a point when we are no longer able to be reasonable, and will be forced to militarily complete the job that we very successfully started. If that happens, the Islamic Republic of Iran will no longer exist! President DJT","['iran', 'iranian']",['drone'],1.0
dentro,116058575898389756,2026-02-12 16:22:08.527000+00:00,"Relations between Venezuela and the United States have been, to put it mildly, extraordinary! We are dealing very well with President Delcy Rodriguez, and her Representatives. Oil is starting to flow, and large amounts of money, unseen for many years, will soon be greatly helping the people of Venezuela. Marco Rubio, and all of our Representatives, are doing a fantastic job, but we speak only for ourselves, and don't want there to be any confusion or misrepresentation. There is a story about a man named Harry Sargeant III in The Wall Street Journal. He has no authority, in any way, shape, or form, to act on behalf of the United States of America, nor does anyone else that is not approved by the State Department. Without this approval, no one is authorized to represent our Country. Thank you for your attention to this matter! PRESIDENT DONALD J. TRUMP","['oil', 'venezuela']",['to flow'],1.0
dentro,116185492043628345,2026-03-07 02:18:35.216000+00:00,GREGG JARRETT: Democrat war powers vote was an unconstitutional way to halt Iran strikes: foxnews.com/opinion/gregg-jarr,['iran'],['strikes'],0.0
dentro,116954623645571071,2026-07-20 22:18:52.091000+00:00,"I had a very good conversation with the new Prime Minister of the United Kingdom, Andy Burnham. We discussed many subjects, including the outstanding relationship we have had with the UK. We will be meeting in the not too distant future for topics of mutual interest. The Prime Minister has got a big job ahead of him, but he will be able to do it and, of course, the U.S.A. will be there to help! We discussed North Sea Oil, Trade, the Military Alliance, Demining of the Hormuz Strait, and many other topics. The call was interesting, and went very well. I wished Prime Minister Burnham, GOOD LUCK AND GODSPEED! President DONALD J. TRUMP","['hormuz', 'oil']","['military', 'strait']",1.0
dentro,116624932696824292,2026-05-23 16:54:07.449000+00:00,Trump's Global Gambit: How Strikes On Iran And Venezuela Are Fueling America's Economic Comeback And Checking China: loomered.com/2026/04/28/trumps,"['iran', 'venezuela']",['strikes'],0.0
dentro,116346686438015338,2026-04-04 13:32:26.478000+00:00,"Not only were the jobs numbers GREAT yesterday, 178,000 new jobs, but the TRADE DEFICIT was down 55%, the biggest drop in history. THANK YOU MR. TARIFF! All of this and, simultaneously, getting rid of a Nuclear Iran. MAGA!!!",['iran'],['nuclear'],1.0
dentro,116245182325726375,2026-03-17 15:18:36.640000+00:00,"The United States has been informed by most of our NATO ""Allies"" that they don't want to get involved with our Military Operation against the Terrorist Regime of Iran, in the Middle East, this, despite the fact that almost every Country strongly agreed with what we are doing, and that Iran cannot, in any way, shape, or form, be allowed to have a Nuclear Weapon. I am not surprised by their action, however, because I always considered NATO, where we spend Hundreds of Billions of Dollars per year protecting these same Countries, to be a one way street — We will protect them, but they will do nothing for us, in particular, in a time of need. Fortunately, we have decimated Iran's Military — Their Navy is gone, their Air Force is gone, their Anti-Aircraft and Radar is gone and perhaps, most importantly, their Leaders, at virtually every level, are gone, never to threaten us, our Middle Eastern Allies, or the World, again! Because of the fact that we have had such Military Success, we no longer ""need,"" or desire, the NATO Countries' assistance — WE NEVER DID! Likewise, Japan, Australia, or South Korea. In fact, speaking as President of the United States of America, by far the Most Powerful Country Anywhere in the World, WE DO NOT NEED THE HELP OF ANYONE! Thank you for your attention to this matter. President DONALD J. TRUMP",['iran'],"['military', 'navy', 'nuclear']",1.0
dentro,116455405423651208,2026-04-23 18:21:06.547000+00:00,"For those people, fewer in number now than ever before, that are reading The Failing New York Times, or watching Fake News CNN, that think that I am ""anxious"" to end the War (if you would even call it that!) with Iran, please be advised that I am possibly the least pressured person ever to be in this position. I have all the time in the World, but Iran doesn't — The clock is ticking! The reason some of the Media is doing so poorly with Subscribers and Viewers is because they no longer have credibility. Iran's Navy is lying at the bottom of the Sea, their Air Force is demolished, their Anti Aircraft and Radar Weaponry is gone, their leaders are no longer with us, the Blockade is airtight and strong and, from there, it only gets worse — Time is not on their side! A Deal will only be made when it's appropriate and good for the United States of America, our Allies and, in fact, the rest of the World. President DONALD J. TRUMP",['iran'],"['blockade', 'clock is ticking', 'navy']",1.0
dentro,114404524335638236,2025-04-26 13:35:04.633000+00:00,"No matter what deal I make with respect to Russia/Ukraine, no matter how good it is, even if it's the greatest deal ever made, The Failing New York Times will speak BADLY of it. Liddle' Peter Baker, the very biased and untalented writer for The Times, followed his Editor's demands and wrote that Ukraine should get back territory, including, I suppose, Crimea, and other ridiculous requests, in order to stop the killing that is worse than anything since World War II. Why doesn't this lightweight reporter say that it was Obama who made it possible for Russia to steal Crimea from Ukraine without even a shot being fired. It was also Liddle' Peter who wrote an absolutely fawning, yet terribly written Biography, on Obama. It was a JOKE! Did Baker ever criticize the Obama Crimea Giveaway? NO, not once, only TRUMP, and I've had nothing to do with this stupid war, other than early on, when I gave Ukraine Javelins, and Obama gave them sheets. This is Sleepy Joe Biden's War, not mine. It was a loser from day one, and should have never happened, and wouldn't have happened if I were President at the time. I'm just trying to clean up the mess that was left to me by Obama and Biden, and what a mess it is. With all of that being said, there was no reason for Putin to be shooting missiles into civilian areas, cities and towns, over the last few days. It makes me think that maybe he doesn't want to stop the war, he's just tapping me along, and has to be dealt with differently, through ""Banking"" or ""Secondary Sanctions?"" Too many people are dying!!!","['putin', 'russia', 'ukraine']","['mine', 'sanctions']",0.0
dentro,116642543193922330,2026-05-26 19:32:42.309000+00:00,"If Iran surrenders, admits their Navy is gone and resting at the bottom of the sea, and their Air Force is no longer with us, and if their entire Military walks out of Tehran, weapons dropped and hands held high, each shouting “I surrender, I surrender” while wildly waving the representative White Flag, and if their entire remaining Leadership signs all necessary “Documents of Surrender,” and admit their defeat to the great power and force of the magnificent U.S.A., The Failing New York Times, The China Street Journal (WSJ!), Corrupt and now Irrelevant CNN, and all other members of the Fake News Media, will headline that Iran had a Masterful and Brilliant Victory over The United States of America, it wasn't even close. The Dumacrats and Media have totally lost their way. They have gone absolutely CRAZY!!! President DJT","['iran', 'tehran']","['military', 'navy']",1.0
dentro,116229166794959253,2026-03-14 19:25:39.034000+00:00,McLaughlin: Strong Majority Backs Trump in Stopping Iran's Nuclear Ambitions: newsmax.com/mclaughlin/cable-n,['iran'],['nuclear'],0.0
dentro,116161759621251147,2026-03-02 21:43:07.189000+00:00,"If I didn't terminate Obama's horrendous Iran Nuclear Deal (JCPOA), Iran would have had a Nuclear Weapon three years ago. That was the most dangerous transaction we have ever entered into, and had it been allowed to stand, the World would be an entirely different place right now. You can blame Barack Hussein Obama, and Sleepy Joe Biden. THANK YOU PRESIDENT TRUMP!",['iran'],"['jcpoa', 'nuclear']",0.0
dentro,115876460615555838,2026-01-11 12:27:49.841000+00:00,"Cuba lived, for many years, on large amounts of OIL and MONEY from Venezuela. In return, Cuba provided ""Security Services"" for the last two Venezuelan dictators, BUT NOT ANYMORE! Most of those Cubans are DEAD from last weeks U.S.A. attack, and Venezuela doesn't need protection anymore from the thugs and extortionists who held them hostage for so many years. Venezuela now has the United States of America, the most powerful military in the World (by far!), to protect them, and protect them we will. THERE WILL BE NO MORE OIL OR MONEY GOING TO CUBA - ZERO! I strongly suggest they make a deal, BEFORE IT IS TOO LATE. Thank you for your attention to this matter. President DJT","['oil', 'venezuela', 'venezuelan']","['attack', 'military']",1.0
dentro,116216383667242591,2026-03-12 13:14:43.985000+00:00,"The United States is the largest Oil Producer in the World, by far, so when oil prices go up, we make a lot of money. BUT, of far greater interest and importance to me, as President, is stoping an evil Empire, Iran, from having Nuclear Weapons, and destroying the Middle East and, indeed, the World. I won't ever let that happen! Thank you for your attention to this matter. President DONALD J. TRUMP","['iran', 'oil']",['nuclear'],1.0
dentro,116376791555549648,2026-04-09 21:08:34.116000+00:00,"There are reports that Iran is charging fees to tankers going through the Hormuz Strait — They better not be and, if they are, they better stop now! President DONALD J. TRUMP","['hormuz', 'iran']","['strait', 'tankers']",1.0
dentro,114281864005346951,2025-04-04 21:40:56.526000+00:00,"These Houthis gathered for instructions on an attack. Oops, there will be no attack by these Houthis! They will never sink our ships again!",['houthis'],['attack'],1.0
dentro,116315768155415029,2026-03-30 02:29:30.926000+00:00,"Big day in Iran. Many long sought after targets have been taken out and destroyed by our GREAT MILITARY, the finest and most lethal in the World. God bless you all! President DJT",['iran'],"['destroyed', 'military']",1.0
dentro,114763460580044614,2025-06-28 22:57:17.073000+00:00,"It is terrible what they are doing in Israel to Bibi Netanyahu. He is a War Hero, and a Prime Minister who did a fabulous job working with the United States to bring Great Success in getting rid of the dangerous Nuclear threat in Iran. Importantly, he is right now in the process of negotiating a Deal with Hamas, which will include getting the Hostages back. How is it possible that the Prime Minister of Israel can be forced to sit in a Courtroom all day long, over NOTHING (Cigars, Bugs Bunny Doll, etc.). It is a POLITICAL WITCH HUNT, very similar to the Witch Hunt that I was forced to endure. This travesty of ""Justice"" will interfere with both Iran and Hamas negotiations. In other words, it is INSANITY doing what the out-of-control prosecutors are doing to Bibi Netanyahu. The United States of America spends Billions of Dollar a year, far more than on any other Nation, protecting and supporting Israel. We are not going to stand for this. We just had a Great Victory with Prime Minister Bibi Netanyahu at the helm — And this greatly tarnishes our Victory. LET BIBI GO, HE'S GOT A BIG JOB TO DO!",['iran'],['nuclear'],0.0
dentro,116206958726200848,2026-03-10 21:17:50.797000+00:00,"America is returning to REAL ENERGY DOMINANCE! Today I am proud to announce that America First Refining is opening the FIRST new U.S. Oil Refinery in 50 YEARS in Brownsville, Texas. THIS IS A HISTORIC $300 BILLION DOLLAR DEAL — THE BIGGEST IN U.S. HISTORY, A MASSIVE WIN for American Workers, Energy, and the GREAT People of South Texas! Thank you to our partners in India, and their largest privately held Energy Company, Reliance, for this tremendous Investment. It is because of our America First Agenda, streamlining Permits, and lowering Taxes, that have attracted Billions of Dollars in Deals coming back to our Nation. A new Refinery at the Port of Brownsville, will fuel U.S. Markets, strengthen our National Security, boost American Energy production, deliver Billions of Dollars in Economic impact, and will be THE CLEANEST REFINERY IN THE WORLD. It will power Global Exports, and bring THOUSANDS of long overdue Jobs and Growth to a Region that deserves it. This is what AMERICAN ENERGY DOMINANCE looks like. AMERICA FIRST, ALWAYS!","['fuel', 'oil']","['port', 'refinery']",0.0
dentro,116750372942466677,2026-06-14 20:35:13.697000+00:00,"Victoria Coates of the Heritage Foundation is absolutely fantastic! She gets it like few other do. Thank you Victoria. Iran will never have a Nuclear weapon, and the Strait of Hormuz will be opening up for business very shortly!!! President DJT","['hormuz', 'iran']","['nuclear', 'strait']",1.0
dentro,116368854361048135,2026-04-08 11:30:02.140000+00:00,"A Country supplying Military Weapons to Iran will be immediately tariffed, on any and all goods sold to the United States of America, 50%, effective immediately. There will be no exclusions or exemptions! President DJT",['iran'],['military'],1.0
dentro,115830428767897167,2026-01-03 09:21:19.588000+00:00,"The United States of America has successfully carried out a large scale strike against Venezuela and its leader, President Nicolas Maduro, who has been, along with his wife, captured and flown out of the Country. This operation was done in conjunction with U.S. Law Enforcement. Details to follow. There will be a News Conference today at 11 A.M., at Mar-a-Lago. Thank you for your attention to this matter! President DONALD J. TRUMP","['maduro', 'venezuela']",['strike'],1.0
dentro,116630919376298273,2026-05-24 18:16:36.928000+00:00,"If I make a deal with Iran, it will be a good and proper one, not like the one made by Obama, which gave Iran massive amounts of CASH, and a clear and open path to a Nuclear Weapon. Our deal is the exact opposite, but nobody has seen it, or knows what it is. It isn't even fully negotiated yet. So don't listen to the losers, who are critical about something they know nothing about. Unlike those before me who should have solved this problem many years ago, I don't make bad deals! President DJT",['iran'],['nuclear'],1.0
dentro,116771467656011073,2026-06-18 13:59:53.481000+00:00,"OIL IS FLOWING, IRAN CAN NEVER HAVE A NUCLEAR WEAPON (THE WORLD WILL BE SAFE!), THE STOCK MARKETS ARE ROARING, JOBS ARE AT RECORDS, AND PRICES ARE DROPPING (AFFORDABILITY!). OUR COUNTRY IS STRONG, SAFE, AND RESPECTED LIKE NEVER BEFORE. “YOU'RE WELCOME!” President DJT","['iran', 'oil']",['nuclear'],1.0
dentro,116420484827577347,2026-04-17 14:20:20.537000+00:00,"Iran, with the help of the U.S.A., has removed, or is removing, all sea mines! Thank you! President DJT",['iran'],['mines'],1.0
dentro,116069904214662301,2026-02-14 16:23:04.916000+00:00,"Sometimes in life you waste time! T.V. Host Bill Maher asked to have dinner with me through one of his friends, also a friend of mine, and I agreed. He came into the famed Oval Office much different than I thought he would be. He was extremely nervous, had ZERO confidence in himself and, to soothe his nerves, immediately, within seconds, asked for a ""Vodka Tonic."" He said to me, ""I've never felt like this before, I'm actually scared."" In one respect, it was somewhat endearing! Anyway, we had a great dinner, it was quick, easy, and he seemed to be a nice guy and, for his first show after our dinner, he was very respectful about our meeting — But with everything I have done in bringing our Country back from ""OBLIVION,"" why wouldn't he be? But then I noticed his show started to devolve into the same old story — Very boring, ANTI TRUMP, no mention of the PERFECT Border, Lowest Crime in 125 years, the Mass Removal of Stone Cold Criminals, the 50,000 DOW, the 7,000 S&P (Both Highest Ever!), Least Number of Murders since 1900, Venezuela, ""Midnight Hammer,"" Soleimani DEAD, al-Baghdadi DEAD, Lowest Inflation in YEARS (1.2% for last three months!), the Rebuilding of our Military, Eight War Stoppages, and on, and on, and on! In any event, it was a total waste of time for me to have this jerk at the White House and last night, after explaining what a DISASTER Canadian ""Leaders"" are to deal with, how Canada has ""ripped off"" the United States for years on TRADE (But not anymore!), I jokingly stated in a TRUTH that, ""The first thing China will do is terminate ALL Ice Hockey being played in Canada, and permanently eliminate The Stanley Cup."" Well, he went on and on about the Hockey statement, like ""What kind of a person would say such a foolish thing as this,"" as though I were being serious when I said it. Fortunately, his Television Ratings are so low that nobody will learn about his various Fake News statements about me. He is no different than Kimmel, Fallon, or Colbert but, I must admit, slightly more talented! Anyway, Bill Maher is a highly overrated LIGHTWEIGHT, and Republicans should stop using him to show how the Left is coming over our way — Our Base, the Greatest of All Time, laughs at your weakness when you do it! Maher asked me if he could come back to the White House again and, with his friend, also asked to come to the wonderful White House Christmas Party, but he didn't. Regardless, I'd much rather spend my time MAKING AMERICA GREAT AGAIN than wasting it on him. Bill continues to suffer from a severe case of Trump Derangement Syndrome (TDS!), and there is nothing that will ever be done to cure him of this very serious disease. Thank you for your attention to this minor matter! President DJT",['venezuela'],"['military', 'mine']",0.0
dentro,116290528260288417,2026-03-25 15:30:40.690000+00:00,"The Radical Left, Country Hating Democrats are trying to create inner chaos to take away from the great military achievement we are having in Iran. They hate seeing us WIN so completely and decisively, but the American public sees what is going on. AMERICA FIRST! President DJT",['iran'],['military'],0.0
dentro,116396012068955371,2026-04-13 06:36:35.876000+00:00,The Trump card the president holds if Iran won't bend: a naval blockade: justthenews.com/government/sec,['iran'],"['blockade', 'naval']",1.0
dentro,115579394833948106,2025-11-20 01:20:05.742000+00:00,"Jeffrey Epstein, who was charged by the Trump Justice Department in 2019 (Not the Democrats!), was a lifelong Democrat, donated Thousands of Dollars to Democrat Politicians, and was deeply associated with many well-known Democrat figures, such as Bill Clinton (who traveled on his plane 26 times), Larry Summers (who just resigned from many Boards, including Harvard), Sleazebag Political Activist Reid Hoffman, Minority Leader Hakeem Jeffries (who asked Epstein to donate to his Campaign AFTER Epstein was charged), Democrat Congresswoman Stacey Plaskett, and many more. Perhaps the truth about these Democrats, and their associations with Jeffrey Epstein, will soon be revealed, because I HAVE JUST SIGNED THE BILL TO RELEASE THE EPSTEIN FILES! As everyone knows, I asked Speaker of the House Mike Johnson, and Senate Majority Leader John Thune, to pass this Bill in the House and Senate, respectively. Because of this request, the votes were almost unanimous in favor of passage. At my direction, the Department of Justice has already turned over close to fifty thousand pages of documents to Congress. Do not forget — The Biden Administration did not turn over a SINGLE file or page related to Democrat Epstein, nor did they ever even speak about him. Democrats have used the ""Epstein"" issue, which affects them far more than the Republican Party, in order to try and distract from our AMAZING Victories, including THE GREAT BIG BEAUTIFUL TAX CUT BILL, Strong Borders, No Men in Women's Sports or Transgender for Everyone, ending DEI, stopping Biden's Record Setting Inflation, lowering Prices, Biggest Tax and Regulation Cuts in History, ending EIGHT Wars, rebuilding our Military, knocking out Iran's Nuclear capability, getting Trillions of Dollars INVESTED in the U.S.A., creating the ""HOTTEST"" Country anywhere in the World, and even delivering a HUGE DEFEAT to the Democrats on the recent Shutdown Disaster. For years our Great Nation has had to endure RUSSIA, RUSSIA, RUSSIA, UKRAINE, UKRAINE, UKRAINE, IMPEACHMENT HOAX #1 , IMPEACHMENT HOAX #2 , and many other Democrat created Witch Hunts and Scams, all of which have been so terrible and divisive for our Country, and have been done to confuse, deflect, and distract from the GREAT JOB that Republicans, and the Trump Administration, are doing. This latest Hoax will backfire on the Democrats just as all of the rest have! Thank you for your attention to this matter. MAKE AMERICA GREAT AGAIN!","['iran', 'russia', 'ukraine']","['military', 'nuclear']",0.0
dentro,115180631135047280,2025-09-10 15:09:14.575000+00:00,What's with Russia violating Poland's airspace with drones? Here we go!,['russia'],['drones'],0.0
dentro,116269822349947644,2026-03-21 23:44:53.572000+00:00,"If Iran doesn't FULLY OPEN, WITHOUT THREAT, the Strait of Hormuz, within 48 HOURS from this exact point in time, the United States of America will hit and obliterate their various POWER PLANTS, STARTING WITH THE BIGGEST ONE FIRST! Thank you for your attention to this matter. President DONALD J. TRUMP","['hormuz', 'iran']","['obliterate', 'strait']",1.0
dentro,116750814874397998,2026-06-14 22:27:37.043000+00:00,"This Great Deal will bring Peace and Security to the whole Region. Many presidents have tried to make Peace with Iran, and all have failed before me. The Leaders of the Region have, for the first time, found a President who can help them achieve real Peace. With the opening of the Strait upon the signing of the Deal on Friday, for purposes of mine removal, oil will flow on both ends again for the Region, and the World! President DONALD J. TRUMP","['iran', 'oil']","['mine', 'strait']",1.0
dentro,116969149016233329,2026-07-23 11:52:51.658000+00:00,"The Civil Nuclear Deal (There will be no enrichment of material!) being made between the United States Department of Energy and Saudi Arabia, which pertains only to non-military use such as the ones that Iran and UAE (and others) already have, will be approved, but is totally subject to Saudi Arabia joining the very respected and successful Abraham Accords. The United States is not opposed to Civil (Non-Enriched) Nuclear Facilities. Thank you for your attention to this matter! President DONALD J. TRUMP","['iran', 'saudi']","['enrichment', 'military', 'nuclear']",1.0
dentro,116963738416841583,2026-07-22 12:56:52.464000+00:00,"From this point forward, any time the Islamic Republic of Iran shoots at a ship in the Strait of Hormuz, whether it be by Missile, Rocket, Drone, or any other device or weapon, the United States will bomb and destroy ONE BRIDGE OR POWER PLANT, including those located next to, or in, the Capital City of Tehran. Thank you for your attention to this matter! President DONALD J. TRUMP","['hormuz', 'iran', 'tehran']","['destroy', 'drone', 'strait']",1.0
dentro,116398358272601798,2026-04-13 16:33:16.102000+00:00,"34 Ships went through the Strait of Hormuz yesterday, which is by far the highest number since this foolish closure began. President DONALD J. TRUMP",['hormuz'],['strait'],1.0
dentro,116420194853200133,2026-04-17 13:06:35.880000+00:00,IRAN HAS JUST ANNOUNCED THAT THE STRAIT OF IRAN IS FULLY OPEN AND READY FOR FULL PASSAGE. THANK YOU!,['iran'],['strait'],1.0
dentro,114767794156725396,2025-06-29 17:19:22.205000+00:00,"Regarding Iran's Fordow nuclear facility—They didn't move anything...they didn't think it was going to be actually doable, what we did… Video:",['iran'],['nuclear'],1.0
dentro,116825821568797363,2026-06-28 04:22:48.371000+00:00,"Based on a very quick and boring briefing concerning the Magot Hagerman book about me, it is mostly made up, Fake News, largely fiction, as have been most of the things she has written about me for so many years. She is a third rate writer and intellect, who has made a first rate income because of your favorite President, ME. She was wrong about me on the Elections, although she knew I was going to win, BIG! She was wrong about me on the Russia, Russia, Russia Hoax, and she was wrong about me on just about everything else. But she continues to spew out garbage, and people continue to buy it. REMEMBER, I WON THE ELECTION, BIG - ALL SEVEN SWING STATES, THE POPULAR VOTE, 86% of the Counties…And they don't have the audio tapes that they imply they have. Just another Margot Con Job! And Iran will never have a Nuclear Weapon!!! President DONALD J. TRUMP","['iran', 'russia']",['nuclear'],0.0
dentro,116575104401917058,2026-05-14 21:42:08.007000+00:00,"When President Xi very elegantly referred to the United States as perhaps being a declining nation, he was referring to the tremendous damage we suffered during the four years of Sleepy Joe Biden and the Biden Administration, and on that score, he was 100% correct. Our Country suffered immeasurably with open borders, high taxes, transgender for everybody, men in women's sports, DEI, horrible trade deals, rampant crime, and so much more! President Xi was not referring to the incredible rise that the United States has displayed to the world during the 16 spectacular months of the Trump Administration, which includes all-time high stock markets and 401K's, military victory and thriving relationship in Venezuela, the military decimation of Iran (to be continued!) — Strongest military on earth by far, economic powerhouse again, with a record 18 trillion dollars being invested into the United States by others, best U.S. job market in history, with more people working in the United States right now than ever before, ending country destroying DEI, and so many other things that it would be impossible to readily list. In fact, President Xi congratulated me on so many tremendous successes in such a short period of time. Two years ago, we were, in fact, a Nation in decline. On that, I fully agree with President Xi! But now, the United States is the hottest Nation anywhere in the world, and hopefully our relationship with China will be stronger and better than ever before!","['iran', 'venezuela']",['military'],0.0
dentro,116377109535639790,2026-04-09 22:29:26.107000+00:00,"Iran is doing a very poor job, dishonorable some would say, of allowing Oil to go through the Strait of Hormuz. That is not the agreement we have! President DONALD J. TRUMP","['hormuz', 'iran', 'oil']",['strait'],1.0
dentro,114178483249053992,2025-03-17 15:29:51.373000+00:00,"Let nobody be fooled! The hundreds of attacks being made by Houthi, the sinister mobsters and thugs based in Yemen, who are hated by the Yemeni people, all emanate from, and are created by, IRAN. Any further attack or retaliation by the ""Houthis"" will be met with great force, and there is no guarantee that that force will stop there. Iran has played ""the innocent victim"" of rogue terrorists from which they've lost control, but they haven't lost control. They're dictating every move, giving them the weapons, supplying them with money and highly sophisticated Military equipment, and even, so-called, ""Intelligence."" Every shot fired by the Houthis will be looked upon, from this point forward, as being a shot fired from the weapons and leadership of IRAN, and IRAN will be held responsible, and suffer the consequences, and those consequences will be dire!DONALD J. TRUMP, PRESIDENT OF THE UNITED STATES OF AMERICA","['houthi', 'houthis', 'iran']","['attack', 'military']",1.0
dentro,116351998782539414,2026-04-05 12:03:26.423000+00:00,"Tuesday will be Power Plant Day, and Bridge Day, all wrapped up in one, in Iran. There will be nothing like it!!! Open the Fuckin' Strait, you crazy bastards, or you'll be living in Hell - JUST WATCH! Praise be to Allah. President DONALD J. TRUMP",['iran'],['strait'],1.0
dentro,116348358117196662,2026-04-04 20:37:34.278000+00:00,"Many of Iran's Military Leaders, who have led them poorly and unwisely, are terminated, along with much else, with this massive strike in Tehran! President DONALD J. TRUMP Video:","['iran', 'tehran']","['military', 'strike']",1.0
dentro,116918822625387784,2026-07-14 14:34:11.876000+00:00,"Trump claims military victory, points to economic progress in the wake of first-stage Iran deal: washingtontimes.com/news/2026/",['iran'],['military'],0.0
dentro,116534860307993853,2026-05-07 19:07:31.867000+00:00,"I had a great call with The President of the European Commission, Ursula von der Leyen. We discussed many topics, including that we are completely united that Iran can never have a Nuclear Weapon. We agreed that a regime that kills its own people cannot control a bomb that can kill millions. I've been waiting patiently for the EU to fulfill their side of the Historic Trade Deal we agreed in Turnberry, Scotland, the largest Trade Deal, ever! A promise was made that the EU would deliver their side of the Deal and, as per Agreement, cut their Tariffs to ZERO! I agreed to give her until our Country's 250th Birthday or, unfortunately, their Tariffs would immediately jump to much higher levels. Thank you for your attention to this matter. President DONALD J. TRUMP",['iran'],['nuclear'],1.0
dentro,114738104789842114,2025-06-24 11:28:58.419000+00:00,"ISRAEL is not going to attack Iran. All planes will turn around and head home, while doing a friendly ""Plane Wave"" to Iran. Nobody will be hurt, the Ceasefire is in effect! Thank you for your attention to this matter! DONALD J. TRUMP, PRESIDENT OF THE UNITED STATES",['iran'],['attack'],1.0
dentro,115599428464496784,2025-11-23 14:14:54.685000+00:00,"The War between Russia and Ukraine is a violent and terrible one that, with strong and proper U.S. and Ukrainian LEADERSHIP, would have NEVER HAPPENED. It began long before I took office for a Second Term, during the Sleepy Joe Biden Administration, and has only gotten worse. If the 2020 Presidential Election was not RIGGED & STOLEN, the only thing the Radical Left Democrats are good at doing, there would be no Ukraine/Russia War, as there wasn't, not even a mention, during my first Term in Office. Putin would never have attacked! It was only when he saw Sleepy Joe in action that he said, ""Now is my chance!"" The rest is history, and so it continues. I INHERITED A WAR THAT SHOULD HAVE NEVER HAPPENED, A WAR THAT IS A LOSER FOR EVERYONE, ESPECIALLY THE MILLIONS OF PEOPLE THAT HAVE SO NEEDLESSLY DIED. UKRAINE ""LEADERSHIP"" HAS EXPRESSED ZERO GRATITUDE FOR OUR EFFORTS, AND EUROPE CONTINUES TO BUY OIL FROM RUSSIA. THE USA CONTINUES TO SELL MASSIVE $AMOUNTS OF WEAPONS TO NATO, FOR DISTRIBUTION TO UKRAINE (CROOKED JOE GAVE EVERYTHING, FREE, FREE, FREE, INCLUDING ""BIG"" MONEY!). GOD BLESS ALL THE LIVES THAT HAVE BEEN LOST IN THE HUMAN CATASTROPHE! President DJT","['oil', 'putin', 'russia', 'ukraine', 'ukrainian']",['attacked'],1.0
dentro,114258406263396157,2025-03-31 18:15:19.790000+00:00,"The Iran-backed Houthi Terrorists have been decimated by the relentless strikes over the past two weeks. Many of their Fighters and Leaders are no longer with us. We hit them every day and night — Harder and harder. Their capabilities that threaten Shipping and the Region are rapidly being destroyed. Our attacks will continue until they are no longer a threat to Freedom of Navigation. The choice for the Houthis is clear: Stop shooting at U.S. ships, and we will stop shooting at you. Otherwise, we have only just begun, and the real pain is yet to come, for both the Houthis and their sponsors in Iran.","['houthi', 'houthis', 'iran']","['destroyed', 'shipping', 'strikes']",1.0
dentro,114336723764365914,2025-04-14 14:12:30.017000+00:00,"The War between Russia and Ukraine is Biden's war, not mine. I just got here, and for four years during my term, had no problem in preventing it from happening. President Putin, and everyone else, respected your President! I HAD NOTHING TO DO WITH THIS WAR, BUT AM WORKING DILIGENTLY TO GET THE DEATH AND DESTRUCTION TO STOP. If the 2020 Presidential Election was not RIGGED, and it was, in so many ways, that horrible War would never have happened. President Zelenskyy and Crooked Joe Biden did an absolutely horrible job in allowing this travesty to begin. There were so many ways of preventing it from ever starting. But that is the past. Now we have to get it to STOP, AND FAST. SO SAD!","['putin', 'russia', 'ukraine', 'zelenskyy']",['mine'],0.0
dentro,116444507618729432,2026-04-21 20:09:39.240000+00:00,"STATEMENT OF PRESIDENT DONALD J. TRUMP: Based on the fact that the Government of Iran is seriously fractured, not unexpectedly so and, upon the request of Field Marshal Asim Munir, and Prime Minister Shehbaz Sharif, of Pakistan, we have been asked to hold our Attack on the Country of Iran until such time as their leaders and representatives can come up with a unified proposal. I have therefore directed our Military to continue the Blockade and, in all other respects, remain ready and able, and will therefore extend the Ceasefire until such time as their proposal is submitted, and discussions are concluded, one way or the other. President DONALD J. TRUMP",['iran'],"['attack', 'blockade', 'military']",1.0
dentro,116420275523158052,2026-04-17 13:27:06.806000+00:00,"THE STRAIT OF HORMUZ IS COMPLETELY OPEN AND READY FOR BUSINESS AND FULL PASSAGE, BUT THE NAVAL BLOCKADE WILL REMAIN IN FULL FORCE AND EFFECT AS IT PERTAINS TO IRAN, ONLY, UNTIL SUCH TIME AS OUR TRANSACTION WITH IRAN IS 100% COMPLETE. THIS PROCESS SHOULD GO VERY QUICKLY IN THAT MOST OF THE POINTS ARE ALREADY NEGOTIATED. THANK YOU FOR YOUR ATTENTION TO THIS MATTER! PRESIDENT DONALD J.TRUMP","['hormuz', 'iran']","['blockade', 'naval', 'strait']",1.0
dentro,115459650821125830,2025-10-29 21:47:37.109000+00:00,"South Korea has agreed to pay the USA 350 Billion Dollars for a lowering of the Tariff's charged against them by the United States. Additionally, they have agreed to buy our Oil and Gas in vast quantities, and investments into our Country by wealthy South Korean Companies and Businessmen will exceed 600 Billion Dollars. Our Military Alliance is stronger than ever before and, based on that, I have given them approval to build a Nuclear Powered Submarine, rather than the old fashioned, and far less nimble, diesel powered Submarines that they have now. A great trip, with a great President of South Korea!",['oil'],"['military', 'nuclear']",1.0
dentro,116832995541119171,2026-06-29 10:47:14.501000+00:00,"Highest Poll Numbers Ever. Even Higher than Election Day, November 5th. This despite the fact that, IRAN WILL NOT HAVE A NUCLEAR WEAPON!",['iran'],['nuclear'],1.0
dentro,116563472755399975,2026-05-12 20:24:03.167000+00:00,"When the Fake News says that the Iranian enemy is doing well, Militarily, against us, it's virtual TREASON in that it is such a false, and even preposterous, statement. They are aiding and abetting the enemy! All it does is give Iran false hope when none should exist. These are American cowards that are rooting against our Country. Iran had 159 ships in their Navy — Every single ship is now resting at the bottom of the sea. They have no Navy, their Air Force is gone, all Technology is gone, their “leaders” are no longer with us, and the Country is an Economic Disaster. Only Losers, Ingrates, and Fools are able to make a case against America! President DONALD J. TRUMP","['iran', 'iranian']",['navy'],0.0
dentro,116263563453969628,2026-03-20 21:13:10.398000+00:00,"We are getting very close to meeting our objectives as we consider winding down our great Military efforts in the Middle East with respect to the Terrorist Regime of Iran: (1) Completely degrading Iranian Missile Capability, Launchers, and everything else pertaining to them. (2) Destroying Iran's Defense Industrial Base. (3) Eliminating their Navy and Air Force, including Anti Aircraft Weaponry. (4) Never allowing Iran to get even close to Nuclear Capability, and always being in a position where the U.S.A. can quickly and powerfully react to such a situation, should it take place. (5) Protecting, at the highest level, our Middle Eastern Allies, including Israel, Saudi Arabia, Qatar, the United Arab Emirates, Bahrain, Kuwait, and others. The Hormuz Strait will have to be guarded and policed, as necessary, by other Nations who use it — The United States does not! If asked, we will help these Countries in their Hormuz efforts, but it shouldn't be necessary once Iran's threat is eradicated. Importantly, it will be an easy Military Operation for them. Thank you for your attention to this matter! President DONALD J. TRUMP","['hormuz', 'iran', 'iranian', 'saudi']","['military', 'navy', 'nuclear', 'strait']",1.0
dentro,116346816254869135,2026-04-04 14:05:27.326000+00:00,Remember when I gave Iran ten days to MAKE A DEAL or OPEN UP THE HORMUZ STRAIT. Time is running out - 48 hours before all Hell will reign down on them. Glory be to GOD! President DONALD J. TRUMP,"['hormuz', 'iran']",['strait'],1.0
dentro,116202054617775180,2026-03-10 00:30:40.041000+00:00,"If Iran does anything that stops the flow of Oil within the Strait of Hormuz, they will be hit by the United States of America TWENTY TIMES HARDER than they have been hit thus far. Additionally, we will take out easily destroyable targets that will make it virtually impossible for Iran to ever be built back, as a Nation, again — Death, Fire, and Fury will reign upon them — But I hope, and pray, that it does not happen! This is a gift from the United States of America to China, and all of those Nations that heavily use the Hormuz Strait. Hopefully, it is a gesture that will be greatly appreciated. Thank you for your attention to this matter! President DONALD J. TRUMP","['hormuz', 'iran', 'oil']",['strait'],1.0
dentro,116363336033995961,2026-04-07 12:06:39.151000+00:00,"A whole civilization will die tonight, never to be brought back again. I don't want that to happen, but it probably will. However, now that we have Complete and Total Regime Change, where different, smarter, and less radicalized minds prevail, maybe something revolutionarily wonderful can happen, WHO KNOWS? We will find out tonight, one of the most important moments in the long and complex history of the World. 47 years of extortion, corruption, and death, will finally end. God Bless the Great People of Iran!",['iran'],['regime change'],1.0
dentro,116749002714205339,2026-06-14 14:46:45.673000+00:00,"This morning's attack on Beirut should not have happened, particularly on a special day when we are so close to a Peace Deal with Iran. Israel has the right to defend itself against threats, but the attack it was responding to was very small and meaningless, nobody was hurt, injured, or killed, and should not disrupt this important process. We are very close to a Deal that will bring peace to the region, including to Lebanon, and all sides should stand down. There should be no more attacks by Israel anywhere in Lebanon, but there should also be no more attacks by any other party, including Hezbollah, against Israel. This could be the beginning of a long and beautiful peace — Let's not blow it! Thank you for your attention to this matter. President DONALD J. TRUMP",['iran'],['attack'],1.0
dentro,115419815673188246,2025-10-22 20:57:00.989000+00:00,"""Treasury Sanctions Major Russian Oil Companies, Calls on Moscow to Immediately Agree to Ceasefire""","['moscow', 'oil', 'russian']",['sanctions'],1.0
dentro,116737418354503074,2026-06-12 13:40:42.372000+00:00,"The terms that Iran leaked out to the Fake News have NOTHING to do with the terms that were agreed to, in writing. What they said, including their weak and pathetic statement on having a deal, bears no relation to the truth. Very dishonorable people to deal with. With them, there is no such thing as dealing in good faith. AMAZING! Also, their totally rebuffed Drone attack last night against Indian Ships leaving the Hormuz Strait is TOTALLY UNACCEPTABLE. They better get their act together, and FAST! President DONALD J. TRUMP","['hormuz', 'iran']","['attack', 'drone', 'strait']",1.0
dentro,114695621681197460,2025-06-16 23:24:57.625000+00:00,"AMERICA FIRST means many GREAT things, including the fact that, IRAN CAN NOT HAVE A NUCLEAR WEAPON. MAKE AMERICA GREAT AGAIN!!!",['iran'],['nuclear'],1.0
dentro,116782087277472431,2026-06-20 11:00:36.045000+00:00,"Radical Left fools and Dumocrats realize how well we have done in our War against Iran, with their Country being completely defeated militarily. Obuma just kept giving them $Billions in cash, and never used our then depleted military for what should have been done to reign in the World's number one sponsor of terror, Iran. They had ZERO respect for him. They thought he was, like Sleepy Joe Biden, a weak and ineffective leader, and on this they were 100% correct. Iran got away with ”murder” for 47 years, until I came along. Then it all changed. AMERICA IS BACK!!! President DJT",['iran'],['military'],0.0
dentro,116782416835973120,2026-06-20 12:24:24.709000+00:00,"Italian Prime Minister Giorgia Meloni asked, over and over, for a picture with me during the G-7 meeting in France. She is doing poorly in Italy with her level of popularity, possibly because she turned down the United States of America, a Country that truly loves and protects Italy, when it came to denying Iran from obtaining or developing a Nuclear Weapon (But so did NATO, for that matter!). She wouldn't even let us use Italy's landing strips or runways, a great logistical inconvenience, and this despite the fact the U.S. contributes hundreds of Billions of Dollars a year to protect Italy, and other “so-called” NATO Allies. Now, after the United States defeated Iran militarily, she wants to be friends again in order to get her “numbers up.” No thanks!!! President DJT",['iran'],['nuclear'],0.0
dentro,114332342610034728,2025-04-13 19:38:18.908000+00:00,"Time for the terrorists to hide, but it won't do them any good. Our Warfighters, the Greatest the World has ever seen, will find them, and bring them to swift Justice. I just got rid of Joe Biden's dangerous red tape, and empowered our Warfighters, once again, just like I did against our fight with ISIS, who were completely obliterated in three weeks under General Daniel Caine, our new Chairman of the Joint Chiefs of Staff. We will support the Somali People, who should not allow the Houthis to embed (which they are trying to do!), to end terrorism, and bring prosperity to their Country.",['houthis'],['obliterated'],0.0
dentro,116302505060458396,2026-03-27 18:16:32.157000+00:00,Going to make a big speech on economics in Miami. Our Military Operation in Iran is going GREAT! President DJT,['iran'],['military'],1.0
dentro,115850817778602689,2026-01-06 23:46:31.201000+00:00,"I am pleased to announce that the Interim Authorities in Venezuela will be turning over between 30 and 50 MILLION Barrels of High Quality, Sanctioned Oil, to the United States of America. This Oil will be sold at its Market Price, and that money will be controlled by me, as President of the United States of America, to ensure it is used to benefit the people of Venezuela and the United States! I have asked Energy Secretary Chris Wright to execute this plan, immediately. It will be taken by storage ships, and brought directly to unloading docks in the United States. Thank you for your attention to this matter! DONALD J. TRUMP PRESIDENT OF THE UNITED STATES OF AMERICA","['barrels', 'oil', 'venezuela']",['sanctioned'],1.0
dentro,116804880689253931,2026-06-24 11:37:15.907000+00:00,"Iran has informed the U.S. that, despite troublemaking Fake News reporting to the contrary, there are “NO TOLLS, NO INSURANCE COSTS, & NO OTHER CHARGES OF ANY KIND BEING SOUGHT OR RECEIVED BY IRAN ON SHIPS TRAVELING THE STRAIT OF HORMUZ.” If this is false information, negotiations would end, immediately! Additionally, no money has been given to Iran, or released from their money to them, by the U.S. We will be releasing some of their money, that is totally controlled by us, to our Farmers and Ranchers, for the purchase of Corn, Wheat, Soybeans, and more. Food is desperately needed in Iran, and we will be purchasing it for them exclusively from the United States. Thank you for your attention to this matter! President DONALD J. TRUMP","['hormuz', 'iran']",['strait'],1.0
confine,115272758814629814,2025-09-26 21:38:31.404000+00:00,"Corrupt and Totally Trump Deranged Lisa Monaco (A purported pawn of Legal Lightweight Andrew Weissmann), was a senior National Security aide under Barack Hussein Obama, and a Lawfare and Weaponization obsessed Deputy Attorney General under Crooked Joe Biden and Lisa's Puppet ""Boss"" Attorney General Merrick Garland, who were all the architects of the worst ever Deep State Conspiracies against our Country (RUSSIA, RUSSIA, RUSSIA, the January 6th Hoax, the Illegal Raid on Mar-a-Lago, the Biden ""Autopen"" Scandal, the Documents Witch Hunt, and more!). Monaco has been shockingly hired as the President of Global Affairs for Microsoft, in a very senior role with access to Highly Sensitive Information. Monaco's having that kind of access is unacceptable, and cannot be allowed to stand. She is a menace to U.S. National Security, especially given the major contracts that Microsoft has with the United States Government. Because of Monaco's many wrongful acts, the U.S. Government recently stripped her of all Security Clearances, took away all of her access to National Security Intelligence, and banned her from all Federal Properties. It is my opinion that Microsoft should immediately terminate the employment of Lisa Monaco. Thank you for your attention to this matter! President DJT",['russia'],[],0.0
confine,116415864463373443,2026-04-16 18:45:19.375000+00:00,"The White House doesn't have a Ballroom (No Taxpayer Money!), which Presidents have desperately wanted and desired for over 150 years, but a Trump Hating, Washington, D.C. District Court Judge, a man who has gone out of his way to undermine National Security, and to make sure that this Great Gift to America gets delayed, or doesn't get built, is attempting to prevent future Presidents and World Leaders from having a safe and secure large scale Meeting Place, or Ballroom, one with Bomb Shelters, a State of the Art Hospital and Medical Facilities, Protective Partitioning, Top Secret Military Installations, Structures, and Equipment, Protective Missile Resistant Steel, Columns, Roofs, and Beams, Drone Proof Ceilings and Roofs, Military Grade Venting, and Bullet, Ballistic, and Blast Proof Glass —which all means that no future President, living in the White House without this Ballroom, can ever be Safe and Secure at Events, Future Inaugurations, or Global Summits. This Magnificent Space will allow them to carry out their vital duties as the Leader of our Nation. Furthermore, the Ballroom, which is being constructed on budget and ahead of schedule, is needed now. Almost all material necessary for its construction is being built and/or on its way to the site, ready for installation and erection. Much of it has already been paid for, costing Hundreds of Millions of Dollars. If somebody, especially one with no standing, had a complaint — Why wasn't it filed many months earlier, long before Construction was started? The Public Record was open for all to see. Everybody knew that it was planned, and going to be built. This highly political Judge, and his illegal overreach, is out of control, and costing our Nation greatly. This is a mockery to our Court System! The Ballroom is deeply important to our National Security, and no Judge can be allowed to stop this Historic and Militarily Imperative Project. Thank you for your attention to this matter! President DONALD J. TRUMP",[],"['drone', 'military']",0.0
confine,115384523296720119,2025-10-16 15:21:42.061000+00:00,"I am speaking to President Putin now. The conversation is ongoing, a lengthy one, and I will report the contents, as will President Putin, at its conclusion. Thank you for your attention to this matter!",['putin'],[],0.0
confine,116817526085394987,2026-06-26 17:13:09.340000+00:00,"I will be speaking at 1:30 P.M. to The Faith and Freedom Coalition, and one of the Statements I will be making, perhaps the most important of them all, concerns the recent Election of Communists in our Country. Communism is very easy to sell. I'd be the Greatest Communist in History. I'd give free rent, free houses, free food, everything is free. Unfortunately, after two or three years, the Country where this is taking place would fail. It always does, and then you'll start living in squalor. There will be no food, there will be no housing, there will be no Military, there will be no nothing. You'll be Third World every way, and everyone will suffer or die. I'm sorry to say, but Assassinations of those who oppose them is a very important element of their Ideology. They're animals! In many cases, not smart but, in some cases, they are. It's easy for them to get followers because they make promises that they know they can't keep, and the Dumocrats aren't fighting back. In many ways, they're allowing them to go their own way. They're afraid they will lose their Election, they're afraid of conflict. They're not smart enough or tough enough to fight this plague. If they fought them the way they fight Republicans, or me, they'd be victorious, but they don't have the courage to do so. These are not social Dumocrats, these are hard core, godless Communists. This is the most serious threat to our Country since its existence 250 years ago. Isn't it ironic, we're celebrating a very important Birthday, and instead of speaking about Christ, Freedom, and Victories of all different kinds, we're speaking about yet another threat to the Foundations of America. These ruthless Communists will attack all Religions but, in particular, Christianity – They always do. All Communist Countries attack Religions violently. As you know, we recently struck Nigeria, and largely ended the slaughter of their Great Christian population. They know that if they go further, the attack will be far greater and, in that, they don't want to get involved. I am saving Christians throughout the World, even though we are not in those various Countries, by hitting these Terrorists violently and hard. They will close your Churches, they will kill your people. This is what they're about. This is the Greatest Threat to our Country since its Founding 250 years ago! President DONALD J. TRUMP",[],"['attack', 'military']",0.0
confine,114200175082806882,2025-03-21 11:26:22.489000+00:00,"""Elon Musk will be briefed by the Pentagon about the USA's top secret plans against China should there be a War,""according to the Failing New York Times, one of the worst and most purposely inaccurate newspapers anywhere in the World. Their FAKE concept for this story is that because Elon does some business in China, that he is very conflicted and would immediately go to top Chinese officials and ""spill the beans."" RATINGS CHALLENGED FAKE NEWS CNN immediately picked up on this absolutely ridiculous and false story, which is probably libelous, and went heavy with it. Fortunately, nobody was watching! Maggot Hagerman, the really dumb ""scammer"" who constantly writes about me for the Times, using anonymous, made up (nonexistent!) sources, and who I haven't spoken to in ages, is a big part of the Scam. She lead the Russia, Russia, Russia Hoax, only to realize that she was duped and got it wrong. She owes me a totally discredited Pulitzer Prize for her bad reporting. The Fake News is the ENEMY OF THE PEOPLE…And Elon is NOT BEING BRIEFED ON ANYTHING CHINA BY THE DEPARTMENT OF WAR!!!",['russia'],[],0.0
confine,115476385101120405,2025-11-01 20:43:21.958000+00:00,"If the Nigerian Government continues to allow the killing of Christians, the U.S.A. will immediately stop all aid and assistance to Nigeria, and may very well go into that now disgraced country, ""guns-a-blazing,"" to completely wipe out the Islamic Terrorists who are committing these horrible atrocities. I am hereby instructing our Department of War to prepare for possible action. If we attack, it will be fast, vicious, and sweet, just like the terrorist thugs attack our CHERISHED Christians! WARNING: THE NIGERIAN GOVERNMENT BETTER MOVE FAST!",[],['attack'],1.0
confine,114683261634430212,2025-06-14 19:01:38.279000+00:00,"President Putin called this morning to very nicely wish me a Happy Birthday, but to more importantly, talk about Iran, a country he knows very well. We talked at length. Much less time was spent talking about Russia/Ukraine, but that will be for next week. He is doing the planned prisoner swaps - large numbers of prisoners are being exchanged, immediately, from both sides. The call lasted approximately 1 hour. He feels, as do I, this war in Israel-Iran should end, to which I explained, his war should also end.","['iran', 'putin', 'russia', 'ukraine']",[],0.0
confine,116035773358024034,2026-02-08 15:43:09.374000+00:00,"America's Elections are Rigged, Stolen, and a Laughingstock all over the World. We are either going to fix them, or we won't have a Country any longer. I am asking all Republicans to fight for the following: SAVE AMERICA ACT! 1. ALL VOTERS MUST SHOW VOTER ID (IDENTIFICATION!). 2. ALL VOTERS MUST SHOW PROOF OF UNITED STATES CITIZENSHIP TO REGISTER FOR VOTING. 3. NO MAIL-IN BALLOTS (EXCEPT FOR ILLNESS, DISABILITY, MILITARY, OR TRAVEL!).",[],['military'],0.0
confine,115888317758045915,2026-01-13 14:43:15.477000+00:00,"Iranian Patriots, KEEP PROTESTING - TAKE OVER YOUR INSTITUTIONS!!! Save the names of the killers and abusers. They will pay a big price. I have cancelled all meetings with Iranian Officials until the senseless killing of protesters STOPS. HELP IS ON ITS WAY. MIGA!!! PRESIDENT DONALD J. TRUMP",['iranian'],[],1.0
confine,114745403809459125,2025-06-25 18:25:12.619000+00:00,"Natasha Bertrand should be FIRED from CNN! I watched her for three days doing Fake News. She should be IMMEDIATELY reprimanded, and then thrown out ""like a dog."" She lied on the Laptop from Hell Story, and now she lied on the Nuclear Sites Story, attempting to destroy our Patriot Pilots by making them look bad when, in fact, they did a GREAT job and hit ""pay dirt"" — TOTAL OBLITERATION! She should not be allowed to work at Fake News CNN. It's people like her who destroyed the reputation of a once great Network. Her slant was so obviously negative, besides, she doesn't have what it takes to be an on camera correspondent, not even close. FIRE NATASHA!",[],"['destroy', 'destroyed', 'nuclear', 'obliteration']",0.0
confine,116918825992948563,2026-07-14 14:35:03.261000+00:00,Trump touts U.S. economy and oil prices in a midterm pitch in Pennsylvania: nbcnews.com/politics/donald-tr,['oil'],[],0.0
confine,116540259118606629,2026-05-08 18:00:31.179000+00:00,"I am pleased to announce that there will be a THREE DAY CEASEFIRE (May 9th, 10th, and 11th) in the War between Russia and Ukraine. The Celebration in Russia is for Victory Day but, likewise, in Ukraine, because they were also a big part and factor of World War II. This Ceasefire will include a suspension of all kinetic activity, and also a prison swap of 1,000 prisoners from each Country. This request was made directly by me, and I very much appreciate its agreement by President Vladimir Putin and President Volodymyr Zelenskyy. Hopefully, it is the beginning of the end of a very long, deadly, and hard fought War. Talks are continuing on ending this Major Conflict, the biggest since World War II, and we are getting closer and closer every day. Thank you for your attention to this matter! President DONALD J. TRUMP","['putin', 'russia', 'ukraine', 'zelenskyy']",[],1.0
confine,116420468063226470,2026-04-17 14:16:04.734000+00:00,"Thank you to Saudi Arabia, UAE, and Qatar for your great bravery and help! President DONALD J. TRUMP",['saudi'],[],0.0
confine,116294956989451533,2026-03-26 10:16:57.734000+00:00,"NATO NATIONS HAVE DONE ABSOLUTELY NOTHING TO HELP WITH THE LUNATIC NATION, NOW MILITARILY DECIMATED, OF IRAN. THE U.S.A. NEEDS NOTHING FROM NATO, BUT ""NEVER FORGET"" THIS VERY IMPORTANT POINT IN TIME! President DONALD J. TRUMP",['iran'],[],0.0
confine,115951100180444245,2026-01-24 16:49:39.218000+00:00,"The GREAT and very BRAVE soldiers of the United Kingdom will always be with the United States of America! In Afghanistan, 457 died, many were badly injured, and they were among the greatest of all warriors. It's a bond too strong to ever be broken. The U.K. Military, with tremendous Heart and Soul, is second to none (except for the U.S.A.!). We love you all, and always will! President DONALD J. TRUMP",[],['military'],0.0
confine,115873188207807497,2026-01-10 22:35:36.862000+00:00,"Protester scales Iranian Embassy in London, tears down regime flag, hoists pre-revolution symbol: foxnews.com/world/protester-sc",['iranian'],[],0.0
confine,114764131885531801,2025-06-29 01:48:00.382000+00:00,"Looks like Senator Thom Tillis, as usual, wants to tell the Nation that he's giving them a 68% Tax Increase, as opposed to the Biggest Tax Cut in American History! At the same time, he is unable to understand the importance of a Debt Extension, which Republicans gave to the Democrats just prior to the November 5th Election, because of its significance, and how important it was for the future of the U.S.A. Sadly, the Democrat Politicians probably won't reciprocate on a Debt Extension because they're nasty people who actually hate our Country. Tillis is also willing to throw the very important Tobacco Industry in North Carolina, ""out the window,"" for reasons nobody seems to understand. He loves China made windmills that will cost a fortune, ruin the landscape, and produce the most expensive Energy on Earth. I can't believe that the Great People of North Carolina, a State that I love and won all three times, and a State that I just brought back with money, blood, sweat, and tears, from the recent tragic floods, when Sleepy Joe Biden let them DROWN, right up until the end of that Administration, without doing anything — I was given an A+ Rating for the job we did in bringing it back, and Tillis, despite being a Republican, was MISSING IN ACTION — North Carolina will not allow one of their Senators to GRANDSTAND in order to get some publicity for himself, for a possible, but very difficult Re-Election. America wants Reduced Taxes, including NO TAX ON TIPS, NO TAX ON OVERTIME, AND NO TAX ON SOCIAL SECURITY, Interest Deductions on Cars, Border Security, a Strong Military, and a Bill which is GREAT for our Farmers, Manufacturers and, Employment, in general. Thom Tillis is making a BIG MISTAKE for America, and the Wonderful People of North Carolina!",[],['military'],0.0
confine,115673676055612429,2025-12-06 16:57:03.016000+00:00,EXCLUSIVE: Watch a Coast Guard helicopter sniper disable a go-fast drug vessel in interdiction operation. foxnews.com/video/638606174511,[],"['interdiction', 'vessel']",0.0
confine,115232256964155055,2025-09-19 17:58:22.211000+00:00,"I am pleased to host President Recep Tayyip Erdoğan, of Turkey, at the White House on September 25th. We are working on many Trade and Military Deals with the President, including the large scale purchase of Boeing aircraft, a major F-16 Deal, and a continuation of the F-35 talks, which we expect to conclude positively. President Erdoğan and I have always had a very good relationship. I look forward to seeing him on the 25th!",[],['military'],0.0
confine,116664181157116570,2026-05-30 15:15:31.425000+00:00,"Can you imagine? A Barack Hussein Obama Judge named Christopher Cooper has stopped a magnificent structural and aesthetic rebuilding of The Trump Kennedy Center where Millions of Dollars of material, marble, furniture, steel, air conditioning, heating, and so much else was ordered, or soon to be ordered, with the end result being a structure that would no longer be in a potential state of collapse, rusted, rotted, and rat and bug infested, to one that would be the Finest anywhere in the World. It was necessary to close the Center in order to get this work done. It is not possible to have a major and very dangerous Construction job, including the replacement of structural beams, with audiences innocently going in to watch a Play. The marble is in terrible shape, the pipes are gone, the air conditioning and heating systems are 65 years old, and no longer functioning. It was all being torn out to be replaced by brand new Carrier Equipment, at the highest standard. Now that won't happen anymore because a Judge, whose wife is an anti Trump Hater, and he is too, decided, unprecedentedly, to not allow a desperately needed Building Renovation to go forward. On top of that, he said, “Rip his name off the Building, he's got 20 days to do so,” even though a large Board of some of the most distinguished people in the Country voted unanimously to put the name up. I didn't do it, the Board did because they thought it would be good for this dying Institution, which was doing Record Low Business and, especially after COVID, only getting worse — True for other such Institutions throughout the Country, but The Trump Kennedy Center was going to be a special one. It would have fully recovered, when none others will. It would have been a New Standard of Excellence, one of my many Gifts to Washington, D.C. The new Building would have been incomparable, beautiful marble, magnificent chandeliers, the finest carpets, rugs, and furniture, designed at the highest level but, perhaps most importantly, replaced steel on many beams, columns, and girders, making the Building structurally sound again. People shouldn't be allowed to go into that Building until this is fixed, and yet the Trump Hating Judge wants to keep it open because his wife probably told him to do so! Cooper's wife, Amy Jeffress, who doesn't use the “Cooper” name because they, as a couple, don't want people to know that she has a Conflict of Interest with an important Judge, is a Radical Left Democrat, who worked as a Federal Prosecutor and Counselor to Obama Attorney General, Eric Holder, worked behind the scenes for the January 6th Unselect Committee of Political Hacks and Thugs, Dirty Cop FBI attorney Lisa Page in the Hillary Clinton Email Scandal, RUSSIA RUSSIA RUSSIA Hoax, and her Millions of Dollars Settlement, even though she was “guilty as hell,” and is currently representing Sleepy Joe Biden on the release of his audio tapes, and more. She also works for the same Legal Firm that represented E. Jean Carroll who received a decision against me, now under appeal, that was shocking to the entire World. Amy is totally wired into the Left System, from her husband down, and it is impossible for me to be treated fairly. He has a total Conflict of Interest, and should be brought up on charges for not revealing these facts. That is why The Kennedy Center will soon be closed, probably never to open again. That is why, at a different level, and with different players, our Country lost the TARIFF Case, and is forced to pay back 149 Billion Dollars in money received from people who hate everything we stand for. They are laughing all the way to the Bank at how stupid we are (One half sentence clause from the Supreme Court would have saved us this incalculable amount of money!), and that is probably why our Country will lose the Birthright Citizenship Case (No other Country in the World has this — It is totally unaffordable!), because our Court System is RIGGED, no different than our Political System is RIGGED, and the people of our Country know it, and that is why I got overwhelmingly elected President, in Record Numbers, and will FIGHT, FIGHT, FIGHT! President DONALD J. TRUMP",['russia'],[],0.0
confine,114945847973193713,2025-07-31 04:00:47.833000+00:00,"I don’t care what India does with Russia. They can take their dead economies down together, for all I care. We have done very little business with India, their Tariffs are too high, among the highest in the World. Likewise, Russia and the USA do almost no business together. Let’s keep it that way, and tell Medvedev, the failed former President of Russia, who thinks he’s still President, to watch his words. He’s entering very dangerous territory!",['russia'],[],0.0
confine,115730859844120569,2025-12-16 19:19:38.383000+00:00,"Can anyone believe that the Unselect Committee of Political Hacks and Thugs illegally and criminally deleted and destroyed all information having to do with their ""investigation"" into January 6th? The reason they did this is because it all came out my way. I was proven innocent, and they were proven to be liars and cheats. They must be held accountable, and pay A VERY STEEP PRICE!",[],['destroyed'],0.0
confine,116147572522796874,2026-02-28 09:35:09.246000+00:00,"Iran tried to interfere in 2020, 2024 elections to stop Trump, and now faces renewed war with United States: justthenews.com/government/sec",['iran'],[],0.0
confine,115324114715261770,2025-10-05 23:19:00.259000+00:00,"Before I became President, ""OPEC"" kept Oil prices high. It wasn't right for them to do that but, in a different form, is being done again — This time by the Big Homebuilders of our Nation. They're my friends, and they're very important to the SUCCESS of our Country, but now, they can get Financing, and they have to start building Homes. They're sitting on 2 Million empty lots, A RECORD. I'm asking Fannie Mae and Freddie Mac to get Big Homebuilders going and, by so doing, help restore the American Dream!","['oil', 'opec']",[],0.0
confine,116255809955960965,2026-03-19 12:21:21.408000+00:00,"Media, lawmakers downplay threat from the Iran regime, but evidence shows the true scope of danger: justthenews.com/government/sec",['iran'],[],0.0
confine,114490093180275292,2025-05-11 16:16:21.583000+00:00,"President Putin of Russia doesn't want to have a Cease Fire Agreement with Ukraine, but rather wants to meet on Thursday, in Turkey, to negotiate a possible end to the BLOODBATH. Ukraine should agree to this, IMMEDIATELY. At least they will be able to determine whether or not a deal is possible, and if it is not, European leaders, and the U.S., will know where everything stands, and can proceed accordingly! I'm starting to doubt that Ukraine will make a deal with Putin, who's too busy celebrating the Victory of World War ll, which could not have been won (not even close!) without the United States of America. HAVE THE MEETING, NOW!!!","['putin', 'russia', 'ukraine']",[],1.0
confine,114259775317961958,2025-04-01 00:03:29.905000+00:00,"""Trump tariff on Venezuelan oil buyers shakes global market, major refiners pull back"" miamiherald.com/news/nation-wo","['oil', 'venezuelan']",[],1.0
confine,116753672230328052,2026-06-15 10:34:16.834000+00:00,"On July 4th, at The Lincoln Memorial and Washington Monument, in beautiful and safe Washington D.C., we are going to host the most spectacular TRUMP RALLY of them all, a “TRIBUTE TO AMERICA.” Starting at 7 P.M. EST, this HUGE Celebration will honor our Country's People, Spirit, Strength, Resolve, and Triumphs. With the backdrop of the Lincoln Memorial and surrounding the beautifully new Reflecting Pool, more than 300 Members of our strong and talented Military Bands, Orchestras, and Ceremonial Units, will perform Patriotic Melodies and American Classics, and my Playlist (We will have none of those people that put you to sleep and constantly complain!), as we celebrate our Country, and Rally into the next 250 years. This ensemble will be the largest formation of Joint Military Music and Ceremonial performances in History. There will be incredible Flyovers and Airshows featuring our Top Military Pilots and Equipment, and I will deliver keynote remarks that you will not want to miss. To conclude the program, and commemorate this Historic Occasion, I will be launching, what will be, the LARGEST FIREWORKS SHOW IN HISTORY, right here in our Nation's Capital. Do not miss it. See you on JULY 4th in Washington, D.C. President DONALD J. TRUMP",[],['military'],0.0
confine,114098529870362771,2025-03-03 12:36:39.633000+00:00,"The only President who gave none of Ukraine's land to Putin's Russia is President Donald J. Trump. Remember that when the weak and ineffective Democrat's criticize, and the Fake News gladly puts out anything they say!","['putin', 'russia', 'ukraine']",[],0.0
confine,114076153524132682,2025-02-27 13:46:03.686000+00:00,"Drugs are still pouring into our Country from Mexico and Canada at very high and unacceptable levels. A large percentage of these Drugs, much of them in the form of Fentanyl, are made in, and supplied by, China. More than 100,000 people died last year due to the distribution of these dangerous and highly addictive POISONS. Millions of people have died over the last two decades. The families of the victims are devastated and, in many instances, virtually destroyed. We cannot allow this scourge to continue to harm the USA, and therefore, until it stops, or is seriously limited, the proposed TARIFFS scheduled to go into effect on MARCH FOURTH will, indeed, go into effect, as scheduled. China will likewise be charged an additional 10% Tariff on that date. The April Second Reciprocal Tariff date will remain in full force and effect. Thank you for your attention to this matter. GOD BLESS AMERICA!",[],['destroyed'],0.0
confine,114124513631913892,2025-03-08 02:44:40.369000+00:00,"Senator Eric Schmitt: ""The shift that you're seeing in the foreign policy of the United States is a shift to REALISM — the American taxpayers are tapped out of this war in Ukraine. President Trump is trying to bring PEACE!""",['ukraine'],[],0.0
confine,116177065488835367,2026-03-05 14:35:36.194000+00:00,Melania Trump makes history presiding over UN Security Council — remarking on Iran war deaths: nypost.com/2026/03/02/us-news/,['iran'],[],0.0
confine,115231649861246548,2025-09-19 15:23:58.556000+00:00,"I just completed a very productive call with President Xi of China. We made progress on many very important issues including Trade, Fentanyl, the need to bring the War between Russia and Ukraine to an end, and the approval of the TikTok Deal. I also agreed with President Xi that we would meet at the APEC Summit in South Korea, that I would go to China in the early part of next year, and that President Xi would, likewise, come to the United States at an appropriate time. The call was a very good one, we will be speaking again by phone, appreciate the TikTok approval, and both look forward to meeting at APEC!","['russia', 'ukraine']",[],0.0
confine,116847413162359390,2026-07-01 23:53:49.943000+00:00,"Just as I promised, Oil Prices are plummeting FAST, and Gas Prices at the pump are dropping too, but not as fast as they should be. As we approach America's 250th Birthday, I am pleased to announce that a VERY smart Retailer, located throughout the Northeast, is stepping up, and wishing the People of Philadelphia a “Happy Birthday!” On July 3rd, the Freedom Fuel Network will be lowering gas prices at 25 “FREEDOM FUEL” Stations across the Greater Philadelphia Area. This Retailer is taking the lead, and others should follow. They are doing this because they love the U.S.A. We are proud to celebrate America's 250th Birthday in the Great Commonwealth of Pennsylvania, the Birthplace of our very special, one-of-a-kind Declaration of Independence, and where I won BIG in the Presidential Election! America has never been stronger than it is now, and Gas Prices will soon be back to the Record Low Prices Americans enjoyed at the pump before our very successful “excursion” in Iran. Happy Birthday America! President DONALD J. TRUMP","['fuel', 'iran', 'oil']",[],0.0
confine,116272810363139207,2026-03-22 12:24:47.035000+00:00,"Now with the death of Iran, the greatest enemy America has is the Radical Left, Highly Incompetent, Democrat Party! Thank you for your attention to this matter. President DJT",['iran'],[],0.0
confine,113725839525272943,2024-12-27 16:56:36.271000+00:00,"Sorry to inform you that Superstar Attorney David Rivkin just passed away. He was a great lawyer, scholar, and defender of mine. Our hearts and prayers are with his incredible wife, Diana, and family. He will be greatly missed!",[],['mine'],0.0
confine,114664350602686558,2025-06-11 10:52:18.834000+00:00,"The INCOMPETENT Governor of California was unable to provide protection in a timely manner when our Ice Officers, GREAT Patriots they are, were attacked by an out of control mob of agitators, troublemakers, and/or insurrectionists. MAKE AMERICA GREAT AGAIN!",[],['attacked'],0.0
confine,114135388919019484,2025-03-10 00:50:24.081000+00:00,Nobody has been tougher on Russia than Donald Trump—NOBODY…,['russia'],[],0.0
confine,114400030944429028,2025-04-25 18:32:20.924000+00:00,"Ukraine, headed by Volodymyr Zelenskyy, has not signed the final papers on the very important Rare Earths Deal with the United States. It is at least three weeks late. Hopefully, it will be signed IMMEDIATELY. Work on the overall Peace Deal between Russia and Ukraine is going smoothly. SUCCESS seems to be in the future!","['russia', 'ukraine', 'zelenskyy']",[],0.0
confine,116303702670417000,2026-03-27 23:21:06.235000+00:00,U.S. intercepted Ukraine government messages discussing plot to route money to Biden re-election: justthenews.com/government/sec,['ukraine'],[],0.0
confine,116200028617921781,2026-03-09 15:55:25.737000+00:00,"I just spoke to Prime Minister Anthony Albanese, of Australia, concerning the Iranian National Women's Soccer Team. He's on it! Five have already been taken care of, and the rest are on their way. Some, however, feel they must go back because they are worried about the safety of their families, including threats to those family members if they don't return. In any event, the Prime Minister is doing a very good job having to do with this rather delicate situation. God bless Australia! President DONALD J. TRUMP",['iranian'],[],0.0
confine,115956692372915783,2026-01-25 16:31:49.303000+00:00,"I'm building, on top of everything else that I am doing, one of the greatest and most beautiful Ballrooms anywhere in the World, with more than 300 Million Dollars of Great American Patriots' money, and working closely with, right from the beginning, the United States Military and Secret Service. This is a GIFT (ZERO taxpayer funding!) to the United States of America, of 300 to 400 Million Dollars (depending on the scope and quality of interior finishes!), for a desperately needed space, sought for over 150 years by previous Presidents and Administrations, so that the White House would no longer be forced to use a cheap and unsafe ""tent,"" for big and important STATE EVENTS, Dinners, Meetings, Conferences, and already scheduled future INAUGURATIONS (for safety, security, and capacity purposes!), on a very wet, and subject to weather, White House lawn. Making such a large gift to the U.S.A. was thought to be, by almost everyone, ""A WONDERFUL THING TO DO"" — But no, as usual, I got sued, this time by the Radical Left National (No!)Trust for Historic Preservation, a group that couldn't care less about our Country! All of the Structural Steel, Windows, Doors, A.C./Heating Equipment, Marble, Stone, Precast Concrete, Bulletproof Windows and Glass, Anti-Drone Roofing, and much more, has been ordered (or is ready to be), and there is no practical or reasonable way to go back. IT IS TOO LATE! Why didn't these obstructionists and troublemakers bring their baseless lawsuit much earlier? Congress never tried, or wanted, to stop the Ballroom Project! Everyone knew what was taking place at the White House — A great, big, beautiful gift to the United States of America! For those that are interested, the tiny East Wing was so ""bastardized"" and changed, built and rebuilt over the years, that it bore no resemblance or relationship to the original building. The so-called ""preservationists,"" who get their money from the most unusual of places, should not be allowed to stop this desperately needed addition to our GREAT White House, a place that a President has never needed permission to change or enhance, because of the special grounds on which it sits, no matter how big (and important!), that enhancement may be. Additionally, in this instance, it is being done with the design, consent, and approval of the highest levels of the United States Military and Secret Service. The mere bringing of this ridiculous lawsuit has already, unfortunately, exposed this heretofore Top Secret fact. Stoppage of construction, at this late date, when so much has already been ordered and done, would be devastating to the White House, our Country, and all concerned. Thank you for your attention to this matter! President DONALD J. TRUMP",[],"['drone', 'military']",0.0
confine,115939889414201547,2026-01-22 17:18:36.500000+00:00,"Deranged Jack Smith is being DECIMATED before Congress. It was over when they discussed his past failures and unfair prosecutions. He destroyed many lives under the guise of legitimacy. Jack Smith is a deranged animal, who shouldn't be allowed to practice Law. If he were a Republican, his license would be taken away from him, and far worse! Hopefully the Attorney General is looking at what he's done, including some of the crooked and corrupt witnesses that he was attempting to use in his case against me. The whole thing was a Democrat SCAM — A big price should be paid by them for what they have put our Country through!",[],['destroyed'],0.0
confine,114665433616155445,2025-06-11 15:27:44.309000+00:00,WE HAVE A GREAT MILITARY…OUR COUNTRY IS BACK—WE'RE REALLY BACK!,[],['military'],0.0
confine,115612027228424815,2025-11-25 19:38:56.566000+00:00,"It looks like the Indiana Senate Republicans will be coming back in two weeks to take up Redistricting, a very important initiative to balance out the Democrats' endless ""Sue to Blue"" and Census rigging strategy that has stolen seats from Republicans, and given them to Democrats who would not have them if they played fairly. Radical Left Democrats have rigged the game for a long time — Remember, until the GREAT Speaker Newt Gingrich, Democrats controlled the House for 40 YEARS in a row, and now, Republicans must fight back for the American People who want and need the Massive Tax and Regulation Cuts, Lower Prices, Strong Borders, Powerful Military, and Safe Cities that Republicans are delivering, and Democrats are fighting against every step of the way. Democrats, if they steal power back, will again give us the Highest Ever Inflation, Sky High Prices, Open Borders, Transgender for Everybody, DEI, and unlimited Violent Crime that they caused and allowed until we came back into Office this year. Republicans must do what is necessary to stop the destruction of our Country by these people who hate America, and are so ungrateful for the opportunities our Nation has given them. Our Country and Democracy is special, and we must do everything we possibly can to defend it from the Far Left infiltrators who want to destroy it. I am glad to hear the Indiana House is stepping up to do the right thing, and I hope the Senate finds the Votes. If they do, I will make sure that all of those people supporting me win their Primaries, and go on to Greatness but, if they don't, I will partner with the incredibly powerful MAGA Grassroots Republicans to elect STRONG Republicans who are ready to do what is needed to protect our Country and, MAKE AMERICA GREAT AGAIN!",[],"['destroy', 'military']",0.0
confine,116154493534592978,2026-03-01 14:55:15.505000+00:00,Trump's bold move to rid the world of Iran's evil regime once and for all: nypost.com/2026/02/28/opinion/,['iran'],[],0.0
confine,115170494005487289,2025-09-08 20:11:14.253000+00:00,"I have seen the horrific video of a beautiful, young Ukrainian refugee, who came to America to escape the vicious War in Ukraine, and was innocently riding the Metro in Charlotte, North Carolina, where she was brutally ambushed by a mentally deranged lunatic. The perpetrator was a well known career criminal, who had been previously arrested and released on CASHLESS BAIL in January, a total of 14 TIMES. What the hell was he doing riding the train, and walking the streets? Criminals like this need to be LOCKED UP. The blood of this innocent woman can literally be seen dripping from the killer's knife, and now her blood is on the hands of the Democrats who refuse to put bad people in jail, including Former Disgraced Governor and ""Wannabe Senator"" Roy Cooper. North Carolina, and every State, needs LAW AND ORDER, and only Republicans will deliver it! Additionally, where is the outrage from the Mainstream Media on this horrible tragedy? VOTE FOR MICHAEL WHATLEY FOR UNITED STATES SENATE, HE WON'T LET THIS HAPPEN AGAIN!","['ukraine', 'ukrainian']",[],0.0
confine,116868250318223381,2026-07-05 16:12:59.709000+00:00,"From Greg Wischer at the United States Department of the Interior: “After 6 long years, the original cannons that previously surrounded the Andrew Jackson statue in Lafayette Park but were damaged in the 2020 riots have been returned to their rightful location around the statue. The four cannons—El Witiza, El Egica, El Apolo, and El Aristeo—were captured by Andrew Jackson from the Spanish in his Pensacola Campaign in 1818. El Witiza and El Egica had been cast at the royal foundry in Barcelona in 1748 and were named for two Visigoth kings, while El Apolo and El Aristeo were cast in 1773 and were named for two Greek gods. The first photo below shows the damaged cannons and the destroyed cannon carriages, which support and transport the cannons, during the 2020 riots. The second photo shows the state of the Andrew Jackson statue and returned cannons today. (The National Park Service team is now whitening the marble pedestal for the Jackson statue.)”",[],['destroyed'],0.0
confine,116772448531484273,2026-06-18 18:09:20.453000+00:00,"The United States is committed to PEACE, and we encourage everyone in the Middle East Region to maintain their commitment to allowing our negotiations to beautifully unfold. The Markets are loving what is happening with Oil Prices way down, and Stocks way up. We expect a complete Ceasefire on all fronts, including Lebanon, Hezbollah, and Israel. Thank you for your attention to this matter! President DONALD J. TRUMP",['oil'],[],1.0
confine,116552102914488206,2026-05-10 20:12:33.162000+00:00,I have just read the response from Iran's so-called “Representatives.” I don't like it — TOTALLY UNACCEPTABLE! Thank you for your attention to this matter. President DONALD J. TRUMP,['iran'],[],1.0
