post_id,data_pagina,ora_pagina_pacific,testo,url,timestamp_utc,sequenza,ora_da_id_pacific,data_da_id_pacific,scarto_minuti,verificato,fonte,n_parole,attori_trovati,meccanismi_trovati,ha_attore,ha_meccanismo,evento_petrolio,solo_meccanismi_deboli,nuovo_episodio,episodio_id
113615912452824634,2024-12-07,23:00,"Assad is gone. He has fled his country. His protector, Russia, Russia, Russia, led by Vladimir Putin, was not interested in protecting him any longer. There was no reason for Russia to be there in the first place. They lost all interest in Syria because of Ukraine, where close to 600,000 Russian soldiers lay wounded or dead, in a war that should never have started, and could go on forever. Russia and Iran are in a weakened state right now, one because of Ukraine and a bad economy, the other because of Israel and its fighting success. Likewise, Zelenskyy and Ukraine would like to make a deal and stop the madness. They have ridiculously lost 400,000 soldiers, and many more civilians. There should be an immediate ceasefire and negotiations should begin. Too many lives are being so needlessly wasted, too many families destroyed, and if it keeps going, it can turn into something much bigger, and far worse. I know Vladimir well. This is his time to act. China can help. The World is waiting!",https://truthsocial.com/@realDonaldTrump/posts/113615912452824634,2024-12-08 07:00:42.261000+00:00,7738,23:00,2024-12-07,0.0,True,ucsb,175,"['iran', 'putin', 'russia', 'russian', 'ukraine', 'zelenskyy']",['destroyed'],True,True,True,False,True,1
113766496962657828,2025-01-03,13:16,"I am pleased to announce Morgan Ortagus as Deputy Special Presidential Envoy for Middle East Peace, to the Honorable Steven Witkoff. Early on Morgan fought me for three years, but hopefully has learned her lesson. These things usually don’t work out, but she has strong Republican support, and I’m not doing this for me, I’m doing it for them. Let’s see what happens. She will hopefully be an asset to Steve, a great leader and talent, as we seek to bring calm and prosperity to a very troubled region. I expect great results, and soon! Morgan Ortagus has had experience in Diplomacy and National Security, and is an active U.S. Navy Reserve Intelligence Officer. From 2019-2021, Morgan served as Spokesperson at the Department of State (Pompeo!), where she was a member of my Historic Abraham Accords team that brought unprecedented Peace to the Middle East. Earlier, she worked at the Department of the Treasury as a financial intelligence analyst and, from 2010-2011, was the Deputy U.S. Treasury Attaché to the Kingdom of Saudi Arabia. Good luck Morgan!",https://truthsocial.com/@realDonaldTrump/posts/113766496962657828,2025-01-03 21:16:19.532000+00:00,48676,13:16,2025-01-03,0.0,True,ucsb,177,['saudi'],['navy'],True,True,True,False,True,2
113767012988447810,2025-01-03,15:27,"I am pleased to announce the nomination of Roman Pipko to serve as the next United States Ambassador to the Republic of Estonia. Roman was born and raised in Estonia. He has extensive experience in dealing with Foreign Governments, having represented U.S. interests in the European Bank for Reconstruction and Development, and the Russian American Enterprise Fund. Roman has represented American companies, negotiating projects in Mongolia, Africa, Russia, Western Europe, and his native Estonia, in cooperation with U.S. Government Agencies, and has worked with Foreign Governments on the enforcement of U.S. sanctions. Roman is a graduate of Columbia University and Yale Law School. As a legal immigrant, he has lived the promise of America, and I trust that he will advance American interests in his new role. Congratulations Roman!",https://truthsocial.com/@realDonaldTrump/posts/113767012988447810,2025-01-03 23:27:33.461000+00:00,27714,15:27,2025-01-03,0.0,True,ucsb,129,"['russia', 'russian']",['sanctions'],True,True,True,False,True,3
113872782548137314,2025-01-22,07:46,"I'm not looking to hurt Russia. I love the Russian people, and always had a very good relationship with President Putin - and this despite the Radical Left's Russia, Russia, Russia HOAX. We must never forget that Russia helped us win the Second World War, losing almost 60,000,000 lives in the process. All of that being said, I'm going to do Russia, whose Economy is failing, and President Putin, a very big FAVOR. Settle now, and STOP this ridiculous War! IT'S ONLY GOING TO GET WORSE. If we don't make a ""deal,"" and soon, I have no other choice but to put high levels of Taxes, Tariffs, and Sanctions on anything being sold by Russia to the United States, and various other participating countries. Let's get this war, which never would have started if I were President, over with! We can do it the easy way, or the hard way - and the easy way is always better. It's time to ""MAKE A DEAL."" NO MORE LIVES SHOULD BE LOST!!!",https://truthsocial.com/@realDonaldTrump/posts/113872782548137314,2025-01-22 15:46:08.861000+00:00,62818,07:46,2025-01-22,0.0,True,ucsb,170,"['putin', 'russia', 'russian']",['sanctions'],True,True,True,False,True,4
113950996936674770,2025-02-05,03:17,"I want Iran to be a great and successful Country, but one that cannot have a Nuclear Weapon. Reports that the United States, working in conjunction with Israel, is going to blow Iran into smithereens,"" ARE GREATLY EXAGGERATED. I would much prefer a Verified Nuclear Peace Agreement, which will let Iran peacefully grow and prosper. We should start working on it immediately, and have a big Middle East Celebration when it is signed and completed. God Bless the Middle East!",https://truthsocial.com/@realDonaldTrump/posts/113950996936674770,2025-02-05 11:17:05.718000+00:00,19922,03:17,2025-02-05,0.0,True,ucsb,80,['iran'],['nuclear'],True,True,True,True,True,5
114059930426328863,2025-02-24,09:00,"Today, President Emmanuel Macron of France joined me in the Oval Office to speak to the G7 Summit. The meeting was convened by Governor Justin Trudeau of Canada, the current chair of G7, to acknowledge the Third Anniversary of the Russia-Ukraine War – Which would have never started if I was President. Everyone expressed their goal of seeing the War end, and I emphasized the importance of the vital ""Critical Minerals and Rare-Earths Deal"" between the United States and Ukraine, which we hope will be signed very soon! This deal, which is an ""Economic Partnership,"" will ensure the American people recoup the Tens of Billions of Dollars and Military Equipment sent to Ukraine, while also helping Ukraine's economy grow as this Brutal and Savage War comes to an end. At the same time, I am in serious discussions with President Vladimir Putin of Russia concerning the ending of the War, and also major Economic Development transactions which will take place between the United States and Russia. Talks are proceeding very well!",https://truthsocial.com/@realDonaldTrump/posts/114059930426328863,2025-02-24 17:00:18.858000+00:00,50975,09:00,2025-02-24,0.0,True,ucsb,171,"['putin', 'russia', 'ukraine']",['military'],True,True,True,True,True,6
114121576367163341,2025-03-07,06:17,"Based on the fact that Russia is absolutely ""pounding"" Ukraine on the battlefield right now, I am strongly considering large scale Banking Sanctions, Sanctions, and Tariffs on Russia until a Cease Fire and FINAL SETTLEMENT AGREEMENT ON PEACE IS REACHED. To Russia and Ukraine, get to the table right now, before it is too late. Thank you!!!",https://truthsocial.com/@realDonaldTrump/posts/114121576367163341,2025-03-07 14:17:41.266000+00:00,34765,06:17,2025-03-07,0.0,True,ucsb,57,"['russia', 'ukraine']",['sanctions'],True,True,True,False,True,7
114155230513269064,2025-03-13,05:56,"The Globalist Wall Street Journal has no idea what they are doing or saying. They are owned by the polluted thinking of the European Union, which was formed for the primary purpose of ""screwing"" the United States of America. Their (WSJ!) thinking is antiquated and weak, and very bad for the USA. But have no fear, we will WIN on everything!!! Egg prices are down, oil is down, interest rates are down, and TARIFF RELATED MONEY IS POURING INTO THE UNITED STATES. ""The only thing you have to fear, is fear itself!""",https://truthsocial.com/@realDonaldTrump/posts/114155230513269064,2025-03-13 12:56:22.783000+00:00,2376,05:56,2025-03-13,0.0,True,ucsb,92,['oil'],['tariff'],True,True,True,False,True,8
114161039436456514,2025-03-14,06:33,"We had very good and productive discussions with President Vladimir Putin of Russia yesterday, and there is a very good chance that this horrible, bloody war can finally come to an end — BUT, AT THIS VERY MOMENT, THOUSANDS OF UKRAINIAN TROOPS ARE COMPLETELY SURROUNDED BY THE RUSSIAN MILITARY, AND IN A VERY BAD AND VULNERABLE POSITION. I have strongly requested to President Putin that their lives be spared. This would be a horrible massacre, one not seen since World War II. God bless them all!!!",https://truthsocial.com/@realDonaldTrump/posts/114161039436456514,2025-03-14 13:33:39.916000+00:00,41538,06:33,2025-03-14,0.0,True,ucsb,86,"['putin', 'russia', 'russian', 'ukrainian']",['military'],True,True,True,True,True,9
114167864888304754,2025-03-15,11:29,"Today, I have ordered the United States Military to launch decisive and powerful Military action against the Houthi terrorists in Yemen. They have waged an unrelenting campaign of piracy, violence, and terrorism against American, and other, ships, aircraft, and drones. Joe Biden's response was pathetically weak, so the unrestrained Houthis just kept going. It has been over a year since a U.S. flagged commercial ship safely sailed through the Suez Canal, the Red Sea, or the Gulf of Aden. The last American Warship to go through the Red Sea, four months ago, was attacked by the Houthis over a dozen times. Funded by Iran, the Houthi thugs have fired missiles at U.S. aircraft, and targeted our Troops and Allies. These relentless assaults have cost the U.S. and World Economy many BILLIONS of Dollars while, at the same time, putting innocent lives at risk. The Houthi attack on American vessels will not be tolerated. We will use overwhelming lethal force until we have achieved our objective. The Houthis have choked off shipping in one of the most important Waterways of the World, grinding vast swaths of Global Commerce to a halt, and attacking the core principle of Freedom of Navigation upon which International Trade and Commerce depends. Our brave Warfighters are right now carrying out aerial attacks on the terrorists' bases, leaders, and missile defenses to protect American shipping, air, and naval assets, and to restore Navigational Freedom. No terrorist force will stop American commercial and naval vessels from freely sailing the Waterways of the World. To all Houthi terrorists, YOUR TIME IS UP, AND YOUR ATTACKS MUST STOP, STARTING TODAY. IF THEY DON'T, HELL WILL RAIN DOWN UPON YOU LIKE NOTHING YOU HAVE EVER SEEN BEFORE! To Iran: Support for the Houthi terrorists must end IMMEDIATELY! Do NOT threaten the American People, their President, who has received one of the largest mandates in Presidential History, or Worldwide shipping lanes. If you do, BEWARE, because America will hold you fully accountable and, we won't be nice about it!",https://truthsocial.com/@realDonaldTrump/posts/114167864888304754,2025-03-15 18:29:28.046000+00:00,42098,11:29,2025-03-15,0.0,True,ucsb,337,"['houthi', 'houthis', 'iran', 'red sea', 'suez']","['attack', 'attacked', 'drones', 'military', 'naval', 'shipping', 'vessels']",True,True,True,False,True,10
114167886343462616,2025-03-15,11:34,"I am pleased to inform you that General Keith Kellogg has been appointed Special Envoy to Ukraine. General Kellogg, a Highly Respected Military Expert, will deal directly with President Zelenskyy, and Ukrainian leadership. He knows them well, and they have a very good working relationship together. Congratulations to General Kellogg!",https://truthsocial.com/@realDonaldTrump/posts/114167886343462616,2025-03-15 18:34:55.426000+00:00,24280,11:34,2025-03-15,0.0,True,ucsb,50,"['ukraine', 'ukrainian', 'zelenskyy']",['military'],True,True,True,True,False,10
114178483249053992,2025-03-17,08:29,"Let nobody be fooled! The hundreds of attacks being made by Houthi, the sinister mobsters and thugs based in Yemen, who are hated by the Yemeni people, all emanate from, and are created by, IRAN. Any further attack or retaliation by the ""Houthis"" will be met with great force, and there is no guarantee that that force will stop there. Iran has played ""the innocent victim"" of rogue terrorists from which they've lost control, but they haven't lost control. They're dictating every move, giving them the weapons, supplying them with money and highly sophisticated Military equipment, and even, so-called, ""Intelligence."" Every shot fired by the Houthis will be looked upon, from this point forward, as being a shot fired from the weapons and leadership of IRAN, and IRAN will be held responsible, and suffer the consequences, and those consequences will be dire!DONALD J. TRUMP, PRESIDENT OF THE UNITED STATES OF AMERICA",https://truthsocial.com/@realDonaldTrump/posts/114178483249053992,2025-03-17 15:29:51.373000+00:00,33064,08:29,2025-03-17,0.0,True,ucsb,151,"['houthi', 'houthis', 'iran']","['attack', 'military']",True,True,True,True,True,11
114190034933659125,2025-03-19,09:27,"Reports are coming in that while Iran has lessened its intensity on Military Equipment and General Support to the Houthis, they are still sending large levels of Supplies. Iran must stop the sending of these Supplies IMMEDIATELY. Let the Houthis fight it out themselves. Either way they lose, but this way they lose quickly. Tremendous damage has been inflicted upon the Houthi barbarians, and watch how it will get progressively worse — It's not even a fair fight, and never will be. They will be completely annihilated!",https://truthsocial.com/@realDonaldTrump/posts/114190034933659125,2025-03-19 16:27:36.092000+00:00,13813,09:27,2025-03-19,0.0,True,ucsb,87,"['houthi', 'houthis', 'iran']",['military'],True,True,True,True,True,12
114217914259825110,2025-03-24,07:37,"President Donald J. Trump announced today that the United States of America will be putting what is known as a Secondary Tariff on the Country of Venezuela, for numerous reasons, including the fact that Venezuela has purposefully and deceitfully sent to the United States, undercover, tens of thousands of high level, and other, criminals, many of whom are murderers and people of a very violent nature. Among the gangs they sent to the United States, is Tren de Aragua, which has been given the designation of ""Foreign Terrorist Organization."" We are in the process of returning them to Venezuela — It is a big task! In addition, Venezuela has been very hostile to the United States and the Freedoms which we espouse. Therefore, any Country that purchases Oil and/or Gas from Venezuela will be forced to pay a Tariff of 25% to the United States on any Trade they do with our Country. All documentation will be signed and registered, and the Tariff will take place on April 2nd, 2025, LIBERATION DAY IN AMERICA. Please let this notification serve to represent that the Department of Homeland Security, Border Patrol, and all other Law Enforcement Agencies within our Country have been so notified. Thank you for your attention to this matter!",https://truthsocial.com/@realDonaldTrump/posts/114217914259825110,2025-03-24 14:37:40.849000+00:00,25046,07:37,2025-03-24,0.0,True,ucsb,210,"['oil', 'venezuela']","['secondary tariff', 'tariff']",True,True,True,False,True,13
114258406263396157,2025-03-31,11:15,"The Iran-backed Houthi Terrorists have been decimated by the relentless strikes over the past two weeks. Many of their Fighters and Leaders are no longer with us. We hit them every day and night — Harder and harder. Their capabilities that threaten Shipping and the Region are rapidly being destroyed. Our attacks will continue until they are no longer a threat to Freedom of Navigation. The choice for the Houthis is clear: Stop shooting at U.S. ships, and we will stop shooting at you. Otherwise, we have only just begun, and the real pain is yet to come, for both the Houthis and their sponsors in Iran.",https://truthsocial.com/@realDonaldTrump/posts/114258406263396157,2025-03-31 18:15:19.790000+00:00,38717,11:15,2025-03-31,0.0,True,ucsb,107,"['houthi', 'houthis', 'iran']","['destroyed', 'shipping', 'strikes']",True,True,True,False,True,14
114259775317961958,2025-03-31,17:03,"""Trump tariff on Venezuelan oil buyers shakes global market, major refiners pull back"" miamiherald.com/news/nation-wo",https://truthsocial.com/@realDonaldTrump/posts/114259775317961958,2025-04-01 00:03:29.905000+00:00,27878,17:03,2025-03-31,0.0,True,ucsb,14,"['oil', 'venezuelan']",['tariff'],True,True,True,False,True,15
114263386262728170,2025-04-01,08:21,"My telephone call with President El-Sisi, of Egypt, went very well. We discussed numerous topics, among which was the tremendous Military progress we have made against the Ship destroying Houthis in Yemen — Also discussed was Gaza, and possible solutions, Military preparedness, etc.",https://truthsocial.com/@realDonaldTrump/posts/114263386262728170,2025-04-01 15:21:48.549000+00:00,60906,08:21,2025-04-01,0.0,True,ucsb,43,['houthis'],['military'],True,True,True,True,True,16
114281864005346951,2025-04-04,14:40,"These Houthis gathered for instructions on an attack. Oops, there will be no attack by these Houthis! They will never sink our ships again!",https://truthsocial.com/@realDonaldTrump/posts/114281864005346951,2025-04-04 21:40:56.526000+00:00,59015,14:40,2025-04-04,0.0,True,ucsb,24,['houthis'],['attack'],True,True,True,True,True,17
114332342610034728,2025-04-13,12:38,"Time for the terrorists to hide, but it won't do them any good. Our Warfighters, the Greatest the World has ever seen, will find them, and bring them to swift Justice. I just got rid of Joe Biden's dangerous red tape, and empowered our Warfighters, once again, just like I did against our fight with ISIS, who were completely obliterated in three weeks under General Daniel Caine, our new Chairman of the Joint Chiefs of Staff. We will support the Somali People, who should not allow the Houthis to embed (which they are trying to do!), to end terrorism, and bring prosperity to their Country.",https://truthsocial.com/@realDonaldTrump/posts/114332342610034728,2025-04-13 19:38:18.908000+00:00,40,12:38,2025-04-13,0.0,True,ucsb,105,['houthis'],['obliterated'],True,True,True,False,True,18
114336723764365914,2025-04-14,07:12,"The War between Russia and Ukraine is Biden's war, not mine. I just got here, and for four years during my term, had no problem in preventing it from happening. President Putin, and everyone else, respected your President! I HAD NOTHING TO DO WITH THIS WAR, BUT AM WORKING DILIGENTLY TO GET THE DEATH AND DESTRUCTION TO STOP. If the 2020 Presidential Election was not RIGGED, and it was, in so many ways, that horrible War would never have happened. President Zelenskyy and Crooked Joe Biden did an absolutely horrible job in allowing this travesty to begin. There were so many ways of preventing it from ever starting. But that is the past. Now we have to get it to STOP, AND FAST. SO SAD!",https://truthsocial.com/@realDonaldTrump/posts/114336723764365914,2025-04-14 14:12:30.017000+00:00,51802,07:12,2025-04-14,0.0,True,ucsb,125,"['putin', 'russia', 'ukraine', 'zelenskyy']",['mine'],True,True,True,False,True,19
114392923237368367,2025-04-24,05:24,"I am not happy with the Russian strikes on KYIV. Not necessary, and very bad timing. Vladimir, STOP! 5000 soldiers a week are dying. Lets get the Peace Deal DONE!",https://truthsocial.com/@realDonaldTrump/posts/114392923237368367,2025-04-24 12:24:45.921000+00:00,49711,05:24,2025-04-24,0.0,True,ucsb,30,"['kyiv', 'russian']",['strikes'],True,True,True,True,True,20
114404524335638236,2025-04-26,06:35,"No matter what deal I make with respect to Russia/Ukraine, no matter how good it is, even if it's the greatest deal ever made, The Failing New York Times will speak BADLY of it. Liddle' Peter Baker, the very biased and untalented writer for The Times, followed his Editor's demands and wrote that Ukraine should get back territory, including, I suppose, Crimea, and other ridiculous requests, in order to stop the killing that is worse than anything since World War II. Why doesn't this lightweight reporter say that it was Obama who made it possible for Russia to steal Crimea from Ukraine without even a shot being fired. It was also Liddle' Peter who wrote an absolutely fawning, yet terribly written Biography, on Obama. It was a JOKE! Did Baker ever criticize the Obama Crimea Giveaway? NO, not once, only TRUMP, and I've had nothing to do with this stupid war, other than early on, when I gave Ukraine Javelins, and Obama gave them sheets. This is Sleepy Joe Biden's War, not mine. It was a loser from day one, and should have never happened, and wouldn't have happened if I were President at the time. I'm just trying to clean up the mess that was left to me by Obama and Biden, and what a mess it is. With all of that being said, there was no reason for Putin to be shooting missiles into civilian areas, cities and towns, over the last few days. It makes me think that maybe he doesn't want to stop the war, he's just tapping me along, and has to be dealt with differently, through ""Banking"" or ""Secondary Sanctions?"" Too many people are dying!!!",https://truthsocial.com/@realDonaldTrump/posts/114404524335638236,2025-04-26 13:35:04.633000+00:00,9948,06:35,2025-04-26,0.0,True,ucsb,281,"['putin', 'russia', 'ukraine']","['mine', 'sanctions']",True,True,True,False,True,21
114406185820566958,2025-04-26,13:37,"American Ships, both Military and Commercial, should be allowed to travel, free of charge, through the Panama and Suez Canals! Those Canals would not exist without the United States of America. I've asked Secretary of State Marco Rubio to immediately take care of, and memorialize, this situation!",https://truthsocial.com/@realDonaldTrump/posts/114406185820566958,2025-04-26 20:37:36.881000+00:00,13742,13:37,2025-04-26,0.0,True,ucsb,47,['suez'],['military'],True,True,True,True,True,22
114433959082847679,2025-05-01,11:20,"ALERT: All purchases of Iranian Oil, or Petrochemical products, must stop, NOW! Any Country or person who buys ANY AMOUNT of OIL or PETROCHEMICALS from Iran will be subject to, immediately, Secondary Sanctions. They will not be allowed to do business with the United States of America in any way, shape, or form. Thank you for your attention to this matter, PRESIDENT DONALD J. TRUMP",https://truthsocial.com/@realDonaldTrump/posts/114433959082847679,2025-05-01 18:20:43.231000+00:00,60863,11:20,2025-05-01,0.0,True,ucsb,65,"['iran', 'iranian', 'oil']",['sanctions'],True,True,True,False,True,23
114436142904738936,2025-05-01,20:36,"The Democrats are really out of control. They have lost everything, especially their minds! These Radical Left Lunatics are into the ""Impeachment thing"" again. They have already got two ""No Name,"" little respected Congressmen, total Whackjobs both, throwing the ""Impeachment"" of DONALD J. TRUMP around, for about the 20th time, even though they have no idea for what I would be Impeached. Maybe it should be for cleaning up the MESS that they left us on the Border, or the Highest Inflation in our Country's History or, perhaps, it should be the incompetent Withdrawal from Afghanistan, or Russia, Russia, Russia/Ukraine, Ukraine, Ukraine, or the Attack of Israel on October 7th that only proceeded because they allowed Iran to regain Great Wealth. These Congressmen stated that, they didn't know why they would Impeach me but, ""We just want to do it."" The Republicans should start to think about expelling them from Congress for all of the crimes that they have committed, especially around Election time(s). These are very dishonest people that won't let our Country heal! Why do we allow them to continuously use Impeachment as a weapon against the President of the United States who, by all accounts, is working hard to SAVE OUR COUNTRY. It's the same playbook that they used in my First Term, and Republicans are not going to allow them to get away with it again. These are total LOWLIFES, who hate our Country, and everything it stands for. Perhaps we should start playing this game on them, and expel Democrats for the many crimes that they have committed — And these are REAL crimes. Remember, ""Shifty"" Adam Schiff demanded a Pardon, and they had to use the power of the Auto Pen, and a Full Pardon, for him and the Unselect Committee of Political Thugs, to save them from Expulsion, and probably worse!",https://truthsocial.com/@realDonaldTrump/posts/114436142904738936,2025-05-02 03:36:05.709000+00:00,33912,20:36,2025-05-01,0.0,True,ucsb,308,"['iran', 'russia', 'ukraine']",['attack'],True,True,True,True,True,24
114471750357100883,2025-05-08,03:31,"""Too Late"" Jerome Powell is a FOOL, who doesn't have a clue. Other than that, I like him very much! Oil and Energy way down, almost all costs (groceries and ""eggs"") down, virtually NO INFLATION, Tariff Money Pouring Into the U.S. — THE EXACT OPPOSITE OF ""TOO LATE!"" ENJOY!",https://truthsocial.com/@realDonaldTrump/posts/114471750357100883,2025-05-08 10:31:32.314000+00:00,10579,03:31,2025-05-08,0.0,True,ucsb,49,['oil'],['tariff'],True,True,True,False,True,25
114474136794655068,2025-05-08,13:38,"Talks with Russia/Ukraine continue. The U.S. calls for, ideally, a 30-day unconditional ceasefire. Hopefully, an acceptable ceasefire will be observed, and both Countries will be held accountable for respecting the sanctity of these direct negotiations. If the ceasefire is not respected, the U.S. and its partners will impose further sanctions. Thousands of young soldiers are dying on a weekly basis, and everybody should want it to STOP. I do, and the United States of America does, also. As President, I will stay committed to securing Peace between Russia and Ukraine, together with the Europeans, and a Lasting Peace it will be! This ceasefire must ultimately build toward a Peace Agreement. It can all be done very quickly, and I will be available on a moment's notice if my services are needed. Thank you for your attention to this matter!",https://truthsocial.com/@realDonaldTrump/posts/114474136794655068,2025-05-08 20:38:26.461000+00:00,26972,13:38,2025-05-08,0.0,True,ucsb,139,"['russia', 'ukraine']",['sanctions'],True,True,True,False,True,26
114571369956761390,2025-05-25,17:46,"I've always had a very good relationship with Vladimir Putin of Russia, but something has happened to him. He has gone absolutely CRAZY! He is needlessly killing a lot of people, and I'm not just talking about soldiers. Missiles and drones are being shot into Cities in Ukraine, for no reason whatsoever. I've always said that he wants ALL of Ukraine, not just a piece of it, and maybe that's proving to be right, but if he does, it will lead to the downfall of Russia! Likewise, President Zelenskyy is doing his Country no favors by talking the way he does. Everything out of his mouth causes problems, I don't like it, and it better stop. This is a War that would never have started if I were President. This is Zelenskyy's, Putin's, and Biden's War, not ""Trump's,"" I am only helping to put out the big and ugly fires, that have been started through Gross Incompetence and Hatred.",https://truthsocial.com/@realDonaldTrump/posts/114571369956761390,2025-05-26 00:46:06.771000+00:00,57134,17:46,2025-05-25,0.0,True,ucsb,159,"['putin', 'russia', 'ukraine', 'zelenskyy']",['drones'],True,True,True,False,True,27
114616038217949758,2025-06-02,15:05,"The AUTOPEN should have stopped Iran a long time ago from ""enriching."" Under our potential Agreement — WE WILL NOT ALLOW ANY ENRICHMENT OF URANIUM!",https://truthsocial.com/@realDonaldTrump/posts/114616038217949758,2025-06-02 22:05:50.347000+00:00,8766,15:05,2025-06-02,0.0,True,ucsb,25,['iran'],['enrichment'],True,True,True,False,True,28
114626083142393611,,,"I just finished speaking, by telephone, with President Vladimir Putin, of Russia. The call lasted approximately one hour and 15 minutes. We discussed the attack on Russia’s docked airplanes, by Ukraine, and also various other attacks that have been taking place by both sides. It was a good conversation, but not a conversation that will lead to immediate Peace. President Putin did say, and very strongly, that he will have to respond to the recent attack on the airfields. We also discussed Iran, and the fact that time is running out on Iran’s decision pertaining to nuclear weapons, which must be made quickly! I stated to President Putin that Iran cannot have a nuclear weapon and, on this, I believe that we were in agreement. President Putin suggested that he will participate in the discussions with Iran and that he could, perhaps, be helpful in getting this brought to a rapid conclusion. It is my opinion that Iran has been slowwalking their decision on this very important matter, and we will need a definitive answer in a very short period of time!",https://truthsocial.com/@realDonaldTrump/posts/114626083142393611,2025-06-04 16:40:23.730000+00:00,24331,,,1.6666666666666667e-05,True,cnn,182,"['iran', 'putin', 'russia', 'ukraine']","['attack', 'nuclear']",True,True,True,True,True,29
114626383407680212,2025-06-04,10:56,"I just finished speaking, by telephone, with President Vladimir Putin, of Russia. The call lasted approximately one hour and 15 minutes. We discussed the attack on Russia’s docked airplanes, by Ukraine, and also various other attacks that have been taking place by both sides. It was a good conversation, but not a conversation that will lead to immediate Peace. President Putin did say, and very strongly, that he will have to respond to the recent attack on the airfields. We also discussed Iran, and the fact that time is running out on Iran’s decision pertaining to nuclear weapons, which must be made quickly! I stated to President Putin that Iran cannot have a nuclear weapon and, on this, I believe that we were in agreement. President Putin suggested that he will participate in the discussions with Iran and that he could, perhaps, be helpful in getting this brought to a rapid conclusion. It is my opinion that Iran has been slowwalking their decision on this very important matter, and we will need a definitive answer in a very short period of time!",https://truthsocial.com/@realDonaldTrump/posts/114626383407680212,2025-06-04 17:56:45.415000+00:00,2772,10:56,2025-06-04,0.0,True,ucsb,182,"['iran', 'putin', 'russia', 'ukraine']","['attack', 'nuclear']",True,True,True,True,True,30
114672438335170335,2025-06-12,14:09,"We remain committed to a Diplomatic Resolution to the Iran Nuclear Issue! My entire Administration has been directed to negotiate with Iran. They could be a Great Country, but they first must completely give up hopes of obtaining a Nuclear Weapon. Thank you for your attention to this matter!",https://truthsocial.com/@realDonaldTrump/posts/114672438335170335,2025-06-12 21:09:07.838000+00:00,59167,14:09,2025-06-12,0.0,True,ucsb,49,['iran'],['nuclear'],True,True,True,True,True,31
114675456780398208,2025-06-13,02:56,"I gave Iran chance after chance to make a deal. I told them, in the strongest of words, to ""just do it,"" but no matter how hard they tried, no matter how close they got, they just couldn't get it done. I told them it would be much worse than anything they know, anticipated, or were told, that the United States makes the best and most lethal military equipment anywhere in the World, BY FAR, and that Israel has a lot of it, with much more to come - And they know how to use it. Certain Iranian hardliner's spoke bravely, but they didn't know what was about to happen. They are all DEAD now, and it will only get worse! There has already been great death and destruction, but there is still time to make this slaughter, with the next already planned attacks being even more brutal, come to an end. Iran must make a deal, before there is nothing left, and save what was once known as the Iranian Empire. No more death, no more destruction, JUST DO IT, BEFORE IT IS TOO LATE. God Bless You All!",https://truthsocial.com/@realDonaldTrump/posts/114675456780398208,2025-06-13 09:56:45.657000+00:00,61056,02:56,2025-06-13,0.0,True,ucsb,190,"['iran', 'iranian']",['military'],True,True,True,True,True,32
114675841423085927,2025-06-13,04:34,"Two months ago I gave Iran a 60 day ultimatum to ""make a deal."" They should have done it! Today is day 61. I told them what to do, but they just couldn't get there. Now they have, perhaps, a second chance!",https://truthsocial.com/@realDonaldTrump/posts/114675841423085927,2025-06-13 11:34:34.839000+00:00,37223,04:34,2025-06-13,0.0,True,ucsb,42,['iran'],['ultimatum'],True,True,True,False,True,33
114685507052179501,2025-06-14,21:32,"The U.S. had nothing to do with the attack on Iran, tonight. If we are attacked in any way, shape or form by Iran, the full strength and might of the U.S. Armed Forces will come down on you at levels never seen before. However, we can easily get a deal done between Iran and Israel, and end this bloody conflict!!!",https://truthsocial.com/@realDonaldTrump/posts/114685507052179501,2025-06-15 04:32:40.635000+00:00,4141,21:32,2025-06-14,0.0,True,ucsb,61,['iran'],"['attack', 'attacked']",True,True,True,False,True,34
114695407357588413,2025-06-16,15:30,"Iran should have signed the ""deal"" I told them to sign. What a shame, and waste of human life. Simply stated, IRAN CAN NOT HAVE A NUCLEAR WEAPON. I said it over and over again! Everyone should immediately evacuate Tehran!",https://truthsocial.com/@realDonaldTrump/posts/114695407357588413,2025-06-16 22:30:27.306000+00:00,62397,15:30,2025-06-16,0.0,True,ucsb,40,"['iran', 'tehran']",['nuclear'],True,True,True,True,True,35
114695595047194931,2025-06-16,16:18,"Somebody please explain to kooky Tucker Carlson that,"" IRAN CAN NOT HAVE A NUCLEAR WEAPON!""",https://truthsocial.com/@realDonaldTrump/posts/114695595047194931,2025-06-16 23:18:11.223000+00:00,4403,16:18,2025-06-16,0.0,True,ucsb,15,['iran'],['nuclear'],True,True,True,True,True,36
114695621681197460,2025-06-16,16:24,"AMERICA FIRST means many GREAT things, including the fact that, IRAN CAN NOT HAVE A NUCLEAR WEAPON. MAKE AMERICA GREAT AGAIN!!!",https://truthsocial.com/@realDonaldTrump/posts/114695621681197460,2025-06-16 23:24:57.625000+00:00,45460,16:24,2025-06-16,0.0,True,ucsb,21,['iran'],['nuclear'],True,True,True,True,False,36
114724035571020048,2025-06-21,16:50,"We have completed our very successful attack on the three Nuclear sites in Iran, including Fordow, Natanz, and Esfahan. All planes are now outside of Iran air space. A full payload of BOMBS was dropped on the primary site, Fordow. All planes are safely on their way home. Congratulations to our great American Warriors. There is not another military in the World that could have done this. NOW IS THE TIME FOR PEACE! Thank you for your attention to this matter.",https://truthsocial.com/@realDonaldTrump/posts/114724035571020048,2025-06-21 23:50:59.176000+00:00,61712,16:50,2025-06-21,0.0,True,ucsb,81,['iran'],"['attack', 'military', 'nuclear']",True,True,True,True,True,37
114724124909451419,2025-06-21,17:13,"I will be giving an Address to the Nation at 10:00 P.M., at the White House, regarding our very successful military operation in Iran. This is an HISTORIC MOMENT FOR THE UNITED STATES OF AMERICA, ISRAEL, AND THE WORLD. IRAN MUST NOW AGREE TO END THIS WAR. THANK YOU!",https://truthsocial.com/@realDonaldTrump/posts/114724124909451419,2025-06-22 00:13:42.373000+00:00,14491,17:13,2025-06-21,0.0,True,ucsb,49,['iran'],['military'],True,True,True,True,False,37
114728311939211877,2025-06-22,10:58,"Congressman Thomas Massie of Kentucky is not MAGA, even though he likes to say he is. Actually, MAGA doesn't want him, doesn't know him, and doesn't respect him. He is a negative force who almost always Votes ""NO,"" no matter how good something may be. He's a simple minded ""grandstander"" who thinks it's good politics for Iran to have the highest level Nuclear weapon, while at the same time yelling ""DEATH TO AMERICA"" at every chance they get. Iran has killed and maimed thousands of Americans, and even took over the American Embassy in Tehran under the Carter Administration. We had a spectacular military success yesterday, taking the ""bomb"" right out of their hands (and they would use it if they could!) but, as usual, and despite all of the praise and accolades received, this ""lightweight"" Congressman is against what was so brilliantly achieved last night in Iran. Massie is weak, ineffective, and votes ""NO"" on virtually everything put before him (Rand Paul, Jr.), no matter how good something may be. He is disrespectful to our great military, and all that they stand for, not even acknowledging their brilliance and bravery in yesterday's attack, which was a total and complete WIN. Massie should drop his fake act and start putting America First, but he doesn't know how to get there — he doesn't have a clue! He'll undoubtedly vote against the Great, Big, Beautiful Bill, even though non-passage means a 68% Tax Increase for everybody, and many things far worse than that. MAGA should drop this pathetic LOSER, Tom Massie, like the plague! The good news is that we will have a wonderful American Patriot running against him in the Republican Primary, and I'll be out in Kentucky campaigning really hard. MAGA is not about lazy, grandstanding, nonproductive politicians, of which Thomas Massie is definitely one. Thank you to our incredible military for the AMAZING job they did last night. It was really SPECIAL!!! MAKE AMERICA GREAT AGAIN.",https://truthsocial.com/@realDonaldTrump/posts/114728311939211877,2025-06-22 17:58:31.377000+00:00,8805,10:58,2025-06-22,0.0,True,ucsb,328,"['iran', 'tehran']","['attack', 'military', 'nuclear']",True,True,True,True,True,38
114728970221252806,2025-06-22,13:45,"The damage to the Nuclear sites in Iran is said to be ""monumental."" The hits were hard and accurate. Great skill was shown by our military. Thank you!",https://truthsocial.com/@realDonaldTrump/posts/114728970221252806,2025-06-22 20:45:55.963000+00:00,61638,13:45,2025-06-22,0.0,True,ucsb,28,['iran'],"['military', 'nuclear']",True,True,True,True,True,39
114729009239087163,2025-06-22,13:55,"It's not politically correct to use the term, ""Regime Change,"" but if the current Iranian Regime is unable to MAKE IRAN GREAT AGAIN, why wouldn't there be a Regime change??? MIGA!!!",https://truthsocial.com/@realDonaldTrump/posts/114729009239087163,2025-06-22 20:55:51.328000+00:00,55355,13:55,2025-06-22,0.0,True,ucsb,31,"['iran', 'iranian']",['regime change'],True,True,True,False,False,39
114730186433008075,2025-06-22,18:55,"Monumental Damage was done to all Nuclear sites in Iran, as shown by satellite images. Obliteration is an accurate term! The white structure shown is deeply imbedded into the rock, with even its roof well below ground level, and completely shielded from flame. The biggest damage took place far below ground level. Bullseye!!!",https://truthsocial.com/@realDonaldTrump/posts/114730186433008075,2025-06-23 01:55:13.882000+00:00,37323,18:55,2025-06-22,0.0,True,ucsb,53,['iran'],"['nuclear', 'obliteration']",True,True,True,False,True,40
114732962923492888,2025-06-23,06:41,"GET THIS ""BUM"" OUT OF OFFICE, ASAP!!! ·June 22 Congressman Thomas Massie of Kentucky is not MAGA, even though he likes to say he is. Actually, MAGA doesn't want him, doesn't know him, and doesn't respect him. He is a negative force who almost always Votes ""NO,"" no matter how good something may be. He's a simple minded ""grandstander"" who thinks it's good politics for Iran to have the highest level Nuclear weapon, while at the same time yelling ""DEATH TO AMERICA"" at every chance they get. Iran has killed and maimed thousands of Americans, and even took over the American Embassy in Tehran under the Carter Administration. We had a spectacular military success yesterday, taking the ""bomb"" right out of their hands (and they would use it if they could!) but, as usual, and despite all of the praise and accolades received, this ""lightweight"" Congressman is against what was so brilliantly achieved last night in Iran. Massie is weak, ineffective, and votes ""NO"" on virtually everything put before him (Rand Paul, Jr.), no matter how good something may be. He is disrespectful to our great military, and all that they stand for, not even acknowledging their brilliance and bravery in yesterday's attack, which was a total and complete WIN. Massie should drop his fake act and start putting America First, but he doesn't know how to get there — he doesn't have a clue! He'll undoubtedly vote against the Great, Big, Beautiful Bill, even though non-passage means a 68% Tax Increase for everybody, and many things far worse than that. MAGA should drop this pathetic LOSER, Tom Massie, like the plague! The good news is that we will have a wonderful American Patriot running against him in the Republican Primary, and I'll be out in Kentucky campaigning really hard. MAGA is not about lazy, grandstanding, nonproductive politicians, of which Thomas Massie is definitely one. Thank you to our incredible military for the AMAZING job they did last night. It was really SPECIAL!!! MAKE AMERICA GREAT AGAIN.",https://truthsocial.com/@realDonaldTrump/posts/114732962923492888,2025-06-23 13:41:19.765000+00:00,13848,06:41,2025-06-23,0.0,True,ucsb,337,"['iran', 'tehran']","['attack', 'military', 'nuclear']",True,True,True,True,True,41
114733380709403439,2025-06-23,08:27,"Did I hear Former President Medvedev, from Russia, casually throwing around the ""N word"" (Nuclear!), and saying that he and other Countries would supply Nuclear Warheads to Iran? Did he really say that or, is it just a figment of my imagination? If he did say that, and, if confirmed, please let me know, IMMEDIATELY. The ""N word"" should not be treated so casually. I guess that's why Putin's ""THE BOSS."" By the way, if anyone thinks our ""hardware"" was great over the weekend, far and away the strongest and best equipment we have, 20 years advanced over the pack, is our Nuclear Submarines. They are the most powerful and lethal weapons ever built, and just launched the 30 Tomahawks — All 30 hit their mark perfectly. So, in addition to our Great Fighter Pilots, thank you to the Captain and Crew!",https://truthsocial.com/@realDonaldTrump/posts/114733380709403439,2025-06-23 15:27:34.672000+00:00,19247,08:27,2025-06-23,0.0,True,ucsb,142,"['iran', 'putin', 'russia']",['nuclear'],True,True,True,True,True,42
114734021412822365,2025-06-23,11:10,"The sites that we hit in Iran were totally destroyed, and everyone knows it. Only the Fake News would say anything different in order to try and demean, as much as possible — And even they say they were ""pretty well destroyed!"" Working especially hard on this falsehood is Allison Cooper of Fake News CNN, Dumb Brian L. Roberts, Chairman of ""Con""cast, Jonny Karl of ABC Fake News, and always, the Losers of, again, Concast's NBC Fake News. It never ends with the sleazebags in the Media, and that's why their Ratings are at an ALL TIME LOW — ZERO CREDIBILITY!",https://truthsocial.com/@realDonaldTrump/posts/114734021412822365,2025-06-23 18:10:31.030000+00:00,40285,11:10,2025-06-23,0.0,True,ucsb,101,['iran'],['destroyed'],True,True,True,False,True,43
114734424268466099,2025-06-23,12:52,"Iran has officially responded to our Obliteration of their Nuclear Facilities with a very weak response, which we expected, and have very effectively countered. There have been 14 missiles fired — 13 were knocked down, and 1 was ""set free,"" because it was headed in a nonthreatening direction. I am pleased to report that NO Americans were harmed, and hardly any damage was done. Most importantly, they've gotten it all out of their ""system,"" and there will, hopefully, be no further HATE. I want to thank Iran for giving us early notice, which made it possible for no lives to be lost, and nobody to be injured. Perhaps Iran can now proceed to Peace and Harmony in the Region, and I will enthusiastically encourage Israel to do the same. Thank you for your attention to this matter!DONALD J. TRUMP, PRESIDENT OF THE UNITED STATES OF AMERICA",https://truthsocial.com/@realDonaldTrump/posts/114734424268466099,2025-06-23 19:52:58.119000+00:00,59315,12:52,2025-06-23,0.0,True,ucsb,146,['iran'],"['nuclear', 'obliteration']",True,True,True,False,True,44
114734934153569653,2025-06-23,15:02,"CONGRATULATIONS TO EVERYONE! It has been fully agreed by and between Israel and Iran that there will be a Complete and Total CEASEFIRE (in approximately 6 hours from now, when Israel and Iran have wound down and completed their in progress, final missions!), for 12 hours, at which point the War will be considered, ENDED! Officially, Iran will start the CEASEFIRE and, upon the 12th Hour, Israel will start the CEASEFIRE and, upon the 24th Hour, an Official END to THE 12 DAY WAR will be saluted by the World. During each CEASEFIRE, the other side will remain PEACEFUL and RESPECTFUL. On the assumption that everything works as it should, which it will, I would like to congratulate both Countries, Israel and Iran, on having the Stamina, Courage, and Intelligence to end, what should be called, ""THE 12 DAY WAR."" This is a War that could have gone on for years, and destroyed the entire Middle East, but it didn't, and never will! God bless Israel, God bless Iran, God bless the Middle East, God bless the United States of America, and GOD BLESS THE WORLD! DONALD J. TRUMP, PRESIDENT OF THE UNITED STATES OF AMERICA",https://truthsocial.com/@realDonaldTrump/posts/114734934153569653,2025-06-23 22:02:38.349000+00:00,9589,15:02,2025-06-23,0.0,True,ucsb,196,['iran'],['destroyed'],True,True,True,False,True,45
114738104789842114,2025-06-24,04:28,"ISRAEL is not going to attack Iran. All planes will turn around and head home, while doing a friendly ""Plane Wave"" to Iran. Nobody will be hurt, the Ceasefire is in effect! Thank you for your attention to this matter! DONALD J. TRUMP, PRESIDENT OF THE UNITED STATES",https://truthsocial.com/@realDonaldTrump/posts/114738104789842114,2025-06-24 11:28:58.419000+00:00,14530,04:28,2025-06-24,0.0,True,ucsb,48,['iran'],['attack'],True,True,True,True,True,46
114738128058193093,2025-06-24,04:34,IRAN WILL NEVER REBUILD THEIR NUCLEAR FACILITIES!,https://truthsocial.com/@realDonaldTrump/posts/114738128058193093,2025-06-24 11:34:53.466000+00:00,5317,04:34,2025-06-24,0.0,True,ucsb,7,['iran'],['nuclear'],True,True,True,True,False,46
114739003459183372,2025-06-24,08:17,"Both Israel and Iran wanted to stop the War, equally! It was my great honor to Destroy All Nuclear facilities & capability, and then, STOP THE WAR!",https://truthsocial.com/@realDonaldTrump/posts/114739003459183372,2025-06-24 15:17:31.025000+00:00,8972,08:17,2025-06-24,0.0,True,ucsb,27,['iran'],"['destroy', 'nuclear']",True,True,True,False,True,47
114741478150368433,2025-06-24,18:46,"FAKE NEWS CNN, TOGETHER WITH THE FAILING NEW YORK TIMES, HAVE TEAMED UP IN AN ATTEMPT TO DEMEAN ONE OF THE MOST SUCCESSFUL MILITARY STRIKES IN HISTORY. THE NUCLEAR SITES IN IRAN ARE COMPLETELY DESTROYED! BOTH THE TIMES AND CNN ARE GETTING SLAMMED BY THE PUBLIC!",https://truthsocial.com/@realDonaldTrump/posts/114741478150368433,2025-06-25 01:46:51.815000+00:00,60593,18:46,2025-06-24,0.0,True,ucsb,46,['iran'],"['destroyed', 'military', 'nuclear', 'strikes']",True,True,True,False,True,48
114744008368646986,2025-06-25,05:30,This was an unbelievable hit in Iran by genius pilots and genius people in the military…,https://truthsocial.com/@realDonaldTrump/posts/114744008368646986,2025-06-25 12:30:19.882000+00:00,60234,05:30,2025-06-25,0.0,True,ucsb,16,['iran'],['military'],True,True,True,True,True,49
114744029649091554,2025-06-25,05:35,"Secretary Marco Rubio: ""There's no way Iran comes to the table if somehow nothing had happened—this was COMPLETE & TOTAL OBLITERATION, they're in bad shape…""",https://truthsocial.com/@realDonaldTrump/posts/114744029649091554,2025-06-25 12:35:44.596000+00:00,48098,05:35,2025-06-25,0.0,True,ucsb,25,['iran'],['obliteration'],True,True,True,False,False,49
114744772916804667,2025-06-25,08:44,"Last weekend, the United States successfully carried out a massive precision strike on Iran's nuclear enrichment facilities, and it was very, very successful—It was called OBLITERATION. This incredible exercise of American strength has paved the way for peace, with a historic ceasefire agreement…",https://truthsocial.com/@realDonaldTrump/posts/114744772916804667,2025-06-25 15:44:45.961000+00:00,64571,08:44,2025-06-25,0.0,True,ucsb,43,['iran'],"['enrichment', 'nuclear', 'obliteration', 'strike']",True,True,True,False,True,50
114746355912265245,2025-06-25,15:27,"BREAKING NEWS…I was shocked to hear that the State of Israel, which has just had one of its Greatest Moments in History, and is strongly led by Bibi Netanyahu, is continuing its ridiculous Witch Hunt against their Great War Time Prime Minister! Bibi and I just went through HELL together, fighting a very tough and brilliant longtime enemy of Israel, Iran, and Bibi could not have been better, sharper, or stronger in his LOVE for the incredible Holy Land. Anybody else would have suffered losses, embarrassment, and chaos! Bibi Netanyahu was a WARRIOR, like perhaps no other Warrior in the History of Israel, and the result was something that nobody thought was possible, a complete elimination of potentially one of the biggest and most powerful Nuclear Weapons anywhere in the World, and it was going to happen, SOON! We were fighting, literally, for the Survival of Israel, and there is nobody in Israel's History that fought harder or more competently than Bibi Netanyahu. Despite all of this, I just learned that Bibi has been summoned to Court on Monday for the continuation of this long running, (He has been going through this ""Horror Show"" since May of 2020 – Unheard of! This is the first time a sitting Israeli Prime Minister has ever been on trial.), politically motivated case, ""concerning cigars, a Bugs Bunny doll, and numerous other unfair charges"" in order to do him great harm. Such a WITCH HUNT, for a man who has given so much, is unthinkable to me. He deserves much better than this, and so does the State of Israel. Bibi Netanyahu's trial should be CANCELLED, IMMEDIATELY, or a Pardon given to a Great Hero, who has done so much for the State. Perhaps there is no one that I know who could have worked in better harmony with the President of the United States, ME, than Bibi Netanyahu. It was the United States of America that saved Israel, and now it is going to be the United States of America that saves Bibi Netanyahu. THIS TRAVESTY OF ""JUSTICE"" CAN NOT BE ALLOWED!",https://truthsocial.com/@realDonaldTrump/posts/114746355912265245,2025-06-25 22:27:20.555000+00:00,52765,15:27,2025-06-25,0.0,True,ucsb,349,['iran'],['nuclear'],True,True,True,True,True,51
114749580476669594,2025-06-26,05:07,Rumor is that the Failing New York Times and Fake News CNN will be firing the reporters who made up the FAKE stories on the Iran Nuclear sites because they got it so wrong. Lets see what happens?,https://truthsocial.com/@realDonaldTrump/posts/114749580476669594,2025-06-26 12:07:23.503000+00:00,56986,05:07,2025-06-26,0.0,True,ucsb,38,['iran'],['nuclear'],True,True,True,True,True,52
114751173173020083,2025-06-26,11:16,"thestreet.com/economy/fannie-m June 26, 2025 11:52 The Democrats are the ones who leaked the information on the PERFECT FLIGHT to the Nuclear Sites in Iran. They should be prosecuted!",https://truthsocial.com/@realDonaldTrump/posts/114751173173020083,2025-06-26 18:52:26.121000+00:00,34227,11:52,2025-06-26,36.0,False,ucsb,28,['iran'],['nuclear'],True,True,True,True,True,53
114756430889057942,2025-06-27,10:09,"Why would the so-called ""Supreme Leader,"" Ayatollah Ali Khamenei, of the war torn Country of Iran, say so blatantly and foolishly that he won the War with Israel, when he knows his statement is a lie, it is not so. As a man of great faith, he is not supposed to lie. His Country was decimated, his three evil Nuclear Sites were OBLITERATED, and I knew EXACTLY where he was sheltered, and would not let Israel, or the U.S. Armed Forces, by far the Greatest and Most Powerful in the World, terminate his life. I SAVED HIM FROM A VERY UGLY AND IGNOMINIOUS DEATH, and he does not have to say, ""THANK YOU, PRESIDENT TRUMP!"" In fact, in the final act of the War, I demanded that Israel bring back a very large group of planes, which were heading directly to Tehran, looking for a big day, perhaps the final knockout! Tremendous damage would have ensued, and many Iranians would have been killed. It was going to be the biggest attack of the War, by far. During the last few days, I was working on the possible removal of sanctions, and other things, which would have given a much better chance to Iran at a full, fast, and complete recovery - The sanctions are BITING! But no, instead I get hit with a statement of anger, hatred, and disgust, and immediately dropped all work on sanction relief, and more. Iran has to get back into the World Order flow, or things will only get worse for them. They are always so angry, hostile, and unhappy, and look at what it has gotten them - A burned out, blown up Country, with no future, a decimated Military, a horrible Economy, and DEATH all around them. They have no hope, and it will only get worse! I wish the leadership of Iran would realize that you often get more with HONEY than you do with VINEGAR. PEACE!!!",https://truthsocial.com/@realDonaldTrump/posts/114756430889057942,2025-06-27 17:09:32.501000+00:00,32406,10:09,2025-06-27,0.0,True,ucsb,325,"['iran', 'iranians', 'khamenei', 'tehran']","['attack', 'military', 'nuclear', 'obliterated', 'sanction', 'sanctions']",True,True,True,False,True,54
114758683463390427,2025-06-27,19:42,"Who in the Fake News Media is the SleazeBag saying that ""President Trump wants to give Iran $30 Billion to build non-military Nuclear facilities."" Never heard of this ridiculous idea. It's just another HOAX put out by the Fake News in order to demean. These people are SICK!!!",https://truthsocial.com/@realDonaldTrump/posts/114758683463390427,2025-06-28 02:42:24.058000+00:00,5339,19:42,2025-06-27,0.0,True,ucsb,48,['iran'],"['military', 'nuclear']",True,True,True,True,True,55
114758842654141786,,,"RT would the so-called “Supreme Leader,” Ayatollah Ali Khamenei, of the war torn Country of Iran, say so blatantly and foolishly that he won the War with Israel, when he knows his statement is a lie, it is not so. As a man of great faith, he is not supposed to lie. His Country was decimated, his three evil Nuclear Sites were OBLITERATED, and I knew EXACTLY where he was sheltered, and would not let Israel, or the U.S. Armed Forces, by far the Greatest and Most Powerful in the World, terminate his life. I SAVED HIM FROM A VERY UGLY AND IGNOMINIOUS DEATH, and he does not have to say, “THANK YOU, PRESIDENT TRUMP!” In fact, in the final act of the War, I demanded that Israel bring back a very large group of planes, which were heading directly to Tehran, looking for a big day, perhaps the final knockout! Tremendous damage would have ensued, and many Iranians would have been killed. It was going to be the biggest attack of the War, by far. During the last few days, I was working on the possible removal of sanctions, and other things, which would have given a much better chance to Iran at a full, fast, and complete recovery - The sanctions are BITING! But no, instead I get hit with a statement of anger, hatred, and disgust, and immediately dropped all work on sanction relief, and more. Iran has to get back into the World Order flow, or things will only get worse for them. They are always so angry, hostile, and unhappy, and look at what it has gotten them - A burned out, blown up Country, with no future, a decimated Military, a horrible Economy, and DEATH all around them. They have no hope, and it will only get worse! I wish the leadership of Iran would realize that you often get more with HONEY than you do with VINEGAR. PEACE!!!",https://truthsocial.com/@realDonaldTrump/posts/114758842654141786,2025-06-28 03:22:53.116000+00:00,11610,,,1.6666666666666667e-05,True,cnn,325,"['iran', 'iranians', 'khamenei', 'tehran']","['attack', 'military', 'nuclear', 'obliterated', 'sanction', 'sanctions']",True,True,True,False,True,56
114760673221371284,2025-06-28,04:08,"Charlie Kirk ( ) JUST IN — President Trump says he will no longer be removing sanctions from Iran after the Ayatollah claimed he won the war. ""As a man of great faith, he's not supposed to lie ... They are always so ... [Quotes DJT Trump of 6/27/2025, 10:56am]",https://truthsocial.com/@realDonaldTrump/posts/114760673221371284,2025-06-28 11:08:25.355000+00:00,26004,04:08,2025-06-28,0.0,True,ucsb,50,['iran'],['sanctions'],True,True,True,False,True,57
114763460580044614,2025-06-28,15:57,"It is terrible what they are doing in Israel to Bibi Netanyahu. He is a War Hero, and a Prime Minister who did a fabulous job working with the United States to bring Great Success in getting rid of the dangerous Nuclear threat in Iran. Importantly, he is right now in the process of negotiating a Deal with Hamas, which will include getting the Hostages back. How is it possible that the Prime Minister of Israel can be forced to sit in a Courtroom all day long, over NOTHING (Cigars, Bugs Bunny Doll, etc.). It is a POLITICAL WITCH HUNT, very similar to the Witch Hunt that I was forced to endure. This travesty of ""Justice"" will interfere with both Iran and Hamas negotiations. In other words, it is INSANITY doing what the out-of-control prosecutors are doing to Bibi Netanyahu. The United States of America spends Billions of Dollar a year, far more than on any other Nation, protecting and supporting Israel. We are not going to stand for this. We just had a Great Victory with Prime Minister Bibi Netanyahu at the helm — And this greatly tarnishes our Victory. LET BIBI GO, HE'S GOT A BIG JOB TO DO!",https://truthsocial.com/@realDonaldTrump/posts/114763460580044614,2025-06-28 22:57:17.073000+00:00,28486,15:57,2025-06-28,0.0,True,ucsb,201,['iran'],['nuclear'],True,True,True,True,True,58
114764221948518343,2025-06-28,19:10,"Republicans must remember that they are fighting against a very evil, corrupt and, in many ways, incompetent (Policywise!) group of people, who would rather see our Country ""go down in flames"" than do the right thing and, MAKE AMERICA GREAT AGAIN! The Democrats would LOVE to see the Biggest Tax Hike in History (68%!), No Border Spending (Open Borders!), and a weak, underfunded Military, so we wouldn't be able to do things like we did just one week ago in Iran. We gave the Dems a Debt Extension because it was the right thing to do, but they won't do it for us. The one thing they do have is an ability to stick together, and vote as one group (They don't have GRANDSTANDERS!). They also have House and Senate Rules that give Great Power to their Leaders - Committee Chairmanships, etc. Republicans don't have that, have never been able to get it, BUT THEY SHOULD! What we do have is wonderful people and phenomenal Policy, and that should win Elections every single time!",https://truthsocial.com/@realDonaldTrump/posts/114764221948518343,2025-06-29 02:10:54.634000+00:00,24519,19:10,2025-06-28,0.0,True,ucsb,174,['iran'],['military'],True,True,True,True,True,59
114767794156725396,2025-06-29,10:19,"Regarding Iran's Fordow nuclear facility—They didn't move anything...they didn't think it was going to be actually doable, what we did… Video:",https://truthsocial.com/@realDonaldTrump/posts/114767794156725396,2025-06-29 17:19:22.205000+00:00,58516,10:19,2025-06-29,0.0,True,ucsb,21,['iran'],['nuclear'],True,True,True,True,True,60
114767860718911509,2025-06-29,10:36,"It was my Great Honor to pardon Michael Flynn, a FEARLESS Patriot and Decorated General, who was savagely attacked by the Biden/Obama Deep State, which has now been completely exposed for the FRAUD it is. These Radical Left Lunatics unleashed a relentless storm of lies, FAKE charges, and dirty FBI ""tricks"" during the Russia, Russia, Russia Hoax to try and crush Mike's Spirit — But this Great American Hero was INNOCENT. Now Mike has written a fantastic new Book, ""PARDON OF INNOCENCE: An Inspiring Story of Faith and Freedom,"" which will greatly encourage Citizens across our Nation to NEVER GIVE UP. Get your copy today! a.co/d/cfvgv7N",https://truthsocial.com/@realDonaldTrump/posts/114767860718911509,2025-06-29 17:36:17.864000+00:00,16405,10:36,2025-06-29,0.0,True,ucsb,106,['russia'],['attacked'],True,True,True,False,False,60
114770956840780267,2025-06-29,23:43,"Tell phony Democrat Senator Chris Coons that I am not offering Iran ANYTHING, unlike Obama, who paid them $Billions under the stupid ""road to a Nuclear Weapon JCPOA (which would now be expired!), nor am I even talking to them since we totally OBLITERATED their Nuclear Facilities.",https://truthsocial.com/@realDonaldTrump/posts/114770956840780267,2025-06-30 06:43:40.934000+00:00,49643,23:43,2025-06-29,0.0,True,ucsb,47,['iran'],"['jcpoa', 'nuclear', 'obliterated']",True,True,True,False,True,61
114842356238631061,2025-07-12,14:21,"What's going on with my ""boys"" and, in some cases, ""gals?"" They're all going after Attorney General Pam Bondi, who is doing a FANTASTIC JOB! We're on one Team, MAGA, and I don't like what's happening. We have a PERFECT Administration, THE TALK OF THE WORLD, and ""selfish people"" are trying to hurt it, all over a guy who never dies, Jeffrey Epstein. For years, it's Epstein, over and over again. Why are we giving publicity to Files written by Obama, Crooked Hillary, Comey, Brennan, and the Losers and Criminals of the Biden Administration, who conned the World with the Russia, Russia, Russia Hoax, 51 ""Intelligence"" Agents, ""THE LAPTOP FROM HELL,"" and more? They created the Epstein Files, just like they created the FAKE Hillary Clinton/Christopher Steele Dossier that they used on me, and now my so-called ""friends"" are playing right into their hands. Why didn't these Radical Left Lunatics release the Epstein Files? If there was ANYTHING in there that could have hurt the MAGA Movement, why didn't they use it? They haven't even given up on the John F. Kennedy or Martin Luther King, Jr. Files. No matter how much success we have had, securing the Border, deporting Criminals, fixing the Economy, Energy Dominance, a Safer World where Iran will not have Nuclear Weapons, it's never enough for some people. We are about to achieve more in 6 months than any other Administration has achieved in over 100 years, and we have so much more to do. We are saving our Country and, MAKING AMERICA GREAT AGAIN, which will continue to be our complete PRIORITY. The Left is imploding! Kash Patel, and the FBI, must be focused on investigating Voter Fraud, Political Corruption, ActBlue, The Rigged and Stolen Election of 2020, and arresting Thugs and Criminals, instead of spending month after month looking at nothing but the same old, Radical Left inspired Documents on Jeffrey Epstein. LET PAM BONDI DO HER JOB — SHE'S GREAT! The 2020 Election was Rigged and Stolen, and they tried to do the same thing in 2024 — That's what she is looking into as AG, and much more. One year ago our Country was DEAD, now it's the ""HOTTEST"" Country anywhere in the World. Let's keep it that way, and not waste Time and Energy on Jeffrey Epstein, somebody that nobody cares about. Thank you for your attention to this matter!",https://truthsocial.com/@realDonaldTrump/posts/114842356238631061,2025-07-12 21:21:29.285000+00:00,49301,14:21,2025-07-12,0.0,True,ucsb,399,"['iran', 'russia']",['nuclear'],True,True,True,True,True,62
114880031264786538,2025-07-19,06:02,"All three nuclear sites in Iran were completely destroyed and/or OBLITERATED. It would take years to bring them back into service and, if Iran wanted to do so, they would be much better off starting anew, in three different locations, prior to those sites being obliterated, should they decide to do so. Thank you for your attention to this matter!",https://truthsocial.com/@realDonaldTrump/posts/114880031264786538,2025-07-19 13:02:44.562000+00:00,51306,06:02,2025-07-19,0.0,True,ucsb,60,['iran'],"['destroyed', 'nuclear', 'obliterated']",True,True,True,False,True,63
114893947519507520,2025-07-21,17:01,"Iran's Foreign Minister, Abbas Araghchi, on the Iran Nuclear Sites: ""Damages are very severe, they are destroyed."" Of course they are, just like I said, and we will do it again, if necessary! As interviewed by Bret Baier. Fake News CNN should immediately fire their phony ""reporter"" and apologize to me and the great pilots who ""OBLITERATED"" Iran's nuclear sites. CNN is a major ratings loser, as is MSDNC!",https://truthsocial.com/@realDonaldTrump/posts/114893947519507520,2025-07-22 00:01:49.758000+00:00,7232,17:01,2025-07-21,0.0,True,ucsb,69,['iran'],"['destroyed', 'nuclear', 'obliterated']",True,True,True,False,True,64
114942106248731470,2025-07-30,05:09,"Remember, while India is our friend, we have, over the years, done relatively little business with them because their Tariffs are far too high, among the highest in the World, and they have the most strenuous and obnoxious non-monetary Trade Barriers of any Country. Also, they have always bought a vast majority of their military equipment from Russia, and are Russia’s largest buyer of ENERGY, along with China, at a time when everyone wants Russia to STOP THE KILLING IN UKRAINE — ALL THINGS NOT GOOD! INDIA WILL THEREFORE BE PAYING A TARIFF OF 25%, PLUS A PENALTY FOR THE ABOVE, STARTING ON AUGUST FIRST. THANK YOU FOR YOUR ATTENTION TO THIS MATTER. MAGA!",https://truthsocial.com/@realDonaldTrump/posts/114942106248731470,2025-07-30 12:09:13.648000+00:00,56142,05:09,2025-07-30,0.0,True,ucsb,114,"['russia', 'ukraine']","['military', 'tariff']",True,True,True,False,True,65
114943927434273211,2025-07-30,12:52,"We are very busy in the White House today working on Trade Deals. I have spoken to the Leaders of many Countries, all of whom want to make the United States ""extremely happy."" I will be meeting with the South Korean Trade Delegation this afternoon. South Korea is right now at a 25% Tariff, but they have an offer to buy down those Tariffs. I will be interested in hearing what that offer is. We have just concluded a Deal with the Country of Pakistan, whereby Pakistan and the United States will work together on developing their massive Oil Reserves. We are in the process of choosing the Oil Company that will lead this Partnership. Who knows, maybe they'll be selling Oil to India some day! Likewise, other Countries are making offers for a Tariff reduction. All of this will help reduce our Trade Deficit in a very major way. A full report will be released at the appropriate time. Thank you for your attention to this matter. MAKE AMERICA GREAT AGAIN!",https://truthsocial.com/@realDonaldTrump/posts/114943927434273211,2025-07-30 19:52:22.734000+00:00,57787,12:52,2025-07-30,0.0,True,ucsb,172,['oil'],['tariff'],True,True,True,False,True,66
114954549017557270,2025-08-01,09:53,"Based on the highly provocative statements of the Former President of Russia, Dmitry Medvedev, who is now the Deputy Chairman of the Security Council of the Russian Federation, I have ordered two Nuclear Submarines to be positioned in the appropriate regions, just in case these foolish and inflammatory statements are more than just that. Words are very important, and can often lead to unintended consequences, I hope this will not be one of those instances. Thank you for your attention to this matter!",https://truthsocial.com/@realDonaldTrump/posts/114954549017557270,2025-08-01 16:53:35.233000+00:00,47382,09:53,2025-08-01,0.0,True,ucsb,83,"['russia', 'russian']",['nuclear'],True,True,True,True,True,67
114963263700328714,2025-08-02,22:49,"The very wonderful and talented Lara Trump, whose show is a big ratings success, put racist sleazebag Charlamagne ""The God"" (Why is he allowed to use the word ""GOD"" when describing himself? Can anyone imagine the uproar there would be if I used that nickname?). He's a Low IQ individual, has no idea what words are coming out of his mouth, and knows nothing about me or what I have done - like just ending 5 Wars, including a 31 year bloodbath between Republic of the Congo and Rwanda, where Seven Million people have died, and there was no end in sight. He didn't know that, or India and Pakistan or, wiping out Iran's nuclear capabilities, or closing the horrendous open Border, or creating the greatest economy, where prices and Inflation have come way down, and where STUPID and CORRUPT JOE BIDEN set the record for doing the Worst Job as President, EVER. But this dope, Charlamagne, would vote for Sleepy Joe or Kamala? Remember, one year ago our Country was DEAD, now it's the ""HOTTEST"" Country anywhere in the World. MAGA!!!",https://truthsocial.com/@realDonaldTrump/posts/114963263700328714,2025-08-03 05:49:50.739000+00:00,57610,22:49,2025-08-02,0.0,True,ucsb,182,['iran'],['nuclear'],True,True,True,True,True,68
114971053091282290,2025-08-04,07:50,"India is not only buying massive amounts of Russian Oil, they are then, for much of the Oil purchased, selling it on the Open Market for big profits. They don't care how many people in Ukraine are being killed by the Russian War Machine. Because of this, I will be substantially raising the Tariff paid by India to the USA. Thank you for your attention to this matter!!! President DJT",https://truthsocial.com/@realDonaldTrump/posts/114971053091282290,2025-08-04 14:50:47.413000+00:00,23922,07:50,2025-08-04,0.0,True,ucsb,70,"['oil', 'russian', 'ukraine']",['tariff'],True,True,True,False,True,69
114987257158661963,2025-08-07,04:31,"Now that the nuclear arsenal being ""created"" by Iran has been totally OBLITERATED, it is very important to me that all Middle Eastern Countries join the Abraham Accords. This will insure PEACE IN THE MIDDLE EAST. Thank you for your attention to this matter!",https://truthsocial.com/@realDonaldTrump/posts/114987257158661963,2025-08-07 11:31:41.859000+00:00,30539,04:31,2025-08-07,0.0,True,ucsb,44,['iran'],"['nuclear', 'obliterated']",True,True,True,False,True,70
115047250010052256,,,"RT Trump Has Achieved Peace Between:–India & Pakistan–Israel & Iran (Ceasefire)–Serbia & Kosovo (Trump's intervention deterred escalation)–Congo & Rwanda–Thailand & Cambodia (Border-Clashes Ceasefire)–Armenia & Azerbaijan–Saudi Arabia, Syria, Lebanon (Abraham Accords)And now the fake news media shamelessly attack Trump because he hasn't YET finished bringing peace between Ukraine and Russia! 🤡",https://truthsocial.com/@realDonaldTrump/posts/115047250010052256,2025-08-18 01:48:40.124000+00:00,5792,,,8.333333333333333e-05,True,cnn,50,"['iran', 'russia', 'saudi', 'ukraine']",['attack'],True,True,True,True,True,71
115049902258471066,2025-08-18,06:03,"We will only see the return of the remaining hostages when Hamas is confronted and destroyed!!! The sooner this takes place, the better the chances of success will be. Remember, I was the one who negotiated and got hundreds of hostages freed and released into Israel (and America!). I was the one who ended 6 wars, in just 6 months. I was the one who OBLITERATED Iran's Nuclear facilities. Play to WIN, or don't play at all! Thank you for your attention to this matter! President DJT",https://truthsocial.com/@realDonaldTrump/posts/115049902258471066,2025-08-18 13:03:10.223000+00:00,16538,06:03,2025-08-18,0.0,True,ucsb,87,['iran'],"['destroyed', 'nuclear', 'obliterated']",True,True,True,False,True,72
115050161923440039,2025-08-18,07:09,"I've settled 6 Wars in 6 months, one of them a possible Nuclear disaster, and yet I have to read & listen to the Wall Street Journal, and many other who truly don't have a clue, tell me everything that I am doing wrong on the Russia/Ukraine MESS, that is Sleepy Joe Biden's war, not mine. I'm only here to stop it, not to prosecute it any further. It would have NEVER happened if I was President. I know exactly what I'm doing, and I don't need the advice of people who have been working on all of these conflicts for years, and were never able to do a thing to stop them. They are ""STUPID"" people, with no common sense, intelligence, or understanding, and they only make the current R/U disaster more difficult to FIX. Despite all of my lightweight and very jealous critics, I'll get it done — I always do!!! President DJT",https://truthsocial.com/@realDonaldTrump/posts/115050161923440039,2025-08-18 14:09:12.396000+00:00,15783,07:09,2025-08-18,0.0,True,ucsb,155,"['russia', 'ukraine']","['mine', 'nuclear']",True,True,True,False,True,73
115129261076571259,2025-09-01,06:25,"What few people understand is that we do very little business with India, but they do a tremendous amount of business with us. In other words, they sell us massive amounts of goods, their biggest ""client,"" but we sell them very little - Until now a totally one sided relationship, and it has been for many decades. The reason is that India has charged us, until now, such high Tariffs, the most of any country, that our businesses are unable to sell into India. It has been a totally one sided disaster! Also, India buys most of its oil and military products from Russia, very little from the U.S. They have now offered to cut their Tariffs to nothing, but it's getting late. They should have done so years ago. Just some simple facts for people to ponder!!!",https://truthsocial.com/@realDonaldTrump/posts/115129261076571259,2025-09-01 13:25:09.688000+00:00,58491,06:25,2025-09-01,0.0,True,ucsb,138,"['oil', 'russia']",['military'],True,True,True,True,True,74
115136798909755892,2025-09-02,14:22,"Earlier this morning, on my Orders, U.S. Military Forces conducted a kinetic strike against positively identified Tren de Aragua Narcoterrorists in the SOUTHCOM area of responsibility. TDA is a designated Foreign Terrorist Organization, operating under the control of Nicolas Maduro, responsible for mass murder, drug trafficking, sex trafficking, and acts of violence and terror across the United States and Western Hemisphere. The strike occurred while the terrorists were at sea in International waters transporting illegal narcotics, heading to the United States. The strike resulted in 11 terrorists killed in action. No U.S. Forces were harmed in this strike. Please let this serve as notice to anybody even thinking about bringing drugs into the United States of America. BEWARE! Thank you for your attention to this matter!!!!!!!!!!! Video --",https://truthsocial.com/@realDonaldTrump/posts/115136798909755892,2025-09-02 21:22:07.895000+00:00,29172,14:22,2025-09-02,0.0,True,ucsb,128,['maduro'],"['military', 'strike']",True,True,True,True,True,75
115180631135047280,2025-09-10,08:09,What's with Russia violating Poland's airspace with drones? Here we go!,https://truthsocial.com/@realDonaldTrump/posts/115180631135047280,2025-09-10 15:09:14.575000+00:00,20080,08:09,2025-09-10,0.0,True,ucsb,11,['russia'],['drones'],True,True,True,False,True,76
115196697263809382,2025-09-13,04:15,"A LETTER SENT BY PRESIDENT DONALD J. TRUMP TO ALL NATO NATIONS AND, THE WORLD: ""I am ready to do major Sanctions on Russia when all NATO Nations have agreed, and started, to do the same thing, and when all NATO Nations STOP BUYING OIL FROM RUSSIA. As you know, NATO'S commitment to WIN has been far less than 100%, and the purchase of Russian Oil, by some, has been shocking! It greatly weakens your negotiating position, and bargaining power, over Russia. Anyway, I am ready to ""go"" when you are. Just say when? I believe that this, plus NATO, as a group, placing 50% to 100% TARIFFS ON CHINA, to be fully withdrawn after the WAR with Russia and Ukraine is ended, will also be of great help in ENDING this deadly, but RIDICULOUS, WAR. China has a strong control, and even grip, over Russia, and these powerful Tariffs will break that grip. This is not TRUMP'S WAR (it would never have started if I was President!), it is Biden's and Zelenskyy's WAR. I am only here to help stop it, and save thousands of Russian and Ukrainian lives (7,118 lives lost last week, alone. CRAZY!). If NATO does as I say, the WAR will end quickly, and all of those lives will be saved! If not, you are just wasting my time, and the time, energy, and money of the United States. Thank you for your attention to this matter! DONALD J. TRUMP, PRESIDENT OF THE UNITED STATES OF AMERICA.""",https://truthsocial.com/@realDonaldTrump/posts/115196697263809382,2025-09-13 11:15:04.245000+00:00,9062,04:15,2025-09-13,0.0,True,ucsb,252,"['oil', 'russia', 'russian', 'ukraine', 'ukrainian', 'zelenskyy']",['sanctions'],True,True,True,False,True,77
115210075167747572,2025-09-15,15:57,"This morning, on my Orders, U.S. Military Forces conducted a SECOND Kinetic Strike against positively identified, extraordinarily violent drug trafficking cartels and narcoterrorists in the SOUTHCOM area of responsibility. The Strike occurred while these confirmed narcoterrorists from Venezuela were in International Waters transporting illegal narcotics (A DEADLY WEAPON POISONING AMERICANS!) headed to the U.S. These extremely violent drug trafficking cartels POSE A THREAT to U.S. National Security, Foreign Policy, and vital U.S. Interests. The Strike resulted in 3 male terrorists killed in action. No U.S. Forces were harmed in this Strike. BE WARNED — IF YOU ARE TRANSPORTING DRUGS THAT CAN KILL AMERICANS, WE ARE HUNTING YOU! The illicit activities by these cartels have wrought DEVASTATING CONSEQUENCES ON AMERICAN COMMUNITIES FOR DECADES, killing millions of American Citizens. NO LONGER. Thank you for your attention to this matter!!!Video --",https://truthsocial.com/@realDonaldTrump/posts/115210075167747572,2025-09-15 19:57:14.859000+00:00,28148,12:57,2025-09-15,180.0,False,ucsb,138,['venezuela'],"['military', 'strike']",True,True,True,True,True,78
115255130298104593,2025-09-23,11:55,"After getting to know and fully understand the Ukraine/Russia Military and Economic situation and, after seeing the Economic trouble it is causing Russia, I think Ukraine, with the support of the European Union, is in a position to fight and WIN all of Ukraine back in its original form. With time, patience, and the financial support of Europe and, in particular, NATO, the original Borders from where this War started, is very much an option. Why not? Russia has been fighting aimlessly for three and a half years a War that should have taken a Real Military Power less than a week to win. This is not distinguishing Russia. In fact, it is very much making them look like ""a paper tiger."" When the people living in Moscow, and all of the Great Cities, Towns, and Districts all throughout Russia, find out what is really going on with this War, the fact that it's almost impossible for them to get Gasoline through the long lines that are being formed, and all of the other things that are taking place in their War Economy, where most of their money is being spent on fighting Ukraine, which has Great Spirit, and only getting better, Ukraine would be able to take back their Country in its original form and, who knows, maybe even go further than that! Putin and Russia are in BIG Economic trouble, and this is the time for Ukraine to act. In any event, I wish both Countries well. We will continue to supply weapons to NATO for NATO to do what they want with them. Good luck to all! DONALD J. TRUMP, PRESIDENT OF THE UNITED STATES OF AMERICA",https://truthsocial.com/@realDonaldTrump/posts/115255130298104593,2025-09-23 18:55:21.589000+00:00,47889,11:55,2025-09-23,0.0,True,ucsb,280,"['gasoline', 'moscow', 'putin', 'russia', 'ukraine']",['military'],True,True,True,True,True,79
115373751811822463,2025-10-14,10:42,"Under my Standing Authorities as Commander-in-Chief, this morning, the Secretary of War, ordered a lethal kinetic strike on a vessel affiliated with a Designated Terrorist Organization (DTO) conducting narcotrafficking in the USSOUTHCOM area of responsibility — just off the Coast of Venezuela. Intelligence confirmed the vessel was trafficking narcotics, was associated with illicit narcoterrorist networks, and was transiting along a known DTO route. The strike was conducted in International Waters, and six male narcoterrorists aboard the vessel were killed in the strike. No U.S. Forces were harmed. Thank you for your attention to this matter!!!!!! Video:",https://truthsocial.com/@realDonaldTrump/posts/115373751811822463,2025-10-14 17:42:22.245000+00:00,54143,10:42,2025-10-14,0.0,True,ucsb,96,['venezuela'],"['strike', 'vessel']",True,True,True,False,True,80
115419815673188246,2025-10-22,13:57,"""Treasury Sanctions Major Russian Oil Companies, Calls on Moscow to Immediately Agree to Ceasefire""",https://truthsocial.com/@realDonaldTrump/posts/115419815673188246,2025-10-22 20:57:00.989000+00:00,53142,13:57,2025-10-22,0.0,True,ucsb,14,"['moscow', 'oil', 'russian']",['sanctions'],True,True,True,False,True,81
115459538588191547,,,"South Korea has agreed to pay the USA 350 Billion Dollars for a lowering of the Tariff's charged against them by the United States. Additionally, they have agreed to buy our Oil and Gas in vast quantities, and investments into our Country by wealthy South Korean Companies and Businessmen will exceed 600 Billion Dollars. Our Military Alliance is stronger than ever before and, based on that, I have given them approval to build a Nuclear Powered Submarine, rather than the old fashioned, and far less nimble, diesel powered Submarines that they have now. A great trip, with a great Prime Minister!",https://truthsocial.com/@realDonaldTrump/posts/115459538588191547,2025-10-29 21:19:04.570000+00:00,52027,,,0.0,True,cnn,101,['oil'],"['military', 'nuclear', 'tariff']",True,True,True,False,True,82
115459650821125830,2025-10-29,14:47,"South Korea has agreed to pay the USA 350 Billion Dollars for a lowering of the Tariff's charged against them by the United States. Additionally, they have agreed to buy our Oil and Gas in vast quantities, and investments into our Country by wealthy South Korean Companies and Businessmen will exceed 600 Billion Dollars. Our Military Alliance is stronger than ever before and, based on that, I have given them approval to build a Nuclear Powered Submarine, rather than the old fashioned, and far less nimble, diesel powered Submarines that they have now. A great trip, with a great President of South Korea!",https://truthsocial.com/@realDonaldTrump/posts/115459650821125830,2025-10-29 21:47:37.109000+00:00,30406,14:47,2025-10-29,0.0,True,ucsb,103,['oil'],"['military', 'nuclear', 'tariff']",True,True,True,False,False,82
115460423936412555,2025-10-29,18:04,"The United States has more Nuclear Weapons than any other country. This was accomplished, including a complete update and renovation of existing weapons, during my First Term in office. Because of the tremendous destructive power, I HATED to do it, but had no choice! Russia is second, and China is a distant third, but will be even within 5 years. Because of other countries testing programs, I have instructed the Department of War to start testing our Nuclear Weapons on an equal basis. That process will begin immediately. Thank you for your attention to this matter! PRESIDENT DONALD J. TRUMP",https://truthsocial.com/@realDonaldTrump/posts/115460423936412555,2025-10-30 01:04:13.912000+00:00,35723,18:04,2025-10-29,0.0,True,ucsb,100,['russia'],['nuclear'],True,True,True,True,True,83
115476385101120405,2025-11-01,13:43,"If the Nigerian Government continues to allow the killing of Christians, the U.S.A. will immediately stop all aid and assistance to Nigeria, and may very well go into that now disgraced country, ""guns-a-blazing,"" to completely wipe out the Islamic Terrorists who are committing these horrible atrocities. I am hereby instructing our Department of War to prepare for possible action. If we attack, it will be fast, vicious, and sweet, just like the terrorist thugs attack our CHERISHED Christians! WARNING: THE NIGERIAN GOVERNMENT BETTER MOVE FAST!",https://truthsocial.com/@realDonaldTrump/posts/115476385101120405,2025-11-01 20:43:21.958000+00:00,917,13:43,2025-11-01,0.0,True,ucsb,85,['nigeria'],['attack'],True,True,True,True,True,84
115520448197201824,2025-11-09,07:29,"""AUTOPEN"" Sleepy Joe Biden was, by far, the worst President in American History. Taking office as a result of the most corrupt Election ever seen in the United States, Biden oversaw a series of unprecedented disasters that brought our Nation to the brink of destruction. His policies caused the highest Inflation ever recorded, leading the U.S. Dollar to lose more than 20% of its value in 4 years. His Green New Scam surrendered American Energy Dominance and, by abolishing the Southern Border, Biden let 21 million people from all over the World pour into the United States, including from prisons, jails, mental institutions, and insane asylums. His surrender in Afghanistan was among the most humiliating events in American History, and resulted in the murder of 13 brave American Servicemembers, with many others gravely wounded. Seeing Biden's devastating weakness, Russia invaded Ukraine, and Hamas terrorists launched the heinous October 7th attack on Israel. Nicknamed both ""Sleepy"" and ""Crooked,"" Joe Biden was dominated by his radical handlers. They and their allies in the Fake News Media attempted to cover up his severe mental decline, and his unprecedented use of the Autopen. Following his humiliating debate loss to President Trump in the big June 2024 debate, he was forced to withdraw from his campaign for re-election in disgrace. Biden weaponized Law Enforcement against his political opponent, while also persecuting many other innocent people. He left office issuing blanket pardons to Radical Democrat criminals and thugs, as well as members of the Biden Crime Family — But despite it all, President Trump would get Re-Elected, and SAVE AMERICA!",https://truthsocial.com/@realDonaldTrump/posts/115520448197201824,2025-11-09 15:29:11.446000+00:00,36768,07:29,2025-11-09,0.0,True,ucsb,264,"['russia', 'ukraine']",['attack'],True,True,True,True,True,85
115579394833948106,2025-11-19,17:20,"Jeffrey Epstein, who was charged by the Trump Justice Department in 2019 (Not the Democrats!), was a lifelong Democrat, donated Thousands of Dollars to Democrat Politicians, and was deeply associated with many well-known Democrat figures, such as Bill Clinton (who traveled on his plane 26 times), Larry Summers (who just resigned from many Boards, including Harvard), Sleazebag Political Activist Reid Hoffman, Minority Leader Hakeem Jeffries (who asked Epstein to donate to his Campaign AFTER Epstein was charged), Democrat Congresswoman Stacey Plaskett, and many more. Perhaps the truth about these Democrats, and their associations with Jeffrey Epstein, will soon be revealed, because I HAVE JUST SIGNED THE BILL TO RELEASE THE EPSTEIN FILES! As everyone knows, I asked Speaker of the House Mike Johnson, and Senate Majority Leader John Thune, to pass this Bill in the House and Senate, respectively. Because of this request, the votes were almost unanimous in favor of passage. At my direction, the Department of Justice has already turned over close to fifty thousand pages of documents to Congress. Do not forget — The Biden Administration did not turn over a SINGLE file or page related to Democrat Epstein, nor did they ever even speak about him. Democrats have used the ""Epstein"" issue, which affects them far more than the Republican Party, in order to try and distract from our AMAZING Victories, including THE GREAT BIG BEAUTIFUL TAX CUT BILL, Strong Borders, No Men in Women's Sports or Transgender for Everyone, ending DEI, stopping Biden's Record Setting Inflation, lowering Prices, Biggest Tax and Regulation Cuts in History, ending EIGHT Wars, rebuilding our Military, knocking out Iran's Nuclear capability, getting Trillions of Dollars INVESTED in the U.S.A., creating the ""HOTTEST"" Country anywhere in the World, and even delivering a HUGE DEFEAT to the Democrats on the recent Shutdown Disaster. For years our Great Nation has had to endure RUSSIA, RUSSIA, RUSSIA, UKRAINE, UKRAINE, UKRAINE, IMPEACHMENT HOAX #1 , IMPEACHMENT HOAX #2 , and many other Democrat created Witch Hunts and Scams, all of which have been so terrible and divisive for our Country, and have been done to confuse, deflect, and distract from the GREAT JOB that Republicans, and the Trump Administration, are doing. This latest Hoax will backfire on the Democrats just as all of the rest have! Thank you for your attention to this matter. MAKE AMERICA GREAT AGAIN!",https://truthsocial.com/@realDonaldTrump/posts/115579394833948106,2025-11-20 01:20:05.742000+00:00,40394,17:20,2025-11-19,0.0,True,ucsb,393,"['iran', 'russia', 'ukraine']","['military', 'nuclear']",True,True,True,True,True,86
115599428464496784,2025-11-23,06:14,"The War between Russia and Ukraine is a violent and terrible one that, with strong and proper U.S. and Ukrainian LEADERSHIP, would have NEVER HAPPENED. It began long before I took office for a Second Term, during the Sleepy Joe Biden Administration, and has only gotten worse. If the 2020 Presidential Election was not RIGGED & STOLEN, the only thing the Radical Left Democrats are good at doing, there would be no Ukraine/Russia War, as there wasn't, not even a mention, during my first Term in Office. Putin would never have attacked! It was only when he saw Sleepy Joe in action that he said, ""Now is my chance!"" The rest is history, and so it continues. I INHERITED A WAR THAT SHOULD HAVE NEVER HAPPENED, A WAR THAT IS A LOSER FOR EVERYONE, ESPECIALLY THE MILLIONS OF PEOPLE THAT HAVE SO NEEDLESSLY DIED. UKRAINE ""LEADERSHIP"" HAS EXPRESSED ZERO GRATITUDE FOR OUR EFFORTS, AND EUROPE CONTINUES TO BUY OIL FROM RUSSIA. THE USA CONTINUES TO SELL MASSIVE $AMOUNTS OF WEAPONS TO NATO, FOR DISTRIBUTION TO UKRAINE (CROOKED JOE GAVE EVERYTHING, FREE, FREE, FREE, INCLUDING ""BIG"" MONEY!). GOD BLESS ALL THE LIVES THAT HAVE BEEN LOST IN THE HUMAN CATASTROPHE! President DJT",https://truthsocial.com/@realDonaldTrump/posts/115599428464496784,2025-11-23 14:14:54.685000+00:00,20624,06:14,2025-11-23,0.0,True,ucsb,201,"['oil', 'putin', 'russia', 'ukraine', 'ukrainian']",['attacked'],True,True,True,False,True,87
115684406134734247,2025-12-08,06:25,"The only reason Marjorie ""Traitor"" Brown (Green turns Brown under stress!) went BAD is that she was JILTED by the President of the United States (Certainly not the first time she has been jilted!). Too much work, not enough time, and her ideas are, NOW, really BAD - She sort of reminds me of a Rotten Apple! Marjorie is not AMERICA FIRST or MAGA, because nobody could have changed her views so fast, and her new views are those of a very dumb person. That was proven last night when washed up, Trump hating, 60 Minutes ""correspondent,"" Lesley Stahl, who still owes me an apology from when she attacked me on the show (with serious conviction!), that Hunter Biden's LAPTOP FROM HELL was produced by Russia, not Hunter himself (TOTALLY PROVEN WRONG!), interviewed a very poorly prepared Traitor, who in her confusion made many really stupid statements. My real problem with the show, however, wasn't the low IQ traitor, it was that the new ownership of 60 Minutes, Paramount, would allow a show like this to air. THEY ARE NO BETTER THAN THE OLD OWNERSHIP, who just paid me millions of Dollars for FAKE REPORTING about your favorite President, ME! Since they bought it, 60 Minutes has actually gotten WORSE! Oh well, far worse things can happen. P.S. I hereby demand a complete and total APOLOGY, though far too late to be meaningful, from Lesley Stahl and 60 Minutes for her incorrect and Libelous statements about Hunter's Laptop!!! President DJT",https://truthsocial.com/@realDonaldTrump/posts/115684406134734247,2025-12-08 14:25:51.030000+00:00,32167,06:25,2025-12-08,0.0,True,ucsb,250,['russia'],['attacked'],True,True,True,False,True,88
115731908387416458,2025-12-16,15:46,"Venezuela is completely surrounded by the largest Armada ever assembled in the History of South America. It will only get bigger, and the shock to them will be like nothing they have ever seen before — Until such time as they return to the United States of America all of the Oil, Land, and other Assets that they previously stole from us. The illegitimate Maduro Regime is using Oil from these stolen Oil Fields to finance themselves, Drug Terrorism, Human Trafficking, Murder, and Kidnapping. For the theft of our Assets, and many other reasons, including Terrorism, Drug Smuggling, and Human Trafficking, the Venezuelan Regime has been designated a FOREIGN TERRORIST ORGANIZATION. Therefore, today, I am ordering A TOTAL AND COMPLETE BLOCKADE OF ALL SANCTIONED OIL TANKERS going into, and out of, Venezuela. The Illegal Aliens and Criminals that the Maduro Regime has sent into the United States during the weak and inept Biden Administration, are being returned to Venezuela at a rapid pace. America will not allow Criminals, Terrorists, or other Countries, to rob, threaten, or harm our Nation and, likewise, will not allow a Hostile Regime to take our Oil, Land, or any other Assets, all of which must be returned to the United States, IMMEDIATELY. Thank you for your attention to this matter!DONALD J. TRUMP PRESIDENT OF THE UNITED STATES OF AMERICA",https://truthsocial.com/@realDonaldTrump/posts/115731908387416458,2025-12-16 23:46:17.884000+00:00,10634,15:46,2025-12-16,0.0,True,ucsb,224,"['maduro', 'oil', 'venezuela', 'venezuelan']","['blockade', 'sanctioned', 'tankers']",True,True,True,False,True,89
115732670084362796,2025-12-16,19:00,"Trump orders 'blockade' of sanctioned oil tankers leaving, entering Venezuela: reuters.com/world/americas/tru",https://truthsocial.com/@realDonaldTrump/posts/115732670084362796,2025-12-17 03:00:00.457000+00:00,12844,19:00,2025-12-16,0.0,True,ucsb,11,"['oil', 'venezuela']","['blockade', 'sanctioned', 'tankers']",True,True,True,False,True,90
115782683955516402,2025-12-25,14:59,"Tonight, at my direction as Commander in Chief, the United States launched a powerful and deadly strike against ISIS Terrorist Scum in Northwest Nigeria, who have been targeting and viciously killing, primarily, innocent Christians, at levels not seen for many years, and even Centuries! I have previously warned these Terrorists that if they did not stop the slaughtering of Christians, there would be hell to pay, and tonight, there was. The Department of War executed numerous perfect strikes, as only the United States is capable of doing. Under my leadership, our Country will not allow Radical Islamic Terrorism to prosper. May God Bless our Military, and MERRY CHRISTMAS to all, including the dead Terrorists, of which there will be many more if their slaughter of Christians continues. DONALD J. TRUMP PRESIDENT OF THE UNITED STATES OF AMERICA",https://truthsocial.com/@realDonaldTrump/posts/115782683955516402,2025-12-25 22:59:11.567000+00:00,21490,14:59,2025-12-25,0.0,True,ucsb,137,['nigeria'],"['military', 'strike', 'strikes']",True,True,True,True,True,91
115815648382815071,2025-12-31,10:42,Putin 'attack' bluster shows Russia is the one standing in the way of peace: nypost.com/2025/12/30/opinion/,https://truthsocial.com/@realDonaldTrump/posts/115815648382815071,2025-12-31 18:42:28.810000+00:00,2911,10:42,2025-12-31,0.0,True,ucsb,15,"['putin', 'russia']",['attack'],True,True,True,True,True,92
115830428767897167,2026-01-03,01:21,"The United States of America has successfully carried out a large scale strike against Venezuela and its leader, President Nicolas Maduro, who has been, along with his wife, captured and flown out of the Country. This operation was done in conjunction with U.S. Law Enforcement. Details to follow. There will be a News Conference today at 11 A.M., at Mar-a-Lago. Thank you for your attention to this matter! President DONALD J. TRUMP",https://truthsocial.com/@realDonaldTrump/posts/115830428767897167,2026-01-03 09:21:19.588000+00:00,17999,01:21,2026-01-03,0.0,True,ucsb,72,"['maduro', 'venezuela']",['strike'],True,True,True,True,True,93
115850817778602689,2026-01-06,15:46,"I am pleased to announce that the Interim Authorities in Venezuela will be turning over between 30 and 50 MILLION Barrels of High Quality, Sanctioned Oil, to the United States of America. This Oil will be sold at its Market Price, and that money will be controlled by me, as President of the United States of America, to ensure it is used to benefit the people of Venezuela and the United States! I have asked Energy Secretary Chris Wright to execute this plan, immediately. It will be taken by storage ships, and brought directly to unloading docks in the United States. Thank you for your attention to this matter! DONALD J. TRUMP PRESIDENT OF THE UNITED STATES OF AMERICA",https://truthsocial.com/@realDonaldTrump/posts/115850817778602689,2026-01-06 23:46:31.201000+00:00,53953,15:46,2026-01-06,0.0,True,ucsb,119,"['barrels', 'oil', 'venezuela']",['sanctioned'],True,True,True,False,True,94
115854352740910460,2026-01-07,06:45,"Remember, for all of those big NATO fans, they were at 2% GDP, and most weren’t paying their bills, UNTIL I CAME ALONG. The USA was, foolishly, paying for them! I, respectfully, got them to 5% GDP, AND THEY PAY, immediately. Everyone said that couldn’t be done, but it could, because, beyond all else, they are all my friends. Without my involvement, Russia would have ALL OF UKRAINE right now. Remember, also, I single-handedly ENDED 8 WARS, and Norway, a NATO Member, foolishly chose not to give me the Noble Peace Prize. But that doesn’t matter! What does matter is that I saved Millions of Lives. RUSSIA AND CHINA HAVE ZERO FEAR OF NATO WITHOUT THE UNITED STATES, AND I DOUBT NATO WOULD BE THERE FOR US IF WE REALLY NEEDED THEM. EVERYONE IS LUCKY THAT I REBUILT OUR MILITARY IN MY FIRST TERM, AND CONTINUE TO DO SO. We will always be there for NATO, even if they won’t be there for us. The only Nation that China and Russia fear and respect is the DJT REBUILT U.S.A. MAKE AMERICA GREAT AGAIN!!! President DJT",https://truthsocial.com/@realDonaldTrump/posts/115854352740910460,2026-01-07 14:45:30.446000+00:00,1404,06:45,2026-01-07,0.0,True,ucsb,185,"['russia', 'ukraine']",['military'],True,True,True,True,True,95
115866908684935165,2026-01-09,11:58,"Today, the United States of America, in coordination with the Interim Authorities of Venezuela, seized an oil tanker which departed Venezuela without our approval. This tanker is now on its way back to Venezuela, and the oil will be sold through the GREAT Energy Deal, which we have created for such sales. Thank you for your attention to this matter!",https://truthsocial.com/@realDonaldTrump/posts/115866908684935165,2026-01-09 19:58:38.947000+00:00,24573,11:58,2026-01-09,0.0,True,ucsb,60,"['oil', 'venezuela']",['tanker'],True,True,True,False,True,96
115876460615555838,2026-01-11,04:27,"Cuba lived, for many years, on large amounts of OIL and MONEY from Venezuela. In return, Cuba provided ""Security Services"" for the last two Venezuelan dictators, BUT NOT ANYMORE! Most of those Cubans are DEAD from last weeks U.S.A. attack, and Venezuela doesn't need protection anymore from the thugs and extortionists who held them hostage for so many years. Venezuela now has the United States of America, the most powerful military in the World (by far!), to protect them, and protect them we will. THERE WILL BE NO MORE OIL OR MONEY GOING TO CUBA - ZERO! I strongly suggest they make a deal, BEFORE IT IS TOO LATE. Thank you for your attention to this matter. President DJT",https://truthsocial.com/@realDonaldTrump/posts/115876460615555838,2026-01-11 12:27:49.841000+00:00,56062,04:27,2026-01-11,0.0,True,ucsb,119,"['oil', 'venezuela', 'venezuelan']","['attack', 'military']",True,True,True,True,True,97
115884319075881590,2026-01-12,13:46,"Effective immediately, any Country doing business with the Islamic Republic of Iran will pay a Tariff of 25% on any and all business being done with the United States of America. This Order is final and conclusive. Thank you for your attention to this matter! PRESIDENT DONALD J. TRUMP",https://truthsocial.com/@realDonaldTrump/posts/115884319075881590,2026-01-12 21:46:20.430000+00:00,21110,13:46,2026-01-12,0.0,True,ucsb,49,['iran'],['tariff'],True,True,True,False,True,98
115893658269457561,2026-01-14,05:21,"NATO: Tell Denmark to get them out of here, NOW! Two dogsleds won't do it! Only the USA can!!! Danish intel warned last year about Russian and Chinese military goals toward Greenland and Arctic: justthenews.com/government/sec",https://truthsocial.com/@realDonaldTrump/posts/115893658269457561,2026-01-14 13:21:25.215000+00:00,7321,05:21,2026-01-14,0.0,True,ucsb,35,['russian'],['military'],True,True,True,True,True,99
115911344443637897,2026-01-17,08:19,"We have subsidized Denmark, and all of the Countries of the European Union, and others, for many years by not charging them Tariffs, or any other forms of remuneration. Now, after Centuries, it is time for Denmark to give back — World Peace is at stake! China and Russia want Greenland, and there is not a thing that Denmark can do about it. They currently have two dogsleds as protection, one added recently. Only the United States of America, under PRESIDENT DONALD J. TRUMP, can play in this game, and very successfully, at that! Nobody will touch this sacred piece of Land, especially since the National Security of the United States, and the World at large, is at stake. On top of everything else, Denmark, Norway, Sweden, France, Germany, The United Kingdom, The Netherlands, and Finland have journeyed to Greenland, for purposes unknown. This is a very dangerous situation for the Safety, Security, and Survival of our Planet. These Countries, who are playing this very dangerous game, have put a level of risk in play that is not tenable or sustainable. Therefore, it is imperative that, in order to protect Global Peace and Security, strong measures be taken so that this potentially perilous situation end quickly, and without question. Starting on February 1st, 2026, all of the above mentioned Countries (Denmark, Norway, Sweden, France, Germany, The United Kingdom, The Netherlands, and Finland), will be charged a 10% Tariff on any and all goods sent to the United States of America. On June 1st, 2026, the Tariff will be increased to 25%. This Tariff will be due and payable until such time as a Deal is reached for the Complete and Total purchase of Greenland. The United States has been trying to do this transaction for over 150 years. Many Presidents have tried, and for good reason, but Denmark has always refused. Now, because of The Golden Dome, and Modern Day Weapons Systems, both Offensive and Defensive, the need to ACQUIRE is especially important. Hundreds of Billions of Dollars are currently being spent on Security Programs having to do with ""The Dome,"" including for the possible protection of Canada, and this very brilliant, but highly complex system can only work at its maximum potential and efficiency, because of angles, metes, and bounds, if this Land is included in it. The United States of America is immediately open to negotiation with Denmark and/or any of these Countries that have put so much at risk, despite all that we have done for them, including maximum protection, over so many decades. Thank you for your attention to this matter! DONALD J. TRUMP PRESIDENT OF THE UNITED STATES OF AMERICA",https://truthsocial.com/@realDonaldTrump/posts/115911344443637897,2026-01-17 16:19:14.816000+00:00,16521,08:19,2026-01-17,0.0,True,ucsb,445,['russia'],['tariff'],True,True,True,False,True,100
115915851439933172,,,"RT have subsidized Denmark, and all of the Countries of the European Union, and others, for many years by not charging them Tariffs, or any other forms of remuneration. Now, after Centuries, it is time for Denmark to give back — World Peace is at stake! China and Russia want Greenland, and there is not a thing that Denmark can do about it. They currently have two dogsleds as protection, one added recently. Only the United States of America, under PRESIDENT DONALD J. TRUMP, can play in this game, and very successfully, at that! Nobody will touch this sacred piece of Land, especially since the National Security of the United States, and the World at large, is at stake. On top of everything else, Denmark, Norway, Sweden, France, Germany, The United Kingdom, The Netherlands, and Finland have journeyed to Greenland, for purposes unknown. This is a very dangerous situation for the Safety, Security, and Survival of our Planet. These Countries, who are playing this very dangerous game, have put a level of risk in play that is not tenable or sustainable. Therefore, it is imperative that, in order to protect Global Peace and Security, strong measures be taken so that this potentially perilous situation end quickly, and without question. Starting on February 1st, 2026, all of the above mentioned Countries (Denmark, Norway, Sweden, France, Germany, The United Kingdom, The Netherlands, and Finland), will be charged a 10% Tariff on any and all goods sent to the United States of America. On June 1st, 2026, the Tariff will be increased to 25%. This Tariff will be due and payable until such time as a Deal is reached for the Complete and Total purchase of Greenland. The United States has been trying to do this transaction for over 150 years. Many Presidents have tried, and for good reason, but Denmark has always refused. Now, because of The Golden Dome, and Modern Day Weapons Systems, both Offensive and Defensive, the need to ACQUIRE is especially important. Hundreds of Billions of Dollars are currently being spent on Security Programs having to do with ""The Dome,"" including for the possible protection of Canada, and this very brilliant, but highly complex system can only work at its maximum potential and efficiency, because of angles, metes, and bounds, if this Land is included in it. The United States of America is immediately open to negotiation with Denmark and/or any of these Countries that have put so much at risk, despite all that we have done for them, including maximum protection, over so many decades. Thank you for your attention to this matter!DONALD J. TRUMPPRESIDENT OF THE UNITED STATES OF AMERICA",https://truthsocial.com/@realDonaldTrump/posts/115915851439933172,2026-01-18 11:25:26.122000+00:00,1780,,,0.0,True,cnn,443,['russia'],['tariff'],True,True,True,False,True,101
115926047595803521,2026-01-19,22:38,"Shockingly, our ""brilliant"" NATO Ally, the United Kingdom, is currently planning to give away the Island of Diego Garcia, the site of a vital U.S. Military Base, to Mauritius, and to do so FOR NO REASON WHATSOEVER. There is no doubt that China and Russia have noticed this act of total weakness. These are International Powers who only recognize STRENGTH, which is why the United States of America, under my leadership, is now, after only one year, respected like never before. The UK giving away extremely important land is an act of GREAT STUPIDITY, and is another in a very long line of National Security reasons why Greenland has to be acquired. Denmark and its European Allies have to DO THE RIGHT THING. Thank you for your attention to this matter. PRESIDENT DONALD J. TRUMP",https://truthsocial.com/@realDonaldTrump/posts/115926047595803521,2026-01-20 06:38:27.113000+00:00,45953,22:38,2026-01-19,0.0,True,ucsb,135,['russia'],['military'],True,True,True,True,True,102
115972658725010644,2026-01-28,04:12,"A massive Armada is heading to Iran. It is moving quickly, with great power, enthusiasm, and purpose. It is a larger fleet, headed by the great Aircraft Carrier Abraham Lincoln, than that sent to Venezuela. Like with Venezuela, it is, ready, willing, and able to rapidly fulfill its mission, with speed and violence, if necessary. Hopefully Iran will quickly ""Come to the Table"" and negotiate a fair and equitable deal - NO NUCLEAR WEAPONS - one that is good for all parties. Time is running out, it is truly of the essence! As I told Iran once before, MAKE A DEAL! They didn't, and there was ""Operation Midnight Hammer,"" a major destruction of Iran. The next attack will be far worse! Don't make that happen again. Thank you for your attention to this matter! President DONALD J. TRUMP",https://truthsocial.com/@realDonaldTrump/posts/115972658725010644,2026-01-28 12:12:16.502000+00:00,15572,04:12,2026-01-28,0.0,True,ucsb,138,"['iran', 'venezuela']","['attack', 'nuclear']",True,True,True,True,True,103
116002095109616255,2026-02-02,08:58,"It was an Honor to speak with Prime Minister Modi, of India, this morning. He is one of my greatest friends and, a Powerful and Respected Leader of his Country. We spoke about many things, including Trade, and ending the War with Russia and Ukraine. He agreed to stop buying Russian Oil, and to buy much more from the United States and, potentially, Venezuela. This will help END THE WAR in Ukraine, which is taking place right now, with thousands of people dying each and every week! Out of friendship and respect for Prime Minister Modi and, as per his request, effective immediately, we agreed to a Trade Deal between the United States and India, whereby the United States will charge a reduced Reciprocal Tariff, lowering it from 25% to 18%. They will likewise move forward to reduce their Tariffs and Non Tariff Barriers against the United States, to ZERO. The Prime Minister also committed to ""BUY AMERICAN,"" at a much higher level, in addition to over $500 BILLION DOLLARS of U.S. Energy, Technology, Agricultural, Coal, and many other products. Our amazing relationship with India will be even stronger going forward. Prime Minister Modi and I are two people that GET THINGS DONE, something that cannot be said for most. Thank you for your attention to this matter! PRESIDENT DONALD J. TRUMP",https://truthsocial.com/@realDonaldTrump/posts/116002095109616255,2026-02-02 16:58:20.085000+00:00,45695,08:58,2026-02-02,0.0,True,ucsb,222,"['oil', 'russia', 'russian', 'ukraine', 'venezuela']",['tariff'],True,True,True,False,True,104
116013105630663812,2026-02-04,07:38,"I have just completed an excellent telephone conversation with President Xi, of China. It was a long and thorough call, where many important subjects were discussed, including Trade, Military, the April trip that I will be making to China (which I very much look forward to!), Taiwan, the War between Russia/Ukraine, the current situation with Iran, the purchase of Oil and Gas by China from the United States, the consideration by China of the purchase of additional Agricultural products including lifting the Soybean count to 20 Million Tons for the current season (They have committed to 25 Million Tons for next season!), Airplane engine deliveries, and numerous other subjects, all very positive! The relationship with China, and my personal relationship with President Xi, is an extremely good one, and we both realize how important it is to keep it that way. I believe that there will be many positive results achieved over the next three years of my Presidency having to do with President Xi, and the People’s Republic of China! PRESIDENT DONALD J. TRUMP",https://truthsocial.com/@realDonaldTrump/posts/116013105630663812,2026-02-04 15:38:27.303000+00:00,54404,07:38,2026-02-04,0.0,True,ucsb,175,"['iran', 'oil', 'russia', 'ukraine']",['military'],True,True,True,True,True,105
116019511106186158,2026-02-05,10:47,"The United States is the most powerful Country in the World. I completely rebuilt its Military in my First Term, including new and many refurbished nuclear weapons. I also added Space Force and now, continue to rebuild our Military at levels never seen before. We are even adding Battleships, which are 100 times more powerful than the ones that roamed the Seas during World War II — The Iowa, Missouri, Alabama, and others. I have stopped Nuclear Wars from breaking out across the World between Pakistan and India, Iran and Israel, and Russia and Ukraine. Rather than extend “NEW START” (A badly negotiated deal by the United States that, aside from everything else, is being grossly violated), we should have our Nuclear Experts work on a new, improved, and modernized Treaty that can last long into the future. Thank you for your attention to this matter! PRESIDENT DONALD J. TRUMP",https://truthsocial.com/@realDonaldTrump/posts/116019511106186158,2026-02-05 18:47:27.103000+00:00,43950,10:47,2026-02-05,0.0,True,ucsb,150,"['iran', 'russia', 'ukraine']","['military', 'nuclear']",True,True,True,True,True,106
116058518017586892,2026-02-12,08:07,"AG Pam Bondi, under intense fire from the Trump Deranged Radical Left Lunatics, was fantastic at yesterday's Hearing on the never ending saga of Jeffrey Epstein, where the one thing that has been proven conclusively, much to their chagrin, was that President Donald J. Trump has been 100% exonerated of their ridiculous Russia, Russia, Russia type charges. Actually, it is the SLIMEBALL Democrats, many of them big Donors and Politicians, that have been proven GUILTY! ""Republican"" Loser, Sanctimonious RINO Congressman, Thomas Massie, made a total fool of himself yesterday, fighting aimlessly against a hopeless agenda of Hate and Stupidity, as most clearly stated by his crashing Job Approval Numbers in the Great Commonwealth of Kentucky, where a Military Hero Opponent, Ed Gallrein, is crushing him in the Polls. He is now in ""Wacky"" Liz Cheney territory! Nobody cared about Epstein when he was alive, they only cared about him when they thought he could create Political Harm to a very popular President who has brought our Country back from the brink of extinction, and very quickly, at that! In fact, this attempt by the Democrats to take away attention from tremendous Republican SUCCESS is backfiring badly. Maybe they should focus on their quest to Open our Borders to the World's Greatest Criminals, have Transgender for Everybody or, get Men, no matter their size or strength, to play in Women's Sports. Thank you for your attention to this matter! PRESIDENT DONALD J. TRUMP",https://truthsocial.com/@realDonaldTrump/posts/116058518017586892,2026-02-12 16:07:25.336000+00:00,46796,08:07,2026-02-12,0.0,True,ucsb,242,['russia'],['military'],True,True,True,True,True,107
116058575898389756,2026-02-12,08:22,"Relations between Venezuela and the United States have been, to put it mildly, extraordinary! We are dealing very well with President Delcy Rodriguez, and her Representatives. Oil is starting to flow, and large amounts of money, unseen for many years, will soon be greatly helping the people of Venezuela. Marco Rubio, and all of our Representatives, are doing a fantastic job, but we speak only for ourselves, and don't want there to be any confusion or misrepresentation. There is a story about a man named Harry Sargeant III in The Wall Street Journal. He has no authority, in any way, shape, or form, to act on behalf of the United States of America, nor does anyone else that is not approved by the State Department. Without this approval, no one is authorized to represent our Country. Thank you for your attention to this matter! PRESIDENT DONALD J. TRUMP",https://truthsocial.com/@realDonaldTrump/posts/116058575898389756,2026-02-12 16:22:08.527000+00:00,44284,08:22,2026-02-12,0.0,True,ucsb,148,"['oil', 'venezuela']",['to flow'],True,True,True,False,False,107
116069904214662301,2026-02-14,08:23,"Sometimes in life you waste time! T.V. Host Bill Maher asked to have dinner with me through one of his friends, also a friend of mine, and I agreed. He came into the famed Oval Office much different than I thought he would be. He was extremely nervous, had ZERO confidence in himself and, to soothe his nerves, immediately, within seconds, asked for a ""Vodka Tonic."" He said to me, ""I've never felt like this before, I'm actually scared."" In one respect, it was somewhat endearing! Anyway, we had a great dinner, it was quick, easy, and he seemed to be a nice guy and, for his first show after our dinner, he was very respectful about our meeting — But with everything I have done in bringing our Country back from ""OBLIVION,"" why wouldn't he be? But then I noticed his show started to devolve into the same old story — Very boring, ANTI TRUMP, no mention of the PERFECT Border, Lowest Crime in 125 years, the Mass Removal of Stone Cold Criminals, the 50,000 DOW, the 7,000 S&P (Both Highest Ever!), Least Number of Murders since 1900, Venezuela, ""Midnight Hammer,"" Soleimani DEAD, al-Baghdadi DEAD, Lowest Inflation in YEARS (1.2% for last three months!), the Rebuilding of our Military, Eight War Stoppages, and on, and on, and on! In any event, it was a total waste of time for me to have this jerk at the White House and last night, after explaining what a DISASTER Canadian ""Leaders"" are to deal with, how Canada has ""ripped off"" the United States for years on TRADE (But not anymore!), I jokingly stated in a TRUTH that, ""The first thing China will do is terminate ALL Ice Hockey being played in Canada, and permanently eliminate The Stanley Cup."" Well, he went on and on about the Hockey statement, like ""What kind of a person would say such a foolish thing as this,"" as though I were being serious when I said it. Fortunately, his Television Ratings are so low that nobody will learn about his various Fake News statements about me. He is no different than Kimmel, Fallon, or Colbert but, I must admit, slightly more talented! Anyway, Bill Maher is a highly overrated LIGHTWEIGHT, and Republicans should stop using him to show how the Left is coming over our way — Our Base, the Greatest of All Time, laughs at your weakness when you do it! Maher asked me if he could come back to the White House again and, with his friend, also asked to come to the wonderful White House Christmas Party, but he didn't. Regardless, I'd much rather spend my time MAKING AMERICA GREAT AGAIN than wasting it on him. Bill continues to suffer from a severe case of Trump Derangement Syndrome (TDS!), and there is nothing that will ever be done to cure him of this very serious disease. Thank you for your attention to this minor matter! President DJT",https://truthsocial.com/@realDonaldTrump/posts/116069904214662301,2026-02-14 16:23:04.916000+00:00,7325,08:23,2026-02-14,0.0,True,ucsb,493,['venezuela'],"['military', 'mine']",True,True,True,False,True,108
116093101641103750,2026-02-18,10:42,"I have been telling Prime Minister Keir Starmer, of the United Kingdom, that Leases are no good when it comes to Countries, and that he is making a big mistake by entering a 100 Year Lease with whoever it is that is ""claiming"" Right, Title, and Interest to Diego Garcia, strategically located in the Indian Ocean. Our relationship with the United Kingdom is a strong and powerful one, and it has been for many years, but Prime Minister Starmer is losing control of this important Island by claims of entities never known of before. In our opinion, they are fictitious in nature. Should Iran decide not to make a Deal, it may be necessary for the United States to use Diego Garcia, and the Airfield located in Fairford, in order to eradicate a potential attack by a highly unstable and dangerous Regime — An attack that would potentially be made on the United Kingdom, as well as other friendly Countries. Prime Minister Starmer should not lose control, for any reason, of Diego Garcia, by entering a tenuous, at best, 100 Year Lease. This land should not be taken away from the U.K. and, if it is allowed to be, it will be a blight on our Great Ally. We will always be ready, willing, and able to fight for the U.K., but they have to remain strong in the face of Wokeism, and other problems put before them. DO NOT GIVE AWAY DIEGO GARCIA!",https://truthsocial.com/@realDonaldTrump/posts/116093101641103750,2026-02-18 18:42:29.552000+00:00,63878,10:42,2026-02-18,0.0,True,ucsb,244,['iran'],['attack'],True,True,True,True,True,109
116121997925438698,2026-02-23,13:11,"Numerous stories from the Fake News Media have been circulating stating that General Daniel Caine, sometimes referred to as Razin, is against us going to War with Iran. The story does not attribute this vast wealth of knowledge to anyone, and is 100% incorrect. General Caine, like all of us, would like not to see War but, if a decision is made on going against Iran at a Military level, it is his opinion that it will be something easily won. He knows Iran well in that he was in charge of Midnight Hammer, the attack on the Iranian Nuclear Development. It is a Development no longer, but rather, was blown to smithereens by our Great B-2 Bombers. Razin Caine is a Great Fighter, and represents the Most Powerful Military anywhere in the World. He has not spoken of not doing Iran, or even the fake limited strikes that I have been reading about, he only knows one thing, how to WIN and, if he is told to do so, he will be leading the pack. Everything that has been written about a potential War with Iran has been written incorrectly, and purposefully so. I am the one that makes the decision, I would rather have a Deal than not but, if we don't make a Deal, it will be a very bad day for that Country and, very sadly, its people, because they are great and wonderful, and something like this should never have happened to them. PRESIDENT DONALD J. TRUMP",https://truthsocial.com/@realDonaldTrump/posts/116121997925438698,2026-02-23 21:11:11.860000+00:00,21738,13:11,2026-02-23,0.0,True,ucsb,252,"['iran', 'iranian']","['attack', 'bombers', 'military', 'nuclear', 'strikes']",True,True,True,False,True,110
116150413051904167,2026-02-28,13:37,"Khamenei, one of the most evil people in History, is dead. This is not only Justice for the people of Iran, but for all Great Americans, and those people from many Countries throughout the World, that have been killed or mutilated by Khamenei and his gang of bloodthirsty THUGS. He was unable to avoid our Intelligence and Highly Sophisticated Tracking Systems and, working closely with Israel, there was not a thing he, or the other leaders that have been killed along with him, could do. This is the single greatest chance for the Iranian people to take back their Country. We are hearing that many of their IRGC, Military, and other Security and Police Forces, no longer want to fight, and are looking for Immunity from us. As I said last night, ""Now they can have Immunity, later they only get Death!"" Hopefully, the IRGC and Police will peacefully merge with the Iranian Patriots, and work together as a unit to bring back the Country to the Greatness it deserves. That process should soon be starting in that, not only the death of Khamenei but the Country has been, in only one day, very much destroyed and, even, obliterated. The heavy and pinpoint bombing, however, will continue, uninterrupted throughout the week or, as long as necessary to achieve our objective of PEACE THROUGHOUT THE MIDDLE EAST AND, INDEED, THE WORLD! Thank you for your attention to this matter. PRESIDENT DONALD J. TRUMP",https://truthsocial.com/@realDonaldTrump/posts/116150413051904167,2026-02-28 21:37:32.281000+00:00,16551,13:37,2026-02-28,0.0,True,ucsb,242,"['iran', 'iranian', 'irgc', 'khamenei']","['destroyed', 'military', 'obliterated']",True,True,True,False,True,111
116155069503653714,2026-03-01,09:21,"I have just been informed that we have destroyed and sunk 9 Iranian Naval Ships, some of them relatively large and important. We are going after the rest — They will soon be floating at the bottom of the sea, also! In a different attack, we largely destroyed their Naval Headquarters. Other than that, their Navy is doing very well! PRESIDENT DONALD J. TRUMP",https://truthsocial.com/@realDonaldTrump/posts/116155069503653714,2026-03-01 17:21:44.096000+00:00,18258,09:21,2026-03-01,0.0,True,ucsb,64,['iranian'],"['attack', 'destroyed', 'naval', 'navy']",True,True,True,False,True,112
116161759621251147,2026-03-02,13:43,"If I didn't terminate Obama's horrendous Iran Nuclear Deal (JCPOA), Iran would have had a Nuclear Weapon three years ago. That was the most dangerous transaction we have ever entered into, and had it been allowed to stand, the World would be an entirely different place right now. You can blame Barack Hussein Obama, and Sleepy Joe Biden. THANK YOU PRESIDENT TRUMP!",https://truthsocial.com/@realDonaldTrump/posts/116161759621251147,2026-03-02 21:43:07.189000+00:00,32843,13:43,2026-03-02,0.0,True,ucsb,62,['iran'],"['jcpoa', 'nuclear']",True,True,True,False,True,113
116162143729203401,2026-03-02,15:20,"The Radical Left Democrats, a Party that has completely lost its way, are complaining bitterly about the very necessary and important attack, by the United States and Israel, on Iran. What most people understand is that they are only complaining BECAUSE I DID IT and, if I didn't do it, they would be screaming — Why didn't ""TRUMP"" attack Iran, he should do it, IMMEDIATELY? There's nothing surprising about this! It's the same people that the other night at The State of the Union Address wouldn't stand for ANYBODY, including a mother who lost her beautiful daughter to an illegal alien, a Great and Brave Helicopter Pilot, who got the Congressional Medal of Honor, or a 100-year-old Veteran Warrior whose Bravery is Legend! The fact is, whatever I do, they will be on the opposite side. These people are SICK, CRAZY, and DEMENTED, but America, despite them all, is now BIGGER, BETTER, AND STRONGER THAN EVER BEFORE. MAKE AMERICA GREAT AGAIN! President DONALD J. TRUMP",https://truthsocial.com/@realDonaldTrump/posts/116162143729203401,2026-03-02 23:20:48.211000+00:00,47305,15:20,2026-03-02,0.0,True,ucsb,165,['iran'],['attack'],True,True,True,True,True,114
116162219712486900,2026-03-02,15:40,"DOUG SCHOEN: As a Democrat, I back Trump's Iran strike — my party is wrong: foxnews.com/opinion/doug-schoe",https://truthsocial.com/@realDonaldTrump/posts/116162219712486900,2026-03-02 23:40:07.624000+00:00,40436,15:40,2026-03-02,0.0,True,ucsb,16,['iran'],['strike'],True,True,True,True,False,114
116163464520215003,2026-03-02,20:56,"The United States Munitions Stockpiles have, at the medium and upper medium grade, never been higher or better - As was stated to me today, we have a virtually unlimited supply of these weapons. Wars can be fought ""forever,"" and very successfully, using just these supplies (which are better than other countries finest arms!). At the highest end, we have a good supply, but are not where we want to be. Much additional high grade weaponry is stored for us in outlying countries. Sleepy Joe Biden spent all of his time, and our Country's money, GIVING everything to P.T. Barnum (Zelenskyy!) of Ukraine - Hundreds of Billions of Dollars worth - And, while he gave so much of the super high end away (FREE!), he didn't bother to replace it. Fortunately, I rebuilt the military in my first term, and continue to do so. The United States is stocked, and ready to WIN, BIG!!! Thank you for your attention to this matter. President DONALD J. TRUMP",https://truthsocial.com/@realDonaldTrump/posts/116163464520215003,2026-03-03 04:56:41.883000+00:00,10715,20:56,2026-03-02,0.0,True,ucsb,166,"['ukraine', 'zelenskyy']",['military'],True,True,True,True,True,115
116165200090740839,2026-03-03,04:18,NATO Secretary General Mark Rutte praises 'Operation Epic Fury' strikes on Iran: foxnews.com/video/639026830111,https://truthsocial.com/@realDonaldTrump/posts/116165200090740839,2026-03-03 12:18:04.587000+00:00,47207,04:18,2026-03-03,0.0,True,ucsb,13,['iran'],['strikes'],True,True,True,True,True,116
116165640188665672,,,"RT United States Munitions Stockpiles have, at the medium and upper medium grade, never been higher or better - As was stated to me today, we have a virtually unlimited supply of these weapons. Wars can be fought ""forever,"" and very successfully, using just these supplies (which are better than other countries finest arms!). At the highest end, we have a good supply, but are not where we want to be. Much additional high grade weaponry is stored for us in outlying countries. Sleepy Joe Biden spent all of his time, and our Country's money, GIVING everything to P.T. Barnum (Zelenskyy!) of Ukraine - Hundreds of Billions of Dollars worth - And, while he gave so much of the super high end away (FREE!), he didn't bother to replace it. Fortunately, I rebuilt the military in my first term, and continue to do so. The United States is stocked, and ready to WIN, BIG!!! Thank you for your attention to this matter. President DONALD J. TRUMP",https://truthsocial.com/@realDonaldTrump/posts/116165640188665672,2026-03-03 14:09:59.949000+00:00,8008,,,3.3333333333333335e-05,True,cnn,166,"['ukraine', 'zelenskyy']",['military'],True,True,True,True,True,117
116166926920657651,2026-03-03,11:37,"Effective IMMEDIATELY, I have ordered the United States Development Finance Corporation (DFC) to provide, at a very reasonable price, political risk insurance and guarantees for the Financial Security of ALL Maritime Trade, especially Energy, traveling through the Gulf. This will be available to all Shipping Lines. If necessary, the United States Navy will begin escorting tankers through the Strait of Hormuz, as soon as possible. No matter what, the United States will ensure the FREE FLOW of ENERGY to the WORLD. The United States' ECONOMIC and MILITARY MIGHT is the GREATEST ON EARTH — More actions to come. Thank you for your attention to this matter! President DONALD J. TRUMP",https://truthsocial.com/@realDonaldTrump/posts/116166926920657651,2026-03-03 19:37:13.921000+00:00,10995,11:37,2026-03-03,0.0,True,ucsb,110,['hormuz'],"['military', 'navy', 'shipping', 'strait', 'tankers']",True,True,True,False,True,118
116172714486213504,2026-03-04,12:09,"Delcy Rodríguez, who is the President of Venezuela, is doing a great job, and working with U.S. Representatives very well. The Oil is beginning to flow, and the professionalism and dedication between both Countries is a very nice thing to see! President DONALD J. TRUMP",https://truthsocial.com/@realDonaldTrump/posts/116172714486213504,2026-03-04 20:09:05.163000+00:00,11136,12:09,2026-03-04,0.0,True,ucsb,45,"['oil', 'venezuela']",['to flow'],True,True,True,False,True,119
116185492043628345,2026-03-06,18:18,GREGG JARRETT: Democrat war powers vote was an unconstitutional way to halt Iran strikes: foxnews.com/opinion/gregg-jarr,https://truthsocial.com/@realDonaldTrump/posts/116185492043628345,2026-03-07 02:18:35.216000+00:00,32569,18:18,2026-03-06,0.0,True,ucsb,15,['iran'],['strikes'],True,True,True,True,True,120
116187586876366061,2026-03-07,03:11,"Iran, which is being beat to HELL, has apologized and surrendered to its Middle East neighbors, and promised that it will not shoot at them anymore. This promise was only made because of the relentless U.S. and Israeli attack. They were looking to take over and rule the Middle East. It is the first time that Iran has ever lost, in thousands of years, to surrounding Middle Eastern Countries. They have said, ""Thank you President Trump."" I have said, ""You're welcome!"" Iran is no longer the ""Bully of the Middle East,"" they are, instead, ""THE LOSER OF THE MIDDLE EAST,"" and will be for many decades until they surrender or, more likely, completely collapse! Today Iran will be hit very hard! Under serious consideration for complete destruction and certain death, because of Iran's bad behavior, are areas and groups of people that were not considered for targeting up until this moment in time. Thank you for your attention to this matter! President DONALD J. TRUMP",https://truthsocial.com/@realDonaldTrump/posts/116187586876366061,2026-03-07 11:11:19.827000+00:00,23789,03:11,2026-03-07,0.0,True,ucsb,165,['iran'],['attack'],True,True,True,True,True,121
116196014942465383,2026-03-08,15:54,"Short term oil prices, which will drop rapidly when the destruction of the Iran nuclear threat is over, is a very small price to pay for U.S.A., and World, Safety and Peace. ONLY FOOLS WOULD THINK DIFFERENTLY!President DJT",https://truthsocial.com/@realDonaldTrump/posts/116196014942465383,2026-03-08 22:54:41.910000+00:00,11623,15:54,2026-03-08,0.0,True,ucsb,38,"['iran', 'oil']",['nuclear'],True,True,True,True,True,122
116202053313332968,2026-03-09,17:30,52% of US Likely Voters support Trump's decision to strike Iran: Poll: justthenews.com/politics-polic,https://truthsocial.com/@realDonaldTrump/posts/116202053313332968,2026-03-10 00:30:20.137000+00:00,34536,17:30,2026-03-09,0.0,True,ucsb,13,['iran'],['strike'],True,True,True,True,True,123
116202054617775180,2026-03-09,17:30,"If Iran does anything that stops the flow of Oil within the Strait of Hormuz, they will be hit by the United States of America TWENTY TIMES HARDER than they have been hit thus far. Additionally, we will take out easily destroyable targets that will make it virtually impossible for Iran to ever be built back, as a Nation, again — Death, Fire, and Fury will reign upon them — But I hope, and pray, that it does not happen! This is a gift from the United States of America to China, and all of those Nations that heavily use the Hormuz Strait. Hopefully, it is a gesture that will be greatly appreciated. Thank you for your attention to this matter! President DONALD J. TRUMP",https://truthsocial.com/@realDonaldTrump/posts/116202054617775180,2026-03-10 00:30:40.041000+00:00,48204,17:30,2026-03-09,0.0,True,ucsb,125,"['hormuz', 'iran', 'oil']",['strait'],True,True,True,False,False,123
116206575952434485,,,"If Iran has put out any mines in the Hormuz Strait, and we have no reports of them doing so, we want them removed, IMMEDIATELY! If for any reason mines were placed, and they are not removed forthwith, the Military consequences to Iran will be at a level never seen before. If, on the other hand, they remove what may have been placed, it will be a giant step in the right direction! President DONALD J. TRUMP",https://truthsocial.com/@realDonaldTrump/posts/116206575952434485,2026-03-10 19:40:30.133000+00:00,38197,,,0.0006,True,cnn,77,"['hormuz', 'iran']","['military', 'mines', 'strait']",True,True,True,False,True,124
116206683370194686,2026-03-10,13:07,"If Iran has put out any mines in the Hormuz Strait, and we have no reports of them doing so, we want them removed, IMMEDIATELY! If for any reason mines were placed, and they are not removed forthwith, the Military consequences to Iran will be at a level never seen before. If, on the other hand, they remove what may have been placed, it will be a giant step in the right direction! Additionally, we are using the same Technology and Missile capabilities deployed against Drug Traffickers to permanently eliminate any boat or ship attempting to mine the Hormuz Strait. They will be dealt with quickly and violently. BEWARE! President DONALD J. TRUMP",https://truthsocial.com/@realDonaldTrump/posts/116206683370194686,2026-03-10 20:07:49.198000+00:00,34558,13:07,2026-03-10,0.0,True,ucsb,113,"['hormuz', 'iran']","['military', 'mine', 'mines', 'strait']",True,True,True,False,False,124
116206958726200848,2026-03-10,14:17,"America is returning to REAL ENERGY DOMINANCE! Today I am proud to announce that America First Refining is opening the FIRST new U.S. Oil Refinery in 50 YEARS in Brownsville, Texas. THIS IS A HISTORIC $300 BILLION DOLLAR DEAL — THE BIGGEST IN U.S. HISTORY, A MASSIVE WIN for American Workers, Energy, and the GREAT People of South Texas! Thank you to our partners in India, and their largest privately held Energy Company, Reliance, for this tremendous Investment. It is because of our America First Agenda, streamlining Permits, and lowering Taxes, that have attracted Billions of Dollars in Deals coming back to our Nation. A new Refinery at the Port of Brownsville, will fuel U.S. Markets, strengthen our National Security, boost American Energy production, deliver Billions of Dollars in Economic impact, and will be THE CLEANEST REFINERY IN THE WORLD. It will power Global Exports, and bring THOUSANDS of long overdue Jobs and Growth to a Region that deserves it. This is what AMERICAN ENERGY DOMINANCE looks like. AMERICA FIRST, ALWAYS!",https://truthsocial.com/@realDonaldTrump/posts/116206958726200848,2026-03-10 21:17:50.797000+00:00,48656,14:17,2026-03-10,0.0,True,ucsb,171,"['fuel', 'oil']","['port', 'refinery']",True,True,True,False,True,125
116207821606085249,2026-03-10,17:57,52% of US Likely Voters support Trump's decision to strike Iran: Poll: justthenews.com/politics-polic,https://truthsocial.com/@realDonaldTrump/posts/116207821606085249,2026-03-11 00:57:17.299000+00:00,57985,17:57,2026-03-10,0.0,True,ucsb,13,['iran'],['strike'],True,True,True,True,True,126
116216383667242591,2026-03-12,06:14,"The United States is the largest Oil Producer in the World, by far, so when oil prices go up, we make a lot of money. BUT, of far greater interest and importance to me, as President, is stoping an evil Empire, Iran, from having Nuclear Weapons, and destroying the Middle East and, indeed, the World. I won't ever let that happen! Thank you for your attention to this matter. President DONALD J. TRUMP",https://truthsocial.com/@realDonaldTrump/posts/116216383667242591,2026-03-12 13:14:43.985000+00:00,1631,06:14,2026-03-12,0.0,True,ucsb,73,"['iran', 'oil']",['nuclear'],True,True,True,True,True,127
116219996530067941,2026-03-12,21:33,"We are totally destroying the terrorist regime of Iran, militarily, economically, and otherwise, yet, if you read the Failing New York Times, you would incorrectly think that we are not winning. Iran's Navy is gone, their Air Force is no longer, missiles, drones and everything else are being decimated, and their leaders have been wiped from the face of the earth. We have unparalleled firepower, unlimited ammunition, and plenty of time - Watch what happens to these deranged scumbags today. They've been killing innocent people all over the world for 47 years, and now I, as the 47th President of the United States of America, am killing them. What a great honor it is to do so! Thank you for your attention to this matter. President DONALD J. TRUMP",https://truthsocial.com/@realDonaldTrump/posts/116219996530067941,2026-03-13 04:33:31.896000+00:00,51685,21:33,2026-03-12,0.0,True,ucsb,129,['iran'],"['drones', 'navy']",True,True,True,False,True,128
116224324444349237,2026-03-13,15:54,"Moments ago, at my direction, the United States Central Command executed one of the most powerful bombing raids in the History of the Middle East, and totally obliterated every MILITARY target in Iran's crown jewel, Kharg Island. Our Weapons are the most powerful and sophisticated that the World has ever known but, for reasons of decency, I have chosen NOT to wipe out the Oil Infrastructure on the Island. However, should Iran, or anyone else, do anything to interfere with the Free and Safe Passage of Ships through the Strait of Hormuz, I will immediately reconsider this decision. During my First Term, and currently, I rebuilt our Military into the Most Lethal, Powerful, and Effective Force, by far, anywhere in the World. Iran has NO ability to defend anything that we want to attack — There is nothing they can do about it! Iran will NEVER have a nuclear weapon, nor will it have the ability to threaten the United States of America, the Middle East or, for that matter, the World! Iran's Military, and all others involved with this Terrorist Regime, would be wise to lay down their arms, and save what's left of their country, which isn't much! Thank you for your attention to this matter. President DONALD J. TRUMP",https://truthsocial.com/@realDonaldTrump/posts/116224324444349237,2026-03-13 22:54:10.627000+00:00,58165,15:54,2026-03-13,0.0,True,ucsb,212,"['hormuz', 'iran', 'oil']","['attack', 'military', 'nuclear', 'obliterated', 'strait']",True,True,True,False,True,129
116224518730089644,2026-03-13,16:43,"Iran had plans of taking over the entire Middle East, and completely obliterating Israel. JUST LIKE IRAN ITSELF, THOSE PLANS ARE NOW DEAD! President DONALD J. TRUMP",https://truthsocial.com/@realDonaldTrump/posts/116224518730089644,2026-03-13 23:43:35.193000+00:00,1196,16:43,2026-03-13,0.0,True,ucsb,27,['iran'],['obliterating'],True,True,True,False,True,130
116224689504709938,,,"RT ago, at my direction, the United States Central Command executed one of the most powerful bombing raids in the History of the Middle East, and totally obliterated every MILITARY target in Iran's crown jewel, Kharg Island. Our Weapons are the most powerful and sophisticated that the World has ever known but, for reasons of decency, I have chosen NOT to wipe out the Oil Infrastructure on the Island. However, should Iran, or anyone else, do anything to interfere with the Free and Safe Passage of Ships through the Strait of Hormuz, I will immediately reconsider this decision. During my First Term, and currently, I rebuilt our Military into the Most Lethal, Powerful, and Effective Force, by far, anywhere in the World. Iran has NO ability to defend anything that we want to attack — There is nothing they can do about it! Iran will NEVER have a nuclear weapon, nor will it have the ability to threaten the United States of America, the Middle East or, for that matter, the World! Iran's Military, and all others involved with this Terrorist Regime, would be wise to lay down their arms, and save what's left of their country, which isn't much! Thank you for your attention to this matter. President DONALD J. TRUMP",https://truthsocial.com/@realDonaldTrump/posts/116224689504709938,2026-03-14 00:27:01.006000+00:00,60722,,,1.6666666666666667e-05,True,cnn,212,"['hormuz', 'iran', 'oil']","['attack', 'military', 'nuclear', 'obliterated', 'strait']",True,True,True,False,True,131
116224689822209648,,,"RT had plans of taking over the entire Middle East, and completely obliterating Israel. JUST LIKE IRAN ITSELF, THOSE PLANS ARE NOW DEAD! President DONALD J. TRUMP",https://truthsocial.com/@realDonaldTrump/posts/116224689822209648,2026-03-14 00:27:05.851000+00:00,38512,,,1.6666666666666667e-05,True,cnn,27,['iran'],['obliterating'],True,True,True,False,False,131
116224969438347868,,,"RT ago, at my direction, the United States Central Command executed one of the most powerful bombing raids in the History of the Middle East, and totally obliterated every MILITARY target in Iran's crown jewel, Kharg Island. Our Weapons are the most powerful and sophisticated that the World has ever known but, for reasons of decency, I have chosen NOT to wipe out the Oil Infrastructure on the Island. However, should Iran, or anyone else, do anything to interfere with the Free and Safe Passage of Ships through the Strait of Hormuz, I will immediately reconsider this decision. During my First Term, and currently, I rebuilt our Military into the Most Lethal, Powerful, and Effective Force, by far, anywhere in the World. Iran has NO ability to defend anything that we want to attack — There is nothing they can do about it! Iran will NEVER have a nuclear weapon, nor will it have the ability to threaten the United States of America, the Middle East or, for that matter, the World! Iran's Military, and all others involved with this Terrorist Regime, would be wise to lay down their arms, and save what's left of their country, which isn't much! Thank you for your attention to this matter. President DONALD J. TRUMP",https://truthsocial.com/@realDonaldTrump/posts/116224969438347868,2026-03-14 01:38:12.455000+00:00,16988,,,3.3333333333333335e-05,True,cnn,212,"['hormuz', 'iran', 'oil']","['attack', 'military', 'nuclear', 'obliterated', 'strait']",True,True,True,False,True,132
116224969784331828,,,"RT had plans of taking over the entire Middle East, and completely obliterating Israel. JUST LIKE IRAN ITSELF, THOSE PLANS ARE NOW DEAD! President DONALD J. TRUMP",https://truthsocial.com/@realDonaldTrump/posts/116224969784331828,2026-03-14 01:38:17.734000+00:00,36404,,,5e-05,True,cnn,27,['iran'],['obliterating'],True,True,True,False,False,132
116225502010036899,2026-03-13,20:53,"The Fake News Media hates to report how well the United States Military has done against Iran, which is totally defeated and wants a deal - But not a deal that I would accept! Thank you for your attention to this matter. President DJT",https://truthsocial.com/@realDonaldTrump/posts/116225502010036899,2026-03-14 03:53:38.854000+00:00,21155,20:53,2026-03-13,0.0,True,ucsb,44,['iran'],['military'],True,True,True,True,True,133
116227789768118115,2026-03-14,06:35,"Yet again, an intentionally misleading headline by the Fake News Media about the five tanker planes that were supposedly struck down at an Airport in Saudi Arabia, and of no further use. In actuality, the Base was hit a few days ago, but the planes were not ""struck"" or ""destroyed."" Four of the five had virtually no damage, and are already back in service. One had slightly more damage, but will be in the air shortly. None were destroyed, or close to that, as the Fake News said in headlines. The New York Times and The Wall Street Journal (in particular), and other Lowlife ""Papers"" and Media actually want us to lose the War. Their terrible reporting is the exact opposite of the actual facts! They are truly sick and demented people that have no idea the damage they cause the United States of America. Fortunately, as proven by our Great and Conclusive Election Win in 2024, the People of our Country understand what is happening far better than the Fake News Media! President DONALD J. TRUMP",https://truthsocial.com/@realDonaldTrump/posts/116227789768118115,2026-03-14 13:35:27.272000+00:00,20323,06:35,2026-03-14,0.0,True,ucsb,177,['saudi'],"['destroyed', 'tanker']",True,True,True,False,True,134
116227904143399817,2026-03-14,07:04,"Many Countries, especially those who are affected by Iran's attempted closure of the Hormuz Strait, will be sending War Ships, in conjunction with the United States of America, to keep the Strait open and safe. We have already destroyed 100% of Iran's Military capability, but it's easy for them to send a drone or two, drop a mine, or deliver a close range missile somewhere along, or in, this Waterway, no matter how badly defeated they are. Hopefully China, France, Japan, South Korea, the UK, and others, that are affected by this artificial constraint, will send Ships to the area so that the Hormuz Strait will no longer be a threat by a Nation that has been totally decapitated. In the meantime, the United States will be bombing the hell out of the shoreline, and continually shooting Iranian Boats and Ships out of the water. One way or the other, we will soon get the Hormuz Strait OPEN, SAFE, and FREE! President DONALD J. TRUMP",https://truthsocial.com/@realDonaldTrump/posts/116227904143399817,2026-03-14 14:04:32.500000+00:00,39817,07:04,2026-03-14,0.0,True,ucsb,165,"['hormuz', 'iran', 'iranian']","['destroyed', 'drone', 'military', 'mine', 'strait', 'waterway']",True,True,True,False,False,134
116229058692001771,2026-03-14,11:58,"The United States of America has beaten and completely decimated Iran, both Militarily, Economically, and in every other way, but the Countries of the World that receive Oil through the Hormuz Strait must take care of that passage, and we will help — A LOT! The U.S. will also coordinate with those Countries so that everything goes quickly, smoothly, and well. This should have always been a team effort, and now it will be — It will bring the World together toward Harmony, Security, and Everlasting Peace! President DONALD J. TRUMP",https://truthsocial.com/@realDonaldTrump/posts/116229058692001771,2026-03-14 18:58:09.514000+00:00,12267,11:58,2026-03-14,0.0,True,ucsb,91,"['hormuz', 'iran', 'oil']",['strait'],True,True,True,False,True,135
116229166794959253,2026-03-14,12:25,McLaughlin: Strong Majority Backs Trump in Stopping Iran's Nuclear Ambitions: newsmax.com/mclaughlin/cable-n,https://truthsocial.com/@realDonaldTrump/posts/116229166794959253,2026-03-14 19:25:39.034000+00:00,27029,12:25,2026-03-14,0.0,True,ucsb,11,['iran'],['nuclear'],True,True,True,True,False,135
116235861005528220,2026-03-15,16:48,"Iran has long been known as a Master of Media Manipulation and Public Relations. They are Militarily ineffective and weak, but are really good at ""feeding"" the very appreciative Fake News Media false information. Now, A.I. has become another Disinformation weapon that Iran uses, quite well, considering they are being annihilated by the day. They showed phony ""Kamikaze Boats,"" shooting at various Ships at Sea, which looks wonderful, powerful, and vicious, but these Boats don't exist — It's all false information to show how ""tough"" their already defeated Military is! The five U.S. Refueling Planes that were supposedly struck down and badly damaged, according to The Wall Street Journal's false reporting, and others, are all in service, with the exception of one, which will soon be flying the skies. Buildings and Ships that are shown to be on fire are not — It's FAKE NEWS, generated by A.I. For instance, Iran, working in close coordination with the Fake News Media, shows our great USS Abraham Lincoln Aircraft Carrier, one of the largest and most prestigious Ships in the World, burning uncontrollably in the Ocean. Not only was it not burning, it was not even shot at — Iran knows better than to do that! The story was knowingly FAKE and, in a certain way, you can say that those Media Outlets that generated it should be brought up on Charges for TREASON for the dissemination of false information! The fact is, Iran is being decimated, and the only battles they ""win"" are those that they create through AI, and are distributed by Corrupt Media Outlets. The Radical Leftwing Press knows this full well, but continues to go forward with false stories and LIES. That's why their Approval Rating is so low, and I can win a Presidential Election, IN A LANDSLIDE, getting only 5% positive Press — They have no credibility! I am so thrilled to see Brendan Carr, the Chairman of the Federal Communications Commission (FCC), looking at the licenses of some of these Corrupt and Highly Unpatriotic ""News"" Organizations. They get Billions of Dollars of FREE American Airwaves, and use it to perpetuate LIES, both in News and almost all of their Shows, including the Late Night Morons, who get gigantic Salaries for horrible Ratings, and never get, as I used to say in The Apprentice, ""FIRED."" Thank you for your attention to this matter! President DONALD J. TRUMP",https://truthsocial.com/@realDonaldTrump/posts/116235861005528220,2026-03-15 23:48:04.581000+00:00,27804,16:48,2026-03-15,0.0,True,ucsb,401,['iran'],['military'],True,True,True,True,True,136
116236498017197393,2026-03-15,19:30,"Mark Levin, a truly Great American Patriot, is somewhat under siege by other people with far less Intellect, Capability, and Love for our Country. Mark is Tough, Strong, and Brilliant, hence the nickname, ""THE GREAT ONE,"" conceived by our MAGA friend, the wonderful Sean Hannity, after years of dealing with Mark in Legal, Media, and other capacities. Mark would often do Sean's show, speaking as a lawyer, and Sean realized then, as did others, that he was special. Mark Levin was not looking to do Television, Radio, or anything else, but he was drafted by very smart people who understood that there are few like him. He is a true Conservative, and Intellect, far smarter than those who criticize him but, above all, he is a man of Great Wisdom and Common Sense who truly loves our Country. When you hear others unfairly attack Mark, remember that they are jealous and angry Human Beings, whose ""sway"" is much less than the Public understands, and will, now that they know where I stand, rapidly diminish. Other than for his wonderful wife and family, Mark Levin only cares and wants one thing, GREATNESS AND SUCCESS FOR AMERICA! Those that speak ill of Mark will quickly fall by the wayside, as do the people whose ideas, policies, and footings are not sound. THEY ARE NOT MAGA, I AM, and MAGA includes not allowing Iran, a Sick, Demented, and Violent Terrorist Regime, to have a Nuclear Weapon to blow up the United States of America, the Middle East and, ultimately, the rest of the World. MAGA is about stopping them cold, and that is exactly what we are doing. GOD BLESS OUR GREAT MILITARY, WHICH I HAVE REBUILT SINCE THE BEGINNING OF MY FIRST TERM, TO ACHIEVE EVERLASTING PEACE THROUGH STRENGTH. MAKE AMERICA GREAT AGAIN! Thank you for your attention to this matter. President DONALD J. TRUMP",https://truthsocial.com/@realDonaldTrump/posts/116236498017197393,2026-03-16 02:30:04.608000+00:00,7505,19:30,2026-03-15,0.0,True,ucsb,313,['iran'],"['attack', 'military', 'nuclear']",True,True,True,True,True,137
116245182325726375,2026-03-17,08:18,"The United States has been informed by most of our NATO ""Allies"" that they don't want to get involved with our Military Operation against the Terrorist Regime of Iran, in the Middle East, this, despite the fact that almost every Country strongly agreed with what we are doing, and that Iran cannot, in any way, shape, or form, be allowed to have a Nuclear Weapon. I am not surprised by their action, however, because I always considered NATO, where we spend Hundreds of Billions of Dollars per year protecting these same Countries, to be a one way street — We will protect them, but they will do nothing for us, in particular, in a time of need. Fortunately, we have decimated Iran's Military — Their Navy is gone, their Air Force is gone, their Anti-Aircraft and Radar is gone and perhaps, most importantly, their Leaders, at virtually every level, are gone, never to threaten us, our Middle Eastern Allies, or the World, again! Because of the fact that we have had such Military Success, we no longer ""need,"" or desire, the NATO Countries' assistance — WE NEVER DID! Likewise, Japan, Australia, or South Korea. In fact, speaking as President of the United States of America, by far the Most Powerful Country Anywhere in the World, WE DO NOT NEED THE HELP OF ANYONE! Thank you for your attention to this matter. President DONALD J. TRUMP",https://truthsocial.com/@realDonaldTrump/posts/116245182325726375,2026-03-17 15:18:36.640000+00:00,7335,08:18,2026-03-17,0.0,True,ucsb,235,['iran'],"['military', 'navy', 'nuclear']",True,True,True,False,True,138
116250203405172359,2026-03-18,05:35,"I wonder what would happen if we ""finished off"" what's left of the Iranian Terror State, and let the Countries that use it, we don't, be responsible for the so called ""Strait?"" That would get some of our non-responsive ""Allies"" in gear, and fast!!! President DJT",https://truthsocial.com/@realDonaldTrump/posts/116250203405172359,2026-03-18 12:35:32.232000+00:00,16007,05:35,2026-03-18,0.0,True,ucsb,46,['iranian'],['strait'],True,True,True,False,True,139
116250236426568567,2026-03-18,05:43,US allies need to get a grip – step up and help open the Strait of Hormuz: nypost.com/2026/03/17/opinion/,https://truthsocial.com/@realDonaldTrump/posts/116250236426568567,2026-03-18 12:43:56.098000+00:00,50039,05:43,2026-03-18,0.0,True,ucsb,18,['hormuz'],['strait'],True,True,True,False,False,139
116253388303392718,2026-03-18,19:05,"Israel, out of anger for what has taken place in the Middle East, has violently lashed out at a major facility known as South Pars Gas Field in Iran. A relatively small section of the whole has been hit. The United States knew nothing about this particular attack, and the country of Qatar was in no way, shape, or form, involved with it, nor did it have any idea that it was going to happen. Unfortunately, Iran did not know this, or any of the pertinent facts pertaining to the South Pars attack, and unjustifiably and unfairly attacked a portion of Qatar's LNG Gas facility. NO MORE ATTACKS WILL BE MADE BY ISRAEL pertaining to this extremely important and valuable South Pars Field unless Iran unwisely decides to attack a very innocent, in this case, Qatar - In which instance the United States of America, with or without the help or consent of Israel, will massively blow up the entirety of the South Pars Gas Field at an amount of strength and power that Iran has never seen or witnessed before. I do not want to authorize this level of violence and destruction because of the long term implications that it will have on the future of Iran, but if Qatar's LNG is again attacked, I will not hesitate to do so. Thank you for your attention to this matter. President DONALD J. TRUMP",https://truthsocial.com/@realDonaldTrump/posts/116253388303392718,2026-03-19 02:05:29.922000+00:00,24526,19:05,2026-03-18,0.0,True,ucsb,234,['iran'],"['attack', 'attacked']",True,True,True,False,True,140
116253527175738987,2026-03-18,19:40,Graham tears into European allies over Strait of Hormuz reluctance: thehill.com/homenews/senate/57,https://truthsocial.com/@realDonaldTrump/posts/116253527175738987,2026-03-19 02:40:48.946000+00:00,13931,19:40,2026-03-18,0.0,True,ucsb,11,['hormuz'],['strait'],True,True,True,False,True,141
116261796648776538,2026-03-20,06:43,"Without the U.S.A., NATO IS A PAPER TIGER! They didn't want to join the fight to stop a Nuclear Powered Iran. Now that fight is Militarily WON, with very little danger for them, they complain about the high oil prices they are forced to pay, but don't want to help open the Strait of Hormuz, a simple military maneuver that is the single reason for the high oil prices. So easy for them to do, with so little risk. COWARDS, and we will REMEMBER! President DONALD J. TRUMP",https://truthsocial.com/@realDonaldTrump/posts/116261796648776538,2026-03-20 13:43:51.090000+00:00,62298,06:43,2026-03-20,0.0,True,ucsb,88,"['hormuz', 'iran', 'oil']","['military', 'nuclear', 'strait']",True,True,True,False,True,142
116263563453969628,2026-03-20,14:13,"We are getting very close to meeting our objectives as we consider winding down our great Military efforts in the Middle East with respect to the Terrorist Regime of Iran: (1) Completely degrading Iranian Missile Capability, Launchers, and everything else pertaining to them. (2) Destroying Iran's Defense Industrial Base. (3) Eliminating their Navy and Air Force, including Anti Aircraft Weaponry. (4) Never allowing Iran to get even close to Nuclear Capability, and always being in a position where the U.S.A. can quickly and powerfully react to such a situation, should it take place. (5) Protecting, at the highest level, our Middle Eastern Allies, including Israel, Saudi Arabia, Qatar, the United Arab Emirates, Bahrain, Kuwait, and others. The Hormuz Strait will have to be guarded and policed, as necessary, by other Nations who use it — The United States does not! If asked, we will help these Countries in their Hormuz efforts, but it shouldn't be necessary once Iran's threat is eradicated. Importantly, it will be an easy Military Operation for them. Thank you for your attention to this matter! President DONALD J. TRUMP",https://truthsocial.com/@realDonaldTrump/posts/116263563453969628,2026-03-20 21:13:10.398000+00:00,46300,14:13,2026-03-20,0.0,True,ucsb,183,"['hormuz', 'iran', 'iranian', 'saudi']","['military', 'navy', 'nuclear', 'strait']",True,True,True,False,True,143
116269555618597105,2026-03-21,15:37,"The United States has blown Iran off of the map, and yet their lightweight analyst, David Sanger, says that I haven't met my own goals. Yes I have, and weeks ahead of schedule! Their leadership is gone, their navy and air force are dead, they have absolutely no defense, and they want to make a deal. I don't! We are weeks ahead of schedule. Just like their incompetent Election coverage of me, The Failing New York Times always gets it wrong! President DJT",https://truthsocial.com/@realDonaldTrump/posts/116269555618597105,2026-03-21 22:37:03.574000+00:00,51441,15:37,2026-03-21,0.0,True,ucsb,83,['iran'],['navy'],True,True,True,False,True,144
116269822349947644,2026-03-21,16:44,"If Iran doesn't FULLY OPEN, WITHOUT THREAT, the Strait of Hormuz, within 48 HOURS from this exact point in time, the United States of America will hit and obliterate their various POWER PLANTS, STARTING WITH THE BIGGEST ONE FIRST! Thank you for your attention to this matter. President DONALD J. TRUMP",https://truthsocial.com/@realDonaldTrump/posts/116269822349947644,2026-03-21 23:44:53.572000+00:00,13052,16:44,2026-03-21,0.0,True,ucsb,51,"['hormuz', 'iran']","['obliterate', 'strait']",True,True,True,False,True,145
116278232362967212,2026-03-23,04:23,"I AM PLEASED TO REPORT THAT THE UNITED STATES OF AMERICA, AND THE COUNTRY OF IRAN, HAVE HAD, OVER THE LAST TWO DAYS, VERY GOOD AND PRODUCTIVE CONVERSATIONS REGARDING A COMPLETE AND TOTAL RESOLUTION OF OUR HOSTILITIES IN THE MIDDLE EAST. BASED ON THE TENOR AND TONE OF THESE IN DEPTH, DETAILED, AND CONSTRUCTIVE CONVERSATIONS, WHICH WILL CONTINUE THROUGHOUT THE WEEK, I HAVE INSTRUCTED THE DEPARTMENT OF WAR TO POSTPONE ANY AND ALL MILITARY STRIKES AGAINST IRANIAN POWER PLANTS AND ENERGY INFRASTRUCTURE FOR A FIVE DAY PERIOD, SUBJECT TO THE SUCCESS OF THE ONGOING MEETINGS AND DISCUSSIONS. THANK YOU FOR YOUR ATTENTION TO THIS MATTER! PRESIDENT DONALD J. TRUMP",https://truthsocial.com/@realDonaldTrump/posts/116278232362967212,2026-03-23 11:23:40.186000+00:00,57516,04:23,2026-03-23,0.0,True,ucsb,109,"['iran', 'iranian']","['military', 'strikes']",True,True,True,True,True,146
116278963291413739,,,"RT AM PLEASED TO REPORT THAT THE UNITED STATES OF AMERICA, AND THE COUNTRY OF IRAN, HAVE HAD, OVER THE LAST TWO DAYS, VERY GOOD AND PRODUCTIVE CONVERSATIONS REGARDING A COMPLETE AND TOTAL RESOLUTION OF OUR HOSTILITIES IN THE MIDDLE EAST. BASED ON THE TENOR AND TONE OF THESE IN DEPTH, DETAILED, AND CONSTRUCTIVE CONVERSATIONS, WHICH WILL CONTINUE THROUGHOUT THE WEEK, I HAVE INSTRUCTED THE DEPARTMENT OF WAR TO POSTPONE ANY AND ALL MILITARY STRIKES AGAINST IRANIAN POWER PLANTS AND ENERGY INFRASTRUCTURE FOR A FIVE DAY PERIOD, SUBJECT TO THE SUCCESS OF THE ONGOING MEETINGS AND DISCUSSIONS. THANK YOU FOR YOUR ATTENTION TO THIS MATTER! PRESIDENT DONALD J. TRUMP",https://truthsocial.com/@realDonaldTrump/posts/116278963291413739,2026-03-23 14:29:33.269000+00:00,56555,,,5e-05,True,cnn,109,"['iran', 'iranian']","['military', 'strikes']",True,True,True,True,True,147
116290528260288417,2026-03-25,08:30,"The Radical Left, Country Hating Democrats are trying to create inner chaos to take away from the great military achievement we are having in Iran. They hate seeing us WIN so completely and decisively, but the American public sees what is going on. AMERICA FIRST! President DJT",https://truthsocial.com/@realDonaldTrump/posts/116290528260288417,2026-03-25 15:30:40.690000+00:00,28577,08:30,2026-03-25,0.0,True,ucsb,47,['iran'],['military'],True,True,True,True,True,148
116290846597255331,2026-03-25,09:51,"Speaker of the House Mike Johnson and Senate Majority Leader John Thune have been working to pass a clean extension of FISA Section 702, a Law that was passed many years ago by Congress to collect Intelligence on Foreigners and Noncitizens. When used properly, FISA is an effective tool to keep Americans safe. For these reasons, I have called for a clean 18-month extension, HOWEVER, the Critical and Common Sense Reforms that were made in the last Reauthorization of FISA must remain intact to protect the American People from abuses. Nobody understands this better than me, as I was a victim of the worst and most illegal abuse of FISA in our Nation's History, by Radical Left Lunatics who lied to the FISA Court to spy on my 2016 Presidential Campaign in their attempt to RIG the Election in favor of Crooked Hillary Clinton. That is why, since the first day of my already Historic Second Term, my Administration has worked tirelessly to ensure these Reforms are being aggressively executed at every level of the Executive Branch to keep Americans safe, while protecting their sacred Civil Liberties guaranteed by our Great Constitution. With the ongoing successful Military activities against the Terrorist Iranian Regime, it is more important than ever that we remain vigilant, PROTECT our Homeland, Troops, and Diplomats stationed abroad, and maintain our ability to quickly stop bad actors seeking to cause harm to our People and our Country. The fact is, whether you like FISA or not, it is extremely important to our Military. I have spoken to many Generals about this, and they consider it vital. Not one said, even tacitly, that they can do without it — especially right now with our brilliant Military Operation in Iran. Thank you for your attention to this very important matter! President DONALD J. TRUMP",https://truthsocial.com/@realDonaldTrump/posts/116290846597255331,2026-03-25 16:51:38.127000+00:00,4259,09:51,2026-03-25,0.0,True,ucsb,305,"['iran', 'iranian']",['military'],True,True,True,True,True,149
116291185984825094,2026-03-25,11:17,"My meeting with the Highly Respected President of China, President Xi Jinping, which was originally postponed due to our Military operation in Iran, has been rescheduled, and will take place in Beijing on May 14th and 15th. First Lady Melania and I will also host President Xi and Madame Peng for a reciprocal visit in Washington, D.C., at a later date, this year. Our Representatives are finalizing preparations for these Historic Visits. I look very much forward to spending time with President Xi in what will be, I am sure, a Monumental Event. Thank you for your attention to this matter! President DONALD J. TRUMP",https://truthsocial.com/@realDonaldTrump/posts/116291185984825094,2026-03-25 18:17:56.770000+00:00,26374,11:17,2026-03-25,0.0,True,ucsb,105,['iran'],['military'],True,True,True,True,True,150
116294904600996329,,,"RT Radical Left, Country Hating Democrats are trying to create inner chaos to take away from the great military achievement we are having in Iran. They hate seeing us WIN so completely and decisively, but the American public sees what is going on. AMERICA FIRST! President DJT",https://truthsocial.com/@realDonaldTrump/posts/116294904600996329,2026-03-26 10:03:38.350000+00:00,10729,,,3.3333333333333335e-05,True,cnn,47,['iran'],['military'],True,True,True,True,True,151
116295045718240014,2026-03-26,03:39,"The Iranian negotiators are very different and ""strange."" They are ""begging"" us to make a deal, which they should be doing since they have been militarily obliterated, with zero chance of a comeback, and yet they publicly state that they are only ""looking at our proposal."" WRONG!!! They better get serious soon, before it is too late, because once that happens, there is NO TURNING BACK, and it won't be pretty! President DJT",https://truthsocial.com/@realDonaldTrump/posts/116295045718240014,2026-03-26 10:39:31.628000+00:00,27406,03:39,2026-03-26,0.0,True,ucsb,73,['iranian'],['obliterated'],True,True,True,False,True,152
116302505060458396,2026-03-27,11:16,Going to make a big speech on economics in Miami. Our Military Operation in Iran is going GREAT! President DJT,https://truthsocial.com/@realDonaldTrump/posts/116302505060458396,2026-03-27 18:16:32.157000+00:00,57244,11:16,2026-03-27,0.0,True,ucsb,20,['iran'],['military'],True,True,True,True,True,153
116315768155415029,2026-03-29,19:29,"Big day in Iran. Many long sought after targets have been taken out and destroyed by our GREAT MILITARY, the finest and most lethal in the World. God bless you all! President DJT",https://truthsocial.com/@realDonaldTrump/posts/116315768155415029,2026-03-30 02:29:30.926000+00:00,8693,19:29,2026-03-29,0.0,True,ucsb,33,['iran'],"['destroyed', 'military']",True,True,True,False,True,154
116317880658472708,2026-03-30,04:26,"The United States of America is in serious discussions with A NEW, AND MORE REASONABLE, REGIME to end our Military Operations in Iran. Great progress has been made but, if for any reason a deal is not shortly reached, which it probably will be, and if the Hormuz Strait is not immediately ""Open for Business,"" we will conclude our lovely ""stay"" in Iran by blowing up and completely obliterating all of their Electric Generating Plants, Oil Wells and Kharg Island (and possibly all desalinization plants!), which we have purposefully not yet ""touched."" This will be in retribution for our many soldiers, and others, that Iran has butchered and killed over the old Regime's 47 year ""Reign of Terror."" Thank you for your attention to this matter. President DONALD J. TRUMP",https://truthsocial.com/@realDonaldTrump/posts/116317880658472708,2026-03-30 11:26:45.164000+00:00,44804,04:26,2026-03-30,0.0,True,ucsb,130,"['hormuz', 'iran', 'oil']","['military', 'obliterating', 'strait']",True,True,True,False,True,155
116323481956698353,2026-03-31,04:11,"All of those countries that can't get jet fuel because of the Strait of Hormuz, like the United Kingdom, which refused to get involved in the decapitation of Iran, I have a suggestion for you: Number 1, buy from the U.S., we have plenty, and Number 2, build up some delayed courage, go to the Strait, and just TAKE IT. You'll have to start learning how to fight for yourself, the U.S.A. won't be there to help you anymore, just like you weren't there for us. Iran has been, essentially, decimated. The hard part is done. Go get your own oil! President DJT",https://truthsocial.com/@realDonaldTrump/posts/116323481956698353,2026-03-31 11:11:14.192000+00:00,51441,04:11,2026-03-31,0.0,True,ucsb,103,"['fuel', 'hormuz', 'iran', 'oil']",['strait'],True,True,True,False,True,156
116323516183718262,2026-03-31,04:19,"The Country of France wouldn't let planes headed to Israel, loaded up with military supplies, fly over French territory. France has been VERY UNHELPFUL with respect to the ""Butcher of Iran,"" who has been successfully eliminated! The U.S.A. will REMEMBER!!! President DJT",https://truthsocial.com/@realDonaldTrump/posts/116323516183718262,2026-03-31 11:19:56.455000+00:00,43382,04:19,2026-03-31,0.0,True,ucsb,42,['iran'],['military'],True,True,True,True,False,156
116329512466946656,2026-04-01,05:44,"Iran's New Regime President, much less Radicalized and far more intelligent than his predecessors, has just asked the United States of America for a CEASEFIRE! We will consider when Hormuz Strait is open, free, and clear. Until then, we are blasting Iran into oblivion or, as they say, back to the Stone Ages!!! President DJT",https://truthsocial.com/@realDonaldTrump/posts/116329512466946656,2026-04-01 12:44:52.476000+00:00,39520,05:44,2026-04-01,0.0,True,ucsb,55,"['hormuz', 'iran']",['strait'],True,True,True,False,True,157
116338464010194156,2026-04-02,19:41,"Our Military, the greatest and most powerful (by far!) anywhere in the World, hasn't even started destroying what's left in Iran. Bridges next, then Electric Power Plants! New Regime leadership knows what has to be done, and has to be done, FAST! President DONALD J.TRUMP",https://truthsocial.com/@realDonaldTrump/posts/116338464010194156,2026-04-03 02:41:22.186000+00:00,52460,19:41,2026-04-02,0.0,True,ucsb,45,['iran'],['military'],True,True,True,True,True,158
116340751005894827,2026-04-03,05:22,"With a little more time, we can easily OPEN THE HORMUZ STRAIT, TAKE THE OIL, & MAKE A FORTUNE. IT WOULD BE A ""GUSHER"" FOR THE WORLD??? President DONALD J. TRUMP",https://truthsocial.com/@realDonaldTrump/posts/116340751005894827,2026-04-03 12:22:58.971000+00:00,51371,05:22,2026-04-03,0.0,True,ucsb,31,"['hormuz', 'oil']",['strait'],True,True,True,False,True,159
116346686438015338,2026-04-04,06:32,"Not only were the jobs numbers GREAT yesterday, 178,000 new jobs, but the TRADE DEFICIT was down 55%, the biggest drop in history. THANK YOU MR. TARIFF! All of this and, simultaneously, getting rid of a Nuclear Iran. MAGA!!!",https://truthsocial.com/@realDonaldTrump/posts/116346686438015338,2026-04-04 13:32:26.478000+00:00,33130,06:32,2026-04-04,0.0,True,ucsb,39,['iran'],"['nuclear', 'tariff']",True,True,True,False,True,160
116346816254869135,2026-04-04,07:05,Remember when I gave Iran ten days to MAKE A DEAL or OPEN UP THE HORMUZ STRAIT. Time is running out - 48 hours before all Hell will reign down on them. Glory be to GOD! President DONALD J. TRUMP,https://truthsocial.com/@realDonaldTrump/posts/116346816254869135,2026-04-04 14:05:27.326000+00:00,32399,07:05,2026-04-04,0.0,True,ucsb,40,"['hormuz', 'iran']",['strait'],True,True,True,False,True,161
116348358117196662,2026-04-04,13:37,"Many of Iran's Military Leaders, who have led them poorly and unwisely, are terminated, along with much else, with this massive strike in Tehran! President DONALD J. TRUMP Video:",https://truthsocial.com/@realDonaldTrump/posts/116348358117196662,2026-04-04 20:37:34.278000+00:00,33654,13:37,2026-04-04,0.0,True,ucsb,29,"['iran', 'tehran']","['military', 'strike']",True,True,True,True,True,162
116350133044957842,2026-04-04,21:08,"FROM PRESIDENT DONALD J. TRUMP WE GOT HIM! My fellow Americans, over the past several hours, the United States Military pulled off one of the most daring Search and Rescue Operations in U.S. History, for one of our incredible Crew Member Officers, who also happens to be a highly respected Colonel, and who I am thrilled to let you know is now SAFE and SOUND! This brave Warrior was behind enemy lines in the treacherous mountains of Iran, being hunted down by our enemies, who were getting closer and closer by the hour, but was never truly alone because his Commander in Chief, Secretary of War, Chairman of the Joint Chiefs of Staff, and fellow Warfighters were monitoring his location 24 hours a day, and diligently planning for his rescue. At my direction, the U.S. Military sent dozens of aircraft, armed with the most lethal weapons in the World, to retrieve him. He sustained injuries, but he will be just fine. This miraculous Search and Rescue Operation comes in addition to a successful rescue of another brave Pilot, yesterday, which we did not confirm, because we did not want to jeopardize our second rescue operation. This is the first time in military memory that two U.S. Pilots have been rescued, separately, deep in Enemy Territory. WE WILL NEVER LEAVE AN AMERICAN WARFIGHTER BEHIND! The fact that we were able to pull off both of these operations, without a SINGLE American killed, or even wounded, just proves once again, that we have achieved overwhelming Air Dominance and Superiority over the Iranian skies. This is a moment that ALL Americans, Republican, Democrat, and everyone else, should be proud of and united around. We truly have the best, most professional, and lethal Military in the History of the World. GOD BLESS AMERICA, GOD BLESS OUR TROOPS, AND HAPPY EASTER TO ALL!",https://truthsocial.com/@realDonaldTrump/posts/116350133044957842,2026-04-05 04:08:57.526000+00:00,53906,21:08,2026-04-04,0.0,True,ucsb,308,"['iran', 'iranian']",['military'],True,True,True,True,True,163
116351956955900185,2026-04-05,04:52,"We have rescued the seriously wounded, and really brave, F-15 Crew Member/Officer, from deep inside the mountains of Iran. The Iranian Military was looking hard, in big numbers, and getting close. He is a highly respected Colonel. This type of raid is seldom attempted because of the danger to ""man and equipment."" It just doesn't happen! The second raid came after the first one, where we rescued the pilot in broad daylight, also unusual, spending seven hours over Iran. An AMAZING show of bravery and talent by all! I will be having a News Conference, with the Military, at the Oval Office, on Monday, at 1:00 P.M. God Bless our great MILITARY WARRIORS! President DONALD J. TRUMP",https://truthsocial.com/@realDonaldTrump/posts/116351956955900185,2026-04-05 11:52:48.199000+00:00,10521,04:52,2026-04-05,0.0,True,ucsb,117,"['iran', 'iranian']",['military'],True,True,True,True,True,164
116351998782539414,2026-04-05,05:03,"Tuesday will be Power Plant Day, and Bridge Day, all wrapped up in one, in Iran. There will be nothing like it!!! Open the Fuckin' Strait, you crazy bastards, or you'll be living in Hell - JUST WATCH! Praise be to Allah. President DONALD J. TRUMP",https://truthsocial.com/@realDonaldTrump/posts/116351998782539414,2026-04-05 12:03:26.423000+00:00,1686,05:03,2026-04-05,0.0,True,ucsb,46,['iran'],['strait'],True,True,True,False,False,164
116363336033995961,2026-04-07,05:06,"A whole civilization will die tonight, never to be brought back again. I don't want that to happen, but it probably will. However, now that we have Complete and Total Regime Change, where different, smarter, and less radicalized minds prevail, maybe something revolutionarily wonderful can happen, WHO KNOWS? We will find out tonight, one of the most important moments in the long and complex history of the World. 47 years of extortion, corruption, and death, will finally end. God Bless the Great People of Iran!",https://truthsocial.com/@realDonaldTrump/posts/116363336033995961,2026-04-07 12:06:39.151000+00:00,36025,05:06,2026-04-07,0.0,True,ucsb,85,['iran'],['regime change'],True,True,True,False,True,165
116365796713313030,,,"Based on conversations with Prime Minister Shehbaz Sharif and Field Marshal Asim Munir, of Pakistan, and wherein they requested that I hold off the destructive force being sent tonight to Iran, and subject to the Islamic Republic of Iran agreeing to the COMPLETE, IMMEDIATE, and SAFE OPENING of the Strait of Hormuz, I agree to suspend the bombing and attack of Iran for a period of two weeks. This will be a double sided CEASEFIRE! The reason for doing so is that we have already met and exceeded all Military objectives, and are very far along with a definitive Agreement concerning Longterm PEACE with Iran, and PEACE in the Middle East. We received a 10 point proposal from Iran, and believe it is a workable basis on which to negotiate. Almost all of the various points of past contention have been agreed to between the United States and Iran, but a two week period will allow the Agreement to be finalized and consummated. On behalf of the United States of America, as President, and also representing the Countries of the Middle East, it is an Honor to have this Longterm problem close to resolution. Thank you for your attention to this matter! President DONALD J. TRUMP",https://truthsocial.com/@realDonaldTrump/posts/116365796713313030,2026-04-07 22:32:26.138000+00:00,13062,,,0.0,True,cnn,206,"['hormuz', 'iran']","['attack', 'military', 'strait']",True,True,True,False,True,166
116367088879643074,2026-04-07,21:01,"A big day for World Peace! Iran wants it to happen, they've had enough! Likewise, so has everyone else! The United States of America will be helping with the traffic buildup in the Strait of Hormuz. There will be lots of positive action! Big money will be made. Iran can start the reconstruction process. We'll be loading up with supplies of all kinds, and just ""hangin' around"" in order to make sure that everything goes well. I feel confident that it will. Just like we are experiencing in the U.S., this could be the Golden Age of the Middle East!!! President DONALD J. TRUMP",https://truthsocial.com/@realDonaldTrump/posts/116367088879643074,2026-04-08 04:01:03.031000+00:00,43458,21:01,2026-04-07,0.0,True,ucsb,104,"['hormuz', 'iran']",['strait'],True,True,True,False,True,167
116368825638596650,2026-04-08,04:22,"The United States will work closely with Iran, which we have determined has gone through what will be a very productive Regime Change! There will be no enrichment of Uranium, and the United States will, working with Iran, dig up and remove all of the deeply buried (B-2 Bombers) Nuclear ""Dust."" It is now, and has been, under very exacting Satellite Surveillance (Space Force!). Nothing has been touched from the date of attack. We are, and will be, talking Tariff and Sanctions relief with Iran. Many of the 15 points have already been been agreed to. Thank you for your attention to this matter. President DONALD J. TRUMP",https://truthsocial.com/@realDonaldTrump/posts/116368825638596650,2026-04-08 11:22:43.870000+00:00,12330,04:22,2026-04-08,0.0,True,ucsb,108,['iran'],"['attack', 'bombers', 'enrichment', 'nuclear', 'regime change', 'sanctions', 'tariff']",True,True,True,False,True,168
116368854361048135,2026-04-08,04:30,"A Country supplying Military Weapons to Iran will be immediately tariffed, on any and all goods sold to the United States of America, 50%, effective immediately. There will be no exclusions or exemptions! President DJT",https://truthsocial.com/@realDonaldTrump/posts/116368854361048135,2026-04-08 11:30:02.140000+00:00,1095,04:30,2026-04-08,0.0,True,ucsb,35,['iran'],['military'],True,True,True,True,False,168
116372694697146221,2026-04-08,20:46,"All U.S. Ships, Aircraft, and Military Personnel, with additional Ammunition, Weaponry, and anything else that is appropriate and necessary for the lethal prosecution and destruction of an already substantially degraded Enemy, will remain in place in, and around, Iran, until such time as the REAL AGREEMENT reached is fully complied with. If for any reason it is not, which is highly unlikely, then the ""Shootin' Starts,"" bigger, and better, and stronger than anyone has ever seen before. It was agreed, a long time ago, and despite all of the fake rhetoric to the contrary - NO NUCLEAR WEAPONS and, the Strait of Hormuz WILL BE OPEN & SAFE. In the meantime our great Military is Loading Up and Resting, looking forward, actually, to its next Conquest. AMERICA IS BACK!",https://truthsocial.com/@realDonaldTrump/posts/116372694697146221,2026-04-09 03:46:41.018000+00:00,30573,20:46,2026-04-08,0.0,True,ucsb,129,"['hormuz', 'iran']","['military', 'nuclear', 'strait']",True,True,True,False,True,169
116376634773749603,2026-04-09,13:28,"I know why Tucker Carlson, Megyn Kelly, Candace Owens, and Alex Jones have all been fighting me for years, especially by the fact that they think it is wonderful for Iran, the Number One State Sponsor of Terror, to have a Nuclear Weapon — Because they have one thing in common, Low IQs. They're stupid people, they know it, their families know it, and everyone else knows it, too! Look at their past, look at their record. They don't have what it takes, and they never did! They've all been thrown off Television, lost their Shows, and aren't even invited on TV because nobody cares about them, they're NUT JOBS, TROUBLEMAKERS, and will say anything necessary for some ""free"" and cheap publicity. Now they think they get some ""clicks"" because they have Third Rate Podcasts, but nobody's talking about them, and their views are the opposite of MAGA — Or I wouldn't have won the Presidential Election in a LANDSLIDE. MAGA agrees with me, and just gave CNN a 100% Approval Rating of ""TRUMP,"" not Hand Flailing Fools like Tucker Carlson, who couldn't even finish College, he was a broken man when he got fired from Fox, and he's never been the same — Perhaps he should see a good psychiatrist! Or Megyn Kelly, who nastily asked me the now famous, ""Only Rosie O'Donnell,"" question, or ""Crazy"" Candace Owens, who accuses the Highly Respected First Lady of France of being a man, when she is not, and will hopefully win lots of money in the ongoing lawsuit. Actually, to me, the First Lady of France is a far more beautiful woman than Candace, in fact, it's not even close! Or Bankrupt Alex Jones, who says some of the dumbest things, and lost his entire fortune, as he should have, for his horrendous attack on the families of the Sandy Hook shooting victims, ridiculously claiming it was a hoax. These so-called ""pundits"" are LOSERS, and they always will be! Now Fake News CNN, The Failing New York Times, and all of the other Radical Left ""News"" Organizations, are ""hailing"" them, and giving them ""positive"" press for the first time in their lives. They're not ""MAGA,"" they're losers, just trying to latch on to MAGA. As President, I could get them on my side anytime I want to, but when they call, I don't return their calls because I'm too busy on World and Country Affairs and, after a few times, they go ""nasty,"" just like Marjorie ""Traitor"" Brown, but I no longer care about that stuff, I only care about doing right for our Country. MAGA is about WINNING and STRENGTH in not allowing Iran to have Nuclear Weapons. MAGA is about MAKING AMERICA GREAT AGAIN, and these people have no idea how to do that, BUT I DO, because THE UNITED STATES IS NOW THE ""HOTTEST"" COUNTRY ANYWHERE IN THE WORLD! President DONALD J. TRUMP",https://truthsocial.com/@realDonaldTrump/posts/116376634773749603,2026-04-09 20:28:41.816000+00:00,16227,13:28,2026-04-09,0.0,True,ucsb,485,['iran'],"['attack', 'nuclear']",True,True,True,True,True,170
116376791555549648,2026-04-09,14:08,"There are reports that Iran is charging fees to tankers going through the Hormuz Strait — They better not be and, if they are, they better stop now! President DONALD J. TRUMP",https://truthsocial.com/@realDonaldTrump/posts/116376791555549648,2026-04-09 21:08:34.116000+00:00,43472,14:08,2026-04-09,0.0,True,ucsb,32,"['hormuz', 'iran']","['strait', 'tankers']",True,True,True,False,True,171
116376868752554780,2026-04-09,14:28,"The Wall Street Journal, one of the worst and most inaccurate ""Editorial Boards"" in the World, stated that I ""declared premature victory in Iran."" Actually, it is a Victory, and there's nothing ""premature"" about it! Because of me, IRAN WILL NEVER HAVE A NUCLEAR WEAPON and, very quickly, you'll see Oil start flowing, with or without the help of Iran and, to me, it makes no difference, either way. The Wall Street Journal will, as usual, live to eat their words. They are always quick to criticize, but never to admit when they're wrong, which is most of the time! President DONALD J. TRUMP",https://truthsocial.com/@realDonaldTrump/posts/116376868752554780,2026-04-09 21:28:12.049000+00:00,31516,14:28,2026-04-09,0.0,True,ucsb,104,"['iran', 'oil']",['nuclear'],True,True,True,True,False,171
116377109535639790,2026-04-09,15:29,"Iran is doing a very poor job, dishonorable some would say, of allowing Oil to go through the Strait of Hormuz. That is not the agreement we have! President DONALD J. TRUMP",https://truthsocial.com/@realDonaldTrump/posts/116377109535639790,2026-04-09 22:29:26.107000+00:00,51438,15:29,2026-04-09,0.0,True,ucsb,32,"['hormuz', 'iran', 'oil']",['strait'],True,True,True,False,True,172
116378705268992787,2026-04-09,22:15,"Trump upends China's lucrative sanctioned oil import scheme after Iran, Venezuela interventions: justthenews.com/government/dip",https://truthsocial.com/@realDonaldTrump/posts/116378705268992787,2026-04-10 05:15:15.066000+00:00,27411,22:15,2026-04-09,0.0,True,ucsb,13,"['iran', 'oil', 'venezuela']",['sanctioned'],True,True,True,False,True,173
116385843841281126,2026-04-11,04:30,"Massive numbers of completely empty oil tankers, some of the largest anywhere in the World, are heading, right now, to the United States to load up with the best and ""sweetest"" oil (and gas!) anywhere in the World. We have more oil than the next two largest oil economies combined - and higher quality. We are waiting for you. Quick turnaround! President DJT",https://truthsocial.com/@realDonaldTrump/posts/116385843841281126,2026-04-11 11:30:41.035000+00:00,11366,04:30,2026-04-11,0.0,True,ucsb,63,['oil'],['tankers'],True,True,True,False,True,174
116386190374675994,2026-04-11,05:58,"The Fake News Media has lost total credibility, not that they had any to begin with. Because of their massive Trump Derangement Syndrome (Sometimes referred to as TDS!), they love saying that Iran is ""winning"" when, in fact, everyone knows that they are LOSING, and LOSING BIG! Their Navy is gone, their Air Force is gone, their Anti Aircraft apparatus is nonexistent, Radar is dead, their Missile and Drone Factories have been largely obliterated along with the Missiles and Drones themselves and, most importantly, their longtime ""Leaders"" are no longer with us, praise be to Allah! The only thing they have going is the threat that a ship may ""bunk"" into one of their sea mines which, by the way, all 28 of their mine dropper boats are also lying at the bottom of the sea. We're now starting the process of clearing out the Strait of Hormuz as a favor to Countries all over the World, including China, Japan, South Korea, France, Germany, and many others. Incredibly, they don't have the Courage or Will to do this work themselves. Very interestingly, however, empty Oil carrying ships from many Nations are all heading to the United States of America to LOAD UP with Oil. Thank you for your attention to this matter! President DONALD J. TRUMP",https://truthsocial.com/@realDonaldTrump/posts/116386190374675994,2026-04-11 12:58:48.715000+00:00,9754,05:58,2026-04-11,0.0,True,ucsb,216,"['hormuz', 'iran', 'oil']","['drone', 'drones', 'mine', 'mines', 'navy', 'obliterated', 'strait']",True,True,True,False,True,175
116386223863837276,,,"RT Fake News Media has lost total credibility, not that they had any to begin with. Because of their massive Trump Derangement Syndrome (Sometimes referred to as TDS!), they love saying that Iran is ""winning"" when, in fact, everyone knows that they are LOSING, and LOSING BIG! Their Navy is gone, their Air Force is gone, their Anti Aircraft apparatus is nonexistent, Radar is dead, their Missile and Drone Factories have been largely obliterated along with the Missiles and Drones themselves and, most importantly, their longtime ""Leaders"" are no longer with us, praise be to Allah! The only thing they have going is the threat that a ship may ""bunk"" into one of their sea mines which, by the way, all 28 of their mine dropper boats are also lying at the bottom of the sea. We're now starting the process of clearing out the Strait of Hormuz as a favor to Countries all over the World, including China, Japan, South Korea, France, Germany, and many others. Incredibly, they don't have the Courage or Will to do this work themselves. Very interestingly, however, empty Oil carrying ships from many Nations are all heading to the United States of America to LOAD UP with Oil. Thank you for your attention to this matter! President DONALD J. TRUMP",https://truthsocial.com/@realDonaldTrump/posts/116386223863837276,2026-04-11 13:07:19.719000+00:00,12892,,,1.6666666666666667e-05,True,cnn,216,"['hormuz', 'iran', 'oil']","['drone', 'drones', 'mine', 'mines', 'navy', 'obliterated', 'strait']",True,True,True,False,False,175
116386735130758581,2026-04-11,08:17,"The Fake News Media is CRAZY, or just plain CORRUPT! The United States has completely destroyed Iran's Military, including their entire Navy and Air Force, and everything else. Their Leadership is DEAD! The Strait of Hormuz will soon be open, and the empty ships are rushing to the United States to ""load up."" But, if you listen to the Fake News, we're losing! President DONALD J. TRUMP",https://truthsocial.com/@realDonaldTrump/posts/116386735130758581,2026-04-11 15:17:21.033000+00:00,19893,08:17,2026-04-11,0.0,True,ucsb,67,"['hormuz', 'iran']","['destroyed', 'military', 'navy', 'strait']",True,True,True,False,True,176
116389798405349626,2026-04-11,21:16,The Trump card the president holds if Iran won't bend: a naval blockade: justthenews.com/government/sec,https://truthsocial.com/@realDonaldTrump/posts/116389798405349626,2026-04-12 04:16:22.894000+00:00,8442,21:16,2026-04-11,0.0,True,ucsb,14,['iran'],"['blockade', 'naval']",True,True,True,False,True,177
116391828823240211,,,"So, there you have it, the meeting went well, most points were agreed to, but the only point that really mattered, NUCLEAR, was not. Effective immediately, the United States Navy, the Finest in the World, will begin the process of BLOCKADING any and all Ships trying to enter, or leave, the Strait of Hormuz. At some point, we will reach an ""ALL BEING ALLOWED TO GO IN, ALL BEING ALLOWED TO GO OUT"" basis, but Iran has not allowed that to happen by merely saying, ""There may be a mine out there somewhere,"" that nobody knows about but them. THIS IS WORLD EXTORTION, and Leaders of Countries, especially the United States of America, will never be extorted. I have also instructed our Navy to seek and interdict every vessel in International Waters that has paid a toll to Iran. No one who pays an illegal toll will have safe passage on the high seas. We will also begin destroying the mines the Iranians laid in the Straits. Any Iranian who fires at us, or at peaceful vessels, will be BLOWN TO HELL! Iran knows, better than anyone, how to END this situation which has already devastated their Country. Their Navy is gone, their Air Force is gone, their Anti Aircraft and Radar are useless, Khomeini, and most of their ""Leaders,"" are dead, all because of their Nuclear ambition. The Blockade will begin shortly. Other Countries will be involved with this Blockade. Iran will not be allowed to profit off this Illegal Act of EXTORTION. They want money and, more importantly, they want Nuclear. Additionally and, at an appropriate moment, we are fully ""LOCKED AND LOADED,"" and our Military will finish up the little that is left of Iran! President DONALD J. TRUMP",https://truthsocial.com/@realDonaldTrump/posts/116391828823240211,2026-04-12 12:52:44.612000+00:00,28179,,,0.0,True,cnn,292,"['hormuz', 'iran', 'iranian', 'iranians']","['blockade', 'blockading', 'interdict', 'military', 'mine', 'mines', 'navy', 'nuclear', 'strait', 'vessel', 'vessels']",True,True,True,False,True,178
116391830634836370,,,"RT: promised to open the Strait of Hormuz, and they knowingly failed to do so. This caused anxiety, dislocation, and pain to many people and Countries throughout the World. They say they put mines in the water, even though all of their Navy, and most of their ""mine droppers,"" have been completely blown up. They may have done so, but what ship owner would want to take the chance? There is great dishonor and permanent harm to the reputation of Iran, and what's left of their ""Leaders,"" but we are beyond all of that. As they promised, they better begin the process of getting this INTERNATIONAL WATERWAY OPEN AND FAST! Every Law in the book is being violated by them. I have been fully debriefed by Vice President JD Vance, Special Envoy Steve Witkoff, and Jared Kushner, on the meeting that took place in Islamabad through the kind and very competent leadership of Field Marshal Asim Munir, and Prime Minister Shehbaz Sharif, of Pakistan. They are very extraordinary men, and continuously thank me for saving 30 to 50 million lives in what would have been a horrendous War with India. I always appreciate hearing that — The amount of Humanity spoken of is incomprehensible. The meeting with Iran began early in the morning, and lasted throughout the night — Close to 20 hours. I could go into great detail, and talk about much that has been gotten but, there is only one thing that matters — IRAN IS UNWILLING TO GIVE UP ITS NUCLEAR AMBITIONS! In many ways, the points that were agreed to are better than us continuing our Military Operations to conclusion, but all of those points don't matter compared to allowing Nuclear Power to be in the hands of such volatile, difficult, unpredictable people. My three Representatives, as all of this time went by, became, not surprisingly, very friendly and respectful of Iran's Representatives, Mohammad-Bagher Ghalibaf, Abbas Araghchi, and Ali Bagheri, but that doesn't matter because they were very unyielding as to the single most important issue and, as I have always said, right from the beginning, and many years ago, IRAN WILL NEVER HAVE A NUCLEAR WEAPON!",https://truthsocial.com/@realDonaldTrump/posts/116391830634836370,2026-04-12 12:53:12.255000+00:00,12690,,,1.6666666666666667e-05,True,cnn,361,"['hormuz', 'iran']","['military', 'mine', 'mines', 'navy', 'nuclear', 'strait', 'waterway']",True,True,True,False,False,178
116392448970133700,2026-04-12,08:30,"So, there you have it, the meeting went well, most points were agreed to, but the only point that really mattered, NUCLEAR, was not. Effective immediately, the United States Navy, the Finest in the World, will begin the process of BLOCKADING any and all Ships trying to enter, or leave, the Strait of Hormuz. At some point, we will reach an ""ALL BEING ALLOWED TO GO IN, ALL BEING ALLOWED TO GO OUT"" basis, but Iran has not allowed that to happen by merely saying, ""There may be a mine out there somewhere,"" that nobody knows about but them. THIS IS WORLD EXTORTION, and Leaders of Countries, especially the United States of America, will never be extorted. I have also instructed our Navy to seek and interdict every vessel in International Waters that has paid a toll to Iran. No one who pays an illegal toll will have safe passage on the high seas. We will also begin destroying the mines the Iranians laid in the Straits. Any Iranian who fires at us, or at peaceful vessels, will be BLOWN TO HELL! Iran knows, better than anyone, how to END this situation which has already devastated their Country. Their Navy is gone, their Air Force is gone, their Anti Aircraft and Radar are useless, Khamenei, and most of their ""Leaders,"" are dead, all because of their Nuclear ambition. The Blockade will begin shortly. Other Countries will be involved with this Blockade. Iran will not be allowed to profit off this Illegal Act of EXTORTION. They want money and, more importantly, they want Nuclear. Additionally and, at an appropriate moment, we are fully ""LOCKED AND LOADED,"" and our Military will finish up the little that is left of Iran! President DONALD J. TRUMP",https://truthsocial.com/@realDonaldTrump/posts/116392448970133700,2026-04-12 15:30:27.303000+00:00,4292,08:30,2026-04-12,0.0,True,ucsb,292,"['hormuz', 'iran', 'iranian', 'iranians', 'khamenei']","['blockade', 'blockading', 'interdict', 'military', 'mine', 'mines', 'navy', 'nuclear', 'strait', 'vessel', 'vessels']",True,True,True,False,True,179
116392449978703637,2026-04-12,08:30,"Iran promised to open the Strait of Hormuz, and they knowingly failed to do so. This caused anxiety, dislocation, and pain to many people and Countries throughout the World. They say they put mines in the water, even though all of their Navy, and most of their ""mine droppers,"" have been completely blown up. They may have done so, but what ship owner would want to take the chance? There is great dishonor and permanent harm to the reputation of Iran, and what's left of their ""Leaders,"" but we are beyond all of that. As they promised, they better begin the process of getting this INTERNATIONAL WATERWAY OPEN AND FAST! Every Law in the book is being violated by them. I have been fully debriefed by Vice President JD Vance, Special Envoy Steve Witkoff, and Jared Kushner, on the meeting that took place in Islamabad through the kind and very competent leadership of Field Marshal Asim Munir, and Prime Minister Shehbaz Sharif, of Pakistan. They are very extraordinary men, and continuously thank me for saving 30 to 50 million lives in what would have been a horrendous War with India. I always appreciate hearing that — The amount of Humanity spoken of is incomprehensible. The meeting with Iran began early in the morning, and lasted throughout the night — Close to 20 hours. I could go into great detail, and talk about much that has been gotten but, there is only one thing that matters — IRAN IS UNWILLING TO GIVE UP ITS NUCLEAR AMBITIONS! In many ways, the points that were agreed to are better than us continuing our Military Operations to conclusion, but all of those points don't matter compared to allowing Nuclear Power to be in the hands of such volatile, difficult, unpredictable people. My three Representatives, as all of this time went by, became, not surprisingly, very friendly and respectful of Iran's Representatives, Mohammad-Bagher Ghalibaf, Abbas Araghchi, and Ali Bagheri, but that doesn't matter because they were very unyielding as to the single most important issue and, as I have always said, right from the beginning, and many years ago, IRAN WILL NEVER HAVE A NUCLEAR WEAPON!",https://truthsocial.com/@realDonaldTrump/posts/116392449978703637,2026-04-12 15:30:42.692000+00:00,40725,08:30,2026-04-12,0.0,True,ucsb,361,"['hormuz', 'iran']","['military', 'mine', 'mines', 'navy', 'nuclear', 'strait', 'waterway']",True,True,True,False,False,179
116394704213456431,,,"Pope Leo is WEAK on Crime, and terrible for Foreign Policy. He talks about ""fear"" of the Trump Administration, but doesn't mention the FEAR that the Catholic Church, and all other Christian Organizations, had during COVID when they were arresting priests, ministers, and everybody else, for holding Church Services, even when going outside, and being ten and even twenty feet apart. I like his brother Louis much better than I like him, because Louis is all MAGA. He gets it, and Leo doesn't! I don't want a Pope who thinks it's OK for Iran to have a Nuclear Weapon. I don't want a Pope who thinks it's terrible that America attacked Venezuela, a Country that was sending massive amounts of Drugs into the United States and, even worse, emptying their prisons, including murderers, drug dealers, and killers, into our Country. And I don't want a Pope who criticizes the President of the United States because I'm doing exactly what I was elected, IN A LANDSLIDE, to do, setting Record Low Numbers in Crime, and creating the Greatest Stock Market in History. Leo should be thankful because, as everyone knows, he was a shocking surprise. He wasn't on any list to be Pope, and was only put there by the Church because he was an American, and they thought that would be the best way to deal with President Donald J. Trump. If I wasn't in the White House, Leo wouldn't be in the Vatican. Unfortunately, Leo's Weak on Crime, Weak on Nuclear Weapons, does not sit well with me, nor does the fact that he meets with Obama Sympathizers like David Axelrod, a LOSER from the Left, who is one of those who wanted churchgoers and clerics to be arrested. Leo should get his act together as Pope, use Common Sense, stop catering to the Radical Left, and focus on being a Great Pope, not a Politician. It's hurting him very badly and, more importantly, it's hurting the Catholic Church! President DONALD J. TRUMP",https://truthsocial.com/@realDonaldTrump/posts/116394704213456431,2026-04-13 01:03:59.585000+00:00,13871,,,0.0006,True,cnn,334,"['iran', 'venezuela']","['attacked', 'nuclear']",True,True,True,False,True,180
116395566253303665,2026-04-12,21:43,The United States to Blockade Ships Entering or Exiting Iranian Ports on April 13 at 10:00 A.M. ET. Thank you for your attention to this matter! President DJT,https://truthsocial.com/@realDonaldTrump/posts/116395566253303665,2026-04-13 04:43:13.269000+00:00,26481,21:43,2026-04-12,0.0,True,ucsb,28,['iranian'],"['blockade', 'ports']",True,True,True,False,True,181
116396012068955371,2026-04-12,23:36,The Trump card the president holds if Iran won't bend: a naval blockade: justthenews.com/government/sec,https://truthsocial.com/@realDonaldTrump/posts/116396012068955371,2026-04-13 06:36:35.876000+00:00,25835,23:36,2026-04-12,0.0,True,ucsb,14,['iran'],"['blockade', 'naval']",True,True,True,False,True,182
116396382206568435,2026-04-13,01:10,Trump brilliantly calls Iran's bluff — with his own Strait of Hormuz blockade: nypost.com/2026/04/12/opinion/,https://truthsocial.com/@realDonaldTrump/posts/116396382206568435,2026-04-13 08:10:43.728000+00:00,10227,01:10,2026-04-13,0.0,True,ucsb,14,"['hormuz', 'iran']","['blockade', 'strait']",True,True,True,False,True,183
116397847496142849,2026-04-13,07:23,"Iran's Navy is laying at the bottom of the sea, completely obliterated - 158 ships. What we have not hit are their small number of, what they call, ""fast attack ships,"" because we did not consider them much of a threat. Warning: If any of these ships come anywhere close to our BLOCKADE, they will be immediately ELIMINATED, using the same system of kill that we use against the drug dealers on boats at Sea. It is quick and brutal. P.S. 98.2% of Drugs coming into the U.S. by Ocean or Sea have STOPPED! Thank you for your attention to this matter. President DJT",https://truthsocial.com/@realDonaldTrump/posts/116397847496142849,2026-04-13 14:23:22.272000+00:00,45057,07:23,2026-04-13,0.0,True,ucsb,104,['iran'],"['attack', 'blockade', 'navy', 'obliterated']",True,True,True,False,True,184
116398358272601798,2026-04-13,09:33,"34 Ships went through the Strait of Hormuz yesterday, which is by far the highest number since this foolish closure began. President DONALD J. TRUMP",https://truthsocial.com/@realDonaldTrump/posts/116398358272601798,2026-04-13 16:33:16.102000+00:00,61126,09:33,2026-04-13,0.0,True,ucsb,25,['hormuz'],['strait'],True,True,True,False,True,185
116399385880639539,2026-04-13,13:54,"For those people that still read The Failing New York Times and, despite the fact that Iran has been totally OBLITERATED, Militarily, and otherwise, you would think that Iran is actually winning or, at the very least, doing quite well — But that's not true, and The New York Times knows that it's FAKE NEWS! When does this Corrupt Media Outlet apologize for their LIES and horrible actions against me, my supporters, and our Country itself! HAVE THEY NO SHAME? HAVE THEY NO SENSE OF DECENCY? President DONALD J. TRUMP",https://truthsocial.com/@realDonaldTrump/posts/116399385880639539,2026-04-13 20:54:36.157000+00:00,14387,13:54,2026-04-13,0.0,True,ucsb,90,['iran'],['obliterated'],True,True,True,False,True,186
116404390855989138,2026-04-14,11:07,"I am working very hard with our Great Speaker, Mike Johnson, along with Chairman Jim Jordan and Chairman Rick Crawford, to get a clean extension of FISA 702 through the House of Representatives this week. I am asking Republicans to UNIFY, and vote together on the test vote to bring a clean Bill to the floor. We need to stick together when this Bill comes before the House Rules Committee today to keep it CLEAN! I was a victim of the worst and most illegal abuse of FISA in our Nation's History, by Radical Left Lunatics, who lied to the FISA Court to spy on my 2016 Presidential Campaign in their attempt to RIG the Election in favor of Crooked Hillary Clinton. Their use of this instrument in the 2020 Presidential Election was even worse! When the Dirty Cop, James Comey, the failed Head of the FBI, went after me, he was using FISA Title I, the Domestic Collection, not FISA 702, the Foreign Collection, which needs to be extended today. While parts of FISA were illegally and unfortunately used against me in the Democrats' disgraceful Witch Hunt and Attack in the RUSSIA, RUSSIA, RUSSIA Hoax, and perhaps would be used against me in the future, I am willing to risk that as a Citizen in order to do what is right for our Country. Our Military desperately needs FISA 702, and it is one of the reasons we have had such tremendous SUCCESS on the battlefield, both in Venezuela and Iran. Since the first day of my already Historic Second Term, my Administration has worked tirelessly to ensure these FISA Reforms are being aggressively executed at every level of the Executive Branch to keep Americans safe, while protecting our sacred Civil Liberties guaranteed by our Great Constitution. With the ongoing successful Military activities against the Terrorist Iranian Regime, it is more important than ever that we remain vigilant, PROTECT our Homeland, Troops, and Diplomats stationed abroad, and maintain our ability to quickly stop bad actors seeking to cause harm to our People and our Country. The fact is, whether you like FISA or not, it is extremely important to our Military. I have spoken to many Generals about this, and they consider it VITAL. Not one said, even tacitly, that they can do without it — especially right now with our brilliant Military Operation in Iran. Thank you for your attention to this matter! President DONALD J. TRUMP",https://truthsocial.com/@realDonaldTrump/posts/116404390855989138,2026-04-14 18:07:26.020000+00:00,22418,11:07,2026-04-14,0.0,True,ucsb,409,"['iran', 'iranian', 'russia', 'venezuela']","['attack', 'military']",True,True,True,True,True,187
116406622416293152,2026-04-14,20:34,"Will someone please tell Pope Leo that Iran has killed at least 42,000 innocent, completely unarmed, protesters in the last two months, and that for Iran to have a Nuclear Bomb is absolutely unacceptable. Thank you for your attention to this matter. AMERICA IS BACK!!! President DONALD J. TRUMP",https://truthsocial.com/@realDonaldTrump/posts/116406622416293152,2026-04-15 03:34:56.928000+00:00,19744,20:34,2026-04-14,0.0,True,ucsb,49,['iran'],['nuclear'],True,True,True,True,True,188
116406733740752601,,,"Chokehold: Iran could run out of oil storage with Trump blockade, wreaking havoc with its economy:",https://truthsocial.com/@realDonaldTrump/posts/116406733740752601,2026-04-15 04:03:15.604000+00:00,48857,,,0.0006,True,cnn,16,"['iran', 'oil']",['blockade'],True,True,True,False,False,188
116408554531050811,2026-04-15,04:46,"China is very happy that I am permanently opening the Strait of Hormuz. I am doing it for them, also - And the World. This situation will never happen again. They have agreed not to send weapons to Iran. President Xi will give me a big, fat, hug when I get there in a few weeks. We are working together smartly, and very well! Doesn't that beat fighting??? BUT REMEMBER, we are very good at fighting, if we have to - far better than anyone else!!! President DJT",https://truthsocial.com/@realDonaldTrump/posts/116408554531050811,2026-04-15 11:46:18.659000+00:00,54587,04:46,2026-04-15,0.0,True,ucsb,88,"['hormuz', 'iran']",['strait'],True,True,True,False,True,189
116409146419851362,2026-04-15,07:16,"I am working very hard with our Great Speaker, Mike Johnson, along with Chairman Jim Jordan and Chairman Rick Crawford, to get a clean extension of FISA 702 through the House of Representatives this week. I am asking Republicans to UNIFY, and vote together on the test vote to bring a clean Bill to the floor. We need to stick together when this Bill comes before the House Rules Committee today to keep it CLEAN! When the Dirty Cop, James Comey, the failed Head of the FBI went after me, he was using FISA Title I, the Domestic Collection, not FISA 702, the Foreign Collection, which needs to be extended today. While parts of FISA were illegally and unfortunately used against me in the Democrats' disgraceful Witch Hunt and Attack in the RUSSIA, RUSSIA, RUSSIA Hoax, and perhaps would be used against me in the future, I am willing to risk the giving up of my Rights and Privileges as a Citizen for our Great Military and Country! Our Military Patriots desperately need FISA 702, and it is one of the reasons we have had such tremendous SUCCESS on the battlefield. I have spoken with many in our Military who say FISA is necessary in order to protect our Troops overseas, as well as our people here at home, from the threat of Foreign Terror Attacks. It has already prevented MANY such Attacks, and it is very important that it remain in full force and effect. Thank you for your attention to this matter! President DONALD J. TRUMP",https://truthsocial.com/@realDonaldTrump/posts/116409146419851362,2026-04-15 14:16:50.166000+00:00,12386,07:16,2026-04-15,0.0,True,ucsb,258,['russia'],"['attack', 'military']",True,True,True,True,True,190
116420194853200133,2026-04-17,06:06,IRAN HAS JUST ANNOUNCED THAT THE STRAIT OF IRAN IS FULLY OPEN AND READY FOR FULL PASSAGE. THANK YOU!,https://truthsocial.com/@realDonaldTrump/posts/116420194853200133,2026-04-17 13:06:35.880000+00:00,8453,06:06,2026-04-17,0.0,True,ucsb,19,['iran'],['strait'],True,True,True,False,True,191
116420275523158052,2026-04-17,06:27,"THE STRAIT OF HORMUZ IS COMPLETELY OPEN AND READY FOR BUSINESS AND FULL PASSAGE, BUT THE NAVAL BLOCKADE WILL REMAIN IN FULL FORCE AND EFFECT AS IT PERTAINS TO IRAN, ONLY, UNTIL SUCH TIME AS OUR TRANSACTION WITH IRAN IS 100% COMPLETE. THIS PROCESS SHOULD GO VERY QUICKLY IN THAT MOST OF THE POINTS ARE ALREADY NEGOTIATED. THANK YOU FOR YOUR ATTENTION TO THIS MATTER! PRESIDENT DONALD J.TRUMP",https://truthsocial.com/@realDonaldTrump/posts/116420275523158052,2026-04-17 13:27:06.806000+00:00,36,06:27,2026-04-17,0.0,True,ucsb,68,"['hormuz', 'iran']","['blockade', 'naval', 'strait']",True,True,True,False,False,191
116420456436213944,2026-04-17,07:13,"Now that the Hormuz Strait situation is over, I received a call from NATO asking if we would need some help. I TOLD THEM TO STAY AWAY, UNLESS THEY JUST WANT TO LOAD UP THEIR SHIPS WITH OIL. They were useless when needed, a Paper Tiger! President DJT",https://truthsocial.com/@realDonaldTrump/posts/116420456436213944,2026-04-17 14:13:07.320000+00:00,10424,07:13,2026-04-17,0.0,True,ucsb,48,"['hormuz', 'oil']",['strait'],True,True,True,False,True,192
116420484827577347,2026-04-17,07:20,"Iran, with the help of the U.S.A., has removed, or is removing, all sea mines! Thank you! President DJT",https://truthsocial.com/@realDonaldTrump/posts/116420484827577347,2026-04-17 14:20:20.537000+00:00,64515,07:20,2026-04-17,0.0,True,ucsb,19,['iran'],['mines'],True,True,True,False,False,192
116420562510387829,2026-04-17,07:40,Iran has agreed to never close the Strait of Hormuz again. It will no longer be used as a weapon against the World! President DONALD J. TRUMP,https://truthsocial.com/@realDonaldTrump/posts/116420562510387829,2026-04-17 14:40:05.883000+00:00,39541,07:40,2026-04-17,0.0,True,ucsb,27,"['hormuz', 'iran']",['strait'],True,True,True,False,False,192
116423336936103421,2026-04-17,19:25,"President Xi is very happy that the Strait of Hormuz is open and/or rapidly opening. Our meeting in China will be a special one and, potentially, Historic. I look forward to being with President Xi — Much will be accomplished! President DONALD J. TRUMP",https://truthsocial.com/@realDonaldTrump/posts/116423336936103421,2026-04-18 02:25:40.260000+00:00,24061,19:25,2026-04-17,0.0,True,ucsb,44,['hormuz'],['strait'],True,True,True,False,True,193
116431297579272777,2026-04-19,05:10,"Iran decided to fire bullets yesterday in the Strait of Hormuz — A Total Violation of our Ceasefire Agreement! Many of them were aimed at a French Ship, and a Freighter from the United Kingdom. That wasn't nice, was it? My Representatives are going to Islamabad, Pakistan — They will be there tomorrow evening, for Negotiations. Iran recently announced that they were closing the Strait, which is strange, because our BLOCKADE has already closed it. They're helping us without knowing, and they are the ones that lose with the closed passage, $500 Million Dollars a day! The United States loses nothing. In fact, many Ships are headed, right now, to the U.S., Texas, Louisiana, and Alaska, to load up, compliments of the IRGC, always wanting to be ""the tough guy!"" We're offering a very fair and reasonable DEAL, and I hope they take it because, if they don't, the United States is going to knock out every single Power Plant, and every single Bridge, in Iran. NO MORE MR. NICE GUY! They'll come down fast, they'll come down easy and, if they don't take the DEAL, it will be my Honor to do what has to be done, which should have been done to Iran, by other Presidents, for the last 47 years. IT'S TIME FOR THE IRAN KILLING MACHINE TO END! President DONALD J. TRUMP",https://truthsocial.com/@realDonaldTrump/posts/116431297579272777,2026-04-19 12:10:10.035000+00:00,19017,05:10,2026-04-19,0.0,True,ucsb,226,"['hormuz', 'iran', 'irgc']","['blockade', 'strait']",True,True,True,False,True,194
116433000897070863,2026-04-19,12:23,"Today, an Iranian-flagged cargo ship named TOUSKA, nearly 900 feet long and weighing almost as much as an aircraft carrier, tried to get past our Naval Blockade, and it did not go well for them. The U.S. Navy Guided Missile Destroyer USS SPRUANCE intercepted the TOUSKA in the Gulf of Oman, and gave them fair warning to stop. The Iranian crew refused to listen, so our Navy ship stopped them right in their tracks by blowing a hole in the engineroom. Right now, U.S. Marines have custody of the vessel. The TOUSKA is under U.S. Treasury Sanctions because of their prior history of illegal activity. We have full custody of the ship, and are seeing what's on board! President DONALD J. TRUMP",https://truthsocial.com/@realDonaldTrump/posts/116433000897070863,2026-04-19 19:23:20.602000+00:00,18191,12:23,2026-04-19,0.0,True,ucsb,122,['iranian'],"['blockade', 'naval', 'navy', 'sanctions', 'vessel']",True,True,True,False,True,195
116437457191403164,2026-04-20,07:16,"Israel never talked me into the war with Iran, the results of Oct. 7th, added to my lifelong opinion that IRAN CAN NEVER HAVE A NUCLEAR WEAPON, did. I watch and read the FAKE NEWS Pundits and Polls in total disbelief. 90% of what they say are lies and made up stories, and the polls are rigged, much as the 2020 Presidential Election was rigged. Just like the results in Venezuela, which the media doesn't like talking about, the results in Iran will be amazing - And if Iran's new leaders (Regime Change!) are smart, Iran can have a great and prosperous future! President DJT",https://truthsocial.com/@realDonaldTrump/posts/116437457191403164,2026-04-20 14:16:38.257000+00:00,32412,07:16,2026-04-20,0.0,True,ucsb,105,"['iran', 'venezuela']","['nuclear', 'regime change']",True,True,True,False,True,196
116438239629407600,2026-04-20,10:35,"The DEAL that we are making with Iran will be FAR BETTER than the JCPOA, commonly referred to as ""The Iran Nuclear Deal,"" penned by Barack Hussein Obama and Sleepy Joe Biden, one of the Worst Deals ever made having to do with the Security of our Country. It was a guaranteed Road to a Nuclear Weapon, which will not, and cannot, happen with the Deal we're working on. They actually gave $1.7 Billion Dollars in ""GREEN"" Cash, loaded into a Boeing 757, and flown to Iran for Iranian leadership to spend anyway they saw fit. He emptied out all of the Cash from Banks in D.C., Virginia, and Maryland. Those Bankers said they've never seen anything like it before. In addition, Hundreds of Billions of Dollars was paid to Iran. If I did not terminate that ""Deal,"" Nuclear Weapons would have been used on Israel, and all over the Middle East, including our cherished U.S. Military Bases. The Fake News, like Lightweight Washington Post ""Journalist"" David Ignatius, loves to talk about the JCPOA, knowing that it was DANGEROUS, and a Complete Embarrassment to our Country. If a Deal happens under ""TRUMP,"" it will guarantee Peace, Security, and Safety, not only for Israel and the Middle East, but for Europe, America, and everywhere else. It will be something that the entire World will be proud of, instead of the years of Embarrassment and Humiliation that we have been forced to suffer due to incompetent and cowardly leadership! President DONALD J. TRUMP",https://truthsocial.com/@realDonaldTrump/posts/116438239629407600,2026-04-20 17:35:37.313000+00:00,62832,10:35,2026-04-20,0.0,True,ucsb,251,"['iran', 'iranian']","['jcpoa', 'military', 'nuclear']",True,True,True,False,True,197
116438260195246849,2026-04-20,10:40,"The Democrats are doing everything possible to hurt the very strong position we are in with respect to Iran. Despite World War I lasting 4 years, 3 months, and 14 days, World War II lasting 6 years and 1 day, the Korean War lasting 3 years, 1 month, and 2 days, the Vietnam War lasting 19 years, 5 months, and 29 days, and Iraq lasting 8 years, 8 months, and 28 days, they like to say that I promised 6 weeks to defeat Iran, and actually, from the Military standpoint, it was far faster than that, but I'm not going to let them rush the United States into making a Deal that is not as good as it could have been. I read the Fake News saying that I am under ""pressure"" to make a Deal. THIS IS NOT TRUE! I am under no pressure whatsoever, although, it will all happen, relatively quickly! Time is not my adversary, the only thing that matters is that we finally, after 47 years, straighten out the MESS that other Presidents let happen because they didn't have the Courage or Foresight to do what had to be done with respect to Iran. We're in it, and it will be done RIGHT, and we won't let the Weak and Pathetic Democrats, TRAITORS ALL, who for years have been talking about the Dangers of Iran, and that something has to be done, but now, since I'm the one doing it, belittle the accomplishments of our Military and the Trump Administration. This is being perfectly executed, on the scale of Venezuela, just a bigger, more complex operation. The result will be the same. In my First Term, I built the Greatest Military our Country has ever seen, including adding Space Force. In my Second Term, I am properly and judiciously using our Military to solve problems left to us by others of far less understanding or competence. MAKE AMERICA GREAT AGAIN! President DONALD J. TRUMP",https://truthsocial.com/@realDonaldTrump/posts/116438260195246849,2026-04-20 17:40:51.123000+00:00,49921,10:40,2026-04-20,0.0,True,ucsb,328,"['iran', 'venezuela']",['military'],True,True,True,True,False,197
116438381520104888,2026-04-20,11:11,"I'm winning a War, BY A LOT, things are going very well, our Military has been amazing and, if you read the Fake News, like The Failing New York Times, the absolutely horrendous and disgusting Wall Street Journal, or the now almost defunct, fortunately, Washington Post, you would actually think we are losing the War. The enemy is confused, because they get these same Media ""reports,"" and yet they realize their Navy has been completely wiped out, their Air Force has gone onto darker runways, they have no Anti Missile or Anti Airplane Equipment, their former leaders are mostly gone (This has been, in addition to everything else, Regime Change!), and perhaps, most important of all, THE BLOCKADE, which we will not take off until there is a ""DEAL,"" is absolutely destroying Iran. They are losing $500 Million Dollars a day, an unsustainable number, even in the short run. The Anti-America Fake News Media is rooting for Iran to win, but it's not going to happen, because I'm in charge! Just like these unpatriotic people used every ounce of their limited strength to fight me in the Election, they continue to do so with Iran. The result will be the same — It already is! President DONALD J. TRUMP",https://truthsocial.com/@realDonaldTrump/posts/116438381520104888,2026-04-20 18:11:42.394000+00:00,11704,11:11,2026-04-20,0.0,True,ucsb,209,['iran'],"['blockade', 'military', 'navy', 'regime change']",True,True,True,False,True,198
116438577360067480,,,"RT DEAL that we are making with Iran will be FAR BETTER than the JCPOA, commonly referred to as ""The Iran Nuclear Deal,"" penned by Barack Hussein Obama and Sleepy Joe Biden, one of the Worst Deals ever made having to do with the Security of our Country. It was a guaranteed Road to a Nuclear Weapon, which will not, and cannot, happen with the Deal we're working on. They actually gave $1.7 Billion Dollars in ""GREEN"" Cash, loaded into a Boeing 757, and flown to Iran for Iranian leadership to spend anyway they saw fit. He emptied out all of the Cash from Banks in D.C., Virginia, and Maryland. Those Bankers said they've never seen anything like it before. In addition, Hundreds of Billions of Dollars was paid to Iran. If I did not terminate that ""Deal,"" Nuclear Weapons would have been used on Israel, and all over the Middle East, including our cherished U.S. Military Bases. The Fake News, like Lightweight Washington Post ""Journalist"" David Ignatius, loves to talk about the JCPOA, knowing that it was DANGEROUS, and a Complete Embarrassment to our Country. If a Deal happens under ""TRUMP,"" it will guarantee Peace, Security, and Safety, not only for Israel and the Middle East, but for Europe, America, and everywhere else. It will be something that the entire World will be proud of, instead of the years of Embarrassment and Humiliation that we have been forced to suffer due to incompetent and cowardly leadership! President DONALD J. TRUMP",https://truthsocial.com/@realDonaldTrump/posts/116438577360067480,2026-04-20 19:01:30.674000+00:00,56216,,,1.6666666666666667e-05,True,cnn,251,"['iran', 'iranian']","['jcpoa', 'military', 'nuclear']",True,True,True,False,True,199
116438577531873145,,,"RT Democrats are doing everything possible to hurt the very strong position we are in with respect to Iran. Despite World War I lasting 4 years, 3 months, and 14 days, World War II lasting 6 years and 1 day, the Korean War lasting 3 years, 1 month, and 2 days, the Vietnam War lasting 19 years, 5 months, and 29 days, and Iraq lasting 8 years, 8 months, and 28 days, they like to say that I promised 6 weeks to defeat Iran, and actually, from the Military standpoint, it was far faster than that, but I'm not going to let them rush the United States into making a Deal that is not as good as it could have been. I read the Fake News saying that I am under ""pressure"" to make a Deal. THIS IS NOT TRUE! I am under no pressure whatsoever, although, it will all happen, relatively quickly! Time is not my adversary, the only thing that matters is that we finally, after 47 years, straighten out the MESS that other Presidents let happen because they didn't have the Courage or Foresight to do what had to be done with respect to Iran. We're in it, and it will be done RIGHT, and we won't let the Weak and Pathetic Democrats, TRAITORS ALL, who for years have been talking about the Dangers of Iran, and that something has to be done, but now, since I'm the one doing it, belittle the accomplishments of our Military and the Trump Administration. This is being perfectly executed, on the scale of Venezuela, just a bigger, more complex operation. The result will be the same. In my First Term, I built the Greatest Military our Country has ever seen, including adding Space Force. In my Second Term, I am properly and judiciously using our Military to solve problems left to us by others of far less understanding or competence. MAKE AMERICA GREAT AGAIN! President DONALD J. TRUMP",https://truthsocial.com/@realDonaldTrump/posts/116438577531873145,2026-04-20 19:01:33.296000+00:00,26489,,,3.3333333333333335e-05,True,cnn,328,"['iran', 'venezuela']",['military'],True,True,True,True,False,199
116438577686057718,,,"RT 'm winning a War, BY A LOT, things are going very well, our Military has been amazing and, if you read the Fake News, like The Failing New York Times, the absolutely horrendous and disgusting Wall Street Journal, or the now almost defunct, fortunately, Washington Post, you would actually think we are losing the War. The enemy is confused, because they get these same Media ""reports,"" and yet they realize their Navy has been completely wiped out, their Air Force has gone onto darker runways, they have no Anti Missile or Anti Airplane Equipment, their former leaders are mostly gone (This has been, in addition to everything else, Regime Change!), and perhaps, most important of all, THE BLOCKADE, which we will not take off until there is a ""DEAL,"" is absolutely destroying Iran. They are losing $500 Million Dollars a day, an unsustainable number, even in the short run. The Anti-America Fake News Media is rooting for Iran to win, but it's not going to happen, because I'm in charge! Just like these unpatriotic people used every ounce of their limited strength to fight me in the Election, they continue to do so with Iran. The result will be the same — It already is! President DONALD J. TRUMP",https://truthsocial.com/@realDonaldTrump/posts/116438577686057718,2026-04-20 19:01:35.649000+00:00,4854,,,1.6666666666666667e-05,True,cnn,210,['iran'],"['blockade', 'military', 'navy', 'regime change']",True,True,True,False,False,199
116440547673226976,2026-04-20,20:22,"Operation Midnight Hammer was a complete and total obliteration of the Nuclear Dust sites in Iran. Therefore, digging it out will be a long and difficult process. Fake News CNN, and other corrupt Media Networks and Platforms, fail to give our great aviators the credit they deserve - Always trying to demean and belittle - LOSERS!!!",https://truthsocial.com/@realDonaldTrump/posts/116440547673226976,2026-04-21 03:22:35.267000+00:00,48864,20:22,2026-04-20,0.0,True,ucsb,56,['iran'],"['nuclear', 'obliteration']",True,True,True,False,True,200
116442964943642737,2026-04-21,06:37,"Never allow the Traitor Democrats like Low IQ person Hakeem Jeffries, or Cryin' Chuck Schumer, or the totally corrupt Fake News Media such as the phony and decaying Wall Street Journal, the Failing New York Times (Subscriptions way down!), or dying ""60 Minutes,"" to demean or criticize Operation Midnight Hammer, which totally obliterated the Nuclear Dust locations to the point where bloodthirsty Iran has been unable to get to it, or dig it out. Space Force has cameras on every inch of the 3 sites that were so brilliantly hit last June! Thank you for your attention to this matter! President DJT",https://truthsocial.com/@realDonaldTrump/posts/116442964943642737,2026-04-21 13:37:19.887000+00:00,8305,06:37,2026-04-21,0.0,True,ucsb,102,['iran'],"['nuclear', 'obliterated']",True,True,True,False,True,201
116444507618729432,2026-04-21,13:09,"STATEMENT OF PRESIDENT DONALD J. TRUMP: Based on the fact that the Government of Iran is seriously fractured, not unexpectedly so and, upon the request of Field Marshal Asim Munir, and Prime Minister Shehbaz Sharif, of Pakistan, we have been asked to hold our Attack on the Country of Iran until such time as their leaders and representatives can come up with a unified proposal. I have therefore directed our Military to continue the Blockade and, in all other respects, remain ready and able, and will therefore extend the Ceasefire until such time as their proposal is submitted, and discussions are concluded, one way or the other. President DONALD J. TRUMP",https://truthsocial.com/@realDonaldTrump/posts/116444507618729432,2026-04-21 20:09:39.240000+00:00,56792,13:09,2026-04-21,0.0,True,ucsb,111,['iran'],"['attack', 'blockade', 'military']",True,True,True,False,True,202
116445317344745621,2026-04-21,16:35,"THE WALL STREET JOURNAL HAS LOST ITS WAY! An IDIOT on The Wall Street Journal's Editorial Board, named Elliot Kaufman, just wrote an Op Ed entitled, ""The Iranians Take Trump for a Sucker."" Really? For 47 years, they have killed our people, and many others, and taken advantage of every President, except me — And what did I give to them, a Country in tatters! Their entire Navy is at the bottom of the Sea, their Air Force is gone, their Anti Aircraft and Radar is wiped out, their Nuclear Labs and Storage Areas were OBLITERATED late one dark June evening by our Great B-2 Bombers, their leaders are DEAD, including General Soleimani, their evil genius who destroyed the lives of so many with his favored roadside bombs, the Strait of Hormuz is BLOCKADED and totally controlled by the U.S., with no Ships allowed to go to Iranian Ports — It is said that they are losing 500 Million Dollars a day because of this — Their Country is an Economic Catastrophe, that is hanging by a thread. Barack Hussein Obama gave them 1.7 Billion Dollars in ""Green"" Cash, flown in by a Boeing 757 to their leaders, and Hundreds of Billions of Dollars in order to help them on their way to a Nuclear Bomb. Other Presidents did nothing to stop them, a BLIGHT on the Office of the Presidency! But despite all of this, I have a MORON on the Editorial Board of The Wall Street Journal writing about me being taken for a ""sucker."" Iran certainly doesn't think so! Neither does anyone else. I guess Rupert Murdoch told him to write it this way, because The Wall Street Journal has lost its way, no longer required reading, just another failing political ""RAG!"" President DONALD J. TRUMP",https://truthsocial.com/@realDonaldTrump/posts/116445317344745621,2026-04-21 23:35:34.679000+00:00,22677,16:35,2026-04-21,0.0,True,ucsb,299,"['hormuz', 'iran', 'iranian', 'iranians']","['bombers', 'destroyed', 'navy', 'nuclear', 'obliterated', 'ports', 'strait']",True,True,True,False,True,203
116445555373723862,2026-04-21,17:36,"Iran doesn't want the Strait of Hormuz closed, they want it open so they can make $500 Million Dollars a day (which is, therefore, what they are losing if it is closed!). They only say they want it closed because I have it totally BLOCKADED (CLOSED!), so they merely want to ""save face."" People approached me four days ago, saying, ""Sir, Iran wants to open up the Strait, immediately."" But if we do that, there can never be a Deal with Iran, unless we blow up the rest of their Country, their leaders included! President DONALD J. TRUMP",https://truthsocial.com/@realDonaldTrump/posts/116445555373723862,2026-04-22 00:36:06.713000+00:00,20694,17:36,2026-04-21,0.0,True,ucsb,98,"['hormuz', 'iran']",['strait'],True,True,True,False,True,204
116446283085364326,2026-04-21,20:41,Iran is collapsing financially! They want the Strait of Hormuz opened immediately- Starving for cash! Losing 500 Million Dollars a day. Military and Police complaining that they are not getting paid. SOS!!!,https://truthsocial.com/@realDonaldTrump/posts/116446283085364326,2026-04-22 03:41:10.711000+00:00,48230,20:41,2026-04-21,0.0,True,ucsb,32,"['hormuz', 'iran']","['military', 'strait']",True,True,True,False,True,205
116446362429862966,,,RT is collapsing financially! They want the Strait of Hormuz opened immediately- Starving for cash! Losing 500 Million Dollars a day. Military and Police complaining that they are not getting paid. SOS!!!,https://truthsocial.com/@realDonaldTrump/posts/116446362429862966,2026-04-22 04:01:21.412000+00:00,46134,,,0.0,True,cnn,32,['hormuz'],"['military', 'strait']",True,True,True,False,False,205
116454087460626531,2026-04-23,05:45,"I have ordered the United States Navy to shoot and kill any boat, small boats though they may be (Their naval ships are ALL, 159 of them, at the bottom of the sea!), that is putting mines in the waters of the Strait of Hormuz. There is to be no hesitation. Additionally, our mine ""sweepers"" are clearing the Strait right now. I am hereby ordering that activity to continue, but at a tripled up level! Thank you for your attention to this matter. President DONALD J. TRUMP",https://truthsocial.com/@realDonaldTrump/posts/116454087460626531,2026-04-23 12:45:56.027000+00:00,41059,05:45,2026-04-23,0.0,True,ucsb,87,['hormuz'],"['mine', 'mines', 'naval', 'navy', 'strait']",True,True,True,False,True,206
116454200707517482,2026-04-23,06:14,"Iran is having a very hard time figuring out who their leader is! They just don't know! The infighting is between the ""Hardliners,"" who have been losing BADLY on the battlefield, and the ""Moderates,"" who are not very moderate at all (but gaining respect!), is CRAZY! We have total control over the Strait of Hormuz. No ship can enter or leave without the approval of the United States Navy. It is ""Sealed up Tight,"" until such time as Iran is able to make a DEAL!!! Thank you for your attention to this matter. President DONALD J. TRUMP",https://truthsocial.com/@realDonaldTrump/posts/116454200707517482,2026-04-23 13:14:44.038000+00:00,3114,06:14,2026-04-23,0.0,True,ucsb,97,"['hormuz', 'iran']","['navy', 'strait']",True,True,True,False,False,206
116455405423651208,2026-04-23,11:21,"For those people, fewer in number now than ever before, that are reading The Failing New York Times, or watching Fake News CNN, that think that I am ""anxious"" to end the War (if you would even call it that!) with Iran, please be advised that I am possibly the least pressured person ever to be in this position. I have all the time in the World, but Iran doesn't — The clock is ticking! The reason some of the Media is doing so poorly with Subscribers and Viewers is because they no longer have credibility. Iran's Navy is lying at the bottom of the Sea, their Air Force is demolished, their Anti Aircraft and Radar Weaponry is gone, their leaders are no longer with us, the Blockade is airtight and strong and, from there, it only gets worse — Time is not on their side! A Deal will only be made when it's appropriate and good for the United States of America, our Allies and, in fact, the rest of the World. President DONALD J. TRUMP",https://truthsocial.com/@realDonaldTrump/posts/116455405423651208,2026-04-23 18:21:06.547000+00:00,27016,11:21,2026-04-23,0.0,True,ucsb,177,['iran'],"['blockade', 'clock is ticking', 'navy']",True,True,True,False,True,207
116482569681977454,2026-04-28,06:29,"Iran has just informed us that they are in a “State of Collapse.” They want us to “Open the Hormuz Strait,” as soon as possible, as they try to figure out their leadership situation (Which I believe they will be able to do!). Thank you for your attention to this matter! President DONALD J. TRUMP",https://truthsocial.com/@realDonaldTrump/posts/116482569681977454,2026-04-28 13:29:20.235000+00:00,16494,06:29,2026-04-28,0.0,True,ucsb,55,"['hormuz', 'iran']",['strait'],True,True,True,False,True,208
116483733181582907,2026-04-28,11:25,"The Chancellor of Germany, Friedrich Merz, thinks it's OK for Iran to have a Nuclear Weapon. He doesn't know what he's talking about! If Iran had a Nuclear Weapon, the whole World would be held hostage. I am doing something with Iran, right now, that other Nations, or Presidents, should have done long ago. No wonder Germany is doing so poorly, both Economically, and otherwise! President DONALD J. TRUMP",https://truthsocial.com/@realDonaldTrump/posts/116483733181582907,2026-04-28 18:25:13.830000+00:00,20027,11:25,2026-04-28,0.0,True,ucsb,69,['iran'],['nuclear'],True,True,True,True,True,209
116491469825575424,2026-04-29,20:12,Harvard Harris Poll: Strong Majority back President Trump on Iran Nuclear stoppage.,https://truthsocial.com/@realDonaldTrump/posts/116491469825575424,2026-04-30 03:12:45.649000+00:00,2560,20:12,2026-04-29,0.0,True,ucsb,12,['iran'],['nuclear'],True,True,True,True,True,210
116493939901285486,2026-04-30,06:40,"The Chancellor of Germany should spend more time on ending the war with Russia/Ukraine (Where he has been totally ineffective!), and fixing his broken Country, especially Immigration and Energy, and less time on interfering with those that are getting rid of the Iran Nuclear threat, thereby making the World, including Germany, a safer place! President DJT",https://truthsocial.com/@realDonaldTrump/posts/116493939901285486,2026-04-30 13:40:56.013000+00:00,17518,06:40,2026-04-30,0.0,True,ucsb,56,"['iran', 'russia', 'ukraine']",['nuclear'],True,True,True,True,True,211
116496713231472397,2026-04-30,18:26,"Great job by highly respected Navy Commander Kirk Lippold in interview with Jesse Watters on FoxNews. Very smart and insightful concerning Iran, and more. Thank you, Commander! President DJT",https://truthsocial.com/@realDonaldTrump/posts/116496713231472397,2026-05-01 01:26:13.673000+00:00,38669,18:26,2026-04-30,0.0,True,ucsb,29,['iran'],['navy'],True,True,True,False,True,212
116512555123589170,2026-05-03,13:35,"Countries from all over the World, almost all of which are not involved in the Middle Eastern dispute going on so visibly, and violently, for all to see, have asked the United States if we could help free up their Ships, which are locked up in the Strait of Hormuz, on something which they have absolutely nothing to do with — They are merely neutral and innocent bystanders! For the good of Iran, the Middle East, and the United States, we have told these Countries that we will guide their Ships safely out of these restricted Waterways, so that they can freely and ably get on with their business. Again, these are Ships from areas of the World that are not in any way involved with that which is currently taking place in the Middle East. I have told my Representatives to inform them that we will use best efforts to get their Ships and Crews safely out of the Strait. In all cases, they said they will not be returning until the area becomes safe for navigation, and everything else. This process, Project Freedom, will begin Monday morning, Middle East time. I am fully aware that my Representatives are having very positive discussions with the Country of Iran, and that these discussions could lead to something very positive for all. The Ship movement is merely meant to free up people, companies, and Countries that have done absolutely nothing wrong — They are victims of circumstance. This is a Humanitarian gesture on behalf of the United States, Middle Eastern Countries but, in particular, the Country of Iran. Many of these Ships are running low on food, and everything else necessary for largescale crews to stay on board in a healthy and sanitary manner. I think it would go a long way in showing Goodwill on behalf of all of those who have been fighting so strenuously over the last number of months. If, in any way, this Humanitarian process is interfered with, that interference will, unfortunately, have to be dealt with forcefully. Thank you for your attention to this matter! DONALD J. TRUMP PRESIDENT OF THE UNITED STATES OF AMERICA",https://truthsocial.com/@realDonaldTrump/posts/116512555123589170,2026-05-03 20:35:01.763000+00:00,49202,13:35,2026-05-03,0.0,True,ucsb,360,"['hormuz', 'iran']",['strait'],True,True,True,False,True,213
116517438678419639,2026-05-04,10:16,"Iran has taken some shots at unrelated Nations with respect to the Ship Movement, PROJECT FREEDOM, including a South Korean Cargo Ship. Perhaps it's time for South Korea to come and join the mission! We've shot down seven small Boats or, as they like to call them, “fast” Boats. It's all they have left. Other than the South Korean Ship, there has been, at this moment, no damage going through the Strait. Secretary of War Pete Hegseth and Chairman of the Joint Chiefs of Staff, Dan Caine, will have a News Conference tomorrow morning. Thank you for your attention to this matter! President DONALD J. TRUMP",https://truthsocial.com/@realDonaldTrump/posts/116517438678419639,2026-05-04 17:16:58.896000+00:00,51383,10:16,2026-05-04,0.0,True,ucsb,106,['iran'],['strait'],True,True,True,False,True,214
116524418935002706,2026-05-05,15:52,"Based on the request of Pakistan and other Countries, the tremendous Military Success that we have had during the Campaign against the Country of Iran and, additionally, the fact that Great Progress has been made toward a Complete and Final Agreement with Representatives of Iran, we have mutually agreed that, while the Blockade will remain in full force and effect, Project Freedom (The Movement of Ships through the Strait of Hormuz) will be paused for a short period of time to see whether or not the Agreement can be finalized and signed. President DONALD J. TRUMP",https://truthsocial.com/@realDonaldTrump/posts/116524418935002706,2026-05-05 22:52:09.159000+00:00,38482,15:52,2026-05-05,0.0,True,ucsb,96,"['hormuz', 'iran']","['blockade', 'military', 'strait']",True,True,True,False,True,215
116527444859592032,2026-05-06,04:41,"Assuming Iran agrees to give what has been agreed to, which is, perhaps, a big assumption, the already legendary Epic Fury will be at an end, and the highly effective Blockade will allow the Hormuz Strait to be OPEN TO ALL, including Iran. If they don't agree, the bombing starts, and it will be, sadly, at a much higher level and intensity than it was before. Thank you for your attention to this matter! President DONALD J. TRUMP",https://truthsocial.com/@realDonaldTrump/posts/116527444859592032,2026-05-06 11:41:41.104000+00:00,40288,04:41,2026-05-06,0.0,True,ucsb,78,"['hormuz', 'iran']","['blockade', 'strait']",True,True,True,False,True,216
116534860307993853,2026-05-07,12:07,"I had a great call with The President of the European Commission, Ursula von der Leyen. We discussed many topics, including that we are completely united that Iran can never have a Nuclear Weapon. We agreed that a regime that kills its own people cannot control a bomb that can kill millions. I've been waiting patiently for the EU to fulfill their side of the Historic Trade Deal we agreed in Turnberry, Scotland, the largest Trade Deal, ever! A promise was made that the EU would deliver their side of the Deal and, as per Agreement, cut their Tariffs to ZERO! I agreed to give her until our Country's 250th Birthday or, unfortunately, their Tariffs would immediately jump to much higher levels. Thank you for your attention to this matter. President DONALD J. TRUMP",https://truthsocial.com/@realDonaldTrump/posts/116534860307993853,2026-05-07 19:07:31.867000+00:00,38141,12:07,2026-05-07,0.0,True,ucsb,134,['iran'],['nuclear'],True,True,True,True,True,217
116535672760322109,2026-05-07,15:34,"Three World Class American Destroyers just transited, very successfully, out of the Strait of Hormuz, under fire. There was no damage done to the three Destroyers, but great damage done to the Iranian attackers. They were completely destroyed along with numerous small boats, which are being used to take the place of their fully decapitated Navy. These boats went to the bottom of the Sea, quickly and efficiently. Missiles were shot at our Destroyers, and were easily knocked down. Likewise, drones came, and were incinerated while in the air. They dropped ever so beautifully down to the Ocean, very much like a butterfly dropping to its grave! A normal Country would have allowed these Destroyers to pass, but Iran is not a normal Country. They are led by LUNATICS, and if they had the chance to use a Nuclear Weapon, they would do it, without question — But they'll never have that opportunity and, just like we knocked them out again today, we'll knock them out a lot harder, and a lot more violently, in the future, if they don't get their Deal signed, FAST! Our three Destroyers, with their wonderful Crews, will now rejoin our Naval Blockade, which is truly a “Wall of Steel.” President DONALD J. TRUMP",https://truthsocial.com/@realDonaldTrump/posts/116535672760322109,2026-05-07 22:34:08.906000+00:00,18493,15:34,2026-05-07,0.0,True,ucsb,209,"['hormuz', 'iran', 'iranian']","['blockade', 'destroyed', 'drones', 'naval', 'navy', 'nuclear', 'strait']",True,True,True,False,True,218
116563472755399975,2026-05-12,13:24,"When the Fake News says that the Iranian enemy is doing well, Militarily, against us, it's virtual TREASON in that it is such a false, and even preposterous, statement. They are aiding and abetting the enemy! All it does is give Iran false hope when none should exist. These are American cowards that are rooting against our Country. Iran had 159 ships in their Navy — Every single ship is now resting at the bottom of the sea. They have no Navy, their Air Force is gone, all Technology is gone, their “leaders” are no longer with us, and the Country is an Economic Disaster. Only Losers, Ingrates, and Fools are able to make a case against America! President DONALD J. TRUMP",https://truthsocial.com/@realDonaldTrump/posts/116563472755399975,2026-05-12 20:24:03.167000+00:00,7463,13:24,2026-05-12,0.0,True,ucsb,122,"['iran', 'iranian']",['navy'],True,True,True,False,True,219
116575104401917058,2026-05-14,14:42,"When President Xi very elegantly referred to the United States as perhaps being a declining nation, he was referring to the tremendous damage we suffered during the four years of Sleepy Joe Biden and the Biden Administration, and on that score, he was 100% correct. Our Country suffered immeasurably with open borders, high taxes, transgender for everybody, men in women's sports, DEI, horrible trade deals, rampant crime, and so much more! President Xi was not referring to the incredible rise that the United States has displayed to the world during the 16 spectacular months of the Trump Administration, which includes all-time high stock markets and 401K's, military victory and thriving relationship in Venezuela, the military decimation of Iran (to be continued!) — Strongest military on earth by far, economic powerhouse again, with a record 18 trillion dollars being invested into the United States by others, best U.S. job market in history, with more people working in the United States right now than ever before, ending country destroying DEI, and so many other things that it would be impossible to readily list. In fact, President Xi congratulated me on so many tremendous successes in such a short period of time. Two years ago, we were, in fact, a Nation in decline. On that, I fully agree with President Xi! But now, the United States is the hottest Nation anywhere in the world, and hopefully our relationship with China will be stronger and better than ever before!",https://truthsocial.com/@realDonaldTrump/posts/116575104401917058,2026-05-14 21:42:08.007000+00:00,50306,14:42,2026-05-14,0.0,True,ucsb,245,"['iran', 'venezuela']",['military'],True,True,True,True,True,220
116590914302000241,2026-05-17,09:42,"For Iran, the Clock is Ticking, and they better get moving, FAST, or there won't be anything left of them. TIME IS OF THE ESSENCE! President DJT",https://truthsocial.com/@realDonaldTrump/posts/116590914302000241,2026-05-17 16:42:47.938000+00:00,15473,09:42,2026-05-17,0.0,True,ucsb,27,['iran'],['clock is ticking'],True,True,True,False,True,221
116596094940250402,2026-05-18,07:40,"If Iran surrenders, admits their Navy is gone and resting at the bottom of the sea, and their Air Force is no longer with us, and if their entire Military walks out of Tehran, weapons dropped and hands held high, each shouting ""I surrender, I surrender"" while wildly waving the representative White Flag, and if their entire remaining Leadership signs all necessary ""Documents of Surrender,"" and admit their defeat to the great power and force of the magnificent U.S.A., The Failing New York Times, The China Street Journal (WSJ!), Corrupt and now Irrelevant CNN, and all other members of the Fake News Media, will headline that Iran had a Masterful and Brilliant Victory over The United States of America, it wasn't even close. The Dumacrats and Media have totally lost their way. They have gone absolutely CRAZY!!! President DJT",https://truthsocial.com/@realDonaldTrump/posts/116596094940250402,2026-05-18 14:40:18.204000+00:00,33058,07:40,2026-05-18,0.0,True,ucsb,139,"['iran', 'tehran']","['military', 'navy']",True,True,True,False,True,222
116597121700043134,2026-05-18,12:01,"I have been asked by the Emir of Qatar, Tamim bin Hamad Al Thani, the Crown Prince of Saudi Arabia, Mohammed bin Salman Al Saud, and the President of the United Arab Emirates, Mohamed bin Zayed Al Nahyan, to hold off on our planned Military attack of the Islamic Republic of Iran, which was scheduled for tomorrow, in that serious negotiations are now taking place, and that, in their opinion, as Great Leaders and Allies, a Deal will be made, which will be very acceptable to the United States of America, as well as all Countries in the Middle East, and beyond. This Deal will include, importantly, NO NUCLEAR WEAPONS FOR IRAN! Based on my respect for the above mentioned Leaders, I have instructed Secretary of War, Pete Hegseth, The Chairman of The Joint Chiefs of Staff, General Daniel Caine, and The United States Military, that we will NOT be doing the scheduled attack of Iran tomorrow, but have further instructed them to be prepared to go forward with a full, large scale assault of Iran, on a moment's notice, in the event that an acceptable Deal is not reached. Thank you for your attention to this matter! President DONALD J. TRUMP",https://truthsocial.com/@realDonaldTrump/posts/116597121700043134,2026-05-18 19:01:25.315000+00:00,39294,12:01,2026-05-18,0.0,True,ucsb,202,"['iran', 'saudi']","['attack', 'military', 'nuclear']",True,True,True,True,True,223
116597363142207992,,,"RT have been asked by the Emir of Qatar, Tamim bin Hamad Al Thani, the Crown Prince of Saudi Arabia, Mohammed bin Salman Al Saud, and the President of the United Arab Emirates, Mohamed bin Zayed Al Nahyan, to hold off on our planned Military attack of the Islamic Republic of Iran, which was scheduled for tomorrow, in that serious negotiations are now taking place, and that, in their opinion, as Great Leaders and Allies, a Deal will be made, which will be very acceptable to the United States of America, as well as all Countries in the Middle East, and beyond. This Deal will include, importantly, NO NUCLEAR WEAPONS FOR IRAN! Based on my respect for the above mentioned Leaders, I have instructed Secretary of War, Pete Hegseth, The Chairman of The Joint Chiefs of Staff, General Daniel Caine, and The United States Military, that we will NOT be doing the scheduled attack of Iran tomorrow, but have further instructed them to be prepared to go forward with a full, large scale assault of Iran, on a moment's notice, in the event that an acceptable Deal is not reached. Thank you for your attention to this matter! President DONALD J. TRUMP",https://truthsocial.com/@realDonaldTrump/posts/116597363142207992,2026-05-18 20:02:49.430000+00:00,43512,,,3.3333333333333335e-05,True,cnn,202,"['iran', 'saudi']","['attack', 'military', 'nuclear']",True,True,True,True,True,224
116616577018871879,,,"RT Iran surrenders, admits their Navy is gone and resting at the bottom of the sea, and their Air Force is no longer with us, and if their entire Military walks out of Tehran, weapons dropped and hands held high, each shouting ""I surrender, I surrender"" while wildly waving the representative White Flag, and if their entire remaining Leadership signs all necessary ""Documents of Surrender,"" and admit their defeat to the great power and force of the magnificent U.S.A., The Failing New York Times, The China Street Journal (WSJ!), Corrupt and now Irrelevant CNN, and all other members of the Fake News Media, will headline that Iran had a Masterful and Brilliant Victory over The United States of America, it wasn't even close. The Dumacrats and Media have totally lost their way. They have gone absolutely CRAZY!!! President DJT",https://truthsocial.com/@realDonaldTrump/posts/116616577018871879,2026-05-22 05:29:09.921000+00:00,49223,,,0.0002,True,cnn,139,"['iran', 'tehran']","['military', 'navy']",True,True,True,False,True,225
116624932696824292,2026-05-23,09:54,Trump's Global Gambit: How Strikes On Iran And Venezuela Are Fueling America's Economic Comeback And Checking China: loomered.com/2026/04/28/trumps,https://truthsocial.com/@realDonaldTrump/posts/116624932696824292,2026-05-23 16:54:07.449000+00:00,6628,09:54,2026-05-23,0.0,True,ucsb,18,"['iran', 'venezuela']",['strikes'],True,True,True,True,True,226
116625784011805994,2026-05-23,13:30,"I am in the Oval Office at the White House where we just had a very good call with President Mohammed bin Salman Al Saud, of Saudi Arabia, Mohammed bin Zayed Al Nahyan, of The United Arab Emirates, Emir Tamim bin Hamad bin Khalifa Al Thani, Prime Minister Mohammed bin Abdulrahman bin Jassim bin Jaber Al Thani, and Minister Ali al-Thawadi, of Qatar, Field Marshal Syed Asim Munir Ahmed Shah, of Pakistan, President Recep Tayyip Erdoğan, of Türkiye, President Abdel Fattah El-Sisi, of Egypt, King Abdullah II, of Jordan, and King Hamad bin Isa Al Khalifa, of Bahrain, concerning the Islamic Republic of Iran, and all things related to a Memorandum of Understanding pertaining to PEACE. An Agreement has been largely negotiated, subject to finalization between the United States of America, the Islamic Republic of Iran, and the various other Countries, as listed. Separately, I had a call with Prime Minister Bibi Netanyahu, of Israel, which, likewise, went very well. Final aspects and details of the Deal are currently being discussed, and will be announced shortly. In addition to many other elements of the Agreement, the Strait of Hormuz will be opened. Thank you for your attention to this matter! President DONALD J. TRUMP",https://truthsocial.com/@realDonaldTrump/posts/116625784011805994,2026-05-23 20:30:37.484000+00:00,54570,13:30,2026-05-23,0.0,True,ucsb,204,"['hormuz', 'iran', 'saudi']",['strait'],True,True,True,False,True,227
116629952973301768,2026-05-24,07:10,"One of the worst deals ever made by our Country was the Iran Nuclear Deal, put forth and signed into existence by Barack Hussein Obama and the rank amateurs of the Obama Administration. It was a direct path to Iran developing a Nuclear Weapon. Not so with the transaction currently being negotiated with Iran by the Trump Administration - THE EXACT OPPOSITE, in fact! The negotiations are proceeding in an orderly and constructive manner, and I have informed my representatives not to rush into a deal in that time is on our side. The Blockade will remain in full force and effect until an agreement is reached, certified, and signed. Both sides must take their time and get it right. There can be no mistakes! Our relationship with Iran is becoming a much more professional and productive one. They must understand, however, that they cannot develop or procure a Nuclear Weapon or Bomb. I would like to thank, thus far, all of the countries of the Middle East for their support and cooperation, which will be further enhanced and strengthened by their joining the Nations of the historic Abraham Accords and, who knows, perhaps the Islamic Republic of Iran would like to join, as well! Thank you for your attention to this matter. President DONALD J. TRUMP",https://truthsocial.com/@realDonaldTrump/posts/116629952973301768,2026-05-24 14:10:50.788000+00:00,59400,07:10,2026-05-24,0.0,True,ucsb,217,['iran'],"['blockade', 'nuclear']",True,True,True,False,True,228
116630919376298273,2026-05-24,11:16,"If I make a deal with Iran, it will be a good and proper one, not like the one made by Obama, which gave Iran massive amounts of CASH, and a clear and open path to a Nuclear Weapon. Our deal is the exact opposite, but nobody has seen it, or knows what it is. It isn't even fully negotiated yet. So don't listen to the losers, who are critical about something they know nothing about. Unlike those before me who should have solved this problem many years ago, I don't make bad deals! President DJT",https://truthsocial.com/@realDonaldTrump/posts/116630919376298273,2026-05-24 18:16:36.928000+00:00,24865,11:16,2026-05-24,0.0,True,ucsb,96,['iran'],['nuclear'],True,True,True,True,True,229
116634668906719597,2026-05-25,03:10,"I laugh at all of the Dumocrats, RINOS, and Fools who know nothing about the potential deal I am making with Iran, things that haven't even been negotiated yet, weak and ineffective people like failed Senator Thom Tillis (Soon out of office!), Bill Cassidy, who just suffered a massive Primary loss, really bad Congressman Thomas Massie, a major sleazebag who lost in a landslide to a great American Patriot (Endorsed by “TRUMP”) after showing tremendous disloyalty to his Party (and Country!), and almost all Dumocrats, people that have totally lost their way, constantly supporting bad policy and even worse candidates, but are constantly critical of each and every fantastic win I have. These people should go home and rest, they do nothing but create division and loss. In other words, they are losers! The deal with Iran will either be a great and meaningful one, or there will be no deal. It will be the exact opposite of the JCPOA disaster negotiated by the failed Obama Administration, which was a direct and open path to a Nuclear Weapon for Iran. No, I don't do deals like that! President DJT",https://truthsocial.com/@realDonaldTrump/posts/116634668906719597,2026-05-25 10:10:10.222000+00:00,10605,03:10,2026-05-25,0.0,True,ucsb,189,['iran'],"['jcpoa', 'nuclear']",True,True,True,False,True,230
116635026366826956,,,"RT laugh at all of the Dumocrats, RINOS, and Fools who know nothing about the potential deal I am making with Iran, things that haven't even been negotiated yet, weak and ineffective people like failed Senator Thom Tillis (Soon out of office!), Bill Cassidy, who just suffered a massive Primary loss, really bad Congressman Thomas Massie, a major sleazebag who lost in a landslide to a great American Patriot (Endorsed by ""TRUMP"") after showing tremendous disloyalty to his Party (and Country!), and almost all Dumocrats, people that have totally lost their way, constantly supporting bad policy and even worse candidates, but are constantly critical of each and every fantastic win I have. These people should go home and rest, they do nothing but create division and loss. In other words, they are losers! The deal with Iran will either be a great and meaningful one, or there will be no deal. It will be the exact opposite of the JCPOA disaster negotiated by the failed Obama Administration, which was a direct and open path to a Nuclear Weapon for Iran. No, I don't do deals like that! President DJT",https://truthsocial.com/@realDonaldTrump/posts/116635026366826956,2026-05-25 11:41:04.630000+00:00,35276,,,3.3333333333333335e-05,True,cnn,189,['iran'],"['jcpoa', 'nuclear']",True,True,True,False,True,231
116637404995923093,2026-05-25,14:45,"The Enriched Uranium (Nuclear Dust!) will either be immediately turned over to the United States to be brought home and destroyed or, preferably, in conjunction and coordination with the Islamic Republic of Iran, destroyed in place or, at another acceptable location, with the Atomic Energy Commission, or its equivalent, being witness to this process and event. Thank you for your attention to this matter! President DJT",https://truthsocial.com/@realDonaldTrump/posts/116637404995923093,2026-05-25 21:45:59.630000+00:00,11413,14:45,2026-05-25,0.0,True,ucsb,66,['iran'],"['destroyed', 'nuclear']",True,True,True,False,True,232
116642543193922330,2026-05-26,12:32,"If Iran surrenders, admits their Navy is gone and resting at the bottom of the sea, and their Air Force is no longer with us, and if their entire Military walks out of Tehran, weapons dropped and hands held high, each shouting “I surrender, I surrender” while wildly waving the representative White Flag, and if their entire remaining Leadership signs all necessary “Documents of Surrender,” and admit their defeat to the great power and force of the magnificent U.S.A., The Failing New York Times, The China Street Journal (WSJ!), Corrupt and now Irrelevant CNN, and all other members of the Fake News Media, will headline that Iran had a Masterful and Brilliant Victory over The United States of America, it wasn't even close. The Dumacrats and Media have totally lost their way. They have gone absolutely CRAZY!!! President DJT",https://truthsocial.com/@realDonaldTrump/posts/116642543193922330,2026-05-26 19:32:42.309000+00:00,39706,12:32,2026-05-26,0.0,True,ucsb,139,"['iran', 'tehran']","['military', 'navy']",True,True,True,False,True,233
116658423998920803,2026-05-29,07:51,"Iran must agree that they will never have a Nuclear Weapon or Bomb. The Hormuz Strait must be immediately open, no tolls, for unrestricted shipping traffic, in both directions. All water mines (bombs), if any, will be terminated (we have removed, through detonation, numerous such mines with our great underwater mine sweepers. Iran will complete the immediate removal and/or detonation of any mines that are left, which will not be many!). Ships caught in the Strait due to our amazing and unprecedented Naval Blockade, which will now be lifted, may start the process of “heading home!” Say HELLO to your wives, husbands, parents, and families from me, your favorite President! The enriched material, sometimes referred to as “Nuclear Dust,” which is buried deep underground with virtually collapsed mountains, caused by our powerful B2 Bomber attack 11 months ago, sitting on top of it, will be unearthed by the United States (which, it is agreed, is the only Country, along with China, with the mechanical capability of doing so!), in close coordination and conjunction with the Islamic Republic of Iran, plus the International Atomic Energy Agency, and DESTROYED. No money will be exchanged, until further notice. Other items, of far less importance, have been agreed to. I will be meeting now, in the Situation Room, to make a final determination. Thank you for your attention to this matter! President DONALD J. TRUMP",https://truthsocial.com/@realDonaldTrump/posts/116658423998920803,2026-05-29 14:51:24.163000+00:00,14435,07:51,2026-05-29,0.0,True,ucsb,231,"['hormuz', 'iran']","['attack', 'blockade', 'bomber', 'destroyed', 'mine', 'mines', 'naval', 'nuclear', 'shipping', 'strait']",True,True,True,False,True,234
116659026234891069,,,"RT spending this week reviewing the Iranian war I am now convinced President Trump is on the edge of an historic victory. The real breakthrough for me came as I reviewed President Trump's decisions and maneuvers not from the standpoint of American unilateralism but from the standpoint of the leader of a remarkable historic coalition, the largest coalition ever put together in the modern Middle East. Everyone understands that Israel is an important ally. What is little discussed is the depth of support from the United Arab Emirates, Qatar, Bahrain, Saudi Arabia and other countries in the region. It has to be sobering for the Iranian dictatorship to realize that it does not have a single ally willing to challenge the American naval blockade. Slowly, gradually, timidly, our European allies are lining up to help with the Persian Gulf and the Strait of Hormuz. A great deal of President Trump's maneuvers against Iran make sense once he is seen as a coalition leader and not just as a unilateral American President. I spent a lot of the last couple weeks reviewing kinetic options including wining the battle of the Persian Gulf and the Strait of Hormuz and if necessary using the shocking and shattering level of force President Nixon and Secretary Kissinger used against Hanoi and Haiphong in Christmas 1972 (which both leaders believed convinced the North Vietnamese to agree to a truce and the freeing of American POWs). If this were a unilateral American campaign I could enthusiastically support a more aggressive kinetic campaign. However it is also clear it would shatter the coalition because our Arab allies are convinced Iran could still do enormous damage to their oil fields and infrastructure. Coalitions are inherently slower than unilateral campaigns. However coalitions ultimately bring vastly more power to the fight. I am as frustrated as everyone else by the pace of talking with the dictatorship but having reviewed the correlation of forces and the options available to the coalition on one side and the Iranian religiously motivated dictatorship on the other I am prepared to assert that President Trump's coalition leadership (something almost none of his critics want to acknowledge) is within reach of an enormous historic victory. And if the Iranian dictatorship ultimately proves it is hopelessly committed to a suicidal position there will be plenty of time for a kinetic campaign of enormous power and effectiveness. Either way we are on the edge of an astonishing victory for our values and for a safer Middle East.",https://truthsocial.com/@realDonaldTrump/posts/116659026234891069,2026-05-29 17:24:33.554000+00:00,56125,,,3.3333333333333335e-05,True,cnn,418,"['hormuz', 'iran', 'iranian', 'oil', 'persian gulf', 'saudi']","['blockade', 'naval', 'strait']",True,True,True,False,True,235
116659205590853554,,,"RT must agree that they will never have a Nuclear Weapon or Bomb. The Hormuz Strait must be immediately open, no tolls, for unrestricted shipping traffic, in both directions. All water mines (bombs), if any, will be terminated (we have removed, through detonation, numerous such mines with our great underwater mine sweepers. Iran will complete the immediate removal and/or detonation of any mines that are left, which will not be many!). Ships caught in the Strait due to our amazing and unprecedented Naval Blockade, which will now be lifted, may start the process of ""heading home!"" Say HELLO to your wives, husbands, parents, and families from me, your favorite President! The enriched material, sometimes referred to as ""Nuclear Dust,"" which is buried deep underground with virtually collapsed mountains, caused by our powerful B2 Bomber attack 11 months ago, sitting on top of it, will be unearthed by the United States (which, it is agreed, is the only Country, along with China, with the mechanical capability of doing so!), in close coordination and conjunction with the Islamic Republic of Iran, plus the International Atomic Energy Agency, and DESTROYED. No money will be exchanged, until further notice. Other items, of far less importance, have been agreed to. I will be meeting now, in the Situation Room, to make a final determination. Thank you for your attention to this matter! President DONALD J. TRUMP",https://truthsocial.com/@realDonaldTrump/posts/116659205590853554,2026-05-29 18:10:10.309000+00:00,42930,,,1.6666666666666667e-05,True,cnn,231,"['hormuz', 'iran']","['attack', 'blockade', 'bomber', 'destroyed', 'mine', 'mines', 'naval', 'nuclear', 'shipping', 'strait']",True,True,True,False,True,236
116659205867536088,,,"RT spending this week reviewing the Iranian war I am now convinced President Trump is on the edge of an historic victory. The real breakthrough for me came as I reviewed President Trump's decisions and maneuvers not from the standpoint of American unilateralism but from the standpoint of the leader of a remarkable historic coalition, the largest coalition ever put together in the modern Middle East. Everyone understands that Israel is an important ally. What is little discussed is the depth of support from the United Arab Emirates, Qatar, Bahrain, Saudi Arabia and other countries in the region. It has to be sobering for the Iranian dictatorship to realize that it does not have a single ally willing to challenge the American naval blockade. Slowly, gradually, timidly, our European allies are lining up to help with the Persian Gulf and the Strait of Hormuz. A great deal of President Trump's maneuvers against Iran make sense once he is seen as a coalition leader and not just as a unilateral American President. I spent a lot of the last couple weeks reviewing kinetic options including wining the battle of the Persian Gulf and the Strait of Hormuz and if necessary using the shocking and shattering level of force President Nixon and Secretary Kissinger used against Hanoi and Haiphong in Christmas 1972 (which both leaders believed convinced the North Vietnamese to agree to a truce and the freeing of American POWs). If this were a unilateral American campaign I could enthusiastically support a more aggressive kinetic campaign. However it is also clear it would shatter the coalition because our Arab allies are convinced Iran could still do enormous damage to their oil fields and infrastructure. Coalitions are inherently slower than unilateral campaigns. However coalitions ultimately bring vastly more power to the fight. I am as frustrated as everyone else by the pace of talking with the dictatorship but having reviewed the correlation of forces and the options available to the coalition on one side and the Iranian religiously motivated dictatorship on the other I am prepared to assert that President Trump's coalition leadership (something almost none of his critics want to acknowledge) is within reach of an enormous historic victory. And if the Iranian dictatorship ultimately proves it is hopelessly committed to a suicidal position there will be plenty of time for a kinetic campaign of enormous power and effectiveness. Either way we are on the edge of an astonishing victory for our values and for a safer Middle East.",https://truthsocial.com/@realDonaldTrump/posts/116659205867536088,2026-05-29 18:10:14.531000+00:00,32472,,,1.6666666666666667e-05,True,cnn,418,"['hormuz', 'iran', 'iranian', 'oil', 'persian gulf', 'saudi']","['blockade', 'naval', 'strait']",True,True,True,False,False,236
116664181157116570,2026-05-30,08:15,"Can you imagine? A Barack Hussein Obama Judge named Christopher Cooper has stopped a magnificent structural and aesthetic rebuilding of The Trump Kennedy Center where Millions of Dollars of material, marble, furniture, steel, air conditioning, heating, and so much else was ordered, or soon to be ordered, with the end result being a structure that would no longer be in a potential state of collapse, rusted, rotted, and rat and bug infested, to one that would be the Finest anywhere in the World. It was necessary to close the Center in order to get this work done. It is not possible to have a major and very dangerous Construction job, including the replacement of structural beams, with audiences innocently going in to watch a Play. The marble is in terrible shape, the pipes are gone, the air conditioning and heating systems are 65 years old, and no longer functioning. It was all being torn out to be replaced by brand new Carrier Equipment, at the highest standard. Now that won't happen anymore because a Judge, whose wife is an anti Trump Hater, and he is too, decided, unprecedentedly, to not allow a desperately needed Building Renovation to go forward. On top of that, he said, “Rip his name off the Building, he's got 20 days to do so,” even though a large Board of some of the most distinguished people in the Country voted unanimously to put the name up. I didn't do it, the Board did because they thought it would be good for this dying Institution, which was doing Record Low Business and, especially after COVID, only getting worse — True for other such Institutions throughout the Country, but The Trump Kennedy Center was going to be a special one. It would have fully recovered, when none others will. It would have been a New Standard of Excellence, one of my many Gifts to Washington, D.C. The new Building would have been incomparable, beautiful marble, magnificent chandeliers, the finest carpets, rugs, and furniture, designed at the highest level but, perhaps most importantly, replaced steel on many beams, columns, and girders, making the Building structurally sound again. People shouldn't be allowed to go into that Building until this is fixed, and yet the Trump Hating Judge wants to keep it open because his wife probably told him to do so! Cooper's wife, Amy Jeffress, who doesn't use the “Cooper” name because they, as a couple, don't want people to know that she has a Conflict of Interest with an important Judge, is a Radical Left Democrat, who worked as a Federal Prosecutor and Counselor to Obama Attorney General, Eric Holder, worked behind the scenes for the January 6th Unselect Committee of Political Hacks and Thugs, Dirty Cop FBI attorney Lisa Page in the Hillary Clinton Email Scandal, RUSSIA RUSSIA RUSSIA Hoax, and her Millions of Dollars Settlement, even though she was “guilty as hell,” and is currently representing Sleepy Joe Biden on the release of his audio tapes, and more. She also works for the same Legal Firm that represented E. Jean Carroll who received a decision against me, now under appeal, that was shocking to the entire World. Amy is totally wired into the Left System, from her husband down, and it is impossible for me to be treated fairly. He has a total Conflict of Interest, and should be brought up on charges for not revealing these facts. That is why The Kennedy Center will soon be closed, probably never to open again. That is why, at a different level, and with different players, our Country lost the TARIFF Case, and is forced to pay back 149 Billion Dollars in money received from people who hate everything we stand for. They are laughing all the way to the Bank at how stupid we are (One half sentence clause from the Supreme Court would have saved us this incalculable amount of money!), and that is probably why our Country will lose the Birthright Citizenship Case (No other Country in the World has this — It is totally unaffordable!), because our Court System is RIGGED, no different than our Political System is RIGGED, and the people of our Country know it, and that is why I got overwhelmingly elected President, in Record Numbers, and will FIGHT, FIGHT, FIGHT! President DONALD J. TRUMP",https://truthsocial.com/@realDonaldTrump/posts/116664181157116570,2026-05-30 15:15:31.425000+00:00,47770,08:15,2026-05-30,0.0,True,ucsb,723,['russia'],['tariff'],True,True,True,False,True,237
116664420134580839,,,"RT you imagine? A Barack Hussein Obama Judge named Christopher Cooper has stopped a magnificent structural and aesthetic rebuilding of The Trump Kennedy Center where Millions of Dollars of material, marble, furniture, steel, air conditioning, heating, and so much else was ordered, or soon to be ordered, with the end result being a structure that would no longer be in a potential state of collapse, rusted, rotted, and rat and bug infested, to one that would be the Finest anywhere in the World. It was necessary to close the Center in order to get this work done. It is not possible to have a major and very dangerous Construction job, including the replacement of structural beams, with audiences innocently going in to watch a Play. The marble is in terrible shape, the pipes are gone, the air conditioning and heating systems are 65 years old, and no longer functioning. It was all being torn out to be replaced by brand new Carrier Equipment, at the highest standard. Now that won't happen anymore because a Judge, whose wife is an anti Trump Hater, and he is too, decided, unprecedentedly, to not allow a desperately needed Building Renovation to go forward. On top of that, he said, ""Rip his name off the Building, he's got 20 days to do so,"" even though a large Board of some of the most distinguished people in the Country voted unanimously to put the name up. I didn't do it, the Board did because they thought it would be good for this dying Institution, which was doing Record Low Business and, especially after COVID, only getting worse — True for other such Institutions throughout the Country, but The Trump Kennedy Center was going to be a special one. It would have fully recovered, when none others will. It would have been a New Standard of Excellence, one of my many Gifts to Washington, D.C. The new Building would have been incomparable, beautiful marble, magnificent chandeliers, the finest carpets, rugs, and furniture, designed at the highest level but, perhaps most importantly, replaced steel on many beams, columns, and girders, making the Building structurally sound again. People shouldn't be allowed to go into that Building until this is fixed, and yet the Trump Hating Judge wants to keep it open because his wife probably told him to do so! Cooper's wife, Amy Jeffress, who doesn't use the ""Cooper"" name because they, as a couple, don't want people to know that she has a Conflict of Interest with an important Judge, is a Radical Left Democrat, who worked as a Federal Prosecutor and Counselor to Obama Attorney General, Eric Holder, worked behind the scenes for the January 6th Unselect Committee of Political Hacks and Thugs, Dirty Cop FBI attorney Lisa Page in the Hillary Clinton Email Scandal, RUSSIA RUSSIA RUSSIA Hoax, and her Millions of Dollars Settlement, even though she was ""guilty as hell,"" and is currently representing Sleepy Joe Biden on the release of his audio tapes, and more. She also works for the same Legal Firm that represented E. Jean Carroll who received a decision against me, now under appeal, that was shocking to the entire World. Amy is totally wired into the Left System, from her husband down, and it is impossible for me to be treated fairly. He has a total Conflict of Interest, and should be brought up on charges for not revealing these facts. That is why The Kennedy Center will soon be closed, probably never to open again. That is why, at a different level, and with different players, our Country lost the TARIFF Case, and is forced to pay back 149 Billion Dollars in money received from people who hate everything we stand for. They are laughing all the way to the Bank at how stupid we are (One half sentence clause from the Supreme Court would have saved us this incalculable amount of money!), and that is probably why our Country will lose the Birthright Citizenship Case (No other Country in the World has this — It is totally unaffordable!), because our Court System is RIGGED, no different than our Political System is RIGGED, and the people of our Country know it, and that is why I got overwhelmingly elected President, in Record Numbers, and will FIGHT, FIGHT, FIGHT! President DONALD J. TRUMP",https://truthsocial.com/@realDonaldTrump/posts/116664420134580839,2026-05-30 16:16:17.932000+00:00,29287,,,3.3333333333333335e-05,True,cnn,723,['russia'],['tariff'],True,True,True,False,True,238
116665431926784379,2026-05-30,13:33,"Someone should explain to the Pope that the Mayor of Chicago is useless, and that Iran cannot have a Nuclear Weapon! President DONALD J. TRUMP",https://truthsocial.com/@realDonaldTrump/posts/116665431926784379,2026-05-30 20:33:36.656000+00:00,16763,13:33,2026-05-30,0.0,True,ucsb,25,['iran'],['nuclear'],True,True,True,True,True,239
116665964219866619,,,"RT you imagine? A Barack Hussein Obama Judge named Christopher Cooper has stopped a magnificent structural and aesthetic rebuilding of The Trump Kennedy Center where Millions of Dollars of material, marble, furniture, steel, air conditioning, heating, and so much else was ordered, or soon to be ordered, with the end result being a structure that would no longer be in a potential state of collapse, rusted, rotted, and rat and bug infested, to one that would be the Finest anywhere in the World. It was necessary to close the Center in order to get this work done. It is not possible to have a major and very dangerous Construction job, including the replacement of structural beams, with audiences innocently going in to watch a Play. The marble is in terrible shape, the pipes are gone, the air conditioning and heating systems are 65 years old, and no longer functioning. It was all being torn out to be replaced by brand new Carrier Equipment, at the highest standard. Now that won't happen anymore because a Judge, whose wife is an anti Trump Hater, and he is too, decided, unprecedentedly, to not allow a desperately needed Building Renovation to go forward. On top of that, he said, ""Rip his name off the Building, he's got 20 days to do so,"" even though a large Board of some of the most distinguished people in the Country voted unanimously to put the name up. I didn't do it, the Board did because they thought it would be good for this dying Institution, which was doing Record Low Business and, especially after COVID, only getting worse — True for other such Institutions throughout the Country, but The Trump Kennedy Center was going to be a special one. It would have fully recovered, when none others will. It would have been a New Standard of Excellence, one of my many Gifts to Washington, D.C. The new Building would have been incomparable, beautiful marble, magnificent chandeliers, the finest carpets, rugs, and furniture, designed at the highest level but, perhaps most importantly, replaced steel on many beams, columns, and girders, making the Building structurally sound again. People shouldn't be allowed to go into that Building until this is fixed, and yet the Trump Hating Judge wants to keep it open because his wife probably told him to do so! Cooper's wife, Amy Jeffress, who doesn't use the ""Cooper"" name because they, as a couple, don't want people to know that she has a Conflict of Interest with an important Judge, is a Radical Left Democrat, who worked as a Federal Prosecutor and Counselor to Obama Attorney General, Eric Holder, worked behind the scenes for the January 6th Unselect Committee of Political Hacks and Thugs, Dirty Cop FBI attorney Lisa Page in the Hillary Clinton Email Scandal, RUSSIA RUSSIA RUSSIA Hoax, and her Millions of Dollars Settlement, even though she was ""guilty as hell,"" and is currently representing Sleepy Joe Biden on the release of his audio tapes, and more. She also works for the same Legal Firm that represented E. Jean Carroll who received a decision against me, now under appeal, that was shocking to the entire World. Amy is totally wired into the Left System, from her husband down, and it is impossible for me to be treated fairly. He has a total Conflict of Interest, and should be brought up on charges for not revealing these facts. That is why The Kennedy Center will soon be closed, probably never to open again. That is why, at a different level, and with different players, our Country lost the TARIFF Case, and is forced to pay back 149 Billion Dollars in money received from people who hate everything we stand for. They are laughing all the way to the Bank at how stupid we are (One half sentence clause from the Supreme Court would have saved us this incalculable amount of money!), and that is probably why our Country will lose the Birthright Citizenship Case (No other Country in the World has this — It is totally unaffordable!), because our Court System is RIGGED, no different than our Political System is RIGGED, and the people of our Country know it, and that is why I got overwhelmingly elected President, in Record Numbers, and will FIGHT, FIGHT, FIGHT! President DONALD J. TRUMP",https://truthsocial.com/@realDonaldTrump/posts/116665964219866619,2026-05-30 22:48:58.804000+00:00,7675,,,0.0,True,cnn,723,['russia'],['tariff'],True,True,True,False,True,240
116669598824791805,,,"RT spending this week reviewing the Iranian war I am now convinced President Trump is on the edge of an historic victory. The real breakthrough for me came as I reviewed President Trump's decisions and maneuvers not from the standpoint of American unilateralism but from the standpoint of the leader of a remarkable historic coalition, the largest coalition ever put together in the modern Middle East. Everyone understands that Israel is an important ally. What is little discussed is the depth of support from the United Arab Emirates, Qatar, Bahrain, Saudi Arabia and other countries in the region. It has to be sobering for the Iranian dictatorship to realize that it does not have a single ally willing to challenge the American naval blockade. Slowly, gradually, timidly, our European allies are lining up to help with the Persian Gulf and the Strait of Hormuz. A great deal of President Trump's maneuvers against Iran make sense once he is seen as a coalition leader and not just as a unilateral American President. I spent a lot of the last couple weeks reviewing kinetic options including wining the battle of the Persian Gulf and the Strait of Hormuz and if necessary using the shocking and shattering level of force President Nixon and Secretary Kissinger used against Hanoi and Haiphong in Christmas 1972 (which both leaders believed convinced the North Vietnamese to agree to a truce and the freeing of American POWs). If this were a unilateral American campaign I could enthusiastically support a more aggressive kinetic campaign. However it is also clear it would shatter the coalition because our Arab allies are convinced Iran could still do enormous damage to their oil fields and infrastructure. Coalitions are inherently slower than unilateral campaigns. However coalitions ultimately bring vastly more power to the fight. I am as frustrated as everyone else by the pace of talking with the dictatorship but having reviewed the correlation of forces and the options available to the coalition on one side and the Iranian religiously motivated dictatorship on the other I am prepared to assert that President Trump's coalition leadership (something almost none of his critics want to acknowledge) is within reach of an enormous historic victory. And if the Iranian dictatorship ultimately proves it is hopelessly committed to a suicidal position there will be plenty of time for a kinetic campaign of enormous power and effectiveness. Either way we are on the edge of an astonishing victory for our values and for a safer Middle East.",https://truthsocial.com/@realDonaldTrump/posts/116669598824791805,2026-05-31 14:13:18.473000+00:00,65277,,,1.6666666666666667e-05,True,cnn,418,"['hormuz', 'iran', 'iranian', 'oil', 'persian gulf', 'saudi']","['blockade', 'naval', 'strait']",True,True,True,False,True,241
116669680863671672,,,"RT spending this week reviewing the Iranian war I am now convinced President Trump is on the edge of an historic victory. The real breakthrough for me came as I reviewed President Trump's decisions and maneuvers not from the standpoint of American unilateralism but from the standpoint of the leader of a remarkable historic coalition, the largest coalition ever put together in the modern Middle East. Everyone understands that Israel is an important ally. What is little discussed is the depth of support from the United Arab Emirates, Qatar, Bahrain, Saudi Arabia and other countries in the region. It has to be sobering for the Iranian dictatorship to realize that it does not have a single ally willing to challenge the American naval blockade. Slowly, gradually, timidly, our European allies are lining up to help with the Persian Gulf and the Strait of Hormuz. A great deal of President Trump's maneuvers against Iran make sense once he is seen as a coalition leader and not just as a unilateral American President. I spent a lot of the last couple weeks reviewing kinetic options including wining the battle of the Persian Gulf and the Strait of Hormuz and if necessary using the shocking and shattering level of force President Nixon and Secretary Kissinger used against Hanoi and Haiphong in Christmas 1972 (which both leaders believed convinced the North Vietnamese to agree to a truce and the freeing of American POWs). If this were a unilateral American campaign I could enthusiastically support a more aggressive kinetic campaign. However it is also clear it would shatter the coalition because our Arab allies are convinced Iran could still do enormous damage to their oil fields and infrastructure. Coalitions are inherently slower than unilateral campaigns. However coalitions ultimately bring vastly more power to the fight. I am as frustrated as everyone else by the pace of talking with the dictatorship but having reviewed the correlation of forces and the options available to the coalition on one side and the Iranian religiously motivated dictatorship on the other I am prepared to assert that President Trump's coalition leadership (something almost none of his critics want to acknowledge) is within reach of an enormous historic victory. And if the Iranian dictatorship ultimately proves it is hopelessly committed to a suicidal position there will be plenty of time for a kinetic campaign of enormous power and effectiveness. Either way we are on the edge of an astonishing victory for our values and for a safer Middle East.",https://truthsocial.com/@realDonaldTrump/posts/116669680863671672,2026-05-31 14:34:10.287000+00:00,62840,,,3.3333333333333335e-05,True,cnn,418,"['hormuz', 'iran', 'iranian', 'oil', 'persian gulf', 'saudi']","['blockade', 'naval', 'strait']",True,True,True,False,False,241
116671779106880540,2026-05-31,16:27,"Fake News CNN said today, routinely, that my Iran Nuclear Deal doesn't talk about Nuclear, when actually it states, very clearly, that Iran will not have a Nuclear Weapon. It then goes on, in very strong and lengthy detail, to discuss various other aspects of Nuclear. In fact, that's what most of the agreement is about. CNN, and so many others in the Fake News Media, is a Low Ratings disaster. Even with new ownership, it is unlikely to ever get better!!! President DJT",https://truthsocial.com/@realDonaldTrump/posts/116671779106880540,2026-05-31 23:27:46.938000+00:00,31772,16:27,2026-05-31,0.0,True,ucsb,84,['iran'],['nuclear'],True,True,True,True,True,242
116677921449196957,2026-06-01,18:29,"If Iran surrenders, admits their Navy is gone and resting at the bottom of the sea, and their Air Force is no longer with us, and if their entire Military walks out of Tehran, weapons dropped and hands held high, each shouting ""I surrender, I surrender"" while wildly waving the representative White Flag, and if their entire remaining Leadership signs all necessary ""Documents of Surrender,"" and admit their defeat to the great power and force of the magnificent U.S.A., The Failing New York Times, The China Street Journal (WSJ!), Corrupt and now Irrelevant CNN, and all other members of the Fake News Media, will headline that Iran had a Masterful and Brilliant Victory over The United States of America, it wasn't even close. The Dumacrats and Media have totally lost their way. They have gone absolutely CRAZY!!! President DJT",https://truthsocial.com/@realDonaldTrump/posts/116677921449196957,2026-06-02 01:29:51.644000+00:00,15773,18:29,2026-06-01,0.0,True,ucsb,139,"['iran', 'tehran']","['military', 'navy']",True,True,True,False,True,243
116714035637911912,2026-06-08,03:34,"Both sides, Israel and Iran, are looking to do an immediate CEASEFIRE! Final negotiations on “Peace” are proceeding, subject to ignorance or stupidity getting in its way. The Blockade will remain in place, and in full force and effect, until a “Final Deal” is reached. Things should move quickly. Thank you for your attention to this matter! President DONALD J. TRUMP",https://truthsocial.com/@realDonaldTrump/posts/116714035637911912,2026-06-08 10:34:10.432000+00:00,360,03:34,2026-06-08,0.0,True,ucsb,61,['iran'],['blockade'],True,True,True,False,True,244
116721129088347687,2026-06-09,09:38,"I have just been informed by our Great Military that last night the Iranians shot down one of our highly sophisticated Apache Helicopters while patrolling over the Strait of Hormuz. There were two pilots involved, both are safe and uninjured. Nevertheless, the United States must, of necessity, respond to this attack. Thank you for your attention to this matter! President DONALD J. TRUMP",https://truthsocial.com/@realDonaldTrump/posts/116721129088347687,2026-06-09 16:38:07.895000+00:00,60967,09:38,2026-06-09,0.0,True,ucsb,63,"['hormuz', 'iranians']","['attack', 'military', 'strait']",True,True,True,False,True,245
116725476229257491,2026-06-10,04:03,"Iran's Military is a complete and total mess. Much of it, like their Navy and Air Force, doesn't even exist anymore - They have been completely defeated. Iran is all talk and no action. The Bully of the Middle East is DEAD!!! They've taken too long to negotiate a deal that would have been great for them, now they will have to pay the price!!! President DONALD J. TRUMP",https://truthsocial.com/@realDonaldTrump/posts/116725476229257491,2026-06-10 11:03:40.002000+00:00,6419,04:03,2026-06-10,0.0,True,ucsb,69,['iran'],"['military', 'navy']",True,True,True,False,True,246
116725591109474316,2026-06-10,04:32,"The Fake News Media refuses to report how EFFECTIVE the U.S. Naval BLOCKADE is, the most successful Blockade in the history of Naval Warfare. NOTHING GETS THROUGH unless we want it to. IT IS A STEEL WALL! Iran is doing ZERO business, not paying their military, or any of their bills, and quickly becoming a FAILED NATION! Lots of oil is getting out. Praise be to Allah! President DONALD J. TRUMP",https://truthsocial.com/@realDonaldTrump/posts/116725591109474316,2026-06-10 11:32:52.935000+00:00,6156,04:32,2026-06-10,0.0,True,ucsb,71,"['iran', 'oil']","['blockade', 'military', 'naval']",True,True,True,False,False,246
116727075577305840,2026-06-10,10:50,"Last month, I directed our Great U.S. Military to execute a secret mission to support Oil Tankers and other Commercial Ships through the Strait of Hormuz. Today, I am pleased to announce that this effort has resulted in more than 100 MILLION Barrels of Oil making its way through the Strait, and into the Open Market. More than 200 Commercial Ships have safely traveled through the Strait. This wildly successful effort is because the UNITED STATES of AMERICA CONTROLS the Strait of Hormuz — NOT Iran. Their military is defeated, and their economy is lost. It's over for Iran! Thank you for your attention to this matter. President DONALD J. TRUMP",https://truthsocial.com/@realDonaldTrump/posts/116727075577305840,2026-06-10 17:50:24.116000+00:00,39664,10:50,2026-06-10,0.0,True,ucsb,111,"['barrels', 'hormuz', 'iran', 'oil']","['military', 'strait', 'tankers']",True,True,True,False,True,247
116731447139970106,2026-06-11,05:22,"The United States will be hitting Iran (Whose Navy, Air Force, Radar, Anti Aircraft, and all other forms of Defense, together with most of its offensive capability, are GONE!), VERY HARD TONIGHT. At some point in the not too distant future, we will be taking Kharg Island, and other oil infrastructure points, and assume total control of their Oil and Gas Markets, much like we have with Venezuela, which is working out brilliantly for both Venezuela and the United States of America. Thank you for your attention to this matter! President DONALD J. TRUMP",https://truthsocial.com/@realDonaldTrump/posts/116731447139970106,2026-06-11 12:22:08.869000+00:00,11322,05:22,2026-06-11,0.0,True,ucsb,94,"['iran', 'oil', 'venezuela']",['navy'],True,True,True,False,True,248
116732652997120164,2026-06-11,10:28,"Based on the fact that discussions with the Islamic Republic of Iran have been brought to the highest level of Iranian leadership and approved, I have, as President of the United States of America, cancelled the scheduled strikes and bombings against Iran this evening. Discussions and final points have been, in both concept and great detail, approved by all parties involved, including the United States, Israel, Saudi Arabia, UAE, Qatar, Turkey, Pakistan, Bahrain, Kuwait, Jordan, Egypt, and others. The Naval Blockade will remain in full force and effect until this Transaction is finalized — Time and place of the signing to be announced shortly. DONALD J. TRUMP PRESIDENT OF THE UNITED STATES OF AMERICA",https://truthsocial.com/@realDonaldTrump/posts/116732652997120164,2026-06-11 17:28:48.789000+00:00,4260,10:28,2026-06-11,0.0,True,ucsb,114,"['iran', 'iranian', 'saudi']","['blockade', 'naval', 'strikes']",True,True,True,False,True,249
116737418354503074,2026-06-12,06:40,"The terms that Iran leaked out to the Fake News have NOTHING to do with the terms that were agreed to, in writing. What they said, including their weak and pathetic statement on having a deal, bears no relation to the truth. Very dishonorable people to deal with. With them, there is no such thing as dealing in good faith. AMAZING! Also, their totally rebuffed Drone attack last night against Indian Ships leaving the Hormuz Strait is TOTALLY UNACCEPTABLE. They better get their act together, and FAST! President DONALD J. TRUMP",https://truthsocial.com/@realDonaldTrump/posts/116737418354503074,2026-06-12 13:40:42.372000+00:00,11682,06:40,2026-06-12,0.0,True,ucsb,91,"['hormuz', 'iran']","['attack', 'drone', 'strait']",True,True,True,False,True,250
116740105083348004,2026-06-12,18:03,"At my direction, the United States Southern Command delivered a swift and lethal kinetic strike to successfully execute Niño Guerrero, the infamous leader of Tren De Aragua, one of the most bloodthirsty Terrorist Organizations on Planet Earth. Before I returned to office, Joe Biden opened our Southern Border to millions of Illegal Criminals, and allowed this foreign army to rape, maim, and murder American Citizens with total impunity. During my Campaign, I pledged to expel these monsters from our Country, and bring Justice to the families of those they slaughtered, including the precious 12-year-old Jocelyn Nungaray, 22-year-old Laken Reilly, and countless other beautiful souls. With this action, the United States Military has brought retribution for them, their families, and their loved ones. Early in my Administration, I delivered on my promise to designate Tren de Aragua as a Foreign Terrorist Organization, deport thousands of evil criminals, and wage war against the Cartels, who have long been waging war against our Citizens, while weak leaders left America helpless and defensive. This action was coordinated closely with our friends in Venezuela, with whom we are working very well. As a result, Tren de Aragua terrorists no longer have safe haven in Venezuela or anywhere else and, under my leadership, we will find these vicious murderers and drugs lords anytime, anyplace, and send them to the depths of hell where they belong. GOD BLESS AMERICA! President DONALD J. TRUMP Video:",https://truthsocial.com/@realDonaldTrump/posts/116740105083348004,2026-06-13 01:03:58.600000+00:00,58404,18:03,2026-06-12,0.0,True,ucsb,237,['venezuela'],"['military', 'strike']",True,True,True,True,True,251
116743808155352167,2026-06-13,09:45,"Barack Hussein Obama's Deal with Iran, the JCPOA, was an easy, beautiful, smooth road to a Nuclear Weapon, which Iran would have had six years ago, and would have used long before now. My Agreement with Iran is the exact opposite, A WALL TO NO NUCLEAR WEAPON! In fact, they no longer want a Nuclear Weapon, nor will they have one, either through purchase, development, or any other form of procurement. The Deal is scheduled to get signed tomorrow, and immediately after it is signed, the Hormuz Strait is OPEN TO ALL. Our relationship with Iran is a much different and better one than previous Administrations have had. Unlike Obama's Hundreds of Billions of Dollars in payments to them, including 1.7 Billion Dollars in green, cold cash, no money will exchange hands. At the appropriate time, when all is calm, we will go in and get the Nuclear Dust, buried deep under the powerful sunken granite mountains, thanks to our beautiful B-2 Bombers and their brilliant pilots, and downblend and destroy it, whether in Iran, or the United States. We look forward to working with Iran, and the entire Middle East, long into the future. Hopefully, this process will all work out quickly, easily, and smoothly. If it doesn't, we have the ultimate alternative, hopefully never to be used again! Thank you for your attention to this matter!!! President DONALD J. TRUMP",https://truthsocial.com/@realDonaldTrump/posts/116743808155352167,2026-06-13 16:45:42.995000+00:00,31847,09:45,2026-06-13,0.0,True,ucsb,232,"['hormuz', 'iran']","['bombers', 'destroy', 'jcpoa', 'nuclear', 'strait']",True,True,True,False,True,252
116749002714205339,2026-06-14,07:46,"This morning's attack on Beirut should not have happened, particularly on a special day when we are so close to a Peace Deal with Iran. Israel has the right to defend itself against threats, but the attack it was responding to was very small and meaningless, nobody was hurt, injured, or killed, and should not disrupt this important process. We are very close to a Deal that will bring peace to the region, including to Lebanon, and all sides should stand down. There should be no more attacks by Israel anywhere in Lebanon, but there should also be no more attacks by any other party, including Hezbollah, against Israel. This could be the beginning of a long and beautiful peace — Let's not blow it! Thank you for your attention to this matter. President DONALD J. TRUMP",https://truthsocial.com/@realDonaldTrump/posts/116749002714205339,2026-06-14 14:46:45.673000+00:00,19611,07:46,2026-06-14,0.0,True,ucsb,137,['iran'],['attack'],True,True,True,True,True,253
116750323241294561,2026-06-14,13:22,"Senator Jack Reed, a Dumocrat from R.I., lied when stating the the Deal we just made is not as good as the Obama disaster known as the JCPOA. Reed is either an outright fraud, or incompetent. The Obuma Deal was a road to a Nuclear weapon for Iran, cash and all, one of the worst and dumbest (hence Dumocrats!) Deals ever made by the U.S. Our Deal is a WALL against Iran ever having a Nuclear weapon, the complete opposite of Obuma. Impeach Jack Reed!",https://truthsocial.com/@realDonaldTrump/posts/116750323241294561,2026-06-14 20:22:35.317000+00:00,39649,13:22,2026-06-14,0.0,True,ucsb,85,['iran'],"['jcpoa', 'nuclear']",True,True,True,False,True,254
116750372942466677,2026-06-14,13:35,"Victoria Coates of the Heritage Foundation is absolutely fantastic! She gets it like few other do. Thank you Victoria. Iran will never have a Nuclear weapon, and the Strait of Hormuz will be opening up for business very shortly!!! President DJT",https://truthsocial.com/@realDonaldTrump/posts/116750372942466677,2026-06-14 20:35:13.697000+00:00,20085,13:35,2026-06-14,0.0,True,ucsb,41,"['hormuz', 'iran']","['nuclear', 'strait']",True,True,True,False,False,254
116750587569914985,2026-06-14,14:29,"The Deal with the Islamic Republic of Iran is now complete. Congratulations to all! I hereby fully authorize the toll free opening of the Strait of Hormuz, and, simultaneously herewith, authorize the immediate removal of the United States Naval blockade. Ships of the World, start your engines. Let the oil flow! President DONALD J. TRUMP",https://truthsocial.com/@realDonaldTrump/posts/116750587569914985,2026-06-14 21:29:48.652000+00:00,17513,14:29,2026-06-14,0.0,True,ucsb,55,"['hormuz', 'iran', 'oil']","['blockade', 'naval', 'strait']",True,True,True,False,True,255
116750814874397998,2026-06-14,15:27,"This Great Deal will bring Peace and Security to the whole Region. Many presidents have tried to make Peace with Iran, and all have failed before me. The Leaders of the Region have, for the first time, found a President who can help them achieve real Peace. With the opening of the Strait upon the signing of the Deal on Friday, for purposes of mine removal, oil will flow on both ends again for the Region, and the World! President DONALD J. TRUMP",https://truthsocial.com/@realDonaldTrump/posts/116750814874397998,2026-06-14 22:27:37.043000+00:00,27950,15:27,2026-06-14,0.0,True,ucsb,83,"['iran', 'oil']","['mine', 'strait']",True,True,True,False,True,256
116754269577470122,2026-06-15,06:06,"Ships are starting to move, many loaded up with Oil, out of the Strait of Hormuz. They are going along the Southern “Highway,” which is totally safe, secure, and pristine. There are other areas of travel, also!!! President DJT",https://truthsocial.com/@realDonaldTrump/posts/116754269577470122,2026-06-15 13:06:11.628000+00:00,57514,06:06,2026-06-15,0.0,True,ucsb,39,"['hormuz', 'oil']",['strait'],True,True,True,False,True,257
116756674797972374,2026-06-15,16:17,"Iran has agreed to never have a Nuclear Weapon! Also, the story that the U.S. is paying Iran 300 million Dollars is Fake News, put out by the Dumocrats!!! President DJT",https://truthsocial.com/@realDonaldTrump/posts/116756674797972374,2026-06-15 23:17:52.381000+00:00,11158,16:17,2026-06-15,0.0,True,ucsb,31,['iran'],['nuclear'],True,True,True,True,True,258
116765811260304660,2026-06-17,07:01,"I will be doing a Press Conference in 45 minutes from France. I'll then be heading to Versailles for Dinner with French and other European Leaders, and then back home tonight! The trip was a Great Success but, mostly what people wanted to talk about, is the fact that Iran will not have a Nuclear Weapon, and that the Strait of Hormuz will immediately be opened! Great Numbers in all categories for the United States Economy with more people working today than have ever worked before. Over 19.1 Trillion being invested in the U.S.A. with Factories and everything else happening but, importantly, recent Stock Market numbers are through the roof because of the settlement and, likewise, Oil Prices are tumbling down! President DONALD J. TRUMP",https://truthsocial.com/@realDonaldTrump/posts/116765811260304660,2026-06-17 14:01:23.732000+00:00,44308,07:01,2026-06-17,0.0,True,ucsb,125,"['hormuz', 'iran', 'oil']","['nuclear', 'strait']",True,True,True,False,True,259
116771467656011073,2026-06-18,06:59,"OIL IS FLOWING, IRAN CAN NEVER HAVE A NUCLEAR WEAPON (THE WORLD WILL BE SAFE!), THE STOCK MARKETS ARE ROARING, JOBS ARE AT RECORDS, AND PRICES ARE DROPPING (AFFORDABILITY!). OUR COUNTRY IS STRONG, SAFE, AND RESPECTED LIKE NEVER BEFORE. “YOU'RE WELCOME!” President DJT",https://truthsocial.com/@realDonaldTrump/posts/116771467656011073,2026-06-18 13:59:53.481000+00:00,40257,06:59,2026-06-18,0.0,True,ucsb,43,"['iran', 'oil']",['nuclear'],True,True,True,True,True,260
116776790136289354,2026-06-19,05:33,"The War has diminished Iran! It doesn't, any longer, have an Air Force, a Navy, Antiaircraft Equipment, Radar, or practically anything else, and yet the Dumocrats say that Iran is better off now than it was four months ago. Can you imagine getting away with that??? How stupid can some people be??? President DJT",https://truthsocial.com/@realDonaldTrump/posts/116776790136289354,2026-06-19 12:33:28.085000+00:00,30794,05:33,2026-06-19,0.0,True,ucsb,54,['iran'],['navy'],True,True,True,False,True,261
116777207460249864,,,"RT War has diminished Iran! It doesn't, any longer, have an Air Force, a Navy, Antiaircraft Equipment, Radar, or practically anything else, and yet the Dumocrats say that Iran is better off now than it was four months ago. Can you imagine getting away with that??? How stupid can some people be??? President DJT",https://truthsocial.com/@realDonaldTrump/posts/116777207460249864,2026-06-19 14:19:35.943000+00:00,49416,,,1.6666666666666667e-05,True,cnn,54,['iran'],['navy'],True,True,True,False,True,262
116782087277472431,2026-06-20,04:00,"Radical Left fools and Dumocrats realize how well we have done in our War against Iran, with their Country being completely defeated militarily. Obuma just kept giving them $Billions in cash, and never used our then depleted military for what should have been done to reign in the World's number one sponsor of terror, Iran. They had ZERO respect for him. They thought he was, like Sleepy Joe Biden, a weak and ineffective leader, and on this they were 100% correct. Iran got away with ”murder” for 47 years, until I came along. Then it all changed. AMERICA IS BACK!!! President DJT",https://truthsocial.com/@realDonaldTrump/posts/116782087277472431,2026-06-20 11:00:36.045000+00:00,27311,04:00,2026-06-20,0.0,True,ucsb,102,['iran'],['military'],True,True,True,True,True,263
116782277725628816,,,"Italian Prime Minister Gigiorgia Meloni asked, over and over, for a picture with me during the G-7 meeting in France. She is doing poorly in Italy with her level of popularity, possibly because she turned down the United States of America, a Country that truly loves and protects Italy, when it came to denying Iran from obtaining or developing a Nuclear Weapon (But so did NATO, for that matter!). She wouldn't even let us use Italy's landing strips or runways, a great logistical inconvenience, and this despite the fact the U.S. contributes hundreds of Billions of Dollars a year to protect Italy, and other ""so-called"" NATO Allies. Now, after the United States defeated Iran militarily, she wants to be friends again in order to get her ""numbers up."" No thanks!!! President DJT",https://truthsocial.com/@realDonaldTrump/posts/116782277725628816,2026-06-20 11:49:02.053000+00:00,43408,,,1.6666666666666667e-05,True,cnn,132,['iran'],['nuclear'],True,True,True,True,True,264
116782304422351399,2026-06-20,04:55,"Funny how the Dumocrats like to say that Iran is in a stronger position today than they were three months ago, despite the fact that they have been defeated militarily, with no Navy or Air Force. That's why I call them the Dumocrats!!! President DJT",https://truthsocial.com/@realDonaldTrump/posts/116782304422351399,2026-06-20 11:55:49.413000+00:00,21031,04:55,2026-06-20,0.0,True,ucsb,45,['iran'],['navy'],True,True,True,False,False,264
116782416835973120,2026-06-20,05:24,"Italian Prime Minister Giorgia Meloni asked, over and over, for a picture with me during the G-7 meeting in France. She is doing poorly in Italy with her level of popularity, possibly because she turned down the United States of America, a Country that truly loves and protects Italy, when it came to denying Iran from obtaining or developing a Nuclear Weapon (But so did NATO, for that matter!). She wouldn't even let us use Italy's landing strips or runways, a great logistical inconvenience, and this despite the fact the U.S. contributes hundreds of Billions of Dollars a year to protect Italy, and other “so-called” NATO Allies. Now, after the United States defeated Iran militarily, she wants to be friends again in order to get her “numbers up.” No thanks!!! President DJT",https://truthsocial.com/@realDonaldTrump/posts/116782416835973120,2026-06-20 12:24:24.709000+00:00,4096,05:24,2026-06-20,0.0,True,ucsb,132,['iran'],['nuclear'],True,True,True,True,False,264
116782426822856930,,,"RT Prime Minister Giorgia Meloni asked, over and over, for a picture with me during the G-7 meeting in France. She is doing poorly in Italy with her level of popularity, possibly because she turned down the United States of America, a Country that truly loves and protects Italy, when it came to denying Iran from obtaining or developing a Nuclear Weapon (But so did NATO, for that matter!). She wouldn't even let us use Italy's landing strips or runways, a great logistical inconvenience, and this despite the fact the U.S. contributes hundreds of Billions of Dollars a year to protect Italy, and other ""so-called"" NATO Allies. Now, after the United States defeated Iran militarily, she wants to be friends again in order to get her ""numbers up."" No thanks!!! President DJT",https://truthsocial.com/@realDonaldTrump/posts/116782426822856930,2026-06-20 12:26:57.096000+00:00,53474,,,3.3333333333333335e-05,True,cnn,132,['iran'],['nuclear'],True,True,True,True,False,264
116784032456610294,2026-06-20,12:15,"There will be NO TOLLS in the Hormuz Strait for 60 days during the Cease Fire Period, and there will be NO TOLLS after the 60 day period has expired, unless they are imposed by and for the United States of America, should the deal not be completed, for services rendered as the Guardian Angel to the countries of the Middle East for purposes of both past, present, and future reimbursement of costs. Thank you for your attention to this matter!!! President DJT",https://truthsocial.com/@realDonaldTrump/posts/116784032456610294,2026-06-20 19:15:17.123000+00:00,37366,12:15,2026-06-20,0.0,True,ucsb,83,['hormuz'],['strait'],True,True,True,False,True,265
116789789595899412,2026-06-21,12:39,"After spending Trillions of Dollars on NATO, Italy, and its Prime Minister, wouldn't even think of becoming involved with the Islamic Republic of Iran and their very serious Nuclear Threat. For decades, we defend them but, when tested, they are not there to defend us, and the rest of the World. Not good! President DONALD J. TRUMP",https://truthsocial.com/@realDonaldTrump/posts/116789789595899412,2026-06-21 19:39:24.097000+00:00,38420,12:39,2026-06-21,0.0,True,ucsb,57,['iran'],['nuclear'],True,True,True,True,True,266
116790096457517049,2026-06-21,13:57,"The headline in the Corrupt and Failing New York Times: “What Changed After Almost 4 Months of War? Analysts Say Not Much.” REALLY? Their Military is DONE, their Navy is GONE, their Air Force is GONE, their Launching Pads, Missiles, Drones and Manufacturing of same, is almost GONE, their top two sets of Leaders are GONE, their Inflation is at 250%, their Economy is BROKEN, their Soldiers aren't being paid, the Hormuz Strait is OPEN, THE OIL IS GUSHING, and the U.S. Stock Market and Jobs are at record HIGHS. That's what's CHANGED, you corrupt and unethical cowards, and MORE!!! President DJT",https://truthsocial.com/@realDonaldTrump/posts/116790096457517049,2026-06-21 20:57:26.434000+00:00,18425,13:57,2026-06-21,0.0,True,ucsb,102,"['hormuz', 'oil']","['drones', 'military', 'navy', 'strait']",True,True,True,False,True,267
116794817775547048,2026-06-22,09:58,Everybody is fully aware that Iran will agree to have Major Weapons Inspections in order to ensure “Nuclear Honesty” long into the future. President DONALD J. TRUMP,https://truthsocial.com/@realDonaldTrump/posts/116794817775547048,2026-06-22 16:58:08.030000+00:00,12968,09:58,2026-06-22,0.0,True,ucsb,27,['iran'],['nuclear'],True,True,True,True,True,268
116795118341648617,,,"RT is fully aware that Iran will agree to have Major Weapons Inspections in order to ensure ""Nuclear Honesty"" long into the future. President DONALD J. TRUMP",https://truthsocial.com/@realDonaldTrump/posts/116795118341648617,2026-06-22 18:14:34.304000+00:00,61673,,,6.666666666666667e-05,True,cnn,27,['iran'],['nuclear'],True,True,True,True,True,269
116799154100072125,2026-06-23,04:20,"Despite their protestations and false statements to the contrary, coupled with the drumbeat of the Fake News, which is doing everything possible to make the U.S. Victory as small and insignificant as possible, Iran has fully and completely agreed to highest level Nuclear inspections long into the future (Infinity!!!). This will insure “Nuclear Honesty.” If they did not agree to this, there would be no further negotiations! Based on this and other major concessions being made by Iran, I have agreed to allow the Hormuz Strait to remain OPEN, with no further Naval Blockade. However, all ships are remaining in place should it be necessary to reinstitute the Blockade, which seems, at this point, highly unlikely. The Money and/or Sanctions that the U.S. Treasury is releasing goes into escrow, controlled by the U.S.A., and will be used for the purchase of food and medical supplies, exclusively from the United States, including Corn, Wheat, and Soybeans from our great American Farmers. These are things that are desperately needed by Iran. This is a humanitarian crisis, and I feel it is necessary to help, NOW, before it is too late. Talks are going well! Thank you for your attention to this matter. President DONALD J. TRUMP",https://truthsocial.com/@realDonaldTrump/posts/116799154100072125,2026-06-23 11:20:55.091000+00:00,28349,04:20,2026-06-23,0.0,True,ucsb,204,"['hormuz', 'iran']","['blockade', 'naval', 'nuclear', 'sanctions', 'strait']",True,True,True,False,True,270
116799167032916635,2026-06-23,04:24,"19 Millions Barrels of Oil flowed out of the Hormuz Strait yesterday, an all time RECORD. Oil prices are tumbling down, and the World is a much safer place!!! President DONALD J. TRUMP",https://truthsocial.com/@realDonaldTrump/posts/116799167032916635,2026-06-23 11:24:12.430000+00:00,64155,04:24,2026-06-23,0.0,True,ucsb,33,"['barrels', 'hormuz', 'oil']",['strait'],True,True,True,False,False,270
116804880689253931,2026-06-24,04:37,"Iran has informed the U.S. that, despite troublemaking Fake News reporting to the contrary, there are “NO TOLLS, NO INSURANCE COSTS, & NO OTHER CHARGES OF ANY KIND BEING SOUGHT OR RECEIVED BY IRAN ON SHIPS TRAVELING THE STRAIT OF HORMUZ.” If this is false information, negotiations would end, immediately! Additionally, no money has been given to Iran, or released from their money to them, by the U.S. We will be releasing some of their money, that is totally controlled by us, to our Farmers and Ranchers, for the purchase of Corn, Wheat, Soybeans, and more. Food is desperately needed in Iran, and we will be purchasing it for them exclusively from the United States. Thank you for your attention to this matter! President DONALD J. TRUMP",https://truthsocial.com/@realDonaldTrump/posts/116804880689253931,2026-06-24 11:37:15.907000+00:00,52779,04:37,2026-06-24,0.0,True,ucsb,127,"['hormuz', 'iran']",['strait'],True,True,True,False,True,271
116817203281419093,2026-06-26,08:51,"The Islamic Republic of Iran shot at least four One Way Attack Drones at Ships transversing the Strait of Hormuz. One of the Drones solidly hit the upper deck of a large and very expensive Cargo Carrying Ship. Damage was done, but the Ship was able to proceed on its way. We knocked down three other Drones. Obviously, this is a foolish violation of our Ceasefire Agreement. President DONALD J. TRUMP",https://truthsocial.com/@realDonaldTrump/posts/116817203281419093,2026-06-26 15:51:03.742000+00:00,23381,08:51,2026-06-26,0.0,True,ucsb,71,"['hormuz', 'iran']","['attack', 'drones', 'strait']",True,True,True,False,True,272
116817526085394987,2026-06-26,10:13,"I will be speaking at 1:30 P.M. to The Faith and Freedom Coalition, and one of the Statements I will be making, perhaps the most important of them all, concerns the recent Election of Communists in our Country. Communism is very easy to sell. I'd be the Greatest Communist in History. I'd give free rent, free houses, free food, everything is free. Unfortunately, after two or three years, the Country where this is taking place would fail. It always does, and then you'll start living in squalor. There will be no food, there will be no housing, there will be no Military, there will be no nothing. You'll be Third World every way, and everyone will suffer or die. I'm sorry to say, but Assassinations of those who oppose them is a very important element of their Ideology. They're animals! In many cases, not smart but, in some cases, they are. It's easy for them to get followers because they make promises that they know they can't keep, and the Dumocrats aren't fighting back. In many ways, they're allowing them to go their own way. They're afraid they will lose their Election, they're afraid of conflict. They're not smart enough or tough enough to fight this plague. If they fought them the way they fight Republicans, or me, they'd be victorious, but they don't have the courage to do so. These are not social Dumocrats, these are hard core, godless Communists. This is the most serious threat to our Country since its existence 250 years ago. Isn't it ironic, we're celebrating a very important Birthday, and instead of speaking about Christ, Freedom, and Victories of all different kinds, we're speaking about yet another threat to the Foundations of America. These ruthless Communists will attack all Religions but, in particular, Christianity – They always do. All Communist Countries attack Religions violently. As you know, we recently struck Nigeria, and largely ended the slaughter of their Great Christian population. They know that if they go further, the attack will be far greater and, in that, they don't want to get involved. I am saving Christians throughout the World, even though we are not in those various Countries, by hitting these Terrorists violently and hard. They will close your Churches, they will kill your people. This is what they're about. This is the Greatest Threat to our Country since its Founding 250 years ago! President DONALD J. TRUMP",https://truthsocial.com/@realDonaldTrump/posts/116817526085394987,2026-06-26 17:13:09.340000+00:00,8747,10:13,2026-06-26,0.0,True,ucsb,405,['nigeria'],"['attack', 'military']",True,True,True,True,True,273
116824603632739697,2026-06-27,16:13,"United States aircraft just struck Iranian missile and drone storage locations, and coastal radar sites, for violating the Cease Fire Agreement, AGAIN! It is very possible that they will never learn! There may come a point when we are no longer able to be reasonable, and will be forced to militarily complete the job that we very successfully started. If that happens, the Islamic Republic of Iran will no longer exist! President DJT",https://truthsocial.com/@realDonaldTrump/posts/116824603632739697,2026-06-27 23:13:04.142000+00:00,9585,16:13,2026-06-27,0.0,True,ucsb,73,"['iran', 'iranian']",['drone'],True,True,True,False,True,274
116825821568797363,2026-06-27,21:22,"Based on a very quick and boring briefing concerning the Magot Hagerman book about me, it is mostly made up, Fake News, largely fiction, as have been most of the things she has written about me for so many years. She is a third rate writer and intellect, who has made a first rate income because of your favorite President, ME. She was wrong about me on the Elections, although she knew I was going to win, BIG! She was wrong about me on the Russia, Russia, Russia Hoax, and she was wrong about me on just about everything else. But she continues to spew out garbage, and people continue to buy it. REMEMBER, I WON THE ELECTION, BIG - ALL SEVEN SWING STATES, THE POPULAR VOTE, 86% of the Counties…And they don't have the audio tapes that they imply they have. Just another Margot Con Job! And Iran will never have a Nuclear Weapon!!! President DONALD J. TRUMP",https://truthsocial.com/@realDonaldTrump/posts/116825821568797363,2026-06-28 04:22:48.371000+00:00,35507,21:22,2026-06-27,0.0,True,ucsb,159,"['iran', 'russia']",['nuclear'],True,True,True,True,True,275
116832995541119171,2026-06-29,03:47,"Highest Poll Numbers Ever. Even Higher than Election Day, November 5th. This despite the fact that, IRAN WILL NOT HAVE A NUCLEAR WEAPON!",https://truthsocial.com/@realDonaldTrump/posts/116832995541119171,2026-06-29 10:47:14.501000+00:00,61635,03:47,2026-06-29,0.0,True,ucsb,23,['iran'],['nuclear'],True,True,True,True,True,276
116899176820572671,2026-07-10,20:18,"1000 Missiles are Locked and Loaded and aimed at the Islamic Republic of Iran, with thousands of more to immediately follow, should the Iranian Government act on its threat, pronounced in many corners of the Globe, to assassinate, or attempt to assassinate, the sitting President of the United States of America, in this case, ME! Orders have already been given, and the U.S. Military is ready, willing, and able, for a one year period of time, subject to extension, to completely decimate and destroy all areas of Iran - PRAISE BE TO ALLAH! President DONALD J. TRUMP",https://truthsocial.com/@realDonaldTrump/posts/116899176820572671,2026-07-11 03:18:00.685000+00:00,511,20:18,2026-07-10,0.0,True,ucsb,97,"['iran', 'iranian']","['destroy', 'military']",True,True,True,False,True,277
116899369667899641,,,"RT Missiles are Locked and Loaded and aimed at the Islamic Republic of Iran, with thousands of more to immediately follow, should the Iranian Government act on its threat, pronounced in many corners of the Globe, to assassinate, or attempt to assassinate, the sitting President of the United States of America, in this case, ME! Orders have already been given, and the U.S. Military is ready, willing, and able, for a one year period of time, subject to extension, to completely decimate and destroy all areas of Iran - PRAISE BE TO ALLAH! President DONALD J. TRUMP",https://truthsocial.com/@realDonaldTrump/posts/116899369667899641,2026-07-11 04:07:03.301000+00:00,45305,,,1.6666666666666667e-05,True,cnn,97,"['iran', 'iranian']","['destroy', 'military']",True,True,True,False,True,278
116913091653271692,2026-07-13,07:16,"The Hormuz Strait is OPEN, and will remain OPEN, with or without Iran. We are reinstating the THE IRANIAN BLOCKADE, so named because it is only stopping Iran's ships or customers from entering or leaving. All other countries will have fair and open use of the Strait. The U.S.A. will be, from this point forward, known as “THE GUARDIAN OF THE HORMUZ STRAIT,” but as such, and as a matter of FAIRNESS, will be reimbursed, at the rate of 20% on all cargo shipped, for any and all costs necessary to do the job of providing safety and security to this very volatile section of the World. The process and formation will begin immediately. Thank you for your attention to this matter! President DONALD J. TRUMP",https://truthsocial.com/@realDonaldTrump/posts/116913091653271692,2026-07-13 14:16:44.182000+00:00,140,07:16,2026-07-13,0.0,True,ucsb,126,"['hormuz', 'iran', 'iranian']","['blockade', 'strait']",True,True,True,False,True,279
116918822625387784,2026-07-14,07:34,"Trump claims military victory, points to economic progress in the wake of first-stage Iran deal: washingtontimes.com/news/2026/",https://truthsocial.com/@realDonaldTrump/posts/116918822625387784,2026-07-14 14:34:11.876000+00:00,42248,07:34,2026-07-14,0.0,True,ucsb,16,['iran'],['military'],True,True,True,True,True,280
116918941071241802,2026-07-14,08:04,"Oil is flowing like never before, thanks to the awesome Power of the United States Military. A special salute to Secretary of War, Pete Hegseth, Chairman of the Joint Chiefs of Staff, Dan Caine, and Commander of the United States Central Command, Admiral Brad Cooper. Because of them, and all members of the Most Powerful Military anywhere in the World, BY FAR, the Strait of Hormuz is open to ALL Ship traffic except for Iran — and that is because of their lying, violent, malicious leadership, which is taking them down the path of TOTAL DESTRUCTION. We will therefore have a FULL Blockade, but only on Ships coming to and from Iranian ports, or carrying anything have to do with Iranian cargo. Based on highly productive conversations with Middle East leadership, I have decided to replace the 20% United States Reimbursement Fee with Trade and Investment Deals that the various Gulf States will be making into the United States. Those Investments will be MASSIVE but, at the same time, extraordinarily good for them, and their future. As everyone is aware, we have the largest Dollar Investment into the United States, of any Country in History, but these new Investments will make that Number even larger, and we will see Factories, Plants, and Equipment pour into the United States at Historic levels, which will create additional millions of High Paying AMERICAN Jobs! America is WINNING again, winning like never before. The days of Iran killing hundreds of thousands of people, including 52,000 protestors, are OVER and, most importantly, IRAN WILL NEVER HAVE A NUCLEAR WEAPON! Thank you for your attention to this matter. President DONALD J. TRUMP",https://truthsocial.com/@realDonaldTrump/posts/116918941071241802,2026-07-14 15:04:19.216000+00:00,62026,08:04,2026-07-14,0.0,True,ucsb,276,"['hormuz', 'iran', 'iranian', 'oil']","['blockade', 'military', 'nuclear', 'ports', 'strait']",True,True,True,False,True,281
116946506480346191,2026-07-19,04:54,"Republicans should add Iran to the Russian Sanctions Bill. That's what Lindsey wanted to do, and it was going to happen. IMPORTANT!!! President DJT",https://truthsocial.com/@realDonaldTrump/posts/116946506480346191,2026-07-19 11:54:33.979000+00:00,58447,04:54,2026-07-19,0.0,True,ucsb,24,"['iran', 'russian']",['sanctions'],True,True,True,False,True,282
116947019736199780,2026-07-19,07:05,"The People of Aberdeen, in Scotland, are dancing in the streets because the new Prime Minister, Andy Burnham, has stated that he will be opening up, all the way, the invaluable North Sea Oil! It is one of the Greatest Sources of quality Oil on Earth, has hundreds of years of Capacity left, with much not even found yet, and will make the United Kingdom, from a Poverty Stricken Disaster, to one of the Richest Countries anywhere in the World! Britain pays Norway Billions of Dollars a year to buy its Oil, which they get from a less valuable part of the North Sea — How ridiculous is that! Also, word is that the UK is going to move the old and horrible looking windmills, which loom over and destroy the City of Aberdeen. That will be a big day for the Country, and will be very much appreciated by everybody. Such great potential in the UK, but it all starts with OPENING NORTH SEA OIL. WE LOVE YOU SCOTLAND! President DONALD J. TRUMP",https://truthsocial.com/@realDonaldTrump/posts/116947019736199780,2026-07-19 14:05:05.642000+00:00,45668,07:05,2026-07-19,0.0,True,ucsb,174,['oil'],['destroy'],True,True,True,False,True,283
116948052695866371,,,"RT should add Iran to the Russian Sanctions Bill. That's what Lindsey wanted to do, and it was going to happen. IMPORTANT!!! President DJT",https://truthsocial.com/@realDonaldTrump/posts/116948052695866371,2026-07-19 18:27:47.356000+00:00,23555,,,1.6666666666666667e-05,True,cnn,24,"['iran', 'russian']",['sanctions'],True,True,True,False,True,284
116948052957822885,,,"RT People of Aberdeen, in Scotland, are dancing in the streets because the new Prime Minister, Andy Burnham, has stated that he will be opening up, all the way, the invaluable North Sea Oil! It is one of the Greatest Sources of quality Oil on Earth, has hundreds of years of Capacity left, with much not even found yet, and will make the United Kingdom, from a Poverty Stricken Disaster, to one of the Richest Countries anywhere in the World! Britain pays Norway Billions of Dollars a year to buy its Oil, which they get from a less valuable part of the North Sea — How ridiculous is that! Also, word is that the UK is going to move the old and horrible looking windmills, which loom over and destroy the City of Aberdeen. That will be a big day for the Country, and will be very much appreciated by everybody. Such great potential in the UK, but it all starts with OPENING NORTH SEA OIL. WE LOVE YOU SCOTLAND! President DONALD J. TRUMP",https://truthsocial.com/@realDonaldTrump/posts/116948052957822885,2026-07-19 18:27:51.353000+00:00,32677,,,0.0,True,cnn,174,['oil'],['destroy'],True,True,True,False,False,284
116953296612438865,2026-07-20,09:41,"Every time Iran kills an American Soldier they will pay for that killing many times over! This directive has been passed on to Secretary of War, Pete Hegseth, Chairman of the Joint Chiefs of Staff, Daniel Caine, and every Leader in the Military. President DONALD J. TRUMP",https://truthsocial.com/@realDonaldTrump/posts/116953296612438865,2026-07-20 16:41:23.173000+00:00,13137,09:41,2026-07-20,0.0,True,ucsb,47,['iran'],['military'],True,True,True,True,True,285
116954623645571071,2026-07-20,15:18,"I had a very good conversation with the new Prime Minister of the United Kingdom, Andy Burnham. We discussed many subjects, including the outstanding relationship we have had with the UK. We will be meeting in the not too distant future for topics of mutual interest. The Prime Minister has got a big job ahead of him, but he will be able to do it and, of course, the U.S.A. will be there to help! We discussed North Sea Oil, Trade, the Military Alliance, Demining of the Hormuz Strait, and many other topics. The call was interesting, and went very well. I wished Prime Minister Burnham, GOOD LUCK AND GODSPEED! President DONALD J. TRUMP",https://truthsocial.com/@realDonaldTrump/posts/116954623645571071,2026-07-20 22:18:52.091000+00:00,55295,15:18,2026-07-20,0.0,True,ucsb,114,"['hormuz', 'oil']","['military', 'strait']",True,True,True,False,True,286
116959705309751797,2026-07-21,12:51,"Afghanistan War: 20 years, 2,000 DEAD. Iraq War: 9 years, 4,600 DEAD. Vietnam War: 19 years and 5 months, 58,220 DEAD. Korean War: 3 years and 1 month, 36,574 DEAD. Venezuela War: 1 day, 0 DEAD. Iran Military Conflict: 4 months, 18 DEAD.",https://truthsocial.com/@realDonaldTrump/posts/116959705309751797,2026-07-21 19:51:12.133000+00:00,43509,12:51,2026-07-21,0.0,True,ucsb,43,"['iran', 'venezuela']",['military'],True,True,True,True,True,287
116959718559155454,,,"RT War: 20 years, 2,000 DEAD.Iraq War: 9 years, 4,600 DEAD.Vietnam War: 19 years and 5 months, 58,220 DEAD.Korean War: 3 years and 1 month, 36,574 DEAD.Venezuela War: 1 day, 0 DEAD.Iran Military Conflict: 4 months, 18 DEAD.",https://truthsocial.com/@realDonaldTrump/posts/116959718559155454,2026-07-21 19:54:34.303000+00:00,34046,,,5e-05,True,cnn,38,"['iran', 'venezuela']",['military'],True,True,True,True,False,287
116963738416841583,2026-07-22,05:56,"From this point forward, any time the Islamic Republic of Iran shoots at a ship in the Strait of Hormuz, whether it be by Missile, Rocket, Drone, or any other device or weapon, the United States will bomb and destroy ONE BRIDGE OR POWER PLANT, including those located next to, or in, the Capital City of Tehran. Thank you for your attention to this matter! President DONALD J. TRUMP",https://truthsocial.com/@realDonaldTrump/posts/116963738416841583,2026-07-22 12:56:52.464000+00:00,879,05:56,2026-07-22,0.0,True,ucsb,69,"['hormuz', 'iran', 'tehran']","['destroy', 'drone', 'strait']",True,True,True,False,True,288
116969149016233329,2026-07-23,09:49,"The Civil Nuclear Deal (There will be no enrichment of material!) being made between the United States Department of Energy and Saudi Arabia, which pertains only to non-military use such as the ones that Iran and UAE (and others) already have, will be approved, but is totally subject to Saudi Arabia joining the very respected and successful Abraham Accords. The United States is not opposed to Civil (Non-Enriched) Nuclear Facilities. Thank you for your attention to this matter! President DONALD J. TRUMP",https://truthsocial.com/@realDonaldTrump/posts/116969149016233329,2026-07-23 11:52:51.658000+00:00,54641,04:52,2026-07-23,297.0,False,ucsb,82,"['iran', 'saudi']","['enrichment', 'military', 'nuclear']",True,True,True,False,True,289
116969243226176328,2026-07-23,05:16,"A year ago the United States of America attacked, very powerfully, the Houthis, for their interference with commerce and trade, by shooting at ships. Since that time, and during our conflict with Iran, they have acted very responsibly. Unfortunately, now they are starting up again, shooting at two Saudi Arabian ships last night. Please let this TRUTH serve to represent that if they do this again, the U.S. will hold Iran responsible, in that the Houthis are a Surrogate and/or Proxy of Iran, and major military punishment will be inflicted upon Iran and, of course, the Houthis, themselves, who I am very disappointed with in that they have, until now, acted very professionally and smart. Thank you for your attention to this matter! President DONALD J. TRUMP",https://truthsocial.com/@realDonaldTrump/posts/116969243226176328,2026-07-23 12:16:49.188000+00:00,31560,05:16,2026-07-23,0.0,True,ucsb,127,"['houthis', 'iran', 'saudi']","['attacked', 'military']",True,True,True,False,False,289
117023461141824050,,,"The U.S.A. is locked and loaded and ready to go against the Islamic Republic of Iran, at levels of Military Terror, Strength, and Power not seen since World War II. Despite this, we have just been asked by Iran, and other Middle Eastern Countries, to hold off any attack in that the perimeters of a deal has been agreed to. This would include the Immediate, Complete, and Total OPENING OF THE HORMUZ STRAIT, and an end to Iran's nuclear threat. Based on this request, I have agreed, for the future benefit of the WORLD and, likewise, the survival of a successful and prosperous Iran, to cancel the attack, subject to being able to rapidly make a DEAL. The Country of Israel joins me in this commitment. Get to work, everybody, and get it DONE. Thank you for your attention to this matter! President DONALD J. TRUMP",https://truthsocial.com/@realDonaldTrump/posts/117023461141824050,2026-08-02 02:05:08.926000+00:00,49714,,,5e-05,True,cnn,146,"['hormuz', 'iran']","['attack', 'military', 'nuclear', 'strait']",True,True,True,False,True,290
117032272228248086,,,"Iranian Leadership is unbelievably duplicitous! They ask for a meeting, some would say ""beg,"" talks begin, with more scheduled in the immediate future, and they say, openly and proudly, that they're not having any discussions, that nothing is being talked about, and they're only dealing with ""Oman."" They then go on to give their usual blather in saying, the Strait of Hormuz will be operated powerfully by them, when it is already completely controlled by the United States Navy and our ""Blockade"" or, as some say, ""The United States Wall of Steel!"" Nothing gets through to Iran, unless we want it to, and nothing will get through, unless a Deal, or Total Surrender, is accomplished. Whether Iran wants to admit it or not, we are, in fact, talking of a solution to a problem that they have caused, for decades. It is very simple, IRAN WILL NEVER HAVE A NUCLEAR WEAPON! Thank you for your attention to this matter. President DONALD J. TRUMP",https://truthsocial.com/@realDonaldTrump/posts/117032272228248086,2026-08-03 15:25:55.435000+00:00,59926,,,0.0,True,cnn,163,"['hormuz', 'iran', 'iranian']","['blockade', 'navy', 'nuclear', 'strait']",True,True,True,False,True,291
117039691941169240,,,"For far too long, Radical Climate Activists attempted to hold our Great Country hostage by drastically and unreasonably expanding the intended scope of the Endangered Species Act. This was complete and total regulatory overreach by unelected bureaucrats! They treated Americans very unfairly by stifling the production of important resources like Oil, Natural Gas, and Timber, and blocking the construction of family homes and critical Infrastructure. Even our Military couldn't train on land that was deemed ""off limits"" to protect a little rodent! Now my Administration has returned the Endangered Species Act to how it was intended to be, just as the Great Justice Antonin Scalia has explained in previous cases. While responsibly protecting our beautiful Country, the United States of America is going to BUILD again. Thank you for your attention to this matter! President DONALD J. TRUMP",https://truthsocial.com/@realDonaldTrump/posts/117039691941169240,2026-08-04 22:52:51.270000+00:00,18520,,,0.0,True,cnn,138,['oil'],['military'],True,True,True,True,True,292
117049594693768642,,,"The Fake News, as usual, is spreading false and completely unfounded rumors. I am extremely happy with the job that Pete Hegseth is doing. Everything has been extraordinary, including our attack on Venezuela, where the result was accomplished in less than one day, allowing us to bring one of the worst criminals anywhere in the World, Nicolas Maduro, to Justice! Likewise, Iran, where the country has been decimated for the purpose of NOT ALLOWING IT TO EVER HAVE A NUCLEAR WEAPON, is going very well! Pete is highly respected within the Military, and has made tremendous improvements, including getting rid of DEI, and increasing recruitment to historic levels. This rumor was started by The Washington ComPost, one of the worst Media Outlets in the business, despite our telling them their story is completely FALSE. In actuality, I really believe their fake ""reporting"" is treasonous! President DONALD J. TRUMP",https://truthsocial.com/@realDonaldTrump/posts/117049594693768642,2026-08-06 16:51:15.283000+00:00,21954,,,0.0,True,cnn,148,"['iran', 'maduro', 'venezuela']","['attack', 'military', 'nuclear']",True,True,True,True,True,293
117072168149236615,,,"I see that Representatives of the Islamic Republic of Iran are asking for compensation for the damage done to them during the last five month Military Conflict (started because, THEY WILL NOT HAVE A NUCLEAR WEAPON), even though it was never mentioned in any of our negotiations or meetings! But it is an interesting idea because now I am likewise demanding compensation from Iran, for all of the people that they have killed and gravely wounded with their roadside bombs and many conflicts, for which they are famous, as led initially by General Soleimani, including the families of those killed on the USS Cole, and thousands of others killed in combat. Additionally, compensation should be paid to the families of the hundreds of thousands of innocent protestors that Iran has killed over the last 50 years, not to mention the 52,000 that have been killed in the last five months. I have instructed my representatives to put this firmly into any, and all, future negotiations. Thank you for your attention to this matter! President DONALD J. TRUMP",https://truthsocial.com/@realDonaldTrump/posts/117072168149236615,2026-08-10 16:31:58.878000+00:00,48007,,,0.0,True,cnn,177,['iran'],"['military', 'nuclear']",True,True,True,True,True,294
117083017680231697,,,"The U.S.A. has total control over the Strait of Hormuz. I THINK WE WILL KEEP IT! Our Naval Blockade is being called, by everyone, ""A WALL OF STEEL,"" and there is nothing Iran can do about it. They have no Navy, they have no Air Force, their remaining soldiers are unpaid, the IRGC is decimated and fleeing, and their ""Leadership"" is uncertain, at best! They have No Money - Their country is ""shot."" All they have is FAKE NEWS and 300% INFLATION, and getting worse! Iran is all talk and no action, the Bully of the Middle East No Longer. Praise be to Allah! President DONALD J. TRUMP",https://truthsocial.com/@realDonaldTrump/posts/117083017680231697,2026-08-12 14:31:09.583000+00:00,40209,,,0.0,True,cnn,108,"['hormuz', 'iran', 'irgc']","['blockade', 'naval', 'navy', 'strait']",True,True,True,False,True,295
117107001767972921,,,"Watching FoxNews with Shannon Bream is always like watching the Worst of Fake News CNN. I don't know Shannon, but she always seems to pick guests, charts, and ""polls"" that are negative, never talking about all of the incredible things that the Trump Administration has done, like Total Border Control, the Most Successful Stock Market in History (81 Record Days in a year and a half!), Biggest Investment in our Country in History (19.2 Trillion Dollars!), breaking the Record by many times over, the Great Military Victories over Venezuela and the essential Denuclearization of Iran — The rest to follow! — The Lowest Crime Rate in Recorded History, the Lowest Murder Rate since 1900 — 125 years! — The Highest Number of People that have Jobs in the United States, EVER, the fact that the United States is more RESPECTED throughout the World than at any time in Memory, the Biggest Drop in Drug Prices, over 500%, than has ever been seen before, which will lead to tremendous SAVINGS in Healthcare, the Rebuilding of our Military, in my First Term, making it the Strongest in U.S. History, with the inclusion of Space Force, and so many other things! Yet, week after week, I see Shannon ""interviewing"" hostile guests, and having losers like Juan Williams, who got fired like a dog from PBS, was thrown off of The Five for somebody even dumber than him, Jessica Tarlov, and when he saw me walking into the Headquarters of Fox, he went CRAZY, begging me for a picture — ""Could I have a picture with you? It would be such a Great Honor!"" In any event, Shannon's ""show"" is beyond redemption. Fortunately, MAGA, which is close to 100% of the Republican Party, understands that, and watch her ""Ratings"" start to fall. Chris Wallace was bad, but Shannon is even worse! Oh well, it couldn't have had too much of an impact, because I'm now heading back into the Oval Office to continue working on more TRIUMPHS and SUCCESSES for our Country! President DONALD J. TRUMP",https://truthsocial.com/@realDonaldTrump/posts/117107001767972921,2026-08-16 20:10:37.719000+00:00,20537,,,0.0,True,cnn,342,"['iran', 'venezuela']",['military'],True,True,True,True,True,296
117107215379637520,,,"Based on my very good relationship with Kim Jong Un, of North Korea, I am not happy with the fact that the United States has, long ago, agreed to participate in Joint Military Exercises with South Korea. These exercises are not only costly, with much of these costs paid for by the United States of America (as usual!), but send a signal that is totally inappropriate and hostile, to a Country that, as long as Donald J. Trump has been President, has been unthreatening and respectful. Therefore, and based on the fact that it is too late to cancel, I have instructed Secretary of War, Pete Hegseth, to substantially reduce the Joint Military Exercises! While somewhat unrelated (?), I recently asked the President of South Korea if they would like to join us in the Denuclearization of the Islamic Republic of Iran, and they said, ""No thanks!"" Thank you for your attention to this matter. President DONALD J. TRUMP",https://truthsocial.com/@realDonaldTrump/posts/117107215379637520,2026-08-16 21:04:57.174000+00:00,42256,,,0.0,True,cnn,159,['iran'],['military'],True,True,True,True,True,297
117108149935654446,,,"RT on my very good relationship with Kim Jong Un, of North Korea, I am not happy with the fact that the United States has, long ago, agreed to participate in Joint Military Exercises with South Korea. These exercises are not only costly, with much of these costs paid for by the United States of America (as usual!), but send a signal that is totally inappropriate and hostile, to a Country that, as long as Donald J. Trump has been President, has been unthreatening and respectful. Therefore, and based on the fact that it is too late to cancel, I have instructed Secretary of War, Pete Hegseth, to substantially reduce the Joint Military Exercises! While somewhat unrelated (?), I recently asked the President of South Korea if they would like to join us in the Denuclearization of the Islamic Republic of Iran, and they said, ""No thanks!"" Thank you for your attention to this matter. President DONALD J. TRUMP",https://truthsocial.com/@realDonaldTrump/posts/117108149935654446,2026-08-17 01:02:37.367000+00:00,50734,,,1.6666666666666667e-05,True,cnn,159,['iran'],['military'],True,True,True,True,True,298
117110334410901963,,,"The number one Goal is, and always will be, that Iran cannot have, in any way, shape, or form, a Nuclear Weapon. Thank you for your attention to this matter! President DONALD J. TRUMP",https://truthsocial.com/@realDonaldTrump/posts/117110334410901963,2026-08-17 10:18:09.814000+00:00,51659,,,0.0,True,cnn,34,['iran'],['nuclear'],True,True,True,True,True,299
117116752164653735,,,"There are no talks or conversations going on, or scheduled, with the Islamic Republic of Iran. The Naval Blockade remains in full force and effect. The Hormuz Strait is open and operating. All water mines have been removed or detonated. Thank you for your attention to this matter! President DONALD J. TRUMP",https://truthsocial.com/@realDonaldTrump/posts/117116752164653735,2026-08-18 13:30:16.965000+00:00,35495,,,1.6666666666666667e-05,True,cnn,52,"['hormuz', 'iran']","['blockade', 'mines', 'naval', 'strait']",True,True,True,False,True,300
117124650907675461,,,"No one has given the Islamic Republic of Iran a greater opportunity to make a Deal than me. TRAGICALLY, for them, they have failed to take it. Therefore, today, I am announcing the MOST CRUSHING ECONOMIC OPERATION EVER TAKEN AGAINST ANY COUNTRY! This will be Economic Warfare and Isolation on an unprecedented scale. Their navy is gone, their air force is destroyed, their military factories are now rubble, their currency is worthless, and their country is hanging by a thread. Today, I am also announcing that ANY country that allows its financial institutions, businesses, airports, or government entities to provide any type of lifeline to Iran will itself face TREMENDOUS Economic Consequences. Oil smuggling, swap lines, cash transfers, exchange houses, ship registries, front companies — It all needs to stop NOW. You know who you are. This will be an ECONOMIC D-DAY, and we need all of our Allies to stand with the United States of America to isolate, and defeat, the Iran threat. These maniacs are on the ropes, and these HISTORIC MEASURES will cripple them and their ability to project terror worldwide. IRAN WILL NEVER HAVE A NUCLEAR WEAPON. THANK YOU FOR YOUR ATTENTION TO THIS MATTER. President DONALD J. TRUMP",https://truthsocial.com/@realDonaldTrump/posts/117124650907675461,2026-08-19 22:59:02.219000+00:00,11077,,,0.0,True,cnn,203,"['iran', 'oil']","['destroyed', 'military', 'navy', 'nuclear']",True,True,True,False,True,301
117134622109680955,,,"Trump says he'll declare Strait of Hormuz a US territory after defeating Iran, during Long Island rally:",https://truthsocial.com/@realDonaldTrump/posts/117134622109680955,2026-08-21 17:14:50.687000+00:00,17723,,,1.6666666666666667e-05,True,cnn,17,"['hormuz', 'iran']",['strait'],True,True,True,False,True,302
117148211512995425,,,President Trump eyes 'crushing' economic blockade to bring Iran to its knees:,https://truthsocial.com/@realDonaldTrump/posts/117148211512995425,2026-08-24 02:50:48.525000+00:00,61025,,,0.0,True,cnn,12,['iran'],['blockade'],True,True,True,False,True,303
117151357800143501,,,"The Radical Left Democrats are going CRAZY with Fake Polls. They're putting them out at levels never seen before. They're called, ""Demoralization Operations,"" where they try to demoralize Republicans so that they don't go out and vote — But the actual Polls are tremendous, and the Spirit in our Country has never been higher. We're winning against EVERYONE, including Iran, whose Country is in Economic and Military Death Spiral. Thank you for your attention to this matter! President DONALD J. TRUMP",https://truthsocial.com/@realDonaldTrump/posts/117151357800143501,2026-08-24 16:10:57.057000+00:00,55949,,,1.6666666666666667e-05,True,cnn,81,['iran'],['military'],True,True,True,True,True,304
117151563892688595,,,"RT Radical Left Democrats are going CRAZY with Fake Polls. They're putting them out at levels never seen before. They're called, ""Demoralization Operations,"" where they try to demoralize Republicans so that they don't go out and vote — But the actual Polls are tremendous, and the Spirit in our Country has never been higher. We're winning against EVERYONE, including Iran, whose Country is in Economic and Military Death Spiral. Thank you for your attention to this matter! President DONALD J. TRUMP",https://truthsocial.com/@realDonaldTrump/posts/117151563892688595,2026-08-24 17:03:21.780000+00:00,34515,,,1.6666666666666667e-05,True,cnn,81,['iran'],['military'],True,True,True,True,True,305
117155835599867728,,,"The failing Islamic Republic of Iran is not paying large segments of their military, while at the same time killing protesters, even when they are not protesting, at levels not seen before. It is a humanitarian crisis of epic proportions, and must be stopped, NOW. President DONALD J. TRUMP",https://truthsocial.com/@realDonaldTrump/posts/117155835599867728,2026-08-25 11:09:42.859000+00:00,20304,,,0.0,True,cnn,49,['iran'],['military'],True,True,True,True,True,306
117156395248393739,,,"Based on my very good relationship with Kim Jong Un, of North Korea, I was not happy with the fact that the United States had, long ago, agreed to participate in Joint Military Exercises with South Korea. These exercises are not only costly, with much of these costs paid for by the United States of America (as usual!), but send a signal that is totally inappropriate and hostile, to a Country that, as long as Donald J. Trump has been President, has been unthreatening and respectful. Therefore, and based on the fact that it was too late to cancel, I instructed Secretary of War, Pete Hegseth, to substantially reduce the Joint Military Exercises! While somewhat unrelated (?), I recently asked the President of South Korea if they would like to join us in the Denuclearization of the Islamic Republic of Iran, and they said, ""No thanks!"" Thank you for your attention to this matter. President DONALD J. TRUMP",https://truthsocial.com/@realDonaldTrump/posts/117156395248393739,2026-08-25 13:32:02.418000+00:00,7691,,,0.0,True,cnn,158,['iran'],['military'],True,True,True,True,True,307
117156624974445904,,,"I have just been informed by the United States Navy that all mines have been removed and/or detonated from within the International Waters of the Strait of Hormuz. Iran has been notified that any ship or boat placing new mines will be immediately and systematically destroyed. Through Space Force, we are watching every square inch of the Strait, as we are, also, with Pickaxe Mountain and the already destroyed three other Nuclear sites. There is a Zero Tolerance policy on mine placement in full force and effect. Thank you for your attention to this matter! President DONALD J. TRUMP",https://truthsocial.com/@realDonaldTrump/posts/117156624974445904,2026-08-25 14:30:27.759000+00:00,32080,,,0.0,True,cnn,99,"['hormuz', 'iran']","['destroyed', 'mine', 'mines', 'navy', 'nuclear', 'strait']",True,True,True,False,True,308
117190043060363335,,,"Iran is officially a Failed Nation. IT IS DEAD! They have no Navy, they have no Air Force, they have no currency, they are not paying their soldiers or police, Inflation is at 300%, and their leadership is in total disarray and incapable of properly representing the country. The only thing they have is FAKE NEWS from the USA, a willingness to kill their protesters (now over 100,000 people dead. They must be tried for war crimes against humanity!), and a good line of ""BULLSHIT."" Thank you for your attention to this matter! President DONALD J.TRUMP",https://truthsocial.com/@realDonaldTrump/posts/117190043060363335,2026-08-31 12:09:07.283000+00:00,24647,,,0.0,True,cnn,96,['iran'],['navy'],True,True,True,False,True,309
117196950497702512,,,"The United States is, as we speak, striking Iranian Targets near the Strait of Hormuz. The strikes are large and powerful, and in retaliation for the Iranians' failed attempt at adding sea mines to the Strait, which currently has no mines (They have been completely removed or detonated!), and the Iranians shooting eight missiles, all successfully knocked down, at our Military Base in Jordan. If the failed Nation of Iran retaliates for this very justified attack, they will be hit again at a much harder and higher level, but it will not be the biggest attack of them all, that is waiting in the wings and, when it is over, there will be very little left of the Islamic Republic of Iran! President DONALD J. TRUMP",https://truthsocial.com/@realDonaldTrump/posts/117196950497702512,2026-09-01 17:25:46.412000+00:00,45680,,,1.6666666666666667e-05,True,cnn,126,"['hormuz', 'iran', 'iranian', 'iranians']","['attack', 'military', 'mines', 'strait', 'strikes']",True,True,True,False,True,310
117197478170575070,,,"RT United States is, as we speak, striking Iranian Targets near the Strait of Hormuz. The strikes are large and powerful, and in retaliation for the Iranians' failed attempt at adding sea mines to the Strait, which currently has no mines (They have been completely removed or detonated!), and the Iranians shooting eight missiles, all successfully knocked down, at our Military Base in Jordan. If the failed Nation of Iran retaliates for this very justified attack, they will be hit again at a much harder and higher level, but it will not be the biggest attack of them all, that is waiting in the wings and, when it is over, there will be very little left of the Islamic Republic of Iran! President DONALD J. TRUMP",https://truthsocial.com/@realDonaldTrump/posts/117197478170575070,2026-09-01 19:39:58.061000+00:00,49374,,,0.0,True,cnn,126,"['hormuz', 'iran', 'iranian', 'iranians']","['attack', 'military', 'mines', 'strait', 'strikes']",True,True,True,False,True,311
117198788283772326,,,"I'm not trying to force Iran to the bargaining table, as ABC Fake News reported. I couldn't care less if they sign a worthless, to them, agreement. I like our position now much better, with almost total control of the Hormuz Strait, and their economy totally collapsing. They are just playing out the inevitable. When are the Iranian people going to rise up and fight? President DJT",https://truthsocial.com/@realDonaldTrump/posts/117198788283772326,2026-09-02 01:13:08.802000+00:00,44454,,,0.0,True,cnn,67,"['hormuz', 'iran', 'iranian']",['strait'],True,True,True,False,True,312
117202132375758936,,,"Now that we have it under U.S.A. control, should we change the name Hormuz Strait to TRUMP STRAIT??? Like America itself, it would be ""hotter"" than ever before! Thank you for your attention to this matter. President DONALD J. TRUMP",https://truthsocial.com/@realDonaldTrump/posts/117202132375758936,2026-09-02 15:23:35.596000+00:00,59480,,,0.0,True,cnn,40,['hormuz'],['strait'],True,True,True,False,True,313
117206830744287806,,,This is GREAT! President DONALD J. TRUMPSyria is pitching itself as an alternative to the Strait of Hormuz:,https://truthsocial.com/@realDonaldTrump/posts/117206830744287806,2026-09-03 11:18:27.011000+00:00,14910,,,0.0,True,cnn,18,['hormuz'],['strait'],True,True,True,False,True,314
117207687594983323,,,"For the treasonous SCUM that refuses to accurately report on our Military Operation in Iran, we have virtually unlimited amounts of Mid to High Grade Ammunition, far more than we could ever use for this, or for any other War (which is highly unlikely!), that could improbably take place. In addition, we are producing Munitions at levels never seen before. We are stockpiling and preparing for any contingency that could happen. We are taking them for ourselves, the U.S.A., rather than selling them to others, but the sales to Allies will soon again, begin. Also, please let it be known, that the Biden Administration gave far more Munitions away to Ukraine, at no cost to them, whatsoever, than we have used in Iran. Hundreds of Billions of Dollars was given to Ukraine and NATO, free of charge, that Europe would have paid for — If they were only asked, but we will be asking for that money, though somewhat belatedly! Thank you for your attention to this matter. President DONALD J. TRUMP",https://truthsocial.com/@realDonaldTrump/posts/117207687594983323,2026-09-03 14:56:21.515000+00:00,16283,,,0.0,True,cnn,172,"['iran', 'ukraine']",['military'],True,True,True,True,True,315
117232304514057261,,,"Oil prices will drop precipitously, like everything else is dropping (but more!), when we WIN the war with Iran. Three Dollars a gallon, but ultimately, below Two Dollars a gallon. It will all happen quickly, and Iran will never have a Nuclear Weapon. MAGA! President DJT",https://truthsocial.com/@realDonaldTrump/posts/117232304514057261,2026-09-07 23:16:45.890000+00:00,50221,,,0.0,True,cnn,46,"['iran', 'oil']",['nuclear'],True,True,True,True,True,316
117270324606038555,,,"Oil is flowing through the Hormuz Strait. The Countries of the World, which have been no help to us whatsoever, should, and will, reimburse the United States of America when this SCAM Confligration is all over. We are doing it much more for others, than we are for ourselves, and we have been for Generations! President DONALD J. TRUMP",https://truthsocial.com/@realDonaldTrump/posts/117270324606038555,2026-09-14 16:25:46.454000+00:00,29211,,,1.6666666666666667e-05,True,cnn,59,"['hormuz', 'oil']",['strait'],True,True,True,False,True,317
117270347763611160,,,"I hope everyone realizes that price increases throughout America were caused by Sleepy Joe Biden and the Biden Administration, not by ""TRUMP."" Even Oil was higher under Biden than it is right now, and we prevented Iran from having a Nuclear Weapon! With the temporary exception of Oil, prices are coming down sharply, and Oil will drop like a rock as soon as the Military Conflict with Iran is over, and that will not be long. Thank you for your attention to this matter! President DONALD J. TRUMP",https://truthsocial.com/@realDonaldTrump/posts/117270347763611160,2026-09-14 16:31:39.810000+00:00,63000,,,1.6666666666666667e-05,True,cnn,88,"['iran', 'oil']","['military', 'nuclear']",True,True,True,True,False,317
117271304188365611,,,"I am the Hoax Buster, and I'm right now breaking another Hoax — That AI is going to take over, consume, and destroy the World, and that Robots will be marching into our Cities, and getting rid of us all! This is even wilder than the RUSSIA, RUSSIA, RUSSIA HOAX, or the Global Warming Scam. Thank you for your attention to this matter! President DONALD J. TRUMP",https://truthsocial.com/@realDonaldTrump/posts/117271304188365611,2026-09-14 20:34:53.694000+00:00,35627,,,0.0,True,cnn,67,['russia'],['destroy'],True,True,True,False,True,318
117298821562014906,,,"Over the years, there have been many Hoaxes, all generated by the Radical Left Dumocrats, for purposes of destroying our Country. RUSSIA, RUSSIA, RUSSIA, UKRAINE, UKRAINE, UKRAINE, Global Warming, Impeachment Hoax #1, Impeachment Hoax #2, Men in Women's Sports, Transgender for Everyone, and now, the decimation, or destruction, of AI, commonly known as Artificial Intelligence — And I, as President of the United States, will not stand by and let this happen. It all began with an attack on our Data Centers, until people realized how wealthy and prestigious they were for the Communities in which they were built. Higher Salaries, Lower Taxes, and Safer Streets, was the result, and the crazed Data Center attack has largely failed, so now, in much the same way as they changed the term ""Global Warming"" to ""Climate Change,"" in that it covers a much larger ""territory"" of doubt, they are going straight at AI. We will not in any way hinder or stifle the Growth of this incredible Industry. Rather, we will cherish it, help it, and watch over it, as it grows! However, we will also be looking for BAD, and we can do that, very easily, with our already existing Criminal and Civil Justice System. For this purpose, I am forming the AI Force, much like I did Space Force, which has been a tremendous SUCCESS, in my First Term. To that end, I will be announcing, in the near future, the AI ""Czar"" — Only High I.Q. individuals need apply! AI is the next Industrial Revolution, or Internet, but will be even larger and more impactful, possibly as much as 25% of our Country's GDP. We are leading China, and the rest of the World, and I intend to keep it that way! President DONALD J. TRUMP",https://truthsocial.com/@realDonaldTrump/posts/117298821562014906,2026-09-19 17:12:55.494000+00:00,40122,,,0.0,True,cnn,297,"['russia', 'ukraine']",['attack'],True,True,True,True,True,319
117308930224398545,,,"Russia has unfortunately lost control of its Diesel Oil Industry due to its War with Ukraine. A large number of their Diesel refineries have been blown up and are, at least temporarily, out of commission. This ridiculous and never ending War with Ukraine must be ended. The whole World suffers as 25,000 people, mostly soldiers, are being killed each month. What a shame! President DJT",https://truthsocial.com/@realDonaldTrump/posts/117308930224398545,2026-09-21 12:03:41.441000+00:00,41169,,,0.0,True,cnn,65,"['oil', 'russia', 'ukraine']",['refineries'],True,True,True,False,True,320
117309814170246776,,,"The same people that said, ""We'll all be dead in twelve years because of Global Warming,"" a name since ""reborn"" to Climate Change, because the Planet was cooling, not warming, and nobody was dead, are the people that are now saying that AI is going to kill us, that robots are going to attack us, and everything is a DISASTER. This is more of a Hoax than even that of RUSSIA, RUSSIA, RUSSIA, UKRAINE, UKRAINE, UKRAINE, UKRAINE, and Climate Change! Whoever wins AI, WINS! We are leading now over China, and everyone else, and I'm going to keep it that way! I'm not going to stifle Growth, of something that will be bigger than the Industrial Revolution, or the Internet, itself. We will be careful, and that's why we have the Department of Justice, and other Law Enforcement bodies, that will rein things in if we have to, but I will only encourage AI or, SI (SUPER INTELLIGENCE)! President DONALD J. TRUMP",https://truthsocial.com/@realDonaldTrump/posts/117309814170246776,2026-09-21 15:48:29.384000+00:00,56952,,,0.0,True,cnn,162,"['russia', 'ukraine']",['attack'],True,True,True,True,True,321
117337298336162712,,,IRAN CAN NOT HAVE A NUCLEAR WEAPON!!! President DJT,https://truthsocial.com/@realDonaldTrump/posts/117337298336162712,2026-09-26 12:18:04.475000+00:00,9112,,,0.0,True,cnn,9,['iran'],['nuclear'],True,True,True,True,True,322
117350810719202305,,,"Axios just released a story that ""Trump"" offered Sanctions Relief and Frozen Funds to Iran. This is untrue. I offered them NOTHING! Axios' story, like most others, is a HOAX, used only for purposes of satisfying their Trump Derangement Syndrome. They should withdraw this fake story, IMMEDIATELY! President DONALD J. TRUMP",https://truthsocial.com/@realDonaldTrump/posts/117350810719202305,2026-09-28 21:34:27.077000+00:00,44033,,,0.0,True,cnn,51,['iran'],['sanctions'],True,True,True,False,True,323
117356339820644146,,,Iran Has Lost Control of the Strait:,https://truthsocial.com/@realDonaldTrump/posts/117356339820644146,2026-09-29 21:00:34.470000+00:00,18226,,,0.0,True,cnn,7,['iran'],['strait'],True,True,True,False,True,324
