gruppo,post_id,timestamp_utc,testo,attori_trovati,meccanismi_trovati,giudizio
dentro,116163464520215003,2026-03-03 04:56:41.883000+00:00,"The United States Munitions Stockpiles have, at the medium and upper medium grade, never been higher or better - As was stated to me today, we have a virtually unlimited supply of these weapons. Wars can be fought ""forever,"" and very successfully, using just these supplies (which are better than other countries finest arms!). At the highest end, we have a good supply, but are not where we want to be. Much additional high grade weaponry is stored for us in outlying countries. Sleepy Joe Biden spent all of his time, and our Country's money, GIVING everything to P.T. Barnum (Zelenskyy!) of Ukraine - Hundreds of Billions of Dollars worth - And, while he gave so much of the super high end away (FREE!), he didn't bother to replace it. Fortunately, I rebuilt the military in my first term, and continue to do so. The United States is stocked, and ready to WIN, BIG!!! Thank you for your attention to this matter. President DONALD J. TRUMP","['ukraine', 'zelenskyy']",['military'],1.0
dentro,116750323241294561,2026-06-14 20:22:35.317000+00:00,"Senator Jack Reed, a Dumocrat from R.I., lied when stating the the Deal we just made is not as good as the Obama disaster known as the JCPOA. Reed is either an outright fraud, or incompetent. The Obuma Deal was a road to a Nuclear weapon for Iran, cash and all, one of the worst and dumbest (hence Dumocrats!) Deals ever made by the U.S. Our Deal is a WALL against Iran ever having a Nuclear weapon, the complete opposite of Obuma. Impeach Jack Reed!",['iran'],"['jcpoa', 'nuclear']",0.0
dentro,116386735130758581,2026-04-11 15:17:21.033000+00:00,"The Fake News Media is CRAZY, or just plain CORRUPT! The United States has completely destroyed Iran's Military, including their entire Navy and Air Force, and everything else. Their Leadership is DEAD! The Strait of Hormuz will soon be open, and the empty ships are rushing to the United States to ""load up."" But, if you listen to the Fake News, we're losing! President DONALD J. TRUMP","['hormuz', 'iran']","['destroyed', 'military', 'navy', 'strait']",1
dentro,116150413051904167,2026-02-28 21:37:32.281000+00:00,"Khamenei, one of the most evil people in History, is dead. This is not only Justice for the people of Iran, but for all Great Americans, and those people from many Countries throughout the World, that have been killed or mutilated by Khamenei and his gang of bloodthirsty THUGS. He was unable to avoid our Intelligence and Highly Sophisticated Tracking Systems and, working closely with Israel, there was not a thing he, or the other leaders that have been killed along with him, could do. This is the single greatest chance for the Iranian people to take back their Country. We are hearing that many of their IRGC, Military, and other Security and Police Forces, no longer want to fight, and are looking for Immunity from us. As I said last night, ""Now they can have Immunity, later they only get Death!"" Hopefully, the IRGC and Police will peacefully merge with the Iranian Patriots, and work together as a unit to bring back the Country to the Greatness it deserves. That process should soon be starting in that, not only the death of Khamenei but the Country has been, in only one day, very much destroyed and, even, obliterated. The heavy and pinpoint bombing, however, will continue, uninterrupted throughout the week or, as long as necessary to achieve our objective of PEACE THROUGHOUT THE MIDDLE EAST AND, INDEED, THE WORLD! Thank you for your attention to this matter. PRESIDENT DONALD J. TRUMP","['iran', 'iranian', 'irgc', 'khamenei']","['destroyed', 'military', 'obliterated']",1
dentro,115876460615555838,2026-01-11 12:27:49.841000+00:00,"Cuba lived, for many years, on large amounts of OIL and MONEY from Venezuela. In return, Cuba provided ""Security Services"" for the last two Venezuelan dictators, BUT NOT ANYMORE! Most of those Cubans are DEAD from last weeks U.S.A. attack, and Venezuela doesn't need protection anymore from the thugs and extortionists who held them hostage for so many years. Venezuela now has the United States of America, the most powerful military in the World (by far!), to protect them, and protect them we will. THERE WILL BE NO MORE OIL OR MONEY GOING TO CUBA - ZERO! I strongly suggest they make a deal, BEFORE IT IS TOO LATE. Thank you for your attention to this matter. President DJT","['oil', 'venezuela', 'venezuelan']","['attack', 'military']",1.0
dentro,116396382206568435,2026-04-13 08:10:43.728000+00:00,Trump brilliantly calls Iran's bluff — with his own Strait of Hormuz blockade: nypost.com/2026/04/12/opinion/,"['hormuz', 'iran']","['blockade', 'strait']",1.0
dentro,116727075577305840,2026-06-10 17:50:24.116000+00:00,"Last month, I directed our Great U.S. Military to execute a secret mission to support Oil Tankers and other Commercial Ships through the Strait of Hormuz. Today, I am pleased to announce that this effort has resulted in more than 100 MILLION Barrels of Oil making its way through the Strait, and into the Open Market. More than 200 Commercial Ships have safely traveled through the Strait. This wildly successful effort is because the UNITED STATES of AMERICA CONTROLS the Strait of Hormuz — NOT Iran. Their military is defeated, and their economy is lost. It's over for Iran! Thank you for your attention to this matter. President DONALD J. TRUMP","['barrels', 'hormuz', 'iran', 'oil']","['military', 'strait', 'tankers']",1
dentro,115419815673188246,2025-10-22 20:57:00.989000+00:00,"""Treasury Sanctions Major Russian Oil Companies, Calls on Moscow to Immediately Agree to Ceasefire""","['moscow', 'oil', 'russian']",['sanctions'],1.0
dentro,114724124909451419,2025-06-22 00:13:42.373000+00:00,"I will be giving an Address to the Nation at 10:00 P.M., at the White House, regarding our very successful military operation in Iran. This is an HISTORIC MOMENT FOR THE UNITED STATES OF AMERICA, ISRAEL, AND THE WORLD. IRAN MUST NOW AGREE TO END THIS WAR. THANK YOU!",['iran'],['military'],1.0
dentro,116263563453969628,2026-03-20 21:13:10.398000+00:00,"We are getting very close to meeting our objectives as we consider winding down our great Military efforts in the Middle East with respect to the Terrorist Regime of Iran: (1) Completely degrading Iranian Missile Capability, Launchers, and everything else pertaining to them. (2) Destroying Iran's Defense Industrial Base. (3) Eliminating their Navy and Air Force, including Anti Aircraft Weaponry. (4) Never allowing Iran to get even close to Nuclear Capability, and always being in a position where the U.S.A. can quickly and powerfully react to such a situation, should it take place. (5) Protecting, at the highest level, our Middle Eastern Allies, including Israel, Saudi Arabia, Qatar, the United Arab Emirates, Bahrain, Kuwait, and others. The Hormuz Strait will have to be guarded and policed, as necessary, by other Nations who use it — The United States does not! If asked, we will help these Countries in their Hormuz efforts, but it shouldn't be necessary once Iran's threat is eradicated. Importantly, it will be an easy Military Operation for them. Thank you for your attention to this matter! President DONALD J. TRUMP","['hormuz', 'iran', 'iranian', 'saudi']","['military', 'navy', 'nuclear', 'strait']",1.0
dentro,114728311939211877,2025-06-22 17:58:31.377000+00:00,"Congressman Thomas Massie of Kentucky is not MAGA, even though he likes to say he is. Actually, MAGA doesn't want him, doesn't know him, and doesn't respect him. He is a negative force who almost always Votes ""NO,"" no matter how good something may be. He's a simple minded ""grandstander"" who thinks it's good politics for Iran to have the highest level Nuclear weapon, while at the same time yelling ""DEATH TO AMERICA"" at every chance they get. Iran has killed and maimed thousands of Americans, and even took over the American Embassy in Tehran under the Carter Administration. We had a spectacular military success yesterday, taking the ""bomb"" right out of their hands (and they would use it if they could!) but, as usual, and despite all of the praise and accolades received, this ""lightweight"" Congressman is against what was so brilliantly achieved last night in Iran. Massie is weak, ineffective, and votes ""NO"" on virtually everything put before him (Rand Paul, Jr.), no matter how good something may be. He is disrespectful to our great military, and all that they stand for, not even acknowledging their brilliance and bravery in yesterday's attack, which was a total and complete WIN. Massie should drop his fake act and start putting America First, but he doesn't know how to get there — he doesn't have a clue! He'll undoubtedly vote against the Great, Big, Beautiful Bill, even though non-passage means a 68% Tax Increase for everybody, and many things far worse than that. MAGA should drop this pathetic LOSER, Tom Massie, like the plague! The good news is that we will have a wonderful American Patriot running against him in the Republican Primary, and I'll be out in Kentucky campaigning really hard. MAGA is not about lazy, grandstanding, nonproductive politicians, of which Thomas Massie is definitely one. Thank you to our incredible military for the AMAZING job they did last night. It was really SPECIAL!!! MAKE AMERICA GREAT AGAIN.","['iran', 'tehran']","['attack', 'military', 'nuclear']",0.0
dentro,116172714486213504,2026-03-04 20:09:05.163000+00:00,"Delcy Rodríguez, who is the President of Venezuela, is doing a great job, and working with U.S. Representatives very well. The Oil is beginning to flow, and the professionalism and dedication between both Countries is a very nice thing to see! President DONALD J. TRUMP","['oil', 'venezuela']",['to flow'],1.0
dentro,115459650821125830,2025-10-29 21:47:37.109000+00:00,"South Korea has agreed to pay the USA 350 Billion Dollars for a lowering of the Tariff's charged against them by the United States. Additionally, they have agreed to buy our Oil and Gas in vast quantities, and investments into our Country by wealthy South Korean Companies and Businessmen will exceed 600 Billion Dollars. Our Military Alliance is stronger than ever before and, based on that, I have given them approval to build a Nuclear Powered Submarine, rather than the old fashioned, and far less nimble, diesel powered Submarines that they have now. A great trip, with a great President of South Korea!",['oil'],"['military', 'nuclear', 'tariff']",1.0
dentro,116386190374675994,2026-04-11 12:58:48.715000+00:00,"The Fake News Media has lost total credibility, not that they had any to begin with. Because of their massive Trump Derangement Syndrome (Sometimes referred to as TDS!), they love saying that Iran is ""winning"" when, in fact, everyone knows that they are LOSING, and LOSING BIG! Their Navy is gone, their Air Force is gone, their Anti Aircraft apparatus is nonexistent, Radar is dead, their Missile and Drone Factories have been largely obliterated along with the Missiles and Drones themselves and, most importantly, their longtime ""Leaders"" are no longer with us, praise be to Allah! The only thing they have going is the threat that a ship may ""bunk"" into one of their sea mines which, by the way, all 28 of their mine dropper boats are also lying at the bottom of the sea. We're now starting the process of clearing out the Strait of Hormuz as a favor to Countries all over the World, including China, Japan, South Korea, France, Germany, and many others. Incredibly, they don't have the Courage or Will to do this work themselves. Very interestingly, however, empty Oil carrying ships from many Nations are all heading to the United States of America to LOAD UP with Oil. Thank you for your attention to this matter! President DONALD J. TRUMP","['hormuz', 'iran', 'oil']","['drone', 'drones', 'mine', 'mines', 'navy', 'obliterated', 'strait']",1.0
dentro,115830428767897167,2026-01-03 09:21:19.588000+00:00,"The United States of America has successfully carried out a large scale strike against Venezuela and its leader, President Nicolas Maduro, who has been, along with his wife, captured and flown out of the Country. This operation was done in conjunction with U.S. Law Enforcement. Details to follow. There will be a News Conference today at 11 A.M., at Mar-a-Lago. Thank you for your attention to this matter! President DONALD J. TRUMP","['maduro', 'venezuela']",['strike'],1.0
dentro,116229166794959253,2026-03-14 19:25:39.034000+00:00,McLaughlin: Strong Majority Backs Trump in Stopping Iran's Nuclear Ambitions: newsmax.com/mclaughlin/cable-n,['iran'],['nuclear'],0.0
dentro,116913091653271692,2026-07-13 14:16:44.182000+00:00,"The Hormuz Strait is OPEN, and will remain OPEN, with or without Iran. We are reinstating the THE IRANIAN BLOCKADE, so named because it is only stopping Iran's ships or customers from entering or leaving. All other countries will have fair and open use of the Strait. The U.S.A. will be, from this point forward, known as “THE GUARDIAN OF THE HORMUZ STRAIT,” but as such, and as a matter of FAIRNESS, will be reimbursed, at the rate of 20% on all cargo shipped, for any and all costs necessary to do the job of providing safety and security to this very volatile section of the World. The process and formation will begin immediately. Thank you for your attention to this matter! President DONALD J. TRUMP","['hormuz', 'iran', 'iranian']","['blockade', 'strait']",1
dentro,114728970221252806,2025-06-22 20:45:55.963000+00:00,"The damage to the Nuclear sites in Iran is said to be ""monumental."" The hits were hard and accurate. Great skill was shown by our military. Thank you!",['iran'],"['military', 'nuclear']",1.0
dentro,116423336936103421,2026-04-18 02:25:40.260000+00:00,"President Xi is very happy that the Strait of Hormuz is open and/or rapidly opening. Our meeting in China will be a special one and, potentially, Historic. I look forward to being with President Xi — Much will be accomplished! President DONALD J. TRUMP",['hormuz'],['strait'],1.0
dentro,116725476229257491,2026-06-10 11:03:40.002000+00:00,"Iran's Military is a complete and total mess. Much of it, like their Navy and Air Force, doesn't even exist anymore - They have been completely defeated. Iran is all talk and no action. The Bully of the Middle East is DEAD!!! They've taken too long to negotiate a deal that would have been great for them, now they will have to pay the price!!! President DONALD J. TRUMP",['iran'],"['military', 'navy']",1.0
dentro,114739003459183372,2025-06-24 15:17:31.025000+00:00,"Both Israel and Iran wanted to stop the War, equally! It was my great honor to Destroy All Nuclear facilities & capability, and then, STOP THE WAR!",['iran'],"['destroy', 'nuclear']",1.0
dentro,116737418354503074,2026-06-12 13:40:42.372000+00:00,"The terms that Iran leaked out to the Fake News have NOTHING to do with the terms that were agreed to, in writing. What they said, including their weak and pathetic statement on having a deal, bears no relation to the truth. Very dishonorable people to deal with. With them, there is no such thing as dealing in good faith. AMAZING! Also, their totally rebuffed Drone attack last night against Indian Ships leaving the Hormuz Strait is TOTALLY UNACCEPTABLE. They better get their act together, and FAST! President DONALD J. TRUMP","['hormuz', 'iran']","['attack', 'drone', 'strait']",1.0
dentro,116454087460626531,2026-04-23 12:45:56.027000+00:00,"I have ordered the United States Navy to shoot and kill any boat, small boats though they may be (Their naval ships are ALL, 159 of them, at the bottom of the sea!), that is putting mines in the waters of the Strait of Hormuz. There is to be no hesitation. Additionally, our mine ""sweepers"" are clearing the Strait right now. I am hereby ordering that activity to continue, but at a tripled up level! Thank you for your attention to this matter. President DONALD J. TRUMP",['hormuz'],"['mine', 'mines', 'naval', 'navy', 'strait']",1.0
dentro,114474136794655068,2025-05-08 20:38:26.461000+00:00,"Talks with Russia/Ukraine continue. The U.S. calls for, ideally, a 30-day unconditional ceasefire. Hopefully, an acceptable ceasefire will be observed, and both Countries will be held accountable for respecting the sanctity of these direct negotiations. If the ceasefire is not respected, the U.S. and its partners will impose further sanctions. Thousands of young soldiers are dying on a weekly basis, and everybody should want it to STOP. I do, and the United States of America does, also. As President, I will stay committed to securing Peace between Russia and Ukraine, together with the Europeans, and a Lasting Peace it will be! This ceasefire must ultimately build toward a Peace Agreement. It can all be done very quickly, and I will be available on a moment's notice if my services are needed. Thank you for your attention to this matter!","['russia', 'ukraine']",['sanctions'],1
dentro,114733380709403439,2025-06-23 15:27:34.672000+00:00,"Did I hear Former President Medvedev, from Russia, casually throwing around the ""N word"" (Nuclear!), and saying that he and other Countries would supply Nuclear Warheads to Iran? Did he really say that or, is it just a figment of my imagination? If he did say that, and, if confirmed, please let me know, IMMEDIATELY. The ""N word"" should not be treated so casually. I guess that's why Putin's ""THE BOSS."" By the way, if anyone thinks our ""hardware"" was great over the weekend, far and away the strongest and best equipment we have, 20 years advanced over the pack, is our Nuclear Submarines. They are the most powerful and lethal weapons ever built, and just launched the 30 Tomahawks — All 30 hit their mark perfectly. So, in addition to our Great Fighter Pilots, thank you to the Captain and Crew!","['iran', 'putin', 'russia']",['nuclear'],1.0
dentro,116376868752554780,2026-04-09 21:28:12.049000+00:00,"The Wall Street Journal, one of the worst and most inaccurate ""Editorial Boards"" in the World, stated that I ""declared premature victory in Iran."" Actually, it is a Victory, and there's nothing ""premature"" about it! Because of me, IRAN WILL NEVER HAVE A NUCLEAR WEAPON and, very quickly, you'll see Oil start flowing, with or without the help of Iran and, to me, it makes no difference, either way. The Wall Street Journal will, as usual, live to eat their words. They are always quick to criticize, but never to admit when they're wrong, which is most of the time! President DONALD J. TRUMP","['iran', 'oil']",['nuclear'],1.0
dentro,116442964943642737,2026-04-21 13:37:19.887000+00:00,"Never allow the Traitor Democrats like Low IQ person Hakeem Jeffries, or Cryin' Chuck Schumer, or the totally corrupt Fake News Media such as the phony and decaying Wall Street Journal, the Failing New York Times (Subscriptions way down!), or dying ""60 Minutes,"" to demean or criticize Operation Midnight Hammer, which totally obliterated the Nuclear Dust locations to the point where bloodthirsty Iran has been unable to get to it, or dig it out. Space Force has cameras on every inch of the 3 sites that were so brilliantly hit last June! Thank you for your attention to this matter! President DJT",['iran'],"['nuclear', 'obliterated']",0.0
dentro,116771467656011073,2026-06-18 13:59:53.481000+00:00,"OIL IS FLOWING, IRAN CAN NEVER HAVE A NUCLEAR WEAPON (THE WORLD WILL BE SAFE!), THE STOCK MARKETS ARE ROARING, JOBS ARE AT RECORDS, AND PRICES ARE DROPPING (AFFORDABILITY!). OUR COUNTRY IS STRONG, SAFE, AND RESPECTED LIKE NEVER BEFORE. “YOU'RE WELCOME!” President DJT","['iran', 'oil']",['nuclear'],1.0
dentro,116392448970133700,2026-04-12 15:30:27.303000+00:00,"So, there you have it, the meeting went well, most points were agreed to, but the only point that really mattered, NUCLEAR, was not. Effective immediately, the United States Navy, the Finest in the World, will begin the process of BLOCKADING any and all Ships trying to enter, or leave, the Strait of Hormuz. At some point, we will reach an ""ALL BEING ALLOWED TO GO IN, ALL BEING ALLOWED TO GO OUT"" basis, but Iran has not allowed that to happen by merely saying, ""There may be a mine out there somewhere,"" that nobody knows about but them. THIS IS WORLD EXTORTION, and Leaders of Countries, especially the United States of America, will never be extorted. I have also instructed our Navy to seek and interdict every vessel in International Waters that has paid a toll to Iran. No one who pays an illegal toll will have safe passage on the high seas. We will also begin destroying the mines the Iranians laid in the Straits. Any Iranian who fires at us, or at peaceful vessels, will be BLOWN TO HELL! Iran knows, better than anyone, how to END this situation which has already devastated their Country. Their Navy is gone, their Air Force is gone, their Anti Aircraft and Radar are useless, Khamenei, and most of their ""Leaders,"" are dead, all because of their Nuclear ambition. The Blockade will begin shortly. Other Countries will be involved with this Blockade. Iran will not be allowed to profit off this Illegal Act of EXTORTION. They want money and, more importantly, they want Nuclear. Additionally and, at an appropriate moment, we are fully ""LOCKED AND LOADED,"" and our Military will finish up the little that is left of Iran! President DONALD J. TRUMP","['hormuz', 'iran', 'iranian', 'iranians', 'khamenei']","['blockade', 'blockading', 'interdict', 'military', 'mine', 'mines', 'navy', 'nuclear', 'strait', 'vessel', 'vessels']",1.0
dentro,116969243226176328,2026-07-23 12:16:49.188000+00:00,"A year ago the United States of America attacked, very powerfully, the Houthis, for their interference with commerce and trade, by shooting at ships. Since that time, and during our conflict with Iran, they have acted very responsibly. Unfortunately, now they are starting up again, shooting at two Saudi Arabian ships last night. Please let this TRUTH serve to represent that if they do this again, the U.S. will hold Iran responsible, in that the Houthis are a Surrogate and/or Proxy of Iran, and major military punishment will be inflicted upon Iran and, of course, the Houthis, themselves, who I am very disappointed with in that they have, until now, acted very professionally and smart. Thank you for your attention to this matter! President DONALD J. TRUMP","['houthis', 'iran', 'saudi']","['attacked', 'military']",1.0
dentro,114942106248731470,2025-07-30 12:09:13.648000+00:00,"Remember, while India is our friend, we have, over the years, done relatively little business with them because their Tariffs are far too high, among the highest in the World, and they have the most strenuous and obnoxious non-monetary Trade Barriers of any Country. Also, they have always bought a vast majority of their military equipment from Russia, and are Russia’s largest buyer of ENERGY, along with China, at a time when everyone wants Russia to STOP THE KILLING IN UKRAINE — ALL THINGS NOT GOOD! INDIA WILL THEREFORE BE PAYING A TARIFF OF 25%, PLUS A PENALTY FOR THE ABOVE, STARTING ON AUGUST FIRST. THANK YOU FOR YOUR ATTENTION TO THIS MATTER. MAGA!","['russia', 'ukraine']","['military', 'tariff']",1.0
dentro,116196014942465383,2026-03-08 22:54:41.910000+00:00,"Short term oil prices, which will drop rapidly when the destruction of the Iran nuclear threat is over, is a very small price to pay for U.S.A., and World, Safety and Peace. ONLY FOOLS WOULD THINK DIFFERENTLY!President DJT","['iran', 'oil']",['nuclear'],1
dentro,116408554531050811,2026-04-15 11:46:18.659000+00:00,"China is very happy that I am permanently opening the Strait of Hormuz. I am doing it for them, also - And the World. This situation will never happen again. They have agreed not to send weapons to Iran. President Xi will give me a big, fat, hug when I get there in a few weeks. We are working together smartly, and very well! Doesn't that beat fighting??? BUT REMEMBER, we are very good at fighting, if we have to - far better than anyone else!!! President DJT","['hormuz', 'iran']",['strait'],1.0
dentro,116002095109616255,2026-02-02 16:58:20.085000+00:00,"It was an Honor to speak with Prime Minister Modi, of India, this morning. He is one of my greatest friends and, a Powerful and Respected Leader of his Country. We spoke about many things, including Trade, and ending the War with Russia and Ukraine. He agreed to stop buying Russian Oil, and to buy much more from the United States and, potentially, Venezuela. This will help END THE WAR in Ukraine, which is taking place right now, with thousands of people dying each and every week! Out of friendship and respect for Prime Minister Modi and, as per his request, effective immediately, we agreed to a Trade Deal between the United States and India, whereby the United States will charge a reduced Reciprocal Tariff, lowering it from 25% to 18%. They will likewise move forward to reduce their Tariffs and Non Tariff Barriers against the United States, to ZERO. The Prime Minister also committed to ""BUY AMERICAN,"" at a much higher level, in addition to over $500 BILLION DOLLARS of U.S. Energy, Technology, Agricultural, Coal, and many other products. Our amazing relationship with India will be even stronger going forward. Prime Minister Modi and I are two people that GET THINGS DONE, something that cannot be said for most. Thank you for your attention to this matter! PRESIDENT DONALD J. TRUMP","['oil', 'russia', 'russian', 'ukraine', 'venezuela']",['tariff'],1
dentro,116165200090740839,2026-03-03 12:18:04.587000+00:00,NATO Secretary General Mark Rutte praises 'Operation Epic Fury' strikes on Iran: foxnews.com/video/639026830111,['iran'],['strikes'],1
dentro,116954623645571071,2026-07-20 22:18:52.091000+00:00,"I had a very good conversation with the new Prime Minister of the United Kingdom, Andy Burnham. We discussed many subjects, including the outstanding relationship we have had with the UK. We will be meeting in the not too distant future for topics of mutual interest. The Prime Minister has got a big job ahead of him, but he will be able to do it and, of course, the U.S.A. will be there to help! We discussed North Sea Oil, Trade, the Military Alliance, Demining of the Hormuz Strait, and many other topics. The call was interesting, and went very well. I wished Prime Minister Burnham, GOOD LUCK AND GODSPEED! President DONALD J. TRUMP","['hormuz', 'oil']","['military', 'strait']",1.0
dentro,116625784011805994,2026-05-23 20:30:37.484000+00:00,"I am in the Oval Office at the White House where we just had a very good call with President Mohammed bin Salman Al Saud, of Saudi Arabia, Mohammed bin Zayed Al Nahyan, of The United Arab Emirates, Emir Tamim bin Hamad bin Khalifa Al Thani, Prime Minister Mohammed bin Abdulrahman bin Jassim bin Jaber Al Thani, and Minister Ali al-Thawadi, of Qatar, Field Marshal Syed Asim Munir Ahmed Shah, of Pakistan, President Recep Tayyip Erdoğan, of Türkiye, President Abdel Fattah El-Sisi, of Egypt, King Abdullah II, of Jordan, and King Hamad bin Isa Al Khalifa, of Bahrain, concerning the Islamic Republic of Iran, and all things related to a Memorandum of Understanding pertaining to PEACE. An Agreement has been largely negotiated, subject to finalization between the United States of America, the Islamic Republic of Iran, and the various other Countries, as listed. Separately, I had a call with Prime Minister Bibi Netanyahu, of Israel, which, likewise, went very well. Final aspects and details of the Deal are currently being discussed, and will be announced shortly. In addition to many other elements of the Agreement, the Strait of Hormuz will be opened. Thank you for your attention to this matter! President DONALD J. TRUMP","['hormuz', 'iran', 'saudi']",['strait'],1.0
dentro,116340751005894827,2026-04-03 12:22:58.971000+00:00,"With a little more time, we can easily OPEN THE HORMUZ STRAIT, TAKE THE OIL, & MAKE A FORTUNE. IT WOULD BE A ""GUSHER"" FOR THE WORLD??? President DONALD J. TRUMP","['hormuz', 'oil']",['strait'],1
dentro,116235861005528220,2026-03-15 23:48:04.581000+00:00,"Iran has long been known as a Master of Media Manipulation and Public Relations. They are Militarily ineffective and weak, but are really good at ""feeding"" the very appreciative Fake News Media false information. Now, A.I. has become another Disinformation weapon that Iran uses, quite well, considering they are being annihilated by the day. They showed phony ""Kamikaze Boats,"" shooting at various Ships at Sea, which looks wonderful, powerful, and vicious, but these Boats don't exist — It's all false information to show how ""tough"" their already defeated Military is! The five U.S. Refueling Planes that were supposedly struck down and badly damaged, according to The Wall Street Journal's false reporting, and others, are all in service, with the exception of one, which will soon be flying the skies. Buildings and Ships that are shown to be on fire are not — It's FAKE NEWS, generated by A.I. For instance, Iran, working in close coordination with the Fake News Media, shows our great USS Abraham Lincoln Aircraft Carrier, one of the largest and most prestigious Ships in the World, burning uncontrollably in the Ocean. Not only was it not burning, it was not even shot at — Iran knows better than to do that! The story was knowingly FAKE and, in a certain way, you can say that those Media Outlets that generated it should be brought up on Charges for TREASON for the dissemination of false information! The fact is, Iran is being decimated, and the only battles they ""win"" are those that they create through AI, and are distributed by Corrupt Media Outlets. The Radical Leftwing Press knows this full well, but continues to go forward with false stories and LIES. That's why their Approval Rating is so low, and I can win a Presidential Election, IN A LANDSLIDE, getting only 5% positive Press — They have no credibility! I am so thrilled to see Brendan Carr, the Chairman of the Federal Communications Commission (FCC), looking at the licenses of some of these Corrupt and Highly Unpatriotic ""News"" Organizations. They get Billions of Dollars of FREE American Airwaves, and use it to perpetuate LIES, both in News and almost all of their Shows, including the Late Night Morons, who get gigantic Salaries for horrible Ratings, and never get, as I used to say in The Apprentice, ""FIRED."" Thank you for your attention to this matter! President DONALD J. TRUMP",['iran'],['military'],1.0
dentro,116454200707517482,2026-04-23 13:14:44.038000+00:00,"Iran is having a very hard time figuring out who their leader is! They just don't know! The infighting is between the ""Hardliners,"" who have been losing BADLY on the battlefield, and the ""Moderates,"" who are not very moderate at all (but gaining respect!), is CRAZY! We have total control over the Strait of Hormuz. No ship can enter or leave without the approval of the United States Navy. It is ""Sealed up Tight,"" until such time as Iran is able to make a DEAL!!! Thank you for your attention to this matter. President DONALD J. TRUMP","['hormuz', 'iran']","['navy', 'strait']",1.0
dentro,114392923237368367,2025-04-24 12:24:45.921000+00:00,"I am not happy with the Russian strikes on KYIV. Not necessary, and very bad timing. Vladimir, STOP! 5000 soldiers a week are dying. Lets get the Peace Deal DONE!","['kyiv', 'russian']",['strikes'],1
dentro,116642543193922330,2026-05-26 19:32:42.309000+00:00,"If Iran surrenders, admits their Navy is gone and resting at the bottom of the sea, and their Air Force is no longer with us, and if their entire Military walks out of Tehran, weapons dropped and hands held high, each shouting “I surrender, I surrender” while wildly waving the representative White Flag, and if their entire remaining Leadership signs all necessary “Documents of Surrender,” and admit their defeat to the great power and force of the magnificent U.S.A., The Failing New York Times, The China Street Journal (WSJ!), Corrupt and now Irrelevant CNN, and all other members of the Fake News Media, will headline that Iran had a Masterful and Brilliant Victory over The United States of America, it wasn't even close. The Dumacrats and Media have totally lost their way. They have gone absolutely CRAZY!!! President DJT","['iran', 'tehran']","['military', 'navy']",1.0
dentro,116227789768118115,2026-03-14 13:35:27.272000+00:00,"Yet again, an intentionally misleading headline by the Fake News Media about the five tanker planes that were supposedly struck down at an Airport in Saudi Arabia, and of no further use. In actuality, the Base was hit a few days ago, but the planes were not ""struck"" or ""destroyed."" Four of the five had virtually no damage, and are already back in service. One had slightly more damage, but will be in the air shortly. None were destroyed, or close to that, as the Fake News said in headlines. The New York Times and The Wall Street Journal (in particular), and other Lowlife ""Papers"" and Media actually want us to lose the War. Their terrible reporting is the exact opposite of the actual facts! They are truly sick and demented people that have no idea the damage they cause the United States of America. Fortunately, as proven by our Great and Conclusive Election Win in 2024, the People of our Country understand what is happening far better than the Fake News Media! President DONALD J. TRUMP",['saudi'],"['destroyed', 'tanker']",1
dentro,116058575898389756,2026-02-12 16:22:08.527000+00:00,"Relations between Venezuela and the United States have been, to put it mildly, extraordinary! We are dealing very well with President Delcy Rodriguez, and her Representatives. Oil is starting to flow, and large amounts of money, unseen for many years, will soon be greatly helping the people of Venezuela. Marco Rubio, and all of our Representatives, are doing a fantastic job, but we speak only for ourselves, and don't want there to be any confusion or misrepresentation. There is a story about a man named Harry Sargeant III in The Wall Street Journal. He has no authority, in any way, shape, or form, to act on behalf of the United States of America, nor does anyone else that is not approved by the State Department. Without this approval, no one is authorized to represent our Country. Thank you for your attention to this matter! PRESIDENT DONALD J. TRUMP","['oil', 'venezuela']",['to flow'],1.0
dentro,115854352740910460,2026-01-07 14:45:30.446000+00:00,"Remember, for all of those big NATO fans, they were at 2% GDP, and most weren’t paying their bills, UNTIL I CAME ALONG. The USA was, foolishly, paying for them! I, respectfully, got them to 5% GDP, AND THEY PAY, immediately. Everyone said that couldn’t be done, but it could, because, beyond all else, they are all my friends. Without my involvement, Russia would have ALL OF UKRAINE right now. Remember, also, I single-handedly ENDED 8 WARS, and Norway, a NATO Member, foolishly chose not to give me the Noble Peace Prize. But that doesn’t matter! What does matter is that I saved Millions of Lives. RUSSIA AND CHINA HAVE ZERO FEAR OF NATO WITHOUT THE UNITED STATES, AND I DOUBT NATO WOULD BE THERE FOR US IF WE REALLY NEEDED THEM. EVERYONE IS LUCKY THAT I REBUILT OUR MILITARY IN MY FIRST TERM, AND CONTINUE TO DO SO. We will always be there for NATO, even if they won’t be there for us. The only Nation that China and Russia fear and respect is the DJT REBUILT U.S.A. MAKE AMERICA GREAT AGAIN!!! President DJT","['russia', 'ukraine']",['military'],0.0
dentro,116782416835973120,2026-06-20 12:24:24.709000+00:00,"Italian Prime Minister Giorgia Meloni asked, over and over, for a picture with me during the G-7 meeting in France. She is doing poorly in Italy with her level of popularity, possibly because she turned down the United States of America, a Country that truly loves and protects Italy, when it came to denying Iran from obtaining or developing a Nuclear Weapon (But so did NATO, for that matter!). She wouldn't even let us use Italy's landing strips or runways, a great logistical inconvenience, and this despite the fact the U.S. contributes hundreds of Billions of Dollars a year to protect Italy, and other “so-called” NATO Allies. Now, after the United States defeated Iran militarily, she wants to be friends again in order to get her “numbers up.” No thanks!!! President DJT",['iran'],['nuclear'],0.0
dentro,116372694697146221,2026-04-09 03:46:41.018000+00:00,"All U.S. Ships, Aircraft, and Military Personnel, with additional Ammunition, Weaponry, and anything else that is appropriate and necessary for the lethal prosecution and destruction of an already substantially degraded Enemy, will remain in place in, and around, Iran, until such time as the REAL AGREEMENT reached is fully complied with. If for any reason it is not, which is highly unlikely, then the ""Shootin' Starts,"" bigger, and better, and stronger than anyone has ever seen before. It was agreed, a long time ago, and despite all of the fake rhetoric to the contrary - NO NUCLEAR WEAPONS and, the Strait of Hormuz WILL BE OPEN & SAFE. In the meantime our great Military is Loading Up and Resting, looking forward, actually, to its next Conquest. AMERICA IS BACK!","['hormuz', 'iran']","['military', 'nuclear', 'strait']",1.0
dentro,114263386262728170,2025-04-01 15:21:48.549000+00:00,"My telephone call with President El-Sisi, of Egypt, went very well. We discussed numerous topics, among which was the tremendous Military progress we have made against the Ship destroying Houthis in Yemen — Also discussed was Gaza, and possible solutions, Military preparedness, etc.",['houthis'],['military'],1.0
dentro,116302505060458396,2026-03-27 18:16:32.157000+00:00,Going to make a big speech on economics in Miami. Our Military Operation in Iran is going GREAT! President DJT,['iran'],['military'],1.0
dentro,114763460580044614,2025-06-28 22:57:17.073000+00:00,"It is terrible what they are doing in Israel to Bibi Netanyahu. He is a War Hero, and a Prime Minister who did a fabulous job working with the United States to bring Great Success in getting rid of the dangerous Nuclear threat in Iran. Importantly, he is right now in the process of negotiating a Deal with Hamas, which will include getting the Hostages back. How is it possible that the Prime Minister of Israel can be forced to sit in a Courtroom all day long, over NOTHING (Cigars, Bugs Bunny Doll, etc.). It is a POLITICAL WITCH HUNT, very similar to the Witch Hunt that I was forced to endure. This travesty of ""Justice"" will interfere with both Iran and Hamas negotiations. In other words, it is INSANITY doing what the out-of-control prosecutors are doing to Bibi Netanyahu. The United States of America spends Billions of Dollar a year, far more than on any other Nation, protecting and supporting Israel. We are not going to stand for this. We just had a Great Victory with Prime Minister Bibi Netanyahu at the helm — And this greatly tarnishes our Victory. LET BIBI GO, HE'S GOT A BIG JOB TO DO!",['iran'],['nuclear'],0.0
dentro,116202054617775180,2026-03-10 00:30:40.041000+00:00,"If Iran does anything that stops the flow of Oil within the Strait of Hormuz, they will be hit by the United States of America TWENTY TIMES HARDER than they have been hit thus far. Additionally, we will take out easily destroyable targets that will make it virtually impossible for Iran to ever be built back, as a Nation, again — Death, Fire, and Fury will reign upon them — But I hope, and pray, that it does not happen! This is a gift from the United States of America to China, and all of those Nations that heavily use the Hormuz Strait. Hopefully, it is a gesture that will be greatly appreciated. Thank you for your attention to this matter! President DONALD J. TRUMP","['hormuz', 'iran', 'oil']",['strait'],1.0
dentro,116750372942466677,2026-06-14 20:35:13.697000+00:00,"Victoria Coates of the Heritage Foundation is absolutely fantastic! She gets it like few other do. Thank you Victoria. Iran will never have a Nuclear weapon, and the Strait of Hormuz will be opening up for business very shortly!!! President DJT","['hormuz', 'iran']","['nuclear', 'strait']",1.0
dentro,116368825638596650,2026-04-08 11:22:43.870000+00:00,"The United States will work closely with Iran, which we have determined has gone through what will be a very productive Regime Change! There will be no enrichment of Uranium, and the United States will, working with Iran, dig up and remove all of the deeply buried (B-2 Bombers) Nuclear ""Dust."" It is now, and has been, under very exacting Satellite Surveillance (Space Force!). Nothing has been touched from the date of attack. We are, and will be, talking Tariff and Sanctions relief with Iran. Many of the 15 points have already been been agreed to. Thank you for your attention to this matter. President DONALD J. TRUMP",['iran'],"['attack', 'bombers', 'enrichment', 'nuclear', 'regime change', 'sanctions', 'tariff']",1.0
dentro,115732670084362796,2025-12-17 03:00:00.457000+00:00,"Trump orders 'blockade' of sanctioned oil tankers leaving, entering Venezuela: reuters.com/world/americas/tru","['oil', 'venezuela']","['blockade', 'sanctioned', 'tankers']",1
dentro,116637404995923093,2026-05-25 21:45:59.630000+00:00,"The Enriched Uranium (Nuclear Dust!) will either be immediately turned over to the United States to be brought home and destroyed or, preferably, in conjunction and coordination with the Islamic Republic of Iran, destroyed in place or, at another acceptable location, with the Atomic Energy Commission, or its equivalent, being witness to this process and event. Thank you for your attention to this matter! President DJT",['iran'],"['destroyed', 'nuclear']",1
dentro,116776790136289354,2026-06-19 12:33:28.085000+00:00,"The War has diminished Iran! It doesn't, any longer, have an Air Force, a Navy, Antiaircraft Equipment, Radar, or practically anything else, and yet the Dumocrats say that Iran is better off now than it was four months ago. Can you imagine getting away with that??? How stupid can some people be??? President DJT",['iran'],['navy'],1.0
dentro,116420562510387829,2026-04-17 14:40:05.883000+00:00,Iran has agreed to never close the Strait of Hormuz again. It will no longer be used as a weapon against the World! President DONALD J. TRUMP,"['hormuz', 'iran']",['strait'],1.0
dentro,116013105630663812,2026-02-04 15:38:27.303000+00:00,"I have just completed an excellent telephone conversation with President Xi, of China. It was a long and thorough call, where many important subjects were discussed, including Trade, Military, the April trip that I will be making to China (which I very much look forward to!), Taiwan, the War between Russia/Ukraine, the current situation with Iran, the purchase of Oil and Gas by China from the United States, the consideration by China of the purchase of additional Agricultural products including lifting the Soybean count to 20 Million Tons for the current season (They have committed to 25 Million Tons for next season!), Airplane engine deliveries, and numerous other subjects, all very positive! The relationship with China, and my personal relationship with President Xi, is an extremely good one, and we both realize how important it is to keep it that way. I believe that there will be many positive results achieved over the next three years of my Presidency having to do with President Xi, and the People’s Republic of China! PRESIDENT DONALD J. TRUMP","['iran', 'oil', 'russia', 'ukraine']",['military'],1.0
dentro,116437457191403164,2026-04-20 14:16:38.257000+00:00,"Israel never talked me into the war with Iran, the results of Oct. 7th, added to my lifelong opinion that IRAN CAN NEVER HAVE A NUCLEAR WEAPON, did. I watch and read the FAKE NEWS Pundits and Polls in total disbelief. 90% of what they say are lies and made up stories, and the polls are rigged, much as the 2020 Presidential Election was rigged. Just like the results in Venezuela, which the media doesn't like talking about, the results in Iran will be amazing - And if Iran's new leaders (Regime Change!) are smart, Iran can have a great and prosperous future! President DJT","['iran', 'venezuela']","['nuclear', 'regime change']",1
dentro,116395566253303665,2026-04-13 04:43:13.269000+00:00,The United States to Blockade Ships Entering or Exiting Iranian Ports on April 13 at 10:00 A.M. ET. Thank you for your attention to this matter! President DJT,['iranian'],"['blockade', 'ports']",1
dentro,115520448197201824,2025-11-09 15:29:11.446000+00:00,"""AUTOPEN"" Sleepy Joe Biden was, by far, the worst President in American History. Taking office as a result of the most corrupt Election ever seen in the United States, Biden oversaw a series of unprecedented disasters that brought our Nation to the brink of destruction. His policies caused the highest Inflation ever recorded, leading the U.S. Dollar to lose more than 20% of its value in 4 years. His Green New Scam surrendered American Energy Dominance and, by abolishing the Southern Border, Biden let 21 million people from all over the World pour into the United States, including from prisons, jails, mental institutions, and insane asylums. His surrender in Afghanistan was among the most humiliating events in American History, and resulted in the murder of 13 brave American Servicemembers, with many others gravely wounded. Seeing Biden's devastating weakness, Russia invaded Ukraine, and Hamas terrorists launched the heinous October 7th attack on Israel. Nicknamed both ""Sleepy"" and ""Crooked,"" Joe Biden was dominated by his radical handlers. They and their allies in the Fake News Media attempted to cover up his severe mental decline, and his unprecedented use of the Autopen. Following his humiliating debate loss to President Trump in the big June 2024 debate, he was forced to withdraw from his campaign for re-election in disgrace. Biden weaponized Law Enforcement against his political opponent, while also persecuting many other innocent people. He left office issuing blanket pardons to Radical Democrat criminals and thugs, as well as members of the Biden Crime Family — But despite it all, President Trump would get Re-Elected, and SAVE AMERICA!","['russia', 'ukraine']",['attack'],0.0
dentro,115180631135047280,2025-09-10 15:09:14.575000+00:00,What's with Russia violating Poland's airspace with drones? Here we go!,['russia'],['drones'],0.0
dentro,116269822349947644,2026-03-21 23:44:53.572000+00:00,"If Iran doesn't FULLY OPEN, WITHOUT THREAT, the Strait of Hormuz, within 48 HOURS from this exact point in time, the United States of America will hit and obliterate their various POWER PLANTS, STARTING WITH THE BIGGEST ONE FIRST! Thank you for your attention to this matter. President DONALD J. TRUMP","['hormuz', 'iran']","['obliterate', 'strait']",1.0
dentro,116754269577470122,2026-06-15 13:06:11.628000+00:00,"Ships are starting to move, many loaded up with Oil, out of the Strait of Hormuz. They are going along the Southern “Highway,” which is totally safe, secure, and pristine. There are other areas of travel, also!!! President DJT","['hormuz', 'oil']",['strait'],1.0
dentro,116392449978703637,2026-04-12 15:30:42.692000+00:00,"Iran promised to open the Strait of Hormuz, and they knowingly failed to do so. This caused anxiety, dislocation, and pain to many people and Countries throughout the World. They say they put mines in the water, even though all of their Navy, and most of their ""mine droppers,"" have been completely blown up. They may have done so, but what ship owner would want to take the chance? There is great dishonor and permanent harm to the reputation of Iran, and what's left of their ""Leaders,"" but we are beyond all of that. As they promised, they better begin the process of getting this INTERNATIONAL WATERWAY OPEN AND FAST! Every Law in the book is being violated by them. I have been fully debriefed by Vice President JD Vance, Special Envoy Steve Witkoff, and Jared Kushner, on the meeting that took place in Islamabad through the kind and very competent leadership of Field Marshal Asim Munir, and Prime Minister Shehbaz Sharif, of Pakistan. They are very extraordinary men, and continuously thank me for saving 30 to 50 million lives in what would have been a horrendous War with India. I always appreciate hearing that — The amount of Humanity spoken of is incomprehensible. The meeting with Iran began early in the morning, and lasted throughout the night — Close to 20 hours. I could go into great detail, and talk about much that has been gotten but, there is only one thing that matters — IRAN IS UNWILLING TO GIVE UP ITS NUCLEAR AMBITIONS! In many ways, the points that were agreed to are better than us continuing our Military Operations to conclusion, but all of those points don't matter compared to allowing Nuclear Power to be in the hands of such volatile, difficult, unpredictable people. My three Representatives, as all of this time went by, became, not surprisingly, very friendly and respectful of Iran's Representatives, Mohammad-Bagher Ghalibaf, Abbas Araghchi, and Ali Bagheri, but that doesn't matter because they were very unyielding as to the single most important issue and, as I have always said, right from the beginning, and many years ago, IRAN WILL NEVER HAVE A NUCLEAR WEAPON!","['hormuz', 'iran']","['military', 'mine', 'mines', 'navy', 'nuclear', 'strait', 'waterway']",1.0
dentro,116420275523158052,2026-04-17 13:27:06.806000+00:00,"THE STRAIT OF HORMUZ IS COMPLETELY OPEN AND READY FOR BUSINESS AND FULL PASSAGE, BUT THE NAVAL BLOCKADE WILL REMAIN IN FULL FORCE AND EFFECT AS IT PERTAINS TO IRAN, ONLY, UNTIL SUCH TIME AS OUR TRANSACTION WITH IRAN IS 100% COMPLETE. THIS PROCESS SHOULD GO VERY QUICKLY IN THAT MOST OF THE POINTS ARE ALREADY NEGOTIATED. THANK YOU FOR YOUR ATTENTION TO THIS MATTER! PRESIDENT DONALD J.TRUMP","['hormuz', 'iran']","['blockade', 'naval', 'strait']",1.0
dentro,116398358272601798,2026-04-13 16:33:16.102000+00:00,"34 Ships went through the Strait of Hormuz yesterday, which is by far the highest number since this foolish closure began. President DONALD J. TRUMP",['hormuz'],['strait'],1.0
dentro,116420456436213944,2026-04-17 14:13:07.320000+00:00,"Now that the Hormuz Strait situation is over, I received a call from NATO asking if we would need some help. I TOLD THEM TO STAY AWAY, UNLESS THEY JUST WANT TO LOAD UP THEIR SHIPS WITH OIL. They were useless when needed, a Paper Tiger! President DJT","['hormuz', 'oil']",['strait'],1.0
dentro,114767794156725396,2025-06-29 17:19:22.205000+00:00,"Regarding Iran's Fordow nuclear facility—They didn't move anything...they didn't think it was going to be actually doable, what we did… Video:",['iran'],['nuclear'],1.0
dentro,114571369956761390,2025-05-26 00:46:06.771000+00:00,"I've always had a very good relationship with Vladimir Putin of Russia, but something has happened to him. He has gone absolutely CRAZY! He is needlessly killing a lot of people, and I'm not just talking about soldiers. Missiles and drones are being shot into Cities in Ukraine, for no reason whatsoever. I've always said that he wants ALL of Ukraine, not just a piece of it, and maybe that's proving to be right, but if he does, it will lead to the downfall of Russia! Likewise, President Zelenskyy is doing his Country no favors by talking the way he does. Everything out of his mouth causes problems, I don't like it, and it better stop. This is a War that would never have started if I were President. This is Zelenskyy's, Putin's, and Biden's War, not ""Trump's,"" I am only helping to put out the big and ugly fires, that have been started through Gross Incompetence and Hatred.","['putin', 'russia', 'ukraine', 'zelenskyy']",['drones'],1
dentro,116596094940250402,2026-05-18 14:40:18.204000+00:00,"If Iran surrenders, admits their Navy is gone and resting at the bottom of the sea, and their Air Force is no longer with us, and if their entire Military walks out of Tehran, weapons dropped and hands held high, each shouting ""I surrender, I surrender"" while wildly waving the representative White Flag, and if their entire remaining Leadership signs all necessary ""Documents of Surrender,"" and admit their defeat to the great power and force of the magnificent U.S.A., The Failing New York Times, The China Street Journal (WSJ!), Corrupt and now Irrelevant CNN, and all other members of the Fake News Media, will headline that Iran had a Masterful and Brilliant Victory over The United States of America, it wasn't even close. The Dumacrats and Media have totally lost their way. They have gone absolutely CRAZY!!! President DJT","['iran', 'tehran']","['military', 'navy']",1
dentro,116624932696824292,2026-05-23 16:54:07.449000+00:00,Trump's Global Gambit: How Strikes On Iran And Venezuela Are Fueling America's Economic Comeback And Checking China: loomered.com/2026/04/28/trumps,"['iran', 'venezuela']",['strikes'],0.0
dentro,114167886343462616,2025-03-15 18:34:55.426000+00:00,"I am pleased to inform you that General Keith Kellogg has been appointed Special Envoy to Ukraine. General Kellogg, a Highly Respected Military Expert, will deal directly with President Zelenskyy, and Ukrainian leadership. He knows them well, and they have a very good working relationship together. Congratulations to General Kellogg!","['ukraine', 'ukrainian', 'zelenskyy']",['military'],0.0
dentro,116363336033995961,2026-04-07 12:06:39.151000+00:00,"A whole civilization will die tonight, never to be brought back again. I don't want that to happen, but it probably will. However, now that we have Complete and Total Regime Change, where different, smarter, and less radicalized minds prevail, maybe something revolutionarily wonderful can happen, WHO KNOWS? We will find out tonight, one of the most important moments in the long and complex history of the World. 47 years of extortion, corruption, and death, will finally end. God Bless the Great People of Iran!",['iran'],['regime change'],1.0
dentro,116346686438015338,2026-04-04 13:32:26.478000+00:00,"Not only were the jobs numbers GREAT yesterday, 178,000 new jobs, but the TRADE DEFICIT was down 55%, the biggest drop in history. THANK YOU MR. TARIFF! All of this and, simultaneously, getting rid of a Nuclear Iran. MAGA!!!",['iran'],"['nuclear', 'tariff']",1.0
dentro,116918822625387784,2026-07-14 14:34:11.876000+00:00,"Trump claims military victory, points to economic progress in the wake of first-stage Iran deal: washingtontimes.com/news/2026/",['iran'],['military'],0.0
dentro,116420194853200133,2026-04-17 13:06:35.880000+00:00,IRAN HAS JUST ANNOUNCED THAT THE STRAIT OF IRAN IS FULLY OPEN AND READY FOR FULL PASSAGE. THANK YOU!,['iran'],['strait'],1.0
dentro,114734934153569653,2025-06-23 22:02:38.349000+00:00,"CONGRATULATIONS TO EVERYONE! It has been fully agreed by and between Israel and Iran that there will be a Complete and Total CEASEFIRE (in approximately 6 hours from now, when Israel and Iran have wound down and completed their in progress, final missions!), for 12 hours, at which point the War will be considered, ENDED! Officially, Iran will start the CEASEFIRE and, upon the 12th Hour, Israel will start the CEASEFIRE and, upon the 24th Hour, an Official END to THE 12 DAY WAR will be saluted by the World. During each CEASEFIRE, the other side will remain PEACEFUL and RESPECTFUL. On the assumption that everything works as it should, which it will, I would like to congratulate both Countries, Israel and Iran, on having the Stamina, Courage, and Intelligence to end, what should be called, ""THE 12 DAY WAR."" This is a War that could have gone on for years, and destroyed the entire Middle East, but it didn't, and never will! God bless Israel, God bless Iran, God bless the Middle East, God bless the United States of America, and GOD BLESS THE WORLD! DONALD J. TRUMP, PRESIDENT OF THE UNITED STATES OF AMERICA",['iran'],['destroyed'],1.0
dentro,115579394833948106,2025-11-20 01:20:05.742000+00:00,"Jeffrey Epstein, who was charged by the Trump Justice Department in 2019 (Not the Democrats!), was a lifelong Democrat, donated Thousands of Dollars to Democrat Politicians, and was deeply associated with many well-known Democrat figures, such as Bill Clinton (who traveled on his plane 26 times), Larry Summers (who just resigned from many Boards, including Harvard), Sleazebag Political Activist Reid Hoffman, Minority Leader Hakeem Jeffries (who asked Epstein to donate to his Campaign AFTER Epstein was charged), Democrat Congresswoman Stacey Plaskett, and many more. Perhaps the truth about these Democrats, and their associations with Jeffrey Epstein, will soon be revealed, because I HAVE JUST SIGNED THE BILL TO RELEASE THE EPSTEIN FILES! As everyone knows, I asked Speaker of the House Mike Johnson, and Senate Majority Leader John Thune, to pass this Bill in the House and Senate, respectively. Because of this request, the votes were almost unanimous in favor of passage. At my direction, the Department of Justice has already turned over close to fifty thousand pages of documents to Congress. Do not forget — The Biden Administration did not turn over a SINGLE file or page related to Democrat Epstein, nor did they ever even speak about him. Democrats have used the ""Epstein"" issue, which affects them far more than the Republican Party, in order to try and distract from our AMAZING Victories, including THE GREAT BIG BEAUTIFUL TAX CUT BILL, Strong Borders, No Men in Women's Sports or Transgender for Everyone, ending DEI, stopping Biden's Record Setting Inflation, lowering Prices, Biggest Tax and Regulation Cuts in History, ending EIGHT Wars, rebuilding our Military, knocking out Iran's Nuclear capability, getting Trillions of Dollars INVESTED in the U.S.A., creating the ""HOTTEST"" Country anywhere in the World, and even delivering a HUGE DEFEAT to the Democrats on the recent Shutdown Disaster. For years our Great Nation has had to endure RUSSIA, RUSSIA, RUSSIA, UKRAINE, UKRAINE, UKRAINE, IMPEACHMENT HOAX #1 , IMPEACHMENT HOAX #2 , and many other Democrat created Witch Hunts and Scams, all of which have been so terrible and divisive for our Country, and have been done to confuse, deflect, and distract from the GREAT JOB that Republicans, and the Trump Administration, are doing. This latest Hoax will backfire on the Democrats just as all of the rest have! Thank you for your attention to this matter. MAKE AMERICA GREAT AGAIN!","['iran', 'russia', 'ukraine']","['military', 'nuclear']",0.0
dentro,114258406263396157,2025-03-31 18:15:19.790000+00:00,"The Iran-backed Houthi Terrorists have been decimated by the relentless strikes over the past two weeks. Many of their Fighters and Leaders are no longer with us. We hit them every day and night — Harder and harder. Their capabilities that threaten Shipping and the Region are rapidly being destroyed. Our attacks will continue until they are no longer a threat to Freedom of Navigation. The choice for the Houthis is clear: Stop shooting at U.S. ships, and we will stop shooting at you. Otherwise, we have only just begun, and the real pain is yet to come, for both the Houthis and their sponsors in Iran.","['houthi', 'houthis', 'iran']","['destroyed', 'shipping', 'strikes']",1.0
dentro,114336723764365914,2025-04-14 14:12:30.017000+00:00,"The War between Russia and Ukraine is Biden's war, not mine. I just got here, and for four years during my term, had no problem in preventing it from happening. President Putin, and everyone else, respected your President! I HAD NOTHING TO DO WITH THIS WAR, BUT AM WORKING DILIGENTLY TO GET THE DEATH AND DESTRUCTION TO STOP. If the 2020 Presidential Election was not RIGGED, and it was, in so many ways, that horrible War would never have happened. President Zelenskyy and Crooked Joe Biden did an absolutely horrible job in allowing this travesty to begin. There were so many ways of preventing it from ever starting. But that is the past. Now we have to get it to STOP, AND FAST. SO SAD!","['putin', 'russia', 'ukraine', 'zelenskyy']",['mine'],0.0
dentro,116445555373723862,2026-04-22 00:36:06.713000+00:00,"Iran doesn't want the Strait of Hormuz closed, they want it open so they can make $500 Million Dollars a day (which is, therefore, what they are losing if it is closed!). They only say they want it closed because I have it totally BLOCKADED (CLOSED!), so they merely want to ""save face."" People approached me four days ago, saying, ""Sir, Iran wants to open up the Strait, immediately."" But if we do that, there can never be a Deal with Iran, unless we blow up the rest of their Country, their leaders included! President DONALD J. TRUMP","['hormuz', 'iran']",['strait'],1.0
dentro,116420484827577347,2026-04-17 14:20:20.537000+00:00,"Iran, with the help of the U.S.A., has removed, or is removing, all sea mines! Thank you! President DJT",['iran'],['mines'],1.0
dentro,115460423936412555,2025-10-30 01:04:13.912000+00:00,"The United States has more Nuclear Weapons than any other country. This was accomplished, including a complete update and renovation of existing weapons, during my First Term in office. Because of the tremendous destructive power, I HATED to do it, but had no choice! Russia is second, and China is a distant third, but will be even within 5 years. Because of other countries testing programs, I have instructed the Department of War to start testing our Nuclear Weapons on an equal basis. That process will begin immediately. Thank you for your attention to this matter! PRESIDENT DONALD J. TRUMP",['russia'],['nuclear'],0
dentro,115476385101120405,2025-11-01 20:43:21.958000+00:00,"If the Nigerian Government continues to allow the killing of Christians, the U.S.A. will immediately stop all aid and assistance to Nigeria, and may very well go into that now disgraced country, ""guns-a-blazing,"" to completely wipe out the Islamic Terrorists who are committing these horrible atrocities. I am hereby instructing our Department of War to prepare for possible action. If we attack, it will be fast, vicious, and sweet, just like the terrorist thugs attack our CHERISHED Christians! WARNING: THE NIGERIAN GOVERNMENT BETTER MOVE FAST!",['nigeria'],['attack'],1.0
dentro,116563472755399975,2026-05-12 20:24:03.167000+00:00,"When the Fake News says that the Iranian enemy is doing well, Militarily, against us, it's virtual TREASON in that it is such a false, and even preposterous, statement. They are aiding and abetting the enemy! All it does is give Iran false hope when none should exist. These are American cowards that are rooting against our Country. Iran had 159 ships in their Navy — Every single ship is now resting at the bottom of the sea. They have no Navy, their Air Force is gone, all Technology is gone, their “leaders” are no longer with us, and the Country is an Economic Disaster. Only Losers, Ingrates, and Fools are able to make a case against America! President DONALD J. TRUMP","['iran', 'iranian']",['navy'],0.0
dentro,116253527175738987,2026-03-19 02:40:48.946000+00:00,Graham tears into European allies over Strait of Hormuz reluctance: thehill.com/homenews/senate/57,['hormuz'],['strait'],1.0
dentro,116658423998920803,2026-05-29 14:51:24.163000+00:00,"Iran must agree that they will never have a Nuclear Weapon or Bomb. The Hormuz Strait must be immediately open, no tolls, for unrestricted shipping traffic, in both directions. All water mines (bombs), if any, will be terminated (we have removed, through detonation, numerous such mines with our great underwater mine sweepers. Iran will complete the immediate removal and/or detonation of any mines that are left, which will not be many!). Ships caught in the Strait due to our amazing and unprecedented Naval Blockade, which will now be lifted, may start the process of “heading home!” Say HELLO to your wives, husbands, parents, and families from me, your favorite President! The enriched material, sometimes referred to as “Nuclear Dust,” which is buried deep underground with virtually collapsed mountains, caused by our powerful B2 Bomber attack 11 months ago, sitting on top of it, will be unearthed by the United States (which, it is agreed, is the only Country, along with China, with the mechanical capability of doing so!), in close coordination and conjunction with the Islamic Republic of Iran, plus the International Atomic Energy Agency, and DESTROYED. No money will be exchanged, until further notice. Other items, of far less importance, have been agreed to. I will be meeting now, in the Situation Room, to make a final determination. Thank you for your attention to this matter! President DONALD J. TRUMP","['hormuz', 'iran']","['attack', 'blockade', 'bomber', 'destroyed', 'mine', 'mines', 'naval', 'nuclear', 'shipping', 'strait']",1.0
dentro,116185492043628345,2026-03-07 02:18:35.216000+00:00,GREGG JARRETT: Democrat war powers vote was an unconstitutional way to halt Iran strikes: foxnews.com/opinion/gregg-jarr,['iran'],['strikes'],0.0
dentro,116351998782539414,2026-04-05 12:03:26.423000+00:00,"Tuesday will be Power Plant Day, and Bridge Day, all wrapped up in one, in Iran. There will be nothing like it!!! Open the Fuckin' Strait, you crazy bastards, or you'll be living in Hell - JUST WATCH! Praise be to Allah. President DONALD J. TRUMP",['iran'],['strait'],1.0
dentro,115972658725010644,2026-01-28 12:12:16.502000+00:00,"A massive Armada is heading to Iran. It is moving quickly, with great power, enthusiasm, and purpose. It is a larger fleet, headed by the great Aircraft Carrier Abraham Lincoln, than that sent to Venezuela. Like with Venezuela, it is, ready, willing, and able to rapidly fulfill its mission, with speed and violence, if necessary. Hopefully Iran will quickly ""Come to the Table"" and negotiate a fair and equitable deal - NO NUCLEAR WEAPONS - one that is good for all parties. Time is running out, it is truly of the essence! As I told Iran once before, MAKE A DEAL! They didn't, and there was ""Operation Midnight Hammer,"" a major destruction of Iran. The next attack will be far worse! Don't make that happen again. Thank you for your attention to this matter! President DONALD J. TRUMP","['iran', 'venezuela']","['attack', 'nuclear']",1.0
dentro,115373751811822463,2025-10-14 17:42:22.245000+00:00,"Under my Standing Authorities as Commander-in-Chief, this morning, the Secretary of War, ordered a lethal kinetic strike on a vessel affiliated with a Designated Terrorist Organization (DTO) conducting narcotrafficking in the USSOUTHCOM area of responsibility — just off the Coast of Venezuela. Intelligence confirmed the vessel was trafficking narcotics, was associated with illicit narcoterrorist networks, and was transiting along a known DTO route. The strike was conducted in International Waters, and six male narcoterrorists aboard the vessel were killed in the strike. No U.S. Forces were harmed. Thank you for your attention to this matter!!!!!! Video:",['venezuela'],"['strike', 'vessel']",0.0
dentro,116397847496142849,2026-04-13 14:23:22.272000+00:00,"Iran's Navy is laying at the bottom of the sea, completely obliterated - 158 ships. What we have not hit are their small number of, what they call, ""fast attack ships,"" because we did not consider them much of a threat. Warning: If any of these ships come anywhere close to our BLOCKADE, they will be immediately ELIMINATED, using the same system of kill that we use against the drug dealers on boats at Sea. It is quick and brutal. P.S. 98.2% of Drugs coming into the U.S. by Ocean or Sea have STOPPED! Thank you for your attention to this matter. President DJT",['iran'],"['attack', 'blockade', 'navy', 'obliterated']",1.0
dentro,114695407357588413,2025-06-16 22:30:27.306000+00:00,"Iran should have signed the ""deal"" I told them to sign. What a shame, and waste of human life. Simply stated, IRAN CAN NOT HAVE A NUCLEAR WEAPON. I said it over and over again! Everyone should immediately evacuate Tehran!","['iran', 'tehran']",['nuclear'],1.0
dentro,116389798405349626,2026-04-12 04:16:22.894000+00:00,The Trump card the president holds if Iran won't bend: a naval blockade: justthenews.com/government/sec,['iran'],"['blockade', 'naval']",1.0
dentro,116784032456610294,2026-06-20 19:15:17.123000+00:00,"There will be NO TOLLS in the Hormuz Strait for 60 days during the Cease Fire Period, and there will be NO TOLLS after the 60 day period has expired, unless they are imposed by and for the United States of America, should the deal not be completed, for services rendered as the Guardian Angel to the countries of the Middle East for purposes of both past, present, and future reimbursement of costs. Thank you for your attention to this matter!!! President DJT",['hormuz'],['strait'],1.0
dentro,114281864005346951,2025-04-04 21:40:56.526000+00:00,"These Houthis gathered for instructions on an attack. Oops, there will be no attack by these Houthis! They will never sink our ships again!",['houthis'],['attack'],1.0
dentro,116290528260288417,2026-03-25 15:30:40.690000+00:00,"The Radical Left, Country Hating Democrats are trying to create inner chaos to take away from the great military achievement we are having in Iran. They hate seeing us WIN so completely and decisively, but the American public sees what is going on. AMERICA FIRST! President DJT",['iran'],['military'],0.0
dentro,115815648382815071,2025-12-31 18:42:28.810000+00:00,Putin 'attack' bluster shows Russia is the one standing in the way of peace: nypost.com/2025/12/30/opinion/,"['putin', 'russia']",['attack'],1.0
dentro,116575104401917058,2026-05-14 21:42:08.007000+00:00,"When President Xi very elegantly referred to the United States as perhaps being a declining nation, he was referring to the tremendous damage we suffered during the four years of Sleepy Joe Biden and the Biden Administration, and on that score, he was 100% correct. Our Country suffered immeasurably with open borders, high taxes, transgender for everybody, men in women's sports, DEI, horrible trade deals, rampant crime, and so much more! President Xi was not referring to the incredible rise that the United States has displayed to the world during the 16 spectacular months of the Trump Administration, which includes all-time high stock markets and 401K's, military victory and thriving relationship in Venezuela, the military decimation of Iran (to be continued!) — Strongest military on earth by far, economic powerhouse again, with a record 18 trillion dollars being invested into the United States by others, best U.S. job market in history, with more people working in the United States right now than ever before, ending country destroying DEI, and so many other things that it would be impossible to readily list. In fact, President Xi congratulated me on so many tremendous successes in such a short period of time. Two years ago, we were, in fact, a Nation in decline. On that, I fully agree with President Xi! But now, the United States is the hottest Nation anywhere in the world, and hopefully our relationship with China will be stronger and better than ever before!","['iran', 'venezuela']",['military'],0.0
confine,115233555445134712,2025-09-19 23:28:35.459000+00:00,"On my Orders, the Secretary of War ordered a lethal kinetic strike on a vessel affiliated with a Designated Terrorist Organization conducting narcotrafficking in the USSOUTHCOM area of responsibility. Intelligence confirmed the vessel was trafficking illicit narcotics, and was transiting along a known narcotrafficking passage enroute to poison Americans. The strike killed 3 male narcoterrorists aboard the vessel, which was in international waters. No U.S. Forces were harmed in this strike. STOP SELLING FENTANYL, NARCOTICS, AND ILLEGAL DRUGS IN AMERICA, AND COMMITTING VIOLENCE AND TERRORISM AGAINST AMERICANS!!! Video --",[],"['strike', 'vessel']",0
confine,116386222716690641,2026-04-11 13:07:02.215000+00:00,"I am watching fertilizer prices CLOSELY during our FIGHT FOR FREEDOM in Iran. The United States will not accept PRICE GOUGING from the fertilizer monopoly! American Farmers, we have your back! President DONALD J. TRUMP",['iran'],[],0
confine,115321994845181490,2025-10-05 14:19:53.609000+00:00,"It will be a big day with the Navy. Leaving now. The United States has the greatest military, by far, in the World. This will be a show of Naval aptitude and strength. ENJOY WATCHING! It will be broadcast everywhere. President DJT",[],"['military', 'naval', 'navy']",0
confine,114643062948888802,2025-06-07 16:38:35.016000+00:00,"""The committee is looking closely at FBI Special Agent Walter Giardina, who played key roles in investigating and prosecuting Peter Navarro, Arctic Frost, Crossfire Hurricane, the Mueller investigation, and the investigations of Dan Scavino, Roger Stone, and Hillary Clinton. Based on whistleblower disclosures to Grassley's office, the committee will investigate numerous incidents…"" thefederalist.com/2025/06/06/s thefederalist.com Judiciary Expands Probe Of Hidden, Or Destroyed FBI Docs The existence of hidden records and whistleblower disclosures has the Judiciary Committee seeking more documents.",[],['destroyed'],0
confine,114198370343993836,2025-03-21 03:47:24.360000+00:00,"Egg prices are WAY DOWN from the Biden inspired prices if just a few weeks ago. ""Groceries"" and Gasoline are down, also. Now, if the Fed would do the right thing and lower interest rates, that would be great!!!",['gasoline'],[],0
confine,115396632441470075,2025-10-18 18:41:12.947000+00:00,"It was my great honor to destroy a very large DRUG-CARRYING SUBMARINE that was navigating towards the United States on a well known narcotrafficking transit route. U.S. Intelligence confirmed this vessel was loaded up with mostly Fentanyl, and other illegal narcotics. There were four known narcoterrorists on board the vessel. Two of the terrorists were killed. At least 25,000 Americans would die if I allowed this submarine to come ashore. The two surviving terrorists are being returned to their Countries of origin, Ecuador and Colombia, for detention and prosecution. No U.S. Forces were harmed in this strike. Under my watch, the United States of America will not tolerate narcoterrorists trafficking illegal drugs, by land or by sea. Thank you for your attention to this matter! DONALD J. TRUMP PRESIDENT OF THE UNITED STATES OF AMERICA Video:",[],"['destroy', 'strike', 'vessel']",0
confine,114675518227311570,2025-06-13 10:12:23.263000+00:00,"The Appeals Court ruled last night that I can use the National Guard to keep our cities, in this case Los Angeles, safe. If I didn't send the Military into Los Angeles, that city would be burning to the ground right now. We saved L.A. Thank you for the Decision!!!",[],['military'],0
confine,116009525888634030,2026-02-04 00:28:04.775000+00:00,Jeb Bush heaps praise on Trump's 'unprecedented support' for Iranians 10 years after heated primary: foxnews.com/politics/jeb-bush-,['iranians'],[],0.0
confine,115861588073149023,2026-01-08 21:25:32.854000+00:00,"Biden ignored the Housing Market, and instead was immersed with High Crime, Open Borders, runaway INFLATION, the Afghanistan Disaster, and a Military that he left in Chaos and Confusion. Everything was broken, but I, as President of the United States, have already fixed it! Now, I am giving special attention to the Housing Market. Because I chose not to sell Fannie Mae and Freddie Mac in my First Term, a truly great decision, and against the advice of the ""experts,"" it is now worth many times that amount — AN ABSOLUTE FORTUNE — and has $200 BILLION DOLLARS IN CASH. Because of this, I am instructing my Representatives to BUY $200 BILLION DOLLARS IN MORTGAGE BONDS. This will drive Mortgage Rates DOWN, monthly payments DOWN, and make the cost of owning a home more affordable. It is one of my many steps in restoring Affordability, something that the Biden Administration absolutely destroyed. We are bringing back the AMERICAN DREAM that was destroyed by the last Administration. MAKE AMERICA GREAT AGAIN!",[],"['destroyed', 'military']",0
confine,114744949125614209,2025-06-25 16:29:34.695000+00:00,"We just caught the Failing New York Times, working with Fake News CNN, cheating again! They tried to demean the great work our B-2 pilots did, and they were wrong in doing so. These reporters are just BAD AND SICK PEOPLE. You would think they would be proud of the great success we had, instead of trying to always make our Country look bad. TOTAL OBLITERATION!",[],['obliteration'],0
confine,115169689479915977,2025-09-08 16:46:38.167000+00:00,"""FEDS STOP 1,300 BARRELS OF METH CHEMICALS"" Video --",['barrels'],[],0
confine,116507513607934090,2026-05-02 23:12:54.339000+00:00,"I hate seeing Fox, and other Conservative Outlets, constantly making Low Rated Bill Maher ""relevant"" as it pertains to the Republican Party, and beyond. Bill Maher is a weak and ineffective person who I got to know very well during my dinner with him at the White House. He was nervous, scared, and the first words he uttered as he entered the Oval Office were, ""Can I have a drink?"" It was very endearing but, at the same time, absolutely pathetic. He was much different from what people think but, last night, I happened to watch Gavin Newscum, an admittedly Low IQ person, who said he can't read a speech, is dumb, and essentially, incompetent, and he took Bill Maher ""over the coals."" Bill Maher was defenseless, and totally deficient. Either he didn't have the knowledge, or he choked, because Gavin went on and on about how good California is doing, while it's doing very poorly, having, by far, the worst year it's ever had where, for the first time in History, more people are leaving than coming. Bill Maher started by saying that California was doing poorly, only to have Newscum speak for an extended period of time, and lie about the facts. All you have to do is look at what's happened to Los Angeles, San Francisco, the horrendous homeless problem all over every street, the Railway catastrophe that is Billions of Dollars over budget, and has never been built, the inability to rebuild the 25,000 homes that were destroyed by the fire because he refused to allow water into the street from the Southwest (If it weren't for our Superstar EPA Administrator Lee Zeldin, and me, they wouldn't have any homes being built right now!). Fox should stop putting this person on. He's not representing us. You look weak, stupid, and ineffective, and I hate seeing that. DON'T USE BILL MAHER ANY LONGER AS A REPRESENTATIVE OF YOU! I hate hearing that ""Bill Maher said…"" — Bill Maher is a MORON, though slightly more talented than Jimmy Kimmel. President DONALD J. TRUMP",[],['destroyed'],0
confine,116396009153482976,2026-04-13 06:35:51.389000+00:00,"Impeachment Bombshell: Secret memos expose Ukraine accuser's bias, hearsay, and false claim: justthenews.com/accountability justthenews.com Impeachment Bombshell: Secret memos expose Ukraine accuser's bias, hearsay, and false claim The new memos declassified by Tulsi Gabbard were not available to the public during the 2019 impeachment trial. Apr 12, 2026 11:35 PM",['ukraine'],[],0
confine,116256217083523012,2026-03-19 14:04:53.681000+00:00,Khamenei's Unforced Errors Proved Fatal: wsj.com/opinion/khameneis-unfo,['khamenei'],[],0
confine,115919803174585205,2026-01-19 04:10:24.807000+00:00,"NATO has been telling Denmark, for 20 years, that ""you have to get the Russian threat away from Greenland."" Unfortunately, Denmark has been unable to do anything about it. Now it is time, and it will be done!!! President Donald J. Trump",['russian'],[],0
confine,115855387946005468,2026-01-07 19:08:46.422000+00:00,"All United State Defense Contractors, and the Defense Industry as a whole, BEWARE: While we make the best Military Equipment in the World (No other Country is even close!), Defense Contractors are currently issuing massive Dividends to their Shareholders and massive Stock Buybacks, at the expense and detriment of investing in Plants and Equipment. This situation will no longer be allowed or tolerated! Also, Executive Pay Packages in the Defense Industry are exorbitant and unjustifiable given how slowly these Companies are delivering vital Equipment to our Military, and our Allies. Salaries, Stock Options, and every other form of Compensation are far too high for these Executives. Defense Companies are not producing our Great Military Equipment rapidly enough and, once produced, not maintaining it properly or quickly. From this moment forward, these Executives must build NEW and MODERN Production Plants, both for delivering and maintaining this important Equipment, and for building the latest Models of future Military Equipment. Until they do so, no Executive should be allowed to make in excess of $5 Million Dollars which, as high as it sounds, is a mere fraction of what they are making now. Additionally, the maintenance and repair of Equipment, once sold, is far too slow, and must be immediately enhanced. As President, I am demanding that maintenance be ""spot on, on time."" Therefore, I will not permit Dividends or Stock Buybacks for Defense Companies until such time as these problems are rectified — Likewise, for Salaries and Executive Compensation. MILITARY EQUIPMENT IS NOT BEING MADE FAST ENOUGH! It must be built now with the Dividends, Stock Buybacks, and Over Compensation of Executives, rather than borrowing from Financial Institutions, or getting the money from your Government. Longer term, this is good for both Executives and Shareholders, because it will be GREAT for our Country! Thank you for your attention to this matter. MAKE AMERICA GREAT AGAIN! DONALD J. TRUMP PRESIDENT OF THE UNITED STATES OF AMERICA",[],['military'],0
confine,114756635237936002,2025-06-27 18:01:30.617000+00:00,"The Great Republicans in the U.S. Senate are working all weekend to finish our ""ONE, BIG, BEAUTIFUL BILL."" We are on the precipice of delivering Massive General Tax Cuts, NO TAX ON TIPS, NO TAX ON OVERTIME, NO TAX ON SOCIAL SECURITY FOR OUR SENIORS, Permanently Securing our Borders, an even Bigger and More Powerful Military (I rebuilt it during my First Term, and it is already the Best, but we will make it BETTER!), unleashing our American Economy, dominating the Energy Market, creating Jobs, and getting money back to American Families. The House of Representatives must be ready to send it to my desk before July 4th — We can get it done. It will be a wonderful Celebration for our Country, which is right now, ""The Hottest Country anywhere in the World"" — And to think, just last year, we were a laughingstock. Thank you for your attention to this matter!",[],['military'],0
confine,115633041089714842,2025-11-29 12:43:02.643000+00:00,"To all Airlines, Pilots, Drug Dealers, and Human Traffickers, please consider THE AIRSPACE ABOVE AND SURROUNDING VENEZUELA TO BE CLOSED IN ITS ENTIRETY. Thank you for your attention to this matter! PRESIDENT DONALD J. TRUMP",['venezuela'],[],0
confine,115180060678818221,2025-09-10 12:44:10.104000+00:00,"The ANIMAL who so violently killed the beautiful young lady from Ukraine, who came to America searching for peace and safety, should be given a ""Quick"" (there is no doubt!) Trial, and only awarded THE DEATH PENALTY. There can be no other option!!! PRESIDENT DONALD J. TRUMP",['ukraine'],[],0
confine,116634703608757444,2026-05-25 10:18:59.733000+00:00,"Happy Memorial Day to all, including the Dumocrats, who disrespect our Military and all of the tremendous success that it has had over the last year. God Bless those that have made the ultimate sacrifice. I love you all! President DONALD J. TRUMP",[],['military'],0
confine,114902777792812157,2025-07-23 13:27:29.035000+00:00,"I will always give up Tariff points if I can get major countries to OPEN THEIR MARKETS TO THE USA. Another great power of Tariffs. Without them, it would be impossible to get countries to OPEN UP!!! ALWAYS, ZERO TARIFFS TO AMERICA!!!",[],['tariff'],0
confine,115673677994343056,2025-12-06 16:57:32.599000+00:00,"Greg Gutfeld: ""It took Trump no time to get the DC pipe bomber."" foxnews.com/video/638608751811",[],['bomber'],0
confine,116099119307195442,2026-02-19 20:12:51.850000+00:00,"We are going to have the Save America Act, one way or the other, after approval by Congress through the very proper use of the Filibuster or, at minimum, by a Talking Filibuster, à la ""Mr. Smith Goes to Washington."" SAVE AMERICA ACT! 1. ALL VOTERS MUST SHOW VOTER I.D. (IDENTIFICATION!). 2. ALL VOTERS MUST SHOW PROOF OF CITIZENSHIP IN ORDER TO VOTE. 3. NO MAIL-IN BALLOTS (EXCEPT FOR ILLNESS, DISABILITY, MILITARY, OR TRAVEL!).",[],['military'],0
confine,115272758814629814,2025-09-26 21:38:31.404000+00:00,"Corrupt and Totally Trump Deranged Lisa Monaco (A purported pawn of Legal Lightweight Andrew Weissmann), was a senior National Security aide under Barack Hussein Obama, and a Lawfare and Weaponization obsessed Deputy Attorney General under Crooked Joe Biden and Lisa's Puppet ""Boss"" Attorney General Merrick Garland, who were all the architects of the worst ever Deep State Conspiracies against our Country (RUSSIA, RUSSIA, RUSSIA, the January 6th Hoax, the Illegal Raid on Mar-a-Lago, the Biden ""Autopen"" Scandal, the Documents Witch Hunt, and more!). Monaco has been shockingly hired as the President of Global Affairs for Microsoft, in a very senior role with access to Highly Sensitive Information. Monaco's having that kind of access is unacceptable, and cannot be allowed to stand. She is a menace to U.S. National Security, especially given the major contracts that Microsoft has with the United States Government. Because of Monaco's many wrongful acts, the U.S. Government recently stripped her of all Security Clearances, took away all of her access to National Security Intelligence, and banned her from all Federal Properties. It is my opinion that Microsoft should immediately terminate the employment of Lisa Monaco. Thank you for your attention to this matter! President DJT",['russia'],[],0.0
confine,116236561191626050,2026-03-16 02:46:08.573000+00:00,"The Courts treat Republicans, and me, so unfairly, always seeming to protect those who should not be protected. They are highly politicized. Cases don't matter, the Judge does! As an example, how is this absolutely terrible Federal Reserve Chairman, Jerome ""Too Late"" Powell, not even allowed to be investigated for the horrible job he does? How is he allowed to be Billions of Dollars over budget, and years behind schedule, on the simple renovation of the small Federal Reserve Complex in Washington, D.C., where he created an absolute disaster — A money pit, and embarrassment to our Country for the whole World to see! It is a little project that has been under construction for many years. The Contractor on the job, along with Powell, should also be heavily investigated, in that it is impossible for a ""professional"" to have such enormous Cost Overruns. It is THE HIGHEST PRICED BUILDING, PER SQUARE FOOT, OF ANY PROJECT EVER BUILT, with no end in sight, and may not even be open for many years to come. I strongly criticized Jerome ""Too Late"" for his horrible performance throughout his tenure, which is either gross incompetence, total dishonesty, or both, and, in return for this well justified criticism, get viciously and wrongfully blamed by, as usual, a Wacky, Nasty, Crooked, and totally Out of Control Judge, named James Boasberg, a man who suffers from the highest level of Trump Derangement Syndrome (TDS), and has been ""after"" my people, and me, for years. The D.C. Circuit eagerly supported the arrest and persecution of innocent Republicans for no crimes at all, but is now preventing even a basic investigation into the gross financial mismanagement of the Federal Reserve. In case after case, Boasberg has displayed open, flagrant, and extreme partisan bias and contempt against Republicans and the Trump Administration. To preserve the integrity of the Judiciary, he should be removed from all cases pertaining to us, and suffer serious disciplinary action, as should numerous other Corrupt Judges that, unfortunately, our Country has had to endure! What Boasberg has done on the ""Too Late"" Powell case, and many others, has little to do with the Law, and everything to do with Politics. He is exactly what Judges should not be! Boasberg would do better to focus on Justice and Fairness, not his own, and the Democrats', Political Agenda, which has become LEGENDARY! Much like ""prosecutor"" Deranged Jack Smith, and many others, Boasberg is a disgrace, as was his predecessor, to our Legal Process, and our Highly Politicized Court System, which was just witnessed firsthand by the unfortunate and unwarranted TARIFF decision, recently handed down by the United States Supreme Court, which was a GIFT to Countries and Companies who have been ""ripping off the United States of America,"" for decades, at levels never seen before.",[],['tariff'],0
confine,114477628854583525,2025-05-09 11:26:31.067000+00:00,80% Tariff on China seems right! Up to Scott B.,[],['tariff'],0
confine,114264667777137553,2025-04-01 20:47:42.907000+00:00,"Today, President Donald J. Trump and Willkie Farr & Gallagher LLP (""Willkie"") announce the following agreement regarding a series of actions to be taken by Willkie: 1. Willkie will provide a total of at least $100 Million Dollars in pro bono Legal Services, during the Trump Administration, and beyond, to causes that President Trump and Willkie both support, in relation to the following areas: Assisting Veterans and other Public Servants including, among others, members of the Military, Gold Star families, Law Enforcement, and First Responders; Ensuring fairness in our Justice System; and Combatting Antisemitism. Willkie's pro bono Committee will ensure that new pro bono matters are consistent with these objectives, and that pro bono activities represent the full political spectrum, including Conservative ideals. 2. Willkie affirms its commitment to Merit-Based Hiring, Promotion, and Retention. Accordingly, the Firm will not engage in illegal DEI discrimination and preferences. Willkie affirms that it is Willkie's policy to give Fair and Equal consideration to Job Candidates, irrespective of their political beliefs, including Candidates who have served in the Trump Administration, and any other Republican or Democrat Administration. Willkie will engage independent outside counsel to advise the Firm in confirming that employment practices are fully compliant with Law, including, but not limited to, anti-discrimination Laws. 3. Willkie affirms that it will not deny representation to clients, such as members of politically disenfranchised groups and Government Officials, employees, and advisors, who have not historically received Legal representation from major National Law Firms, including in pro bono matters and in support of non-profits, because of the personal political views of individual lawyers. Statement from the White House: ""Willkie Farr & Gallagher LLP proactively reached out to President Trump and his Administration, offering their decisive commitment to ending the Weaponization of the Justice System and the Legal Profession. The President is delivering on his promises of eradicating Partisan Lawfare in America, and restoring Liberty and Justice FOR ALL."" Statement from Thomas M. Cerabino, Chairman of Willkie Farr & Gallagher LLP: ""We reached an agreement with President Trump and his Administration on matters of great importance to our Firm. The substance of that agreement is consistent with our Firm's views on access to Legal representation by clients, including pro bono clients, our commitment to complying with the Law as it relates to our employment practices, and our history of working with clients across a wide spectrum of political viewpoints. The Firm looks forward to having a constructive relationship with the Trump Administration, and remains committed to serving the needs of our clients, our employees, and the communities of which we are a part.""",[],['military'],0
confine,116753666622772186,2026-06-15 10:32:51.270000+00:00,"Wednesday, June 24th, will be the “kick off” of our summer long Celebration of 250 Years of American Independence! Come and enjoy a night filled with beautiful music from our talented U.S. Army and Marine Corps Military Bands (ONLY THE HITS THAT YOU KNOW AND LOVE!), the highly gifted Christopher Macchio, and our friend, Lee Greenwood, performing the Greatest Hit of All Time, GOD BLESS THE U.S.A. You will also bear witness to impressive Military flyovers featuring precision Fighter Jets and Stealth Bombers, which will be flown by our U.S. Military Pilots, who have proven to be the most Elite Pilots anywhere in the World. This Patriotic Tribute will take place on the Main Stage at the Freedom 250 Great American State Fair located on our Majestic National Mall, in what is now one of the safest Cities in the World, Washington D.C., which we are beautifying to levels never seen before. See you at 7 P.M. EST on Wednesday, June 24th. We are going to have fun, and celebrate America! President DONALD J. TRUMP",[],"['bombers', 'military']",0
confine,114096104536926329,2025-03-03 02:19:51.981000+00:00,"We should spend less time worrying about Putin, and more time worrying about migrant rape gangs, drug lords, murderers, and people from mental institutions entering our Country - So that we don't end up like Europe!",['putin'],[],0.0
confine,114072703621092444,2025-02-26 23:08:42.343000+00:00,"Wayne Gretzky is a fantastic guy! They call him, ""The Great One,"" and he is. He could run for any political office in Canada, and win. Wayne is my friend, and he wants to make me happy, and is therefore somewhat ""low key"" about Canada remaining a separate Country, rather than becoming a cherished and beautiful 51st State, paying much Lower Taxes, a Free and Powerful Military, NO TARIFFS, and having a Booming Economy. Wayne and Janet, his wonderful wife, love Canada, and they should only support Canada, and whatever else makes the Canadian People, and Governor Justin Trudeau, happy. He's the Greatest Canadian of them all, and I am therefore making him a ""free agent,"" because I don't want anyone in Canada to say anything bad about him. He supports Canada the way it is, as he should, even though it's not nearly as good as it could be as part of the Greatest and Most Powerful Country in the World, the Good Ole' U.S.A.!",[],['military'],0.0
confine,114116271026986660,2025-03-06 15:48:28.199000+00:00,"Believe it or not, despite the terrible job he's done for Canada, I think that Justin Trudeau is using the Tariff problem, which he has largely caused, in order to run again for Prime Minister. So much fun to watch!",[],['tariff'],0
confine,116147572522796874,2026-02-28 09:35:09.246000+00:00,"Iran tried to interfere in 2020, 2024 elections to stop Trump, and now faces renewed war with United States: justthenews.com/government/sec",['iran'],[],0.0
confine,115176193823019593,2025-09-09 20:20:46.567000+00:00,"This morning, the Trump Administration was notified by the United States Military that Israel was attacking Hamas which, very unfortunately, was located in a section of Doha, the Capital of Qatar. This was a decision made by Prime Minister Netanyahu, it was not a decision made by me. Unilaterally bombing inside Qatar, a Sovereign Nation and close Ally of the United States, that is working very hard and bravely taking risks with us to broker Peace, does not advance Israel or America's goals. However, eliminating Hamas, who have profited off the misery of those living in Gaza, is a worthy goal. I immediately directed Special Envoy Steve Witkoff to inform the Qataris of the impending attack, which he did, however, unfortunately, too late to stop the attack. I view Qatar as a strong Ally and friend of the U.S., and feel very badly about the location of the attack. I want ALL of the Hostages, and bodies of the dead, released, and this War to END, NOW! I also spoke to Prime Minister Netanyahu after the attack. The Prime Minister told me that he wants to make Peace. I believe this unfortunate incident could serve as an opportunity for PEACE. I also spoke to the Emir and Prime Minister of Qatar, and thanked them for their support and friendship to our Country. I assured them that such a thing will not happen again on their soil. I have directed Secretary of State, Marco Rubio, to finalize the Defense Cooperation Agreement with Qatar. Thank you for your attention to this matter!",[],"['attack', 'military']",1
confine,116868114461226198,2026-07-05 15:38:26.695000+00:00,The Iranian Agreement and The Trump Economic Boom: gingrich360.net/p/the-iranian-,['iranian'],[],0
confine,116243698779273101,2026-03-17 09:01:19.517000+00:00,The US-Israeli strategy against Iran is working. Here is why: aljazeera.com/opinions/2026/3/,['iran'],[],1
confine,113765824090252651,2025-01-03 18:25:12.314000+00:00,"Biden gave Liz Cheney a Medal yesterday, even though she has proven to be totally corrupt. She, ""Bennie"" Thompson, and the rest of the Unselect Committee, destroyed and deleted all evidence from their crooked investigation of January 6th. Cheney has the distinction of losing her Congressional seat by the largest margin in History! The people of Wyoming understood how bad for our Country she was, but Biden rewarded her only because she hated ""TRUMP."" She's a Warmonger of low intelligence. All she wants to do is kill people in ""Endless Wars,"" with no gain other than to defense companies. Liz Cheney, Cryin' Adam Kinzinger, Bennie Thompson, and the rest of these dishonest Thugs have gotten away with horrible things under the pretense of January 6th. Nancy Pelosi refused to accept the help which was offered for security. She is responsible, and admitted as much, for all to see, on her daughter's tape. They have destroyed the lives of many people, and are rewarded by getting Biden Fake Medals. This is not America. January 20th cannot come fast enough. MAKE AMERICA GREAT AGAIN!",[],['destroyed'],0
confine,114637837347707659,2025-06-06 18:29:38.669000+00:00,"Just inspected the site of the new Ballroom that will be built, compliments of a man known as Donald J. Trump, at the White House. For 150 years, Presidents, and many others, have wanted a beautiful Ballroom, but it never got built because nobody previously had any knowledge or experience in doing such things — But I do, like maybe nobody else, and it will go up quickly, and be a wonderful addition, very much in keeping with the magnificent White House itself. These are the ""fun"" projects I do while thinking about the World Economy, the United States, China, Russia, and lots of other Countries, places, and events. It will all be good, maybe even GREAT, depending on who is the President of the U.S.A.!",['russia'],[],0
confine,114124499360504090,2025-03-08 02:41:02.605000+00:00,"Our GREAT United States Naval Academy needs a new Board of Visitors. I am pleased to announce that an incredible group of Patriots will serve on the Board— Walt Nauta, Sean Spicer, ""Doc Ronnie"" Jackson, and Derek Van Orden. Together they will ensure continued Greatness for the Academy!",[],['naval'],0
confine,114382248962521077,2025-04-22 15:10:09.413000+00:00,"I've just spoken to Prime Minister of Israel, Bibi Netanyahu, relative to numerous subjects including Trade, Iran, etc. The call went very well—We are on the same side of every issue.",['iran'],[],1
confine,116273083861419785,2026-03-22 13:34:20.287000+00:00,THE LIES OF ROBERT MUELLER AND HIS CRIMINAL GANG: stonezone.com/russian-collusio,['russian'],[],0
confine,116182551337254643,2026-03-06 13:50:43.598000+00:00,"There will be no deal with Iran except UNCONDITIONAL SURRENDER! After that, and the selection of a GREAT & ACCEPTABLE Leader(s), we, and many of our wonderful and very brave allies and partners, will work tirelessly to bring Iran back from the brink of destruction, making it economically bigger, better, and stronger than ever before. IRAN WILL HAVE A GREAT FUTURE. ""MAKE IRAN GREAT AGAIN (MIGA!)."" Thank you for your attention to this matter! President DONALD J. TRUMP",['iran'],[],1
confine,115940718914667214,2026-01-22 20:49:33.673000+00:00,"Based on his testimony today, there is no question that Deranged Jack Smith should be prosecuted for his actions. He destroyed the lives of many innocent people, which has been his history as a prosecutor. At a minimum, he committed large scale perjury!",[],['destroyed'],0
confine,115902023696178994,2026-01-16 00:48:51.496000+00:00,"It was my Great Honor to meet María Corina Machado, of Venezuela, today. She is a wonderful woman who has been through so much. María presented me with her Nobel Peace Prize for the work I have done. Such a wonderful gesture of mutual respect. Thank you María!",['venezuela'],[],0
confine,114654277401980803,2025-06-09 16:10:33.990000+00:00,"We made a great decision in sending the National Guard to deal with the violent, instigated riots in California. If we had not done so, Los Angeles would have been completely obliterated. The very incompetent ""Governor,"" Gavin Newscum, and ""Mayor,"" Karen Bass, should be saying, ""THANK YOU, PRESIDENT TRUMP, YOU ARE SO WONDERFUL. WE WOULD BE NOTHING WITHOUT YOU, SIR."" Instead, they choose to lie to the People of California and America by saying that we weren't needed, and that these are ""peaceful protests."" Just one look at the pictures and videos of the Violence and Destruction tells you all you have to know. We will always do what is needed to keep our Citizens SAFE, so we can, together, MAKE AMERICA GREAT AGAIN!",[],['obliterated'],0
confine,115563298458806964,2025-11-17 05:06:34.549000+00:00,"It's a Democrat Hoax for purposes of deflection, just like the Russia, Russia, Russia Scam!!! They had the sleazy relationships with Epstein, and should be prosecuted!!!",['russia'],[],0
confine,116109447886304328,2026-02-21 15:59:33.460000+00:00,"Based on a thorough, detailed, and complete review of the ridiculous, poorly written, and extraordinarily anti-American decision on Tariffs issued yesterday, after MANY months of contemplation, by the United States Supreme Court, please let this statement serve to represent that I, as President of the United States of America, will be, effective immediately, raising the 10% Worldwide Tariff on Countries, many of which have been ""ripping"" the U.S. off for decades, without retribution (until I came along!), to the fully allowed, and legally tested, 15% level. During the next short number of months, the Trump Administration will determine and issue the new and legally permissible Tariffs, which will continue our extraordinarily successful process of Making America Great Again - GREATER THAN EVER BEFORE!!! Thank you for your attention to this matter. President DONALD J. TRUMP",[],['tariff'],0
confine,115124163211780188,2025-08-31 15:48:42.445000+00:00,"I hope that Major League Baseball is getting ready to put Roger Clemens in the Hall of Fame, a place where he has belonged for many years! 354 Wins, second in Total Strike Outs, Low Earned Run Average, played in 6 World Series, 7 Cy Young Awards (A Record, by 3!), and was, during much of his career, unhittable. Never took drugs, there is no proof that he took drugs, has steadfastly refused that he took drugs. Frankly, I think he has a major lawsuit against Baseball. If it were me, I'd sue them. PUT ROGER CLEMENS IN THE HALL OF FAME, NOW — NOT LIKE YOU DID WITH PETE ROSE, WHEN YOU WAITED UNTIL HE WAS DEAD! That wasn't the deal I made with the Commissioner, Rob Manfred, many months before he died. The deal was that he was going to be put up, immediately, but they waited and waited and waited, and then, put him up because of ""death."" It shouldn't have been because of death, it should have been because of TALENT! This is not going to happen with Roger Clemens.",[],['strike'],0
confine,116007267813302908,2026-02-03 14:53:49.280000+00:00,"NEW: Trump confirms talks with Cuba, hopeful he will strike deal: foxnews.com/video/638867104011",[],['strike'],0
confine,116772448531484273,2026-06-18 18:09:20.453000+00:00,"The United States is committed to PEACE, and we encourage everyone in the Middle East Region to maintain their commitment to allowing our negotiations to beautifully unfold. The Markets are loving what is happening with Oil Prices way down, and Stocks way up. We expect a complete Ceasefire on all fronts, including Lebanon, Hezbollah, and Israel. Thank you for your attention to this matter! President DONALD J. TRUMP",['oil'],[],1.0
confine,116552089783940030,2026-05-10 20:09:12.806000+00:00,"Exclusive — Kurdish Leader: Trump Is ‘Master of the Deal,' Can Land Major Deal to End Iran War and Create Worldwide Economic Boom: breitbart.com/politics/2026/05",['iran'],[],1.0
