episode_id,start,n_post,joined_text,novelty,direction,intensity,specificity,notes
1,2024-12-08 07:00:42.261000+00:00,1,"Assad is gone. He has fled his country. His protector, Russia, Russia, Russia, led by Vladimir Putin, was not interested in protecting him any longer. There was no reason for Russia to be there in the first place. They lost all interest in Syria because of Ukraine, where close to 600,000 Russian soldiers lay wounded or dead, in a war that should never have started, and could go on forever. Russia and Iran are in a weakened state right now, one because of Ukraine and a bad economy, the other because of Israel and its fighting success. Likewise, Zelenskyy and Ukraine would like to make a deal and stop the madness. They have ridiculously lost 400,000 soldiers, and many more civilians. There should be an immediate ceasefire and negotiations should begin. Too many lives are being so needlessly wasted, too many families destroyed, and if it keeps going, it can turn into something much bigger, and far worse. I know Vladimir well. This is his time to act. China can help. The World is waiting!",1.0,+1,1,0,
2,2025-01-03 21:16:19.532000+00:00,1,"I am pleased to announce Morgan Ortagus as Deputy Special Presidential Envoy for Middle East Peace, to the Honorable Steven Witkoff. Early on Morgan fought me for three years, but hopefully has learned her lesson. These things usually don’t work out, but she has strong Republican support, and I’m not doing this for me, I’m doing it for them. Let’s see what happens. She will hopefully be an asset to Steve, a great leader and talent, as we seek to bring calm and prosperity to a very troubled region. I expect great results, and soon! Morgan Ortagus has had experience in Diplomacy and National Security, and is an active U.S. Navy Reserve Intelligence Officer. From 2019-2021, Morgan served as Spokesperson at the Department of State (Pompeo!), where she was a member of my Historic Abraham Accords team that brought unprecedented Peace to the Middle East. Earlier, she worked at the Department of the Treasury as a financial intelligence analyst and, from 2010-2011, was the Deputy U.S. Treasury Attaché to the Kingdom of Saudi Arabia. Good luck Morgan!",0.710016667842865,+1,1,0,
3,2025-01-03 23:27:33.461000+00:00,1,"I am pleased to announce the nomination of Roman Pipko to serve as the next United States Ambassador to the Republic of Estonia. Roman was born and raised in Estonia. He has extensive experience in dealing with Foreign Governments, having represented U.S. interests in the European Bank for Reconstruction and Development, and the Russian American Enterprise Fund. Roman has represented American companies, negotiating projects in Mongolia, Africa, Russia, Western Europe, and his native Estonia, in cooperation with U.S. Government Agencies, and has worked with Foreign Governments on the enforcement of U.S. sanctions. Roman is a graduate of Columbia University and Yale Law School. As a legal immigrant, he has lived the promise of America, and I trust that he will advance American interests in his new role. Congratulations Roman!",0.5599404573440552,0,1,0,
4,2025-01-22 15:46:08.861000+00:00,1,"I'm not looking to hurt Russia. I love the Russian people, and always had a very good relationship with President Putin - and this despite the Radical Left's Russia, Russia, Russia HOAX. We must never forget that Russia helped us win the Second World War, losing almost 60,000,000 lives in the process. All of that being said, I'm going to do Russia, whose Economy is failing, and President Putin, a very big FAVOR. Settle now, and STOP this ridiculous War! IT'S ONLY GOING TO GET WORSE. If we don't make a ""deal,"" and soon, I have no other choice but to put high levels of Taxes, Tariffs, and Sanctions on anything being sold by Russia to the United States, and various other participating countries. Let's get this war, which never would have started if I were President, over with! We can do it the easy way, or the hard way - and the easy way is always better. It's time to ""MAKE A DEAL."" NO MORE LIVES SHOULD BE LOST!!!",0.761646032333374,-1,2,1,
5,2025-02-05 11:17:05.718000+00:00,1,"I want Iran to be a great and successful Country, but one that cannot have a Nuclear Weapon. Reports that the United States, working in conjunction with Israel, is going to blow Iran into smithereens,"" ARE GREATLY EXAGGERATED. I would much prefer a Verified Nuclear Peace Agreement, which will let Iran peacefully grow and prosper. We should start working on it immediately, and have a big Middle East Celebration when it is signed and completed. God Bless the Middle East!",0.6765754222869873,+1,2,1,
6,2025-02-24 17:00:18.858000+00:00,1,"Today, President Emmanuel Macron of France joined me in the Oval Office to speak to the G7 Summit. The meeting was convened by Governor Justin Trudeau of Canada, the current chair of G7, to acknowledge the Third Anniversary of the Russia-Ukraine War – Which would have never started if I was President. Everyone expressed their goal of seeing the War end, and I emphasized the importance of the vital ""Critical Minerals and Rare-Earths Deal"" between the United States and Ukraine, which we hope will be signed very soon! This deal, which is an ""Economic Partnership,"" will ensure the American people recoup the Tens of Billions of Dollars and Military Equipment sent to Ukraine, while also helping Ukraine's economy grow as this Brutal and Savage War comes to an end. At the same time, I am in serious discussions with President Vladimir Putin of Russia concerning the ending of the War, and also major Economic Development transactions which will take place between the United States and Russia. Talks are proceeding very well!",0.6438503265380859,+1,1,0,
7,2025-03-07 14:17:41.266000+00:00,1,"Based on the fact that Russia is absolutely ""pounding"" Ukraine on the battlefield right now, I am strongly considering large scale Banking Sanctions, Sanctions, and Tariffs on Russia until a Cease Fire and FINAL SETTLEMENT AGREEMENT ON PEACE IS REACHED. To Russia and Ukraine, get to the table right now, before it is too late. Thank you!!!",0.3643658757209778,-1,3,1,
8,2025-03-13 12:56:22.783000+00:00,1,"The Globalist Wall Street Journal has no idea what they are doing or saying. They are owned by the polluted thinking of the European Union, which was formed for the primary purpose of ""screwing"" the United States of America. Their (WSJ!) thinking is antiquated and weak, and very bad for the USA. But have no fear, we will WIN on everything!!! Egg prices are down, oil is down, interest rates are down, and TARIFF RELATED MONEY IS POURING INTO THE UNITED STATES. ""The only thing you have to fear, is fear itself!""",0.6738883256912231,0,1,0,
9,2025-03-14 13:33:39.916000+00:00,1,"We had very good and productive discussions with President Vladimir Putin of Russia yesterday, and there is a very good chance that this horrible, bloody war can finally come to an end — BUT, AT THIS VERY MOMENT, THOUSANDS OF UKRAINIAN TROOPS ARE COMPLETELY SURROUNDED BY THE RUSSIAN MILITARY, AND IN A VERY BAD AND VULNERABLE POSITION. I have strongly requested to President Putin that their lives be spared. This would be a horrible massacre, one not seen since World War II. God bless them all!!!",0.4218594431877136,+1,1,1,è strano che le cose con putin vanno bene ma per gli ucraini si mette male.
10,2025-03-15 18:29:28.046000+00:00,2,"Today, I have ordered the United States Military to launch decisive and powerful Military action against the Houthi terrorists in Yemen. They have waged an unrelenting campaign of piracy, violence, and terrorism against American, and other, ships, aircraft, and drones. Joe Biden's response was pathetically weak, so the unrestrained Houthis just kept going. It has been over a year since a U.S. flagged commercial ship safely sailed through the Suez Canal, the Red Sea, or the Gulf of Aden. The last American Warship to go through the Red Sea, four months ago, was attacked by the Houthis over a dozen times. Funded by Iran, the Houthi thugs have fired missiles at U.S. aircraft, and targeted our Troops and Allies. These relentless assaults have cost the U.S. and World Economy many BILLIONS of Dollars while, at the same time, putting innocent lives at risk. The Houthi attack on American vessels will not be tolerated. We will use overwhelming lethal force until we have achieved our objective. The Houthis have choked off shipping in one of the most important Waterways of the World, grinding vast swaths of Global Commerce to a halt, and attacking the core principle of Freedom of Navigation upon which International Trade and Commerce depends. Our brave Warfighters are right now carrying out aerial attacks on the terrorists' bases, leaders, and missile defenses to protect American shipping, air, and naval assets, and to restore Navigational Freedom. No terrorist force will stop American commercial and naval vessels from freely sailing the Waterways of the World. To all Houthi terrorists, YOUR TIME IS UP, AND YOUR ATTACKS MUST STOP, STARTING TODAY. IF THEY DON'T, HELL WILL RAIN DOWN UPON YOU LIKE NOTHING YOU HAVE EVER SEEN BEFORE! To Iran: Support for the Houthi terrorists must end IMMEDIATELY! Do NOT threaten the American People, their President, who has received one of the largest mandates in Presidential History, or Worldwide shipping lanes. If you do, BEWARE, because America will hold you fully accountable and, we won't be nice about it! || I am pleased to inform you that General Keith Kellogg has been appointed Special Envoy to Ukraine. General Kellogg, a Highly Respected Military Expert, will deal directly with President Zelenskyy, and Ukrainian leadership. He knows them well, and they have a very good working relationship together. Congratulations to General Kellogg!",0.6549416184425354,-2,2,1,
11,2025-03-17 15:29:51.373000+00:00,1,"Let nobody be fooled! The hundreds of attacks being made by Houthi, the sinister mobsters and thugs based in Yemen, who are hated by the Yemeni people, all emanate from, and are created by, IRAN. Any further attack or retaliation by the ""Houthis"" will be met with great force, and there is no guarantee that that force will stop there. Iran has played ""the innocent victim"" of rogue terrorists from which they've lost control, but they haven't lost control. They're dictating every move, giving them the weapons, supplying them with money and highly sophisticated Military equipment, and even, so-called, ""Intelligence."" Every shot fired by the Houthis will be looked upon, from this point forward, as being a shot fired from the weapons and leadership of IRAN, and IRAN will be held responsible, and suffer the consequences, and those consequences will be dire!DONALD J. TRUMP, PRESIDENT OF THE UNITED STATES OF AMERICA",0.24890142679214478,-1,2,1,
12,2025-03-19 16:27:36.092000+00:00,1,"Reports are coming in that while Iran has lessened its intensity on Military Equipment and General Support to the Houthis, they are still sending large levels of Supplies. Iran must stop the sending of these Supplies IMMEDIATELY. Let the Houthis fight it out themselves. Either way they lose, but this way they lose quickly. Tremendous damage has been inflicted upon the Houthi barbarians, and watch how it will get progressively worse — It's not even a fair fight, and never will be. They will be completely annihilated!",0.2765873670578003,-1,2,1,
13,2025-03-24 14:37:40.849000+00:00,1,"President Donald J. Trump announced today that the United States of America will be putting what is known as a Secondary Tariff on the Country of Venezuela, for numerous reasons, including the fact that Venezuela has purposefully and deceitfully sent to the United States, undercover, tens of thousands of high level, and other, criminals, many of whom are murderers and people of a very violent nature. Among the gangs they sent to the United States, is Tren de Aragua, which has been given the designation of ""Foreign Terrorist Organization."" We are in the process of returning them to Venezuela — It is a big task! In addition, Venezuela has been very hostile to the United States and the Freedoms which we espouse. Therefore, any Country that purchases Oil and/or Gas from Venezuela will be forced to pay a Tariff of 25% to the United States on any Trade they do with our Country. All documentation will be signed and registered, and the Tariff will take place on April 2nd, 2025, LIBERATION DAY IN AMERICA. Please let this notification serve to represent that the Department of Homeland Security, Border Patrol, and all other Law Enforcement Agencies within our Country have been so notified. Thank you for your attention to this matter!",0.6367080211639404,-1,1,1,
14,2025-03-31 18:15:19.790000+00:00,1,"The Iran-backed Houthi Terrorists have been decimated by the relentless strikes over the past two weeks. Many of their Fighters and Leaders are no longer with us. We hit them every day and night — Harder and harder. Their capabilities that threaten Shipping and the Region are rapidly being destroyed. Our attacks will continue until they are no longer a threat to Freedom of Navigation. The choice for the Houthis is clear: Stop shooting at U.S. ships, and we will stop shooting at you. Otherwise, we have only just begun, and the real pain is yet to come, for both the Houthis and their sponsors in Iran.",0.2120286226272583,-2,3,1,
17,2025-04-04 21:40:56.526000+00:00,1,"These Houthis gathered for instructions on an attack. Oops, there will be no attack by these Houthis! They will never sink our ships again!",0.333099901676178,-1,1,0,
21,2025-04-26 20:37:36.881000+00:00,1,"American Ships, both Military and Commercial, should be allowed to travel, free of charge, through the Panama and Suez Canals! Those Canals would not exist without the United States of America. I've asked Secretary of State Marco Rubio to immediately take care of, and memorialize, this situation!",0.6966320276260376,+1,1,0,
24,2025-05-08 10:31:32.314000+00:00,1,"""Too Late"" Jerome Powell is a FOOL, who doesn't have a clue. Other than that, I like him very much! Oil and Energy way down, almost all costs (groceries and ""eggs"") down, virtually NO INFLATION, Tariff Money Pouring Into the U.S. — THE EXACT OPPOSITE OF ""TOO LATE!"" ENJOY!",0.7110267281532288,0,1,0,
26,2025-05-26 00:46:06.771000+00:00,1,"I've always had a very good relationship with Vladimir Putin of Russia, but something has happened to him. He has gone absolutely CRAZY! He is needlessly killing a lot of people, and I'm not just talking about soldiers. Missiles and drones are being shot into Cities in Ukraine, for no reason whatsoever. I've always said that he wants ALL of Ukraine, not just a piece of it, and maybe that's proving to be right, but if he does, it will lead to the downfall of Russia! Likewise, President Zelenskyy is doing his Country no favors by talking the way he does. Everything out of his mouth causes problems, I don't like it, and it better stop. This is a War that would never have started if I were President. This is Zelenskyy's, Putin's, and Biden's War, not ""Trump's,"" I am only helping to put out the big and ugly fires, that have been started through Gross Incompetence and Hatred.",0.4016181230545044,+1,1,0,
27,2025-06-02 22:05:50.347000+00:00,1,"The AUTOPEN should have stopped Iran a long time ago from ""enriching."" Under our potential Agreement — WE WILL NOT ALLOW ANY ENRICHMENT OF URANIUM!",0.7764633893966675,-1,2,1,
29,2025-06-04 17:56:45.415000+00:00,1,"I just finished speaking, by telephone, with President Vladimir Putin, of Russia. The call lasted approximately one hour and 15 minutes. We discussed the attack on Russia’s docked airplanes, by Ukraine, and also various other attacks that have been taking place by both sides. It was a good conversation, but not a conversation that will lead to immediate Peace. President Putin did say, and very strongly, that he will have to respond to the recent attack on the airfields. We also discussed Iran, and the fact that time is running out on Iran’s decision pertaining to nuclear weapons, which must be made quickly! I stated to President Putin that Iran cannot have a nuclear weapon and, on this, I believe that we were in agreement. President Putin suggested that he will participate in the discussions with Iran and that he could, perhaps, be helpful in getting this brought to a rapid conclusion. It is my opinion that Iran has been slowwalking their decision on this very important matter, and we will need a definitive answer in a very short period of time!",-1.1920928955078125e-07,-1,1,1,
32,2025-06-13 11:34:34.839000+00:00,1,"Two months ago I gave Iran a 60 day ultimatum to ""make a deal."" They should have done it! Today is day 61. I told them what to do, but they just couldn't get there. Now they have, perhaps, a second chance!",0.285397469997406,-2,3,1,
34,2025-06-16 22:30:27.306000+00:00,1,"Iran should have signed the ""deal"" I told them to sign. What a shame, and waste of human life. Simply stated, IRAN CAN NOT HAVE A NUCLEAR WEAPON. I said it over and over again! Everyone should immediately evacuate Tehran!",0.32354891300201416,-2,3,1,
35,2025-06-16 23:18:11.223000+00:00,2,"Somebody please explain to kooky Tucker Carlson that,"" IRAN CAN NOT HAVE A NUCLEAR WEAPON!"" || AMERICA FIRST means many GREAT things, including the fact that, IRAN CAN NOT HAVE A NUCLEAR WEAPON. MAKE AMERICA GREAT AGAIN!!!",0.4441843032836914,-2,2,1,
38,2025-06-22 20:45:55.963000+00:00,2,"The damage to the Nuclear sites in Iran is said to be ""monumental."" The hits were hard and accurate. Great skill was shown by our military. Thank you! || It's not politically correct to use the term, ""Regime Change,"" but if the current Iranian Regime is unable to MAKE IRAN GREAT AGAIN, why wouldn't there be a Regime change??? MIGA!!!",0.4705843925476074,-2,2,1,
40,2025-06-23 13:41:19.765000+00:00,1,"GET THIS ""BUM"" OUT OF OFFICE, ASAP!!! ·June 22 Congressman Thomas Massie of Kentucky is not MAGA, even though he likes to say he is. Actually, MAGA doesn't want him, doesn't know him, and doesn't respect him. He is a negative force who almost always Votes ""NO,"" no matter how good something may be. He's a simple minded ""grandstander"" who thinks it's good politics for Iran to have the highest level Nuclear weapon, while at the same time yelling ""DEATH TO AMERICA"" at every chance they get. Iran has killed and maimed thousands of Americans, and even took over the American Embassy in Tehran under the Carter Administration. We had a spectacular military success yesterday, taking the ""bomb"" right out of their hands (and they would use it if they could!) but, as usual, and despite all of the praise and accolades received, this ""lightweight"" Congressman is against what was so brilliantly achieved last night in Iran. Massie is weak, ineffective, and votes ""NO"" on virtually everything put before him (Rand Paul, Jr.), no matter how good something may be. He is disrespectful to our great military, and all that they stand for, not even acknowledging their brilliance and bravery in yesterday's attack, which was a total and complete WIN. Massie should drop his fake act and start putting America First, but he doesn't know how to get there — he doesn't have a clue! He'll undoubtedly vote against the Great, Big, Beautiful Bill, even though non-passage means a 68% Tax Increase for everybody, and many things far worse than that. MAGA should drop this pathetic LOSER, Tom Massie, like the plague! The good news is that we will have a wonderful American Patriot running against him in the Republican Primary, and I'll be out in Kentucky campaigning really hard. MAGA is not about lazy, grandstanding, nonproductive politicians, of which Thomas Massie is definitely one. Thank you to our incredible military for the AMAZING job they did last night. It was really SPECIAL!!! MAKE AMERICA GREAT AGAIN.",0.05087554454803467,0,1,0,
43,2025-06-23 19:52:58.119000+00:00,1,"Iran has officially responded to our Obliteration of their Nuclear Facilities with a very weak response, which we expected, and have very effectively countered. There have been 14 missiles fired — 13 were knocked down, and 1 was ""set free,"" because it was headed in a nonthreatening direction. I am pleased to report that NO Americans were harmed, and hardly any damage was done. Most importantly, they've gotten it all out of their ""system,"" and there will, hopefully, be no further HATE. I want to thank Iran for giving us early notice, which made it possible for no lives to be lost, and nobody to be injured. Perhaps Iran can now proceed to Peace and Harmony in the Region, and I will enthusiastically encourage Israel to do the same. Thank you for your attention to this matter!DONALD J. TRUMP, PRESIDENT OF THE UNITED STATES OF AMERICA",0.23698139190673828,+1,3,1,
44,2025-06-23 22:02:38.349000+00:00,1,"CONGRATULATIONS TO EVERYONE! It has been fully agreed by and between Israel and Iran that there will be a Complete and Total CEASEFIRE (in approximately 6 hours from now, when Israel and Iran have wound down and completed their in progress, final missions!), for 12 hours, at which point the War will be considered, ENDED! Officially, Iran will start the CEASEFIRE and, upon the 12th Hour, Israel will start the CEASEFIRE and, upon the 24th Hour, an Official END to THE 12 DAY WAR will be saluted by the World. During each CEASEFIRE, the other side will remain PEACEFUL and RESPECTFUL. On the assumption that everything works as it should, which it will, I would like to congratulate both Countries, Israel and Iran, on having the Stamina, Courage, and Intelligence to end, what should be called, ""THE 12 DAY WAR."" This is a War that could have gone on for years, and destroyed the entire Middle East, but it didn't, and never will! God bless Israel, God bless Iran, God bless the Middle East, God bless the United States of America, and GOD BLESS THE WORLD! DONALD J. TRUMP, PRESIDENT OF THE UNITED STATES OF AMERICA",0.37081968784332275,+2,3,1,
45,2025-06-24 11:28:58.419000+00:00,2,"ISRAEL is not going to attack Iran. All planes will turn around and head home, while doing a friendly ""Plane Wave"" to Iran. Nobody will be hurt, the Ceasefire is in effect! Thank you for your attention to this matter! DONALD J. TRUMP, PRESIDENT OF THE UNITED STATES || IRAN WILL NEVER REBUILD THEIR NUCLEAR FACILITIES!",0.29923051595687866,+2,3,1,
46,2025-06-24 15:17:31.025000+00:00,1,"Both Israel and Iran wanted to stop the War, equally! It was my great honor to Destroy All Nuclear facilities & capability, and then, STOP THE WAR!",0.4453693628311157,+2,3,1,
47,2025-06-25 01:46:51.815000+00:00,1,"FAKE NEWS CNN, TOGETHER WITH THE FAILING NEW YORK TIMES, HAVE TEAMED UP IN AN ATTEMPT TO DEMEAN ONE OF THE MOST SUCCESSFUL MILITARY STRIKES IN HISTORY. THE NUCLEAR SITES IN IRAN ARE COMPLETELY DESTROYED! BOTH THE TIMES AND CNN ARE GETTING SLAMMED BY THE PUBLIC!",0.17484503984451294,+1,1,1,
49,2025-06-25 15:44:45.961000+00:00,1,"Last weekend, the United States successfully carried out a massive precision strike on Iran's nuclear enrichment facilities, and it was very, very successful—It was called OBLITERATION. This incredible exercise of American strength has paved the way for peace, with a historic ceasefire agreement…",0.35327863693237305,+2,3,1,
50,2025-06-25 22:27:20.555000+00:00,1,"BREAKING NEWS…I was shocked to hear that the State of Israel, which has just had one of its Greatest Moments in History, and is strongly led by Bibi Netanyahu, is continuing its ridiculous Witch Hunt against their Great War Time Prime Minister! Bibi and I just went through HELL together, fighting a very tough and brilliant longtime enemy of Israel, Iran, and Bibi could not have been better, sharper, or stronger in his LOVE for the incredible Holy Land. Anybody else would have suffered losses, embarrassment, and chaos! Bibi Netanyahu was a WARRIOR, like perhaps no other Warrior in the History of Israel, and the result was something that nobody thought was possible, a complete elimination of potentially one of the biggest and most powerful Nuclear Weapons anywhere in the World, and it was going to happen, SOON! We were fighting, literally, for the Survival of Israel, and there is nobody in Israel's History that fought harder or more competently than Bibi Netanyahu. Despite all of this, I just learned that Bibi has been summoned to Court on Monday for the continuation of this long running, (He has been going through this ""Horror Show"" since May of 2020 – Unheard of! This is the first time a sitting Israeli Prime Minister has ever been on trial.), politically motivated case, ""concerning cigars, a Bugs Bunny doll, and numerous other unfair charges"" in order to do him great harm. Such a WITCH HUNT, for a man who has given so much, is unthinkable to me. He deserves much better than this, and so does the State of Israel. Bibi Netanyahu's trial should be CANCELLED, IMMEDIATELY, or a Pardon given to a Great Hero, who has done so much for the State. Perhaps there is no one that I know who could have worked in better harmony with the President of the United States, ME, than Bibi Netanyahu. It was the United States of America that saved Israel, and now it is going to be the United States of America that saves Bibi Netanyahu. THIS TRAVESTY OF ""JUSTICE"" CAN NOT BE ALLOWED!",0.5499165058135986,0,1,0,
52,2025-06-26 18:52:26.121000+00:00,1,"thestreet.com/economy/fannie-m June 26, 2025 11:52 The Democrats are the ones who leaked the information on the PERFECT FLIGHT to the Nuclear Sites in Iran. They should be prosecuted!",0.46562254428863525,0,1,0,
53,2025-06-27 17:09:32.501000+00:00,1,"Why would the so-called ""Supreme Leader,"" Ayatollah Ali Khamenei, of the war torn Country of Iran, say so blatantly and foolishly that he won the War with Israel, when he knows his statement is a lie, it is not so. As a man of great faith, he is not supposed to lie. His Country was decimated, his three evil Nuclear Sites were OBLITERATED, and I knew EXACTLY where he was sheltered, and would not let Israel, or the U.S. Armed Forces, by far the Greatest and Most Powerful in the World, terminate his life. I SAVED HIM FROM A VERY UGLY AND IGNOMINIOUS DEATH, and he does not have to say, ""THANK YOU, PRESIDENT TRUMP!"" In fact, in the final act of the War, I demanded that Israel bring back a very large group of planes, which were heading directly to Tehran, looking for a big day, perhaps the final knockout! Tremendous damage would have ensued, and many Iranians would have been killed. It was going to be the biggest attack of the War, by far. During the last few days, I was working on the possible removal of sanctions, and other things, which would have given a much better chance to Iran at a full, fast, and complete recovery - The sanctions are BITING! But no, instead I get hit with a statement of anger, hatred, and disgust, and immediately dropped all work on sanction relief, and more. Iran has to get back into the World Order flow, or things will only get worse for them. They are always so angry, hostile, and unhappy, and look at what it has gotten them - A burned out, blown up Country, with no future, a decimated Military, a horrible Economy, and DEATH all around them. They have no hope, and it will only get worse! I wish the leadership of Iran would realize that you often get more with HONEY than you do with VINEGAR. PEACE!!!",0.46193259954452515,0,1,0,
54,2025-06-28 02:42:24.058000+00:00,1,"Who in the Fake News Media is the SleazeBag saying that ""President Trump wants to give Iran $30 Billion to build non-military Nuclear facilities."" Never heard of this ridiculous idea. It's just another HOAX put out by the Fake News in order to demean. These people are SICK!!!",0.42378073930740356,0,1,0,
55,2025-06-28 03:22:53.116000+00:00,1,"RT would the so-called “Supreme Leader,” Ayatollah Ali Khamenei, of the war torn Country of Iran, say so blatantly and foolishly that he won the War with Israel, when he knows his statement is a lie, it is not so. As a man of great faith, he is not supposed to lie. His Country was decimated, his three evil Nuclear Sites were OBLITERATED, and I knew EXACTLY where he was sheltered, and would not let Israel, or the U.S. Armed Forces, by far the Greatest and Most Powerful in the World, terminate his life. I SAVED HIM FROM A VERY UGLY AND IGNOMINIOUS DEATH, and he does not have to say, “THANK YOU, PRESIDENT TRUMP!” In fact, in the final act of the War, I demanded that Israel bring back a very large group of planes, which were heading directly to Tehran, looking for a big day, perhaps the final knockout! Tremendous damage would have ensued, and many Iranians would have been killed. It was going to be the biggest attack of the War, by far. During the last few days, I was working on the possible removal of sanctions, and other things, which would have given a much better chance to Iran at a full, fast, and complete recovery - The sanctions are BITING! But no, instead I get hit with a statement of anger, hatred, and disgust, and immediately dropped all work on sanction relief, and more. Iran has to get back into the World Order flow, or things will only get worse for them. They are always so angry, hostile, and unhappy, and look at what it has gotten them - A burned out, blown up Country, with no future, a decimated Military, a horrible Economy, and DEATH all around them. They have no hope, and it will only get worse! I wish the leadership of Iran would realize that you often get more with HONEY than you do with VINEGAR. PEACE!!!",0.03380239009857178,-1,2,1,
56,2025-06-28 11:08:25.355000+00:00,1,"Charlie Kirk ( ) JUST IN — President Trump says he will no longer be removing sanctions from Iran after the Ayatollah claimed he won the war. ""As a man of great faith, he's not supposed to lie ... They are always so ... [Quotes DJT Trump of 6/27/2025, 10:56am]",0.42924070358276367,-1,2,1,
57,2025-06-28 22:57:17.073000+00:00,1,"It is terrible what they are doing in Israel to Bibi Netanyahu. He is a War Hero, and a Prime Minister who did a fabulous job working with the United States to bring Great Success in getting rid of the dangerous Nuclear threat in Iran. Importantly, he is right now in the process of negotiating a Deal with Hamas, which will include getting the Hostages back. How is it possible that the Prime Minister of Israel can be forced to sit in a Courtroom all day long, over NOTHING (Cigars, Bugs Bunny Doll, etc.). It is a POLITICAL WITCH HUNT, very similar to the Witch Hunt that I was forced to endure. This travesty of ""Justice"" will interfere with both Iran and Hamas negotiations. In other words, it is INSANITY doing what the out-of-control prosecutors are doing to Bibi Netanyahu. The United States of America spends Billions of Dollar a year, far more than on any other Nation, protecting and supporting Israel. We are not going to stand for this. We just had a Great Victory with Prime Minister Bibi Netanyahu at the helm — And this greatly tarnishes our Victory. LET BIBI GO, HE'S GOT A BIG JOB TO DO!",0.19339370727539062,0,1,0,
59,2025-06-29 17:19:22.205000+00:00,2,"Regarding Iran's Fordow nuclear facility—They didn't move anything...they didn't think it was going to be actually doable, what we did… Video: || It was my Great Honor to pardon Michael Flynn, a FEARLESS Patriot and Decorated General, who was savagely attacked by the Biden/Obama Deep State, which has now been completely exposed for the FRAUD it is. These Radical Left Lunatics unleashed a relentless storm of lies, FAKE charges, and dirty FBI ""tricks"" during the Russia, Russia, Russia Hoax to try and crush Mike's Spirit — But this Great American Hero was INNOCENT. Now Mike has written a fantastic new Book, ""PARDON OF INNOCENCE: An Inspiring Story of Faith and Freedom,"" which will greatly encourage Citizens across our Nation to NEVER GIVE UP. Get your copy today! a.co/d/cfvgv7N",0.4843158721923828,0,1,0,
61,2025-07-12 21:21:29.285000+00:00,1,"What's going on with my ""boys"" and, in some cases, ""gals?"" They're all going after Attorney General Pam Bondi, who is doing a FANTASTIC JOB! We're on one Team, MAGA, and I don't like what's happening. We have a PERFECT Administration, THE TALK OF THE WORLD, and ""selfish people"" are trying to hurt it, all over a guy who never dies, Jeffrey Epstein. For years, it's Epstein, over and over again. Why are we giving publicity to Files written by Obama, Crooked Hillary, Comey, Brennan, and the Losers and Criminals of the Biden Administration, who conned the World with the Russia, Russia, Russia Hoax, 51 ""Intelligence"" Agents, ""THE LAPTOP FROM HELL,"" and more? They created the Epstein Files, just like they created the FAKE Hillary Clinton/Christopher Steele Dossier that they used on me, and now my so-called ""friends"" are playing right into their hands. Why didn't these Radical Left Lunatics release the Epstein Files? If there was ANYTHING in there that could have hurt the MAGA Movement, why didn't they use it? They haven't even given up on the John F. Kennedy or Martin Luther King, Jr. Files. No matter how much success we have had, securing the Border, deporting Criminals, fixing the Economy, Energy Dominance, a Safer World where Iran will not have Nuclear Weapons, it's never enough for some people. We are about to achieve more in 6 months than any other Administration has achieved in over 100 years, and we have so much more to do. We are saving our Country and, MAKING AMERICA GREAT AGAIN, which will continue to be our complete PRIORITY. The Left is imploding! Kash Patel, and the FBI, must be focused on investigating Voter Fraud, Political Corruption, ActBlue, The Rigged and Stolen Election of 2020, and arresting Thugs and Criminals, instead of spending month after month looking at nothing but the same old, Radical Left inspired Documents on Jeffrey Epstein. LET PAM BONDI DO HER JOB — SHE'S GREAT! The 2020 Election was Rigged and Stolen, and they tried to do the same thing in 2024 — That's what she is looking into as AG, and much more. One year ago our Country was DEAD, now it's the ""HOTTEST"" Country anywhere in the World. Let's keep it that way, and not waste Time and Energy on Jeffrey Epstein, somebody that nobody cares about. Thank you for your attention to this matter!",0.5898118019104004,0,1,0,
62,2025-07-19 13:02:44.562000+00:00,1,"All three nuclear sites in Iran were completely destroyed and/or OBLITERATED. It would take years to bring them back into service and, if Iran wanted to do so, they would be much better off starting anew, in three different locations, prior to those sites being obliterated, should they decide to do so. Thank you for your attention to this matter!",0.39203566312789917,0,1,0,
63,2025-07-22 00:01:49.758000+00:00,1,"Iran's Foreign Minister, Abbas Araghchi, on the Iran Nuclear Sites: ""Damages are very severe, they are destroyed."" Of course they are, just like I said, and we will do it again, if necessary! As interviewed by Bret Baier. Fake News CNN should immediately fire their phony ""reporter"" and apologize to me and the great pilots who ""OBLITERATED"" Iran's nuclear sites. CNN is a major ratings loser, as is MSDNC!",0.17740923166275024,0,1,0,
64,2025-07-30 12:09:13.648000+00:00,1,"Remember, while India is our friend, we have, over the years, done relatively little business with them because their Tariffs are far too high, among the highest in the World, and they have the most strenuous and obnoxious non-monetary Trade Barriers of any Country. Also, they have always bought a vast majority of their military equipment from Russia, and are Russia’s largest buyer of ENERGY, along with China, at a time when everyone wants Russia to STOP THE KILLING IN UKRAINE — ALL THINGS NOT GOOD! INDIA WILL THEREFORE BE PAYING A TARIFF OF 25%, PLUS A PENALTY FOR THE ABOVE, STARTING ON AUGUST FIRST. THANK YOU FOR YOUR ATTENTION TO THIS MATTER. MAGA!",0.8108229041099548,0,1,0,
65,2025-07-30 19:52:22.734000+00:00,1,"We are very busy in the White House today working on Trade Deals. I have spoken to the Leaders of many Countries, all of whom want to make the United States ""extremely happy."" I will be meeting with the South Korean Trade Delegation this afternoon. South Korea is right now at a 25% Tariff, but they have an offer to buy down those Tariffs. I will be interested in hearing what that offer is. We have just concluded a Deal with the Country of Pakistan, whereby Pakistan and the United States will work together on developing their massive Oil Reserves. We are in the process of choosing the Oil Company that will lead this Partnership. Who knows, maybe they'll be selling Oil to India some day! Likewise, other Countries are making offers for a Tariff reduction. All of this will help reduce our Trade Deficit in a very major way. A full report will be released at the appropriate time. Thank you for your attention to this matter. MAKE AMERICA GREAT AGAIN!",0.44372618198394775,+1,1,1,
66,2025-08-01 16:53:35.233000+00:00,1,"Based on the highly provocative statements of the Former President of Russia, Dmitry Medvedev, who is now the Deputy Chairman of the Security Council of the Russian Federation, I have ordered two Nuclear Submarines to be positioned in the appropriate regions, just in case these foolish and inflammatory statements are more than just that. Words are very important, and can often lead to unintended consequences, I hope this will not be one of those instances. Thank you for your attention to this matter!",0.6565845012664795,-1,1,0,
67,2025-08-03 05:49:50.739000+00:00,1,"The very wonderful and talented Lara Trump, whose show is a big ratings success, put racist sleazebag Charlamagne ""The God"" (Why is he allowed to use the word ""GOD"" when describing himself? Can anyone imagine the uproar there would be if I used that nickname?). He's a Low IQ individual, has no idea what words are coming out of his mouth, and knows nothing about me or what I have done - like just ending 5 Wars, including a 31 year bloodbath between Republic of the Congo and Rwanda, where Seven Million people have died, and there was no end in sight. He didn't know that, or India and Pakistan or, wiping out Iran's nuclear capabilities, or closing the horrendous open Border, or creating the greatest economy, where prices and Inflation have come way down, and where STUPID and CORRUPT JOE BIDEN set the record for doing the Worst Job as President, EVER. But this dope, Charlamagne, would vote for Sleepy Joe or Kamala? Remember, one year ago our Country was DEAD, now it's the ""HOTTEST"" Country anywhere in the World. MAGA!!!",0.6294438242912292,0,1,0,
68,2025-08-04 14:50:47.413000+00:00,1,"India is not only buying massive amounts of Russian Oil, they are then, for much of the Oil purchased, selling it on the Open Market for big profits. They don't care how many people in Ukraine are being killed by the Russian War Machine. Because of this, I will be substantially raising the Tariff paid by India to the USA. Thank you for your attention to this matter!!! President DJT",0.22353476285934448,-1,2,1,
69,2025-08-07 11:31:41.859000+00:00,1,"Now that the nuclear arsenal being ""created"" by Iran has been totally OBLITERATED, it is very important to me that all Middle Eastern Countries join the Abraham Accords. This will insure PEACE IN THE MIDDLE EAST. Thank you for your attention to this matter!",0.6333575248718262,+1,1,1,
70,2025-08-18 01:48:40.124000+00:00,1,"RT Trump Has Achieved Peace Between:–India & Pakistan–Israel & Iran (Ceasefire)–Serbia & Kosovo (Trump's intervention deterred escalation)–Congo & Rwanda–Thailand & Cambodia (Border-Clashes Ceasefire)–Armenia & Azerbaijan–Saudi Arabia, Syria, Lebanon (Abraham Accords)And now the fake news media shamelessly attack Trump because he hasn't YET finished bringing peace between Ukraine and Russia! 🤡",0.6165039539337158,+1,1,0,
71,2025-08-18 13:03:10.223000+00:00,1,"We will only see the return of the remaining hostages when Hamas is confronted and destroyed!!! The sooner this takes place, the better the chances of success will be. Remember, I was the one who negotiated and got hundreds of hostages freed and released into Israel (and America!). I was the one who ended 6 wars, in just 6 months. I was the one who OBLITERATED Iran's Nuclear facilities. Play to WIN, or don't play at all! Thank you for your attention to this matter! President DJT",0.6564357876777649,-2,2,1,
72,2025-08-18 14:09:12.396000+00:00,1,"I've settled 6 Wars in 6 months, one of them a possible Nuclear disaster, and yet I have to read & listen to the Wall Street Journal, and many other who truly don't have a clue, tell me everything that I am doing wrong on the Russia/Ukraine MESS, that is Sleepy Joe Biden's war, not mine. I'm only here to stop it, not to prosecute it any further. It would have NEVER happened if I was President. I know exactly what I'm doing, and I don't need the advice of people who have been working on all of these conflicts for years, and were never able to do a thing to stop them. They are ""STUPID"" people, with no common sense, intelligence, or understanding, and they only make the current R/U disaster more difficult to FIX. Despite all of my lightweight and very jealous critics, I'll get it done — I always do!!! President DJT",0.5394415259361267,0,1,0,
73,2025-09-01 13:25:09.688000+00:00,1,"What few people understand is that we do very little business with India, but they do a tremendous amount of business with us. In other words, they sell us massive amounts of goods, their biggest ""client,"" but we sell them very little - Until now a totally one sided relationship, and it has been for many decades. The reason is that India has charged us, until now, such high Tariffs, the most of any country, that our businesses are unable to sell into India. It has been a totally one sided disaster! Also, India buys most of its oil and military products from Russia, very little from the U.S. They have now offered to cut their Tariffs to nothing, but it's getting late. They should have done so years ago. Just some simple facts for people to ponder!!!",0.3393207788467407,-1,1,1,
74,2025-09-02 21:22:07.895000+00:00,1,"Earlier this morning, on my Orders, U.S. Military Forces conducted a kinetic strike against positively identified Tren de Aragua Narcoterrorists in the SOUTHCOM area of responsibility. TDA is a designated Foreign Terrorist Organization, operating under the control of Nicolas Maduro, responsible for mass murder, drug trafficking, sex trafficking, and acts of violence and terror across the United States and Western Hemisphere. The strike occurred while the terrorists were at sea in International waters transporting illegal narcotics, heading to the United States. The strike resulted in 11 terrorists killed in action. No U.S. Forces were harmed in this strike. Please let this serve as notice to anybody even thinking about bringing drugs into the United States of America. BEWARE! Thank you for your attention to this matter!!!!!!!!!!! Video --",0.784546434879303,0,1,0,
75,2025-09-10 15:09:14.575000+00:00,1,What's with Russia violating Poland's airspace with drones? Here we go!,0.7418290376663208,0,1,0,
76,2025-09-13 11:15:04.245000+00:00,1,"A LETTER SENT BY PRESIDENT DONALD J. TRUMP TO ALL NATO NATIONS AND, THE WORLD: ""I am ready to do major Sanctions on Russia when all NATO Nations have agreed, and started, to do the same thing, and when all NATO Nations STOP BUYING OIL FROM RUSSIA. As you know, NATO'S commitment to WIN has been far less than 100%, and the purchase of Russian Oil, by some, has been shocking! It greatly weakens your negotiating position, and bargaining power, over Russia. Anyway, I am ready to ""go"" when you are. Just say when? I believe that this, plus NATO, as a group, placing 50% to 100% TARIFFS ON CHINA, to be fully withdrawn after the WAR with Russia and Ukraine is ended, will also be of great help in ENDING this deadly, but RIDICULOUS, WAR. China has a strong control, and even grip, over Russia, and these powerful Tariffs will break that grip. This is not TRUMP'S WAR (it would never have started if I was President!), it is Biden's and Zelenskyy's WAR. I am only here to help stop it, and save thousands of Russian and Ukrainian lives (7,118 lives lost last week, alone. CRAZY!). If NATO does as I say, the WAR will end quickly, and all of those lives will be saved! If not, you are just wasting my time, and the time, energy, and money of the United States. Thank you for your attention to this matter! DONALD J. TRUMP, PRESIDENT OF THE UNITED STATES OF AMERICA.""",0.45260971784591675,-1,1,1,
77,2025-09-15 19:57:14.859000+00:00,1,"This morning, on my Orders, U.S. Military Forces conducted a SECOND Kinetic Strike against positively identified, extraordinarily violent drug trafficking cartels and narcoterrorists in the SOUTHCOM area of responsibility. The Strike occurred while these confirmed narcoterrorists from Venezuela were in International Waters transporting illegal narcotics (A DEADLY WEAPON POISONING AMERICANS!) headed to the U.S. These extremely violent drug trafficking cartels POSE A THREAT to U.S. National Security, Foreign Policy, and vital U.S. Interests. The Strike resulted in 3 male terrorists killed in action. No U.S. Forces were harmed in this Strike. BE WARNED — IF YOU ARE TRANSPORTING DRUGS THAT CAN KILL AMERICANS, WE ARE HUNTING YOU! The illicit activities by these cartels have wrought DEVASTATING CONSEQUENCES ON AMERICAN COMMUNITIES FOR DECADES, killing millions of American Citizens. NO LONGER. Thank you for your attention to this matter!!!Video --",0.2350671887397766,0,1,0,
78,2025-09-23 18:55:21.589000+00:00,1,"After getting to know and fully understand the Ukraine/Russia Military and Economic situation and, after seeing the Economic trouble it is causing Russia, I think Ukraine, with the support of the European Union, is in a position to fight and WIN all of Ukraine back in its original form. With time, patience, and the financial support of Europe and, in particular, NATO, the original Borders from where this War started, is very much an option. Why not? Russia has been fighting aimlessly for three and a half years a War that should have taken a Real Military Power less than a week to win. This is not distinguishing Russia. In fact, it is very much making them look like ""a paper tiger."" When the people living in Moscow, and all of the Great Cities, Towns, and Districts all throughout Russia, find out what is really going on with this War, the fact that it's almost impossible for them to get Gasoline through the long lines that are being formed, and all of the other things that are taking place in their War Economy, where most of their money is being spent on fighting Ukraine, which has Great Spirit, and only getting better, Ukraine would be able to take back their Country in its original form and, who knows, maybe even go further than that! Putin and Russia are in BIG Economic trouble, and this is the time for Ukraine to act. In any event, I wish both Countries well. We will continue to supply weapons to NATO for NATO to do what they want with them. Good luck to all! DONALD J. TRUMP, PRESIDENT OF THE UNITED STATES OF AMERICA",0.49328428506851196,+1,1,1,
79,2025-10-14 17:42:22.245000+00:00,1,"Under my Standing Authorities as Commander-in-Chief, this morning, the Secretary of War, ordered a lethal kinetic strike on a vessel affiliated with a Designated Terrorist Organization (DTO) conducting narcotrafficking in the USSOUTHCOM area of responsibility — just off the Coast of Venezuela. Intelligence confirmed the vessel was trafficking narcotics, was associated with illicit narcoterrorist networks, and was transiting along a known DTO route. The strike was conducted in International Waters, and six male narcoterrorists aboard the vessel were killed in the strike. No U.S. Forces were harmed. Thank you for your attention to this matter!!!!!! Video:",0.17933475971221924,0,1,0,
80,2025-10-22 20:57:00.989000+00:00,1,"""Treasury Sanctions Major Russian Oil Companies, Calls on Moscow to Immediately Agree to Ceasefire""",0.6032087206840515,+1,2,1,
81,2025-10-29 21:19:04.570000+00:00,2,"South Korea has agreed to pay the USA 350 Billion Dollars for a lowering of the Tariff's charged against them by the United States. Additionally, they have agreed to buy our Oil and Gas in vast quantities, and investments into our Country by wealthy South Korean Companies and Businessmen will exceed 600 Billion Dollars. Our Military Alliance is stronger than ever before and, based on that, I have given them approval to build a Nuclear Powered Submarine, rather than the old fashioned, and far less nimble, diesel powered Submarines that they have now. A great trip, with a great Prime Minister! || South Korea has agreed to pay the USA 350 Billion Dollars for a lowering of the Tariff's charged against them by the United States. Additionally, they have agreed to buy our Oil and Gas in vast quantities, and investments into our Country by wealthy South Korean Companies and Businessmen will exceed 600 Billion Dollars. Our Military Alliance is stronger than ever before and, based on that, I have given them approval to build a Nuclear Powered Submarine, rather than the old fashioned, and far less nimble, diesel powered Submarines that they have now. A great trip, with a great President of South Korea!",0.749798595905304,+1,1,1,
82,2025-10-30 01:04:13.912000+00:00,1,"The United States has more Nuclear Weapons than any other country. This was accomplished, including a complete update and renovation of existing weapons, during my First Term in office. Because of the tremendous destructive power, I HATED to do it, but had no choice! Russia is second, and China is a distant third, but will be even within 5 years. Because of other countries testing programs, I have instructed the Department of War to start testing our Nuclear Weapons on an equal basis. That process will begin immediately. Thank you for your attention to this matter! PRESIDENT DONALD J. TRUMP",0.6270738840103149,0,1,0,
83,2025-11-01 20:43:21.958000+00:00,1,"If the Nigerian Government continues to allow the killing of Christians, the U.S.A. will immediately stop all aid and assistance to Nigeria, and may very well go into that now disgraced country, ""guns-a-blazing,"" to completely wipe out the Islamic Terrorists who are committing these horrible atrocities. I am hereby instructing our Department of War to prepare for possible action. If we attack, it will be fast, vicious, and sweet, just like the terrorist thugs attack our CHERISHED Christians! WARNING: THE NIGERIAN GOVERNMENT BETTER MOVE FAST!",0.6717826128005981,-1,1,0,
84,2025-11-09 15:29:11.446000+00:00,1,"""AUTOPEN"" Sleepy Joe Biden was, by far, the worst President in American History. Taking office as a result of the most corrupt Election ever seen in the United States, Biden oversaw a series of unprecedented disasters that brought our Nation to the brink of destruction. His policies caused the highest Inflation ever recorded, leading the U.S. Dollar to lose more than 20% of its value in 4 years. His Green New Scam surrendered American Energy Dominance and, by abolishing the Southern Border, Biden let 21 million people from all over the World pour into the United States, including from prisons, jails, mental institutions, and insane asylums. His surrender in Afghanistan was among the most humiliating events in American History, and resulted in the murder of 13 brave American Servicemembers, with many others gravely wounded. Seeing Biden's devastating weakness, Russia invaded Ukraine, and Hamas terrorists launched the heinous October 7th attack on Israel. Nicknamed both ""Sleepy"" and ""Crooked,"" Joe Biden was dominated by his radical handlers. They and their allies in the Fake News Media attempted to cover up his severe mental decline, and his unprecedented use of the Autopen. Following his humiliating debate loss to President Trump in the big June 2024 debate, he was forced to withdraw from his campaign for re-election in disgrace. Biden weaponized Law Enforcement against his political opponent, while also persecuting many other innocent people. He left office issuing blanket pardons to Radical Democrat criminals and thugs, as well as members of the Biden Crime Family — But despite it all, President Trump would get Re-Elected, and SAVE AMERICA!",0.6928266286849976,0,1,0,
85,2025-11-20 01:20:05.742000+00:00,1,"Jeffrey Epstein, who was charged by the Trump Justice Department in 2019 (Not the Democrats!), was a lifelong Democrat, donated Thousands of Dollars to Democrat Politicians, and was deeply associated with many well-known Democrat figures, such as Bill Clinton (who traveled on his plane 26 times), Larry Summers (who just resigned from many Boards, including Harvard), Sleazebag Political Activist Reid Hoffman, Minority Leader Hakeem Jeffries (who asked Epstein to donate to his Campaign AFTER Epstein was charged), Democrat Congresswoman Stacey Plaskett, and many more. Perhaps the truth about these Democrats, and their associations with Jeffrey Epstein, will soon be revealed, because I HAVE JUST SIGNED THE BILL TO RELEASE THE EPSTEIN FILES! As everyone knows, I asked Speaker of the House Mike Johnson, and Senate Majority Leader John Thune, to pass this Bill in the House and Senate, respectively. Because of this request, the votes were almost unanimous in favor of passage. At my direction, the Department of Justice has already turned over close to fifty thousand pages of documents to Congress. Do not forget — The Biden Administration did not turn over a SINGLE file or page related to Democrat Epstein, nor did they ever even speak about him. Democrats have used the ""Epstein"" issue, which affects them far more than the Republican Party, in order to try and distract from our AMAZING Victories, including THE GREAT BIG BEAUTIFUL TAX CUT BILL, Strong Borders, No Men in Women's Sports or Transgender for Everyone, ending DEI, stopping Biden's Record Setting Inflation, lowering Prices, Biggest Tax and Regulation Cuts in History, ending EIGHT Wars, rebuilding our Military, knocking out Iran's Nuclear capability, getting Trillions of Dollars INVESTED in the U.S.A., creating the ""HOTTEST"" Country anywhere in the World, and even delivering a HUGE DEFEAT to the Democrats on the recent Shutdown Disaster. For years our Great Nation has had to endure RUSSIA, RUSSIA, RUSSIA, UKRAINE, UKRAINE, UKRAINE, IMPEACHMENT HOAX #1 , IMPEACHMENT HOAX #2 , and many other Democrat created Witch Hunts and Scams, all of which have been so terrible and divisive for our Country, and have been done to confuse, deflect, and distract from the GREAT JOB that Republicans, and the Trump Administration, are doing. This latest Hoax will backfire on the Democrats just as all of the rest have! Thank you for your attention to this matter. MAKE AMERICA GREAT AGAIN!",0.6952682733535767,0,1,0,
86,2025-11-23 14:14:54.685000+00:00,1,"The War between Russia and Ukraine is a violent and terrible one that, with strong and proper U.S. and Ukrainian LEADERSHIP, would have NEVER HAPPENED. It began long before I took office for a Second Term, during the Sleepy Joe Biden Administration, and has only gotten worse. If the 2020 Presidential Election was not RIGGED & STOLEN, the only thing the Radical Left Democrats are good at doing, there would be no Ukraine/Russia War, as there wasn't, not even a mention, during my first Term in Office. Putin would never have attacked! It was only when he saw Sleepy Joe in action that he said, ""Now is my chance!"" The rest is history, and so it continues. I INHERITED A WAR THAT SHOULD HAVE NEVER HAPPENED, A WAR THAT IS A LOSER FOR EVERYONE, ESPECIALLY THE MILLIONS OF PEOPLE THAT HAVE SO NEEDLESSLY DIED. UKRAINE ""LEADERSHIP"" HAS EXPRESSED ZERO GRATITUDE FOR OUR EFFORTS, AND EUROPE CONTINUES TO BUY OIL FROM RUSSIA. THE USA CONTINUES TO SELL MASSIVE $AMOUNTS OF WEAPONS TO NATO, FOR DISTRIBUTION TO UKRAINE (CROOKED JOE GAVE EVERYTHING, FREE, FREE, FREE, INCLUDING ""BIG"" MONEY!). GOD BLESS ALL THE LIVES THAT HAVE BEEN LOST IN THE HUMAN CATASTROPHE! President DJT",0.6453773379325867,0,1,0,
87,2025-12-08 14:25:51.030000+00:00,1,"The only reason Marjorie ""Traitor"" Brown (Green turns Brown under stress!) went BAD is that she was JILTED by the President of the United States (Certainly not the first time she has been jilted!). Too much work, not enough time, and her ideas are, NOW, really BAD - She sort of reminds me of a Rotten Apple! Marjorie is not AMERICA FIRST or MAGA, because nobody could have changed her views so fast, and her new views are those of a very dumb person. That was proven last night when washed up, Trump hating, 60 Minutes ""correspondent,"" Lesley Stahl, who still owes me an apology from when she attacked me on the show (with serious conviction!), that Hunter Biden's LAPTOP FROM HELL was produced by Russia, not Hunter himself (TOTALLY PROVEN WRONG!), interviewed a very poorly prepared Traitor, who in her confusion made many really stupid statements. My real problem with the show, however, wasn't the low IQ traitor, it was that the new ownership of 60 Minutes, Paramount, would allow a show like this to air. THEY ARE NO BETTER THAN THE OLD OWNERSHIP, who just paid me millions of Dollars for FAKE REPORTING about your favorite President, ME! Since they bought it, 60 Minutes has actually gotten WORSE! Oh well, far worse things can happen. P.S. I hereby demand a complete and total APOLOGY, though far too late to be meaningful, from Lesley Stahl and 60 Minutes for her incorrect and Libelous statements about Hunter's Laptop!!! President DJT",0.6932477951049805,0,1,0,
88,2025-12-16 23:46:17.884000+00:00,1,"Venezuela is completely surrounded by the largest Armada ever assembled in the History of South America. It will only get bigger, and the shock to them will be like nothing they have ever seen before — Until such time as they return to the United States of America all of the Oil, Land, and other Assets that they previously stole from us. The illegitimate Maduro Regime is using Oil from these stolen Oil Fields to finance themselves, Drug Terrorism, Human Trafficking, Murder, and Kidnapping. For the theft of our Assets, and many other reasons, including Terrorism, Drug Smuggling, and Human Trafficking, the Venezuelan Regime has been designated a FOREIGN TERRORIST ORGANIZATION. Therefore, today, I am ordering A TOTAL AND COMPLETE BLOCKADE OF ALL SANCTIONED OIL TANKERS going into, and out of, Venezuela. The Illegal Aliens and Criminals that the Maduro Regime has sent into the United States during the weak and inept Biden Administration, are being returned to Venezuela at a rapid pace. America will not allow Criminals, Terrorists, or other Countries, to rob, threaten, or harm our Nation and, likewise, will not allow a Hostile Regime to take our Oil, Land, or any other Assets, all of which must be returned to the United States, IMMEDIATELY. Thank you for your attention to this matter!DONALD J. TRUMP PRESIDENT OF THE UNITED STATES OF AMERICA",0.7810177803039551,-1,2,1,
89,2025-12-17 03:00:00.457000+00:00,1,"Trump orders 'blockade' of sanctioned oil tankers leaving, entering Venezuela: reuters.com/world/americas/tru",0.3044285774230957,-1,2,1,
90,2025-12-25 22:59:11.567000+00:00,1,"Tonight, at my direction as Commander in Chief, the United States launched a powerful and deadly strike against ISIS Terrorist Scum in Northwest Nigeria, who have been targeting and viciously killing, primarily, innocent Christians, at levels not seen for many years, and even Centuries! I have previously warned these Terrorists that if they did not stop the slaughtering of Christians, there would be hell to pay, and tonight, there was. The Department of War executed numerous perfect strikes, as only the United States is capable of doing. Under my leadership, our Country will not allow Radical Islamic Terrorism to prosper. May God Bless our Military, and MERRY CHRISTMAS to all, including the dead Terrorists, of which there will be many more if their slaughter of Christians continues. DONALD J. TRUMP PRESIDENT OF THE UNITED STATES OF AMERICA",0.6207619309425354,0,1,0,
91,2025-12-31 18:42:28.810000+00:00,1,Putin 'attack' bluster shows Russia is the one standing in the way of peace: nypost.com/2025/12/30/opinion/,0.7084463834762573,+1,1,1,
93,2026-01-06 23:46:31.201000+00:00,1,"I am pleased to announce that the Interim Authorities in Venezuela will be turning over between 30 and 50 MILLION Barrels of High Quality, Sanctioned Oil, to the United States of America. This Oil will be sold at its Market Price, and that money will be controlled by me, as President of the United States of America, to ensure it is used to benefit the people of Venezuela and the United States! I have asked Energy Secretary Chris Wright to execute this plan, immediately. It will be taken by storage ships, and brought directly to unloading docks in the United States. Thank you for your attention to this matter! DONALD J. TRUMP PRESIDENT OF THE UNITED STATES OF AMERICA",0.2736377716064453,+1,2,1,
95,2026-01-09 19:58:38.947000+00:00,1,"Today, the United States of America, in coordination with the Interim Authorities of Venezuela, seized an oil tanker which departed Venezuela without our approval. This tanker is now on its way back to Venezuela, and the oil will be sold through the GREAT Energy Deal, which we have created for such sales. Thank you for your attention to this matter!",0.21058344841003418,+1,2,1,
102,2026-01-28 12:12:16.502000+00:00,1,"A massive Armada is heading to Iran. It is moving quickly, with great power, enthusiasm, and purpose. It is a larger fleet, headed by the great Aircraft Carrier Abraham Lincoln, than that sent to Venezuela. Like with Venezuela, it is, ready, willing, and able to rapidly fulfill its mission, with speed and violence, if necessary. Hopefully Iran will quickly ""Come to the Table"" and negotiate a fair and equitable deal - NO NUCLEAR WEAPONS - one that is good for all parties. Time is running out, it is truly of the essence! As I told Iran once before, MAKE A DEAL! They didn't, and there was ""Operation Midnight Hammer,"" a major destruction of Iran. The next attack will be far worse! Don't make that happen again. Thank you for your attention to this matter! President DONALD J. TRUMP",0.4863882064819336,-1,3,1,
105,2026-02-05 18:47:27.103000+00:00,1,"The United States is the most powerful Country in the World. I completely rebuilt its Military in my First Term, including new and many refurbished nuclear weapons. I also added Space Force and now, continue to rebuild our Military at levels never seen before. We are even adding Battleships, which are 100 times more powerful than the ones that roamed the Seas during World War II — The Iowa, Missouri, Alabama, and others. I have stopped Nuclear Wars from breaking out across the World between Pakistan and India, Iran and Israel, and Russia and Ukraine. Rather than extend “NEW START” (A badly negotiated deal by the United States that, aside from everything else, is being grossly violated), we should have our Nuclear Experts work on a new, improved, and modernized Treaty that can last long into the future. Thank you for your attention to this matter! PRESIDENT DONALD J. TRUMP",0.5244096517562866,-1,1,0,
106,2026-02-12 16:07:25.336000+00:00,2,"AG Pam Bondi, under intense fire from the Trump Deranged Radical Left Lunatics, was fantastic at yesterday's Hearing on the never ending saga of Jeffrey Epstein, where the one thing that has been proven conclusively, much to their chagrin, was that President Donald J. Trump has been 100% exonerated of their ridiculous Russia, Russia, Russia type charges. Actually, it is the SLIMEBALL Democrats, many of them big Donors and Politicians, that have been proven GUILTY! ""Republican"" Loser, Sanctimonious RINO Congressman, Thomas Massie, made a total fool of himself yesterday, fighting aimlessly against a hopeless agenda of Hate and Stupidity, as most clearly stated by his crashing Job Approval Numbers in the Great Commonwealth of Kentucky, where a Military Hero Opponent, Ed Gallrein, is crushing him in the Polls. He is now in ""Wacky"" Liz Cheney territory! Nobody cared about Epstein when he was alive, they only cared about him when they thought he could create Political Harm to a very popular President who has brought our Country back from the brink of extinction, and very quickly, at that! In fact, this attempt by the Democrats to take away attention from tremendous Republican SUCCESS is backfiring badly. Maybe they should focus on their quest to Open our Borders to the World's Greatest Criminals, have Transgender for Everybody or, get Men, no matter their size or strength, to play in Women's Sports. Thank you for your attention to this matter! PRESIDENT DONALD J. TRUMP || Relations between Venezuela and the United States have been, to put it mildly, extraordinary! We are dealing very well with President Delcy Rodriguez, and her Representatives. Oil is starting to flow, and large amounts of money, unseen for many years, will soon be greatly helping the people of Venezuela. Marco Rubio, and all of our Representatives, are doing a fantastic job, but we speak only for ourselves, and don't want there to be any confusion or misrepresentation. There is a story about a man named Harry Sargeant III in The Wall Street Journal. He has no authority, in any way, shape, or form, to act on behalf of the United States of America, nor does anyone else that is not approved by the State Department. Without this approval, no one is authorized to represent our Country. Thank you for your attention to this matter! PRESIDENT DONALD J. TRUMP",0.7218388319015503,+1,2,1,
108,2026-02-18 18:42:29.552000+00:00,1,"I have been telling Prime Minister Keir Starmer, of the United Kingdom, that Leases are no good when it comes to Countries, and that he is making a big mistake by entering a 100 Year Lease with whoever it is that is ""claiming"" Right, Title, and Interest to Diego Garcia, strategically located in the Indian Ocean. Our relationship with the United Kingdom is a strong and powerful one, and it has been for many years, but Prime Minister Starmer is losing control of this important Island by claims of entities never known of before. In our opinion, they are fictitious in nature. Should Iran decide not to make a Deal, it may be necessary for the United States to use Diego Garcia, and the Airfield located in Fairford, in order to eradicate a potential attack by a highly unstable and dangerous Regime — An attack that would potentially be made on the United Kingdom, as well as other friendly Countries. Prime Minister Starmer should not lose control, for any reason, of Diego Garcia, by entering a tenuous, at best, 100 Year Lease. This land should not be taken away from the U.K. and, if it is allowed to be, it will be a blight on our Great Ally. We will always be ready, willing, and able to fight for the U.K., but they have to remain strong in the face of Wokeism, and other problems put before them. DO NOT GIVE AWAY DIEGO GARCIA!",0.47504115104675293,0,1,0,
110,2026-02-28 21:37:32.281000+00:00,1,"Khamenei, one of the most evil people in History, is dead. This is not only Justice for the people of Iran, but for all Great Americans, and those people from many Countries throughout the World, that have been killed or mutilated by Khamenei and his gang of bloodthirsty THUGS. He was unable to avoid our Intelligence and Highly Sophisticated Tracking Systems and, working closely with Israel, there was not a thing he, or the other leaders that have been killed along with him, could do. This is the single greatest chance for the Iranian people to take back their Country. We are hearing that many of their IRGC, Military, and other Security and Police Forces, no longer want to fight, and are looking for Immunity from us. As I said last night, ""Now they can have Immunity, later they only get Death!"" Hopefully, the IRGC and Police will peacefully merge with the Iranian Patriots, and work together as a unit to bring back the Country to the Greatness it deserves. That process should soon be starting in that, not only the death of Khamenei but the Country has been, in only one day, very much destroyed and, even, obliterated. The heavy and pinpoint bombing, however, will continue, uninterrupted throughout the week or, as long as necessary to achieve our objective of PEACE THROUGHOUT THE MIDDLE EAST AND, INDEED, THE WORLD! Thank you for your attention to this matter. PRESIDENT DONALD J. TRUMP",0.4820990562438965,-2,3,1,
112,2026-03-02 21:43:07.189000+00:00,1,"If I didn't terminate Obama's horrendous Iran Nuclear Deal (JCPOA), Iran would have had a Nuclear Weapon three years ago. That was the most dangerous transaction we have ever entered into, and had it been allowed to stand, the World would be an entirely different place right now. You can blame Barack Hussein Obama, and Sleepy Joe Biden. THANK YOU PRESIDENT TRUMP!",0.5126470327377319,0,1,0,
113,2026-03-02 23:20:48.211000+00:00,2,"The Radical Left Democrats, a Party that has completely lost its way, are complaining bitterly about the very necessary and important attack, by the United States and Israel, on Iran. What most people understand is that they are only complaining BECAUSE I DID IT and, if I didn't do it, they would be screaming — Why didn't ""TRUMP"" attack Iran, he should do it, IMMEDIATELY? There's nothing surprising about this! It's the same people that the other night at The State of the Union Address wouldn't stand for ANYBODY, including a mother who lost her beautiful daughter to an illegal alien, a Great and Brave Helicopter Pilot, who got the Congressional Medal of Honor, or a 100-year-old Veteran Warrior whose Bravery is Legend! The fact is, whatever I do, they will be on the opposite side. These people are SICK, CRAZY, and DEMENTED, but America, despite them all, is now BIGGER, BETTER, AND STRONGER THAN EVER BEFORE. MAKE AMERICA GREAT AGAIN! President DONALD J. TRUMP || DOUG SCHOEN: As a Democrat, I back Trump's Iran strike — my party is wrong: foxnews.com/opinion/doug-schoe",0.5011391639709473,0,1,0,
114,2026-03-03 04:56:41.883000+00:00,1,"The United States Munitions Stockpiles have, at the medium and upper medium grade, never been higher or better - As was stated to me today, we have a virtually unlimited supply of these weapons. Wars can be fought ""forever,"" and very successfully, using just these supplies (which are better than other countries finest arms!). At the highest end, we have a good supply, but are not where we want to be. Much additional high grade weaponry is stored for us in outlying countries. Sleepy Joe Biden spent all of his time, and our Country's money, GIVING everything to P.T. Barnum (Zelenskyy!) of Ukraine - Hundreds of Billions of Dollars worth - And, while he gave so much of the super high end away (FREE!), he didn't bother to replace it. Fortunately, I rebuilt the military in my first term, and continue to do so. The United States is stocked, and ready to WIN, BIG!!! Thank you for your attention to this matter. President DONALD J. TRUMP",0.3672868013381958,-1,2,0,
115,2026-03-03 12:18:04.587000+00:00,1,NATO Secretary General Mark Rutte praises 'Operation Epic Fury' strikes on Iran: foxnews.com/video/639026830111,0.5446614623069763,+1,1,0,
119,2026-03-07 02:18:35.216000+00:00,1,GREGG JARRETT: Democrat war powers vote was an unconstitutional way to halt Iran strikes: foxnews.com/opinion/gregg-jarr,0.4672572612762451,0,1,0,
126,2026-03-12 13:14:43.985000+00:00,1,"The United States is the largest Oil Producer in the World, by far, so when oil prices go up, we make a lot of money. BUT, of far greater interest and importance to me, as President, is stoping an evil Empire, Iran, from having Nuclear Weapons, and destroying the Middle East and, indeed, the World. I won't ever let that happen! Thank you for your attention to this matter. President DONALD J. TRUMP",0.3110933303833008,-1,2,0,
134,2026-03-14 18:58:09.514000+00:00,2,"The United States of America has beaten and completely decimated Iran, both Militarily, Economically, and in every other way, but the Countries of the World that receive Oil through the Hormuz Strait must take care of that passage, and we will help — A LOT! The U.S. will also coordinate with those Countries so that everything goes quickly, smoothly, and well. This should have always been a team effort, and now it will be — It will bring the World together toward Harmony, Security, and Everlasting Peace! President DONALD J. TRUMP || McLaughlin: Strong Majority Backs Trump in Stopping Iran's Nuclear Ambitions: newsmax.com/mclaughlin/cable-n",0.19648998975753784,+1,2,1,
138,2026-03-18 12:35:32.232000+00:00,2,"I wonder what would happen if we ""finished off"" what's left of the Iranian Terror State, and let the Countries that use it, we don't, be responsible for the so called ""Strait?"" That would get some of our non-responsive ""Allies"" in gear, and fast!!! President DJT || US allies need to get a grip – step up and help open the Strait of Hormuz: nypost.com/2026/03/17/opinion/",0.3451155424118042,-1,1,1,
140,2026-03-19 02:40:48.946000+00:00,1,Graham tears into European allies over Strait of Hormuz reluctance: thehill.com/homenews/senate/57,0.652050793170929,0,1,0,
142,2026-03-20 21:13:10.398000+00:00,1,"We are getting very close to meeting our objectives as we consider winding down our great Military efforts in the Middle East with respect to the Terrorist Regime of Iran: (1) Completely degrading Iranian Missile Capability, Launchers, and everything else pertaining to them. (2) Destroying Iran's Defense Industrial Base. (3) Eliminating their Navy and Air Force, including Anti Aircraft Weaponry. (4) Never allowing Iran to get even close to Nuclear Capability, and always being in a position where the U.S.A. can quickly and powerfully react to such a situation, should it take place. (5) Protecting, at the highest level, our Middle Eastern Allies, including Israel, Saudi Arabia, Qatar, the United Arab Emirates, Bahrain, Kuwait, and others. The Hormuz Strait will have to be guarded and policed, as necessary, by other Nations who use it — The United States does not! If asked, we will help these Countries in their Hormuz efforts, but it shouldn't be necessary once Iran's threat is eradicated. Importantly, it will be an easy Military Operation for them. Thank you for your attention to this matter! President DONALD J. TRUMP",0.19643181562423706,+1,2,1,
144,2026-03-21 23:44:53.572000+00:00,1,"If Iran doesn't FULLY OPEN, WITHOUT THREAT, the Strait of Hormuz, within 48 HOURS from this exact point in time, the United States of America will hit and obliterate their various POWER PLANTS, STARTING WITH THE BIGGEST ONE FIRST! Thank you for your attention to this matter. President DONALD J. TRUMP",0.320784330368042,-1,3,1,
146,2026-03-23 14:29:33.269000+00:00,1,"RT AM PLEASED TO REPORT THAT THE UNITED STATES OF AMERICA, AND THE COUNTRY OF IRAN, HAVE HAD, OVER THE LAST TWO DAYS, VERY GOOD AND PRODUCTIVE CONVERSATIONS REGARDING A COMPLETE AND TOTAL RESOLUTION OF OUR HOSTILITIES IN THE MIDDLE EAST. BASED ON THE TENOR AND TONE OF THESE IN DEPTH, DETAILED, AND CONSTRUCTIVE CONVERSATIONS, WHICH WILL CONTINUE THROUGHOUT THE WEEK, I HAVE INSTRUCTED THE DEPARTMENT OF WAR TO POSTPONE ANY AND ALL MILITARY STRIKES AGAINST IRANIAN POWER PLANTS AND ENERGY INFRASTRUCTURE FOR A FIVE DAY PERIOD, SUBJECT TO THE SUCCESS OF THE ONGOING MEETINGS AND DISCUSSIONS. THANK YOU FOR YOUR ATTENTION TO THIS MATTER! PRESIDENT DONALD J. TRUMP",0.0068168044090271,+1,2,1,
147,2026-03-25 15:30:40.690000+00:00,1,"The Radical Left, Country Hating Democrats are trying to create inner chaos to take away from the great military achievement we are having in Iran. They hate seeing us WIN so completely and decisively, but the American public sees what is going on. AMERICA FIRST! President DJT",0.3744617700576782,0,1,0,
148,2026-03-25 16:51:38.127000+00:00,1,"Speaker of the House Mike Johnson and Senate Majority Leader John Thune have been working to pass a clean extension of FISA Section 702, a Law that was passed many years ago by Congress to collect Intelligence on Foreigners and Noncitizens. When used properly, FISA is an effective tool to keep Americans safe. For these reasons, I have called for a clean 18-month extension, HOWEVER, the Critical and Common Sense Reforms that were made in the last Reauthorization of FISA must remain intact to protect the American People from abuses. Nobody understands this better than me, as I was a victim of the worst and most illegal abuse of FISA in our Nation's History, by Radical Left Lunatics who lied to the FISA Court to spy on my 2016 Presidential Campaign in their attempt to RIG the Election in favor of Crooked Hillary Clinton. That is why, since the first day of my already Historic Second Term, my Administration has worked tirelessly to ensure these Reforms are being aggressively executed at every level of the Executive Branch to keep Americans safe, while protecting their sacred Civil Liberties guaranteed by our Great Constitution. With the ongoing successful Military activities against the Terrorist Iranian Regime, it is more important than ever that we remain vigilant, PROTECT our Homeland, Troops, and Diplomats stationed abroad, and maintain our ability to quickly stop bad actors seeking to cause harm to our People and our Country. The fact is, whether you like FISA or not, it is extremely important to our Military. I have spoken to many Generals about this, and they consider it vital. Not one said, even tacitly, that they can do without it — especially right now with our brilliant Military Operation in Iran. Thank you for your attention to this very important matter! President DONALD J. TRUMP",0.5250375270843506,0,1,0,
149,2026-03-25 18:17:56.770000+00:00,1,"My meeting with the Highly Respected President of China, President Xi Jinping, which was originally postponed due to our Military operation in Iran, has been rescheduled, and will take place in Beijing on May 14th and 15th. First Lady Melania and I will also host President Xi and Madame Peng for a reciprocal visit in Washington, D.C., at a later date, this year. Our Representatives are finalizing preparations for these Historic Visits. I look very much forward to spending time with President Xi in what will be, I am sure, a Monumental Event. Thank you for your attention to this matter! President DONALD J. TRUMP",0.5869854688644409,0,1,0,
151,2026-03-26 10:39:31.628000+00:00,1,"The Iranian negotiators are very different and ""strange."" They are ""begging"" us to make a deal, which they should be doing since they have been militarily obliterated, with zero chance of a comeback, and yet they publicly state that they are only ""looking at our proposal."" WRONG!!! They better get serious soon, before it is too late, because once that happens, there is NO TURNING BACK, and it won't be pretty! President DJT",0.3703962564468384,-1,2,1,
152,2026-03-27 18:16:32.157000+00:00,1,Going to make a big speech on economics in Miami. Our Military Operation in Iran is going GREAT! President DJT,0.4604839086532593,+1,1,0,
154,2026-03-30 11:26:45.164000+00:00,1,"The United States of America is in serious discussions with A NEW, AND MORE REASONABLE, REGIME to end our Military Operations in Iran. Great progress has been made but, if for any reason a deal is not shortly reached, which it probably will be, and if the Hormuz Strait is not immediately ""Open for Business,"" we will conclude our lovely ""stay"" in Iran by blowing up and completely obliterating all of their Electric Generating Plants, Oil Wells and Kharg Island (and possibly all desalinization plants!), which we have purposefully not yet ""touched."" This will be in retribution for our many soldiers, and others, that Iran has butchered and killed over the old Regime's 47 year ""Reign of Terror."" Thank you for your attention to this matter. President DONALD J. TRUMP",0.18145692348480225,+1,2,1,
165,2026-04-07 22:32:26.138000+00:00,1,"Based on conversations with Prime Minister Shehbaz Sharif and Field Marshal Asim Munir, of Pakistan, and wherein they requested that I hold off the destructive force being sent tonight to Iran, and subject to the Islamic Republic of Iran agreeing to the COMPLETE, IMMEDIATE, and SAFE OPENING of the Strait of Hormuz, I agree to suspend the bombing and attack of Iran for a period of two weeks. This will be a double sided CEASEFIRE! The reason for doing so is that we have already met and exceeded all Military objectives, and are very far along with a definitive Agreement concerning Longterm PEACE with Iran, and PEACE in the Middle East. We received a 10 point proposal from Iran, and believe it is a workable basis on which to negotiate. Almost all of the various points of past contention have been agreed to between the United States and Iran, but a two week period will allow the Agreement to be finalized and consummated. On behalf of the United States of America, as President, and also representing the Countries of the Middle East, it is an Honor to have this Longterm problem close to resolution. Thank you for your attention to this matter! President DONALD J. TRUMP",0.3027259111404419,+2,3,1,
169,2026-04-09 20:28:41.816000+00:00,1,"I know why Tucker Carlson, Megyn Kelly, Candace Owens, and Alex Jones have all been fighting me for years, especially by the fact that they think it is wonderful for Iran, the Number One State Sponsor of Terror, to have a Nuclear Weapon — Because they have one thing in common, Low IQs. They're stupid people, they know it, their families know it, and everyone else knows it, too! Look at their past, look at their record. They don't have what it takes, and they never did! They've all been thrown off Television, lost their Shows, and aren't even invited on TV because nobody cares about them, they're NUT JOBS, TROUBLEMAKERS, and will say anything necessary for some ""free"" and cheap publicity. Now they think they get some ""clicks"" because they have Third Rate Podcasts, but nobody's talking about them, and their views are the opposite of MAGA — Or I wouldn't have won the Presidential Election in a LANDSLIDE. MAGA agrees with me, and just gave CNN a 100% Approval Rating of ""TRUMP,"" not Hand Flailing Fools like Tucker Carlson, who couldn't even finish College, he was a broken man when he got fired from Fox, and he's never been the same — Perhaps he should see a good psychiatrist! Or Megyn Kelly, who nastily asked me the now famous, ""Only Rosie O'Donnell,"" question, or ""Crazy"" Candace Owens, who accuses the Highly Respected First Lady of France of being a man, when she is not, and will hopefully win lots of money in the ongoing lawsuit. Actually, to me, the First Lady of France is a far more beautiful woman than Candace, in fact, it's not even close! Or Bankrupt Alex Jones, who says some of the dumbest things, and lost his entire fortune, as he should have, for his horrendous attack on the families of the Sandy Hook shooting victims, ridiculously claiming it was a hoax. These so-called ""pundits"" are LOSERS, and they always will be! Now Fake News CNN, The Failing New York Times, and all of the other Radical Left ""News"" Organizations, are ""hailing"" them, and giving them ""positive"" press for the first time in their lives. They're not ""MAGA,"" they're losers, just trying to latch on to MAGA. As President, I could get them on my side anytime I want to, but when they call, I don't return their calls because I'm too busy on World and Country Affairs and, after a few times, they go ""nasty,"" just like Marjorie ""Traitor"" Brown, but I no longer care about that stuff, I only care about doing right for our Country. MAGA is about WINNING and STRENGTH in not allowing Iran to have Nuclear Weapons. MAGA is about MAKING AMERICA GREAT AGAIN, and these people have no idea how to do that, BUT I DO, because THE UNITED STATES IS NOW THE ""HOTTEST"" COUNTRY ANYWHERE IN THE WORLD! President DONALD J. TRUMP",0.5238469243049622,0,1,0,
170,2026-04-09 21:08:34.116000+00:00,2,"There are reports that Iran is charging fees to tankers going through the Hormuz Strait — They better not be and, if they are, they better stop now! President DONALD J. TRUMP || The Wall Street Journal, one of the worst and most inaccurate ""Editorial Boards"" in the World, stated that I ""declared premature victory in Iran."" Actually, it is a Victory, and there's nothing ""premature"" about it! Because of me, IRAN WILL NEVER HAVE A NUCLEAR WEAPON and, very quickly, you'll see Oil start flowing, with or without the help of Iran and, to me, it makes no difference, either way. The Wall Street Journal will, as usual, live to eat their words. They are always quick to criticize, but never to admit when they're wrong, which is most of the time! President DONALD J. TRUMP",0.28456413745880127,+1,1,1,
172,2026-04-10 05:15:15.066000+00:00,1,"Trump upends China's lucrative sanctioned oil import scheme after Iran, Venezuela interventions: justthenews.com/government/dip",0.46398764848709106,-1,1,0,
180,2026-04-13 04:43:13.269000+00:00,1,The United States to Blockade Ships Entering or Exiting Iranian Ports on April 13 at 10:00 A.M. ET. Thank you for your attention to this matter! President DJT,0.40466082096099854,-2,3,1,
187,2026-04-15 03:34:56.928000+00:00,2,"Will someone please tell Pope Leo that Iran has killed at least 42,000 innocent, completely unarmed, protesters in the last two months, and that for Iran to have a Nuclear Bomb is absolutely unacceptable. Thank you for your attention to this matter. AMERICA IS BACK!!! President DONALD J. TRUMP || Chokehold: Iran could run out of oil storage with Trump blockade, wreaking havoc with its economy:",0.30811119079589844,-1,1,1,
194,2026-04-19 19:23:20.602000+00:00,1,"Today, an Iranian-flagged cargo ship named TOUSKA, nearly 900 feet long and weighing almost as much as an aircraft carrier, tried to get past our Naval Blockade, and it did not go well for them. The U.S. Navy Guided Missile Destroyer USS SPRUANCE intercepted the TOUSKA in the Gulf of Oman, and gave them fair warning to stop. The Iranian crew refused to listen, so our Navy ship stopped them right in their tracks by blowing a hole in the engineroom. Right now, U.S. Marines have custody of the vessel. The TOUSKA is under U.S. Treasury Sanctions because of their prior history of illegal activity. We have full custody of the ship, and are seeing what's on board! President DONALD J. TRUMP",0.4023909568786621,-1,1,0,
195,2026-04-20 14:16:38.257000+00:00,1,"Israel never talked me into the war with Iran, the results of Oct. 7th, added to my lifelong opinion that IRAN CAN NEVER HAVE A NUCLEAR WEAPON, did. I watch and read the FAKE NEWS Pundits and Polls in total disbelief. 90% of what they say are lies and made up stories, and the polls are rigged, much as the 2020 Presidential Election was rigged. Just like the results in Venezuela, which the media doesn't like talking about, the results in Iran will be amazing - And if Iran's new leaders (Regime Change!) are smart, Iran can have a great and prosperous future! President DJT",0.4411029815673828,+1,1,0,
198,2026-04-20 19:01:30.674000+00:00,3,"RT DEAL that we are making with Iran will be FAR BETTER than the JCPOA, commonly referred to as ""The Iran Nuclear Deal,"" penned by Barack Hussein Obama and Sleepy Joe Biden, one of the Worst Deals ever made having to do with the Security of our Country. It was a guaranteed Road to a Nuclear Weapon, which will not, and cannot, happen with the Deal we're working on. They actually gave $1.7 Billion Dollars in ""GREEN"" Cash, loaded into a Boeing 757, and flown to Iran for Iranian leadership to spend anyway they saw fit. He emptied out all of the Cash from Banks in D.C., Virginia, and Maryland. Those Bankers said they've never seen anything like it before. In addition, Hundreds of Billions of Dollars was paid to Iran. If I did not terminate that ""Deal,"" Nuclear Weapons would have been used on Israel, and all over the Middle East, including our cherished U.S. Military Bases. The Fake News, like Lightweight Washington Post ""Journalist"" David Ignatius, loves to talk about the JCPOA, knowing that it was DANGEROUS, and a Complete Embarrassment to our Country. If a Deal happens under ""TRUMP,"" it will guarantee Peace, Security, and Safety, not only for Israel and the Middle East, but for Europe, America, and everywhere else. It will be something that the entire World will be proud of, instead of the years of Embarrassment and Humiliation that we have been forced to suffer due to incompetent and cowardly leadership! President DONALD J. TRUMP || RT Democrats are doing everything possible to hurt the very strong position we are in with respect to Iran. Despite World War I lasting 4 years, 3 months, and 14 days, World War II lasting 6 years and 1 day, the Korean War lasting 3 years, 1 month, and 2 days, the Vietnam War lasting 19 years, 5 months, and 29 days, and Iraq lasting 8 years, 8 months, and 28 days, they like to say that I promised 6 weeks to defeat Iran, and actually, from the Military standpoint, it was far faster than that, but I'm not going to let them rush the United States into making a Deal that is not as good as it could have been. I read the Fake News saying that I am under ""pressure"" to make a Deal. THIS IS NOT TRUE! I am under no pressure whatsoever, although, it will all happen, relatively quickly! Time is not my adversary, the only thing that matters is that we finally, after 47 years, straighten out the MESS that other Presidents let happen because they didn't have the Courage or Foresight to do what had to be done with respect to Iran. We're in it, and it will be done RIGHT, and we won't let the Weak and Pathetic Democrats, TRAITORS ALL, who for years have been talking about the Dangers of Iran, and that something has to be done, but now, since I'm the one doing it, belittle the accomplishments of our Military and the Trump Administration. This is being perfectly executed, on the scale of Venezuela, just a bigger, more complex operation. The result will be the same. In my First Term, I built the Greatest Military our Country has ever seen, including adding Space Force. In my Second Term, I am properly and judiciously using our Military to solve problems left to us by others of far less understanding or competence. MAKE AMERICA GREAT AGAIN! President DONALD J. TRUMP || RT 'm winning a War, BY A LOT, things are going very well, our Military has been amazing and, if you read the Fake News, like The Failing New York Times, the absolutely horrendous and disgusting Wall Street Journal, or the now almost defunct, fortunately, Washington Post, you would actually think we are losing the War. The enemy is confused, because they get these same Media ""reports,"" and yet they realize their Navy has been completely wiped out, their Air Force has gone onto darker runways, they have no Anti Missile or Anti Airplane Equipment, their former leaders are mostly gone (This has been, in addition to everything else, Regime Change!), and perhaps, most important of all, THE BLOCKADE, which we will not take off until there is a ""DEAL,"" is absolutely destroying Iran. They are losing $500 Million Dollars a day, an unsustainable number, even in the short run. The Anti-America Fake News Media is rooting for Iran to win, but it's not going to happen, because I'm in charge! Just like these unpatriotic people used every ounce of their limited strength to fight me in the Election, they continue to do so with Iran. The result will be the same — It already is! President DONALD J. TRUMP",0.007169008255004883,+2,1,0,
201,2026-04-21 20:09:39.240000+00:00,1,"STATEMENT OF PRESIDENT DONALD J. TRUMP: Based on the fact that the Government of Iran is seriously fractured, not unexpectedly so and, upon the request of Field Marshal Asim Munir, and Prime Minister Shehbaz Sharif, of Pakistan, we have been asked to hold our Attack on the Country of Iran until such time as their leaders and representatives can come up with a unified proposal. I have therefore directed our Military to continue the Blockade and, in all other respects, remain ready and able, and will therefore extend the Ceasefire until such time as their proposal is submitted, and discussions are concluded, one way or the other. President DONALD J. TRUMP",0.3345019817352295,-1,1,1,
204,2026-04-22 03:41:10.711000+00:00,2,Iran is collapsing financially! They want the Strait of Hormuz opened immediately- Starving for cash! Losing 500 Million Dollars a day. Military and Police complaining that they are not getting paid. SOS!!! || RT is collapsing financially! They want the Strait of Hormuz opened immediately- Starving for cash! Losing 500 Million Dollars a day. Military and Police complaining that they are not getting paid. SOS!!!,0.31379038095474243,+1,1,1,
205,2026-04-23 12:45:56.027000+00:00,2,"I have ordered the United States Navy to shoot and kill any boat, small boats though they may be (Their naval ships are ALL, 159 of them, at the bottom of the sea!), that is putting mines in the waters of the Strait of Hormuz. There is to be no hesitation. Additionally, our mine ""sweepers"" are clearing the Strait right now. I am hereby ordering that activity to continue, but at a tripled up level! Thank you for your attention to this matter. President DONALD J. TRUMP || Iran is having a very hard time figuring out who their leader is! They just don't know! The infighting is between the ""Hardliners,"" who have been losing BADLY on the battlefield, and the ""Moderates,"" who are not very moderate at all (but gaining respect!), is CRAZY! We have total control over the Strait of Hormuz. No ship can enter or leave without the approval of the United States Navy. It is ""Sealed up Tight,"" until such time as Iran is able to make a DEAL!!! Thank you for your attention to this matter. President DONALD J. TRUMP",0.22060680389404297,+1,2,1,
210,2026-04-30 13:40:56.013000+00:00,1,"The Chancellor of Germany should spend more time on ending the war with Russia/Ukraine (Where he has been totally ineffective!), and fixing his broken Country, especially Immigration and Energy, and less time on interfering with those that are getting rid of the Iran Nuclear threat, thereby making the World, including Germany, a safer place! President DJT",0.39948344230651855,0,1,0,
214,2026-05-05 22:52:09.159000+00:00,1,"Based on the request of Pakistan and other Countries, the tremendous Military Success that we have had during the Campaign against the Country of Iran and, additionally, the fact that Great Progress has been made toward a Complete and Final Agreement with Representatives of Iran, we have mutually agreed that, while the Blockade will remain in full force and effect, Project Freedom (The Movement of Ships through the Strait of Hormuz) will be paused for a short period of time to see whether or not the Agreement can be finalized and signed. President DONALD J. TRUMP",0.21250128746032715,-1,3,1,
221,2026-05-18 14:40:18.204000+00:00,1,"If Iran surrenders, admits their Navy is gone and resting at the bottom of the sea, and their Air Force is no longer with us, and if their entire Military walks out of Tehran, weapons dropped and hands held high, each shouting ""I surrender, I surrender"" while wildly waving the representative White Flag, and if their entire remaining Leadership signs all necessary ""Documents of Surrender,"" and admit their defeat to the great power and force of the magnificent U.S.A., The Failing New York Times, The China Street Journal (WSJ!), Corrupt and now Irrelevant CNN, and all other members of the Fake News Media, will headline that Iran had a Masterful and Brilliant Victory over The United States of America, it wasn't even close. The Dumacrats and Media have totally lost their way. They have gone absolutely CRAZY!!! President DJT",0.3122837543487549,0,1,0,
223,2026-05-18 20:02:49.430000+00:00,1,"RT have been asked by the Emir of Qatar, Tamim bin Hamad Al Thani, the Crown Prince of Saudi Arabia, Mohammed bin Salman Al Saud, and the President of the United Arab Emirates, Mohamed bin Zayed Al Nahyan, to hold off on our planned Military attack of the Islamic Republic of Iran, which was scheduled for tomorrow, in that serious negotiations are now taking place, and that, in their opinion, as Great Leaders and Allies, a Deal will be made, which will be very acceptable to the United States of America, as well as all Countries in the Middle East, and beyond. This Deal will include, importantly, NO NUCLEAR WEAPONS FOR IRAN! Based on my respect for the above mentioned Leaders, I have instructed Secretary of War, Pete Hegseth, The Chairman of The Joint Chiefs of Staff, General Daniel Caine, and The United States Military, that we will NOT be doing the scheduled attack of Iran tomorrow, but have further instructed them to be prepared to go forward with a full, large scale assault of Iran, on a moment's notice, in the event that an acceptable Deal is not reached. Thank you for your attention to this matter! President DONALD J. TRUMP",0.0029441118240356445,+1,2,1,
224,2026-05-22 05:29:09.921000+00:00,1,"RT Iran surrenders, admits their Navy is gone and resting at the bottom of the sea, and their Air Force is no longer with us, and if their entire Military walks out of Tehran, weapons dropped and hands held high, each shouting ""I surrender, I surrender"" while wildly waving the representative White Flag, and if their entire remaining Leadership signs all necessary ""Documents of Surrender,"" and admit their defeat to the great power and force of the magnificent U.S.A., The Failing New York Times, The China Street Journal (WSJ!), Corrupt and now Irrelevant CNN, and all other members of the Fake News Media, will headline that Iran had a Masterful and Brilliant Victory over The United States of America, it wasn't even close. The Dumacrats and Media have totally lost their way. They have gone absolutely CRAZY!!! President DJT",0.023055851459503174,0,1,0,
228,2026-05-24 18:16:36.928000+00:00,1,"If I make a deal with Iran, it will be a good and proper one, not like the one made by Obama, which gave Iran massive amounts of CASH, and a clear and open path to a Nuclear Weapon. Our deal is the exact opposite, but nobody has seen it, or knows what it is. It isn't even fully negotiated yet. So don't listen to the losers, who are critical about something they know nothing about. Unlike those before me who should have solved this problem many years ago, I don't make bad deals! President DJT",0.28230953216552734,-1,2,1,
239,2026-05-30 22:48:58.804000+00:00,1,"RT you imagine? A Barack Hussein Obama Judge named Christopher Cooper has stopped a magnificent structural and aesthetic rebuilding of The Trump Kennedy Center where Millions of Dollars of material, marble, furniture, steel, air conditioning, heating, and so much else was ordered, or soon to be ordered, with the end result being a structure that would no longer be in a potential state of collapse, rusted, rotted, and rat and bug infested, to one that would be the Finest anywhere in the World. It was necessary to close the Center in order to get this work done. It is not possible to have a major and very dangerous Construction job, including the replacement of structural beams, with audiences innocently going in to watch a Play. The marble is in terrible shape, the pipes are gone, the air conditioning and heating systems are 65 years old, and no longer functioning. It was all being torn out to be replaced by brand new Carrier Equipment, at the highest standard. Now that won't happen anymore because a Judge, whose wife is an anti Trump Hater, and he is too, decided, unprecedentedly, to not allow a desperately needed Building Renovation to go forward. On top of that, he said, ""Rip his name off the Building, he's got 20 days to do so,"" even though a large Board of some of the most distinguished people in the Country voted unanimously to put the name up. I didn't do it, the Board did because they thought it would be good for this dying Institution, which was doing Record Low Business and, especially after COVID, only getting worse — True for other such Institutions throughout the Country, but The Trump Kennedy Center was going to be a special one. It would have fully recovered, when none others will. It would have been a New Standard of Excellence, one of my many Gifts to Washington, D.C. The new Building would have been incomparable, beautiful marble, magnificent chandeliers, the finest carpets, rugs, and furniture, designed at the highest level but, perhaps most importantly, replaced steel on many beams, columns, and girders, making the Building structurally sound again. People shouldn't be allowed to go into that Building until this is fixed, and yet the Trump Hating Judge wants to keep it open because his wife probably told him to do so! Cooper's wife, Amy Jeffress, who doesn't use the ""Cooper"" name because they, as a couple, don't want people to know that she has a Conflict of Interest with an important Judge, is a Radical Left Democrat, who worked as a Federal Prosecutor and Counselor to Obama Attorney General, Eric Holder, worked behind the scenes for the January 6th Unselect Committee of Political Hacks and Thugs, Dirty Cop FBI attorney Lisa Page in the Hillary Clinton Email Scandal, RUSSIA RUSSIA RUSSIA Hoax, and her Millions of Dollars Settlement, even though she was ""guilty as hell,"" and is currently representing Sleepy Joe Biden on the release of his audio tapes, and more. She also works for the same Legal Firm that represented E. Jean Carroll who received a decision against me, now under appeal, that was shocking to the entire World. Amy is totally wired into the Left System, from her husband down, and it is impossible for me to be treated fairly. He has a total Conflict of Interest, and should be brought up on charges for not revealing these facts. That is why The Kennedy Center will soon be closed, probably never to open again. That is why, at a different level, and with different players, our Country lost the TARIFF Case, and is forced to pay back 149 Billion Dollars in money received from people who hate everything we stand for. They are laughing all the way to the Bank at how stupid we are (One half sentence clause from the Supreme Court would have saved us this incalculable amount of money!), and that is probably why our Country will lose the Birthright Citizenship Case (No other Country in the World has this — It is totally unaffordable!), because our Court System is RIGGED, no different than our Political System is RIGGED, and the people of our Country know it, and that is why I got overwhelmingly elected President, in Record Numbers, and will FIGHT, FIGHT, FIGHT! President DONALD J. TRUMP",-1.1920928955078125e-07,0,1,0,
246,2026-06-10 17:50:24.116000+00:00,1,"Last month, I directed our Great U.S. Military to execute a secret mission to support Oil Tankers and other Commercial Ships through the Strait of Hormuz. Today, I am pleased to announce that this effort has resulted in more than 100 MILLION Barrels of Oil making its way through the Strait, and into the Open Market. More than 200 Commercial Ships have safely traveled through the Strait. This wildly successful effort is because the UNITED STATES of AMERICA CONTROLS the Strait of Hormuz — NOT Iran. Their military is defeated, and their economy is lost. It's over for Iran! Thank you for your attention to this matter. President DONALD J. TRUMP",0.3133339285850525,+2,3,1,
261,2026-06-19 14:19:35.943000+00:00,1,"RT War has diminished Iran! It doesn't, any longer, have an Air Force, a Navy, Antiaircraft Equipment, Radar, or practically anything else, and yet the Dumocrats say that Iran is better off now than it was four months ago. Can you imagine getting away with that??? How stupid can some people be??? President DJT",0.03834187984466553,+1,1,0,
262,2026-06-20 11:00:36.045000+00:00,1,"Radical Left fools and Dumocrats realize how well we have done in our War against Iran, with their Country being completely defeated militarily. Obuma just kept giving them $Billions in cash, and never used our then depleted military for what should have been done to reign in the World's number one sponsor of terror, Iran. They had ZERO respect for him. They thought he was, like Sleepy Joe Biden, a weak and ineffective leader, and on this they were 100% correct. Iran got away with ”murder” for 47 years, until I came along. Then it all changed. AMERICA IS BACK!!! President DJT",0.3810725212097168,0,1,0,
264,2026-06-20 19:15:17.123000+00:00,1,"There will be NO TOLLS in the Hormuz Strait for 60 days during the Cease Fire Period, and there will be NO TOLLS after the 60 day period has expired, unless they are imposed by and for the United States of America, should the deal not be completed, for services rendered as the Guardian Angel to the countries of the Middle East for purposes of both past, present, and future reimbursement of costs. Thank you for your attention to this matter!!! President DJT",0.4160952568054199,+2,3,1,
266,2026-06-21 20:57:26.434000+00:00,1,"The headline in the Corrupt and Failing New York Times: “What Changed After Almost 4 Months of War? Analysts Say Not Much.” REALLY? Their Military is DONE, their Navy is GONE, their Air Force is GONE, their Launching Pads, Missiles, Drones and Manufacturing of same, is almost GONE, their top two sets of Leaders are GONE, their Inflation is at 250%, their Economy is BROKEN, their Soldiers aren't being paid, the Hormuz Strait is OPEN, THE OIL IS GUSHING, and the U.S. Stock Market and Jobs are at record HIGHS. That's what's CHANGED, you corrupt and unethical cowards, and MORE!!! President DJT",0.46062135696411133,+2,2,1,
269,2026-06-23 11:20:55.091000+00:00,2,"Despite their protestations and false statements to the contrary, coupled with the drumbeat of the Fake News, which is doing everything possible to make the U.S. Victory as small and insignificant as possible, Iran has fully and completely agreed to highest level Nuclear inspections long into the future (Infinity!!!). This will insure “Nuclear Honesty.” If they did not agree to this, there would be no further negotiations! Based on this and other major concessions being made by Iran, I have agreed to allow the Hormuz Strait to remain OPEN, with no further Naval Blockade. However, all ships are remaining in place should it be necessary to reinstitute the Blockade, which seems, at this point, highly unlikely. The Money and/or Sanctions that the U.S. Treasury is releasing goes into escrow, controlled by the U.S.A., and will be used for the purchase of food and medical supplies, exclusively from the United States, including Corn, Wheat, and Soybeans from our great American Farmers. These are things that are desperately needed by Iran. This is a humanitarian crisis, and I feel it is necessary to help, NOW, before it is too late. Talks are going well! Thank you for your attention to this matter. President DONALD J. TRUMP || 19 Millions Barrels of Oil flowed out of the Hormuz Strait yesterday, an all time RECORD. Oil prices are tumbling down, and the World is a much safer place!!! President DONALD J. TRUMP",0.23092412948608398,+2,3,1,
276,2026-07-11 03:18:00.685000+00:00,1,"1000 Missiles are Locked and Loaded and aimed at the Islamic Republic of Iran, with thousands of more to immediately follow, should the Iranian Government act on its threat, pronounced in many corners of the Globe, to assassinate, or attempt to assassinate, the sitting President of the United States of America, in this case, ME! Orders have already been given, and the U.S. Military is ready, willing, and able, for a one year period of time, subject to extension, to completely decimate and destroy all areas of Iran - PRAISE BE TO ALLAH! President DONALD J. TRUMP",0.4103211760520935,-1,2,1,
277,2026-07-11 04:07:03.301000+00:00,1,"RT Missiles are Locked and Loaded and aimed at the Islamic Republic of Iran, with thousands of more to immediately follow, should the Iranian Government act on its threat, pronounced in many corners of the Globe, to assassinate, or attempt to assassinate, the sitting President of the United States of America, in this case, ME! Orders have already been given, and the U.S. Military is ready, willing, and able, for a one year period of time, subject to extension, to completely decimate and destroy all areas of Iran - PRAISE BE TO ALLAH! President DONALD J. TRUMP",0.0942307710647583,-1,2,1,
279,2026-07-14 14:34:11.876000+00:00,1,"Trump claims military victory, points to economic progress in the wake of first-stage Iran deal: washingtontimes.com/news/2026/",0.4347471594810486,0,1,0,
280,2026-07-14 15:04:19.216000+00:00,1,"Oil is flowing like never before, thanks to the awesome Power of the United States Military. A special salute to Secretary of War, Pete Hegseth, Chairman of the Joint Chiefs of Staff, Dan Caine, and Commander of the United States Central Command, Admiral Brad Cooper. Because of them, and all members of the Most Powerful Military anywhere in the World, BY FAR, the Strait of Hormuz is open to ALL Ship traffic except for Iran — and that is because of their lying, violent, malicious leadership, which is taking them down the path of TOTAL DESTRUCTION. We will therefore have a FULL Blockade, but only on Ships coming to and from Iranian ports, or carrying anything have to do with Iranian cargo. Based on highly productive conversations with Middle East leadership, I have decided to replace the 20% United States Reimbursement Fee with Trade and Investment Deals that the various Gulf States will be making into the United States. Those Investments will be MASSIVE but, at the same time, extraordinarily good for them, and their future. As everyone is aware, we have the largest Dollar Investment into the United States, of any Country in History, but these new Investments will make that Number even larger, and we will see Factories, Plants, and Equipment pour into the United States at Historic levels, which will create additional millions of High Paying AMERICAN Jobs! America is WINNING again, winning like never before. The days of Iran killing hundreds of thousands of people, including 52,000 protestors, are OVER and, most importantly, IRAN WILL NEVER HAVE A NUCLEAR WEAPON! Thank you for your attention to this matter. President DONALD J. TRUMP",0.3310447931289673,+2,2,1,
284,2026-07-20 16:41:23.173000+00:00,1,"Every time Iran kills an American Soldier they will pay for that killing many times over! This directive has been passed on to Secretary of War, Pete Hegseth, Chairman of the Joint Chiefs of Staff, Daniel Caine, and every Leader in the Military. President DONALD J. TRUMP",0.4063156843185425,-1,2,1,
286,2026-07-21 19:51:12.133000+00:00,2,"Afghanistan War: 20 years, 2,000 DEAD. Iraq War: 9 years, 4,600 DEAD. Vietnam War: 19 years and 5 months, 58,220 DEAD. Korean War: 3 years and 1 month, 36,574 DEAD. Venezuela War: 1 day, 0 DEAD. Iran Military Conflict: 4 months, 18 DEAD. || RT War: 20 years, 2,000 DEAD.Iraq War: 9 years, 4,600 DEAD.Vietnam War: 19 years and 5 months, 58,220 DEAD.Korean War: 3 years and 1 month, 36,574 DEAD.Venezuela War: 1 day, 0 DEAD.Iran Military Conflict: 4 months, 18 DEAD.",0.6473549008369446,0,1,0,
287,2026-07-22 12:56:52.464000+00:00,1,"From this point forward, any time the Islamic Republic of Iran shoots at a ship in the Strait of Hormuz, whether it be by Missile, Rocket, Drone, or any other device or weapon, the United States will bomb and destroy ONE BRIDGE OR POWER PLANT, including those located next to, or in, the Capital City of Tehran. Thank you for your attention to this matter! President DONALD J. TRUMP",0.3463038206100464,-1,2,1,
289,2026-08-02 02:05:08.926000+00:00,1,"The U.S.A. is locked and loaded and ready to go against the Islamic Republic of Iran, at levels of Military Terror, Strength, and Power not seen since World War II. Despite this, we have just been asked by Iran, and other Middle Eastern Countries, to hold off any attack in that the perimeters of a deal has been agreed to. This would include the Immediate, Complete, and Total OPENING OF THE HORMUZ STRAIT, and an end to Iran's nuclear threat. Based on this request, I have agreed, for the future benefit of the WORLD and, likewise, the survival of a successful and prosperous Iran, to cancel the attack, subject to being able to rapidly make a DEAL. The Country of Israel joins me in this commitment. Get to work, everybody, and get it DONE. Thank you for your attention to this matter! President DONALD J. TRUMP",0.35013121366500854,+2,3,1,
290,2026-08-03 15:25:55.435000+00:00,1,"Iranian Leadership is unbelievably duplicitous! They ask for a meeting, some would say ""beg,"" talks begin, with more scheduled in the immediate future, and they say, openly and proudly, that they're not having any discussions, that nothing is being talked about, and they're only dealing with ""Oman."" They then go on to give their usual blather in saying, the Strait of Hormuz will be operated powerfully by them, when it is already completely controlled by the United States Navy and our ""Blockade"" or, as some say, ""The United States Wall of Steel!"" Nothing gets through to Iran, unless we want it to, and nothing will get through, unless a Deal, or Total Surrender, is accomplished. Whether Iran wants to admit it or not, we are, in fact, talking of a solution to a problem that they have caused, for decades. It is very simple, IRAN WILL NEVER HAVE A NUCLEAR WEAPON! Thank you for your attention to this matter. President DONALD J. TRUMP",0.31858015060424805,+1,2,1,
291,2026-08-04 22:52:51.270000+00:00,1,"For far too long, Radical Climate Activists attempted to hold our Great Country hostage by drastically and unreasonably expanding the intended scope of the Endangered Species Act. This was complete and total regulatory overreach by unelected bureaucrats! They treated Americans very unfairly by stifling the production of important resources like Oil, Natural Gas, and Timber, and blocking the construction of family homes and critical Infrastructure. Even our Military couldn't train on land that was deemed ""off limits"" to protect a little rodent! Now my Administration has returned the Endangered Species Act to how it was intended to be, just as the Great Justice Antonin Scalia has explained in previous cases. While responsibly protecting our beautiful Country, the United States of America is going to BUILD again. Thank you for your attention to this matter! President DONALD J. TRUMP",0.6342536211013794,0,1,0,
293,2026-08-10 16:31:58.878000+00:00,1,"I see that Representatives of the Islamic Republic of Iran are asking for compensation for the damage done to them during the last five month Military Conflict (started because, THEY WILL NOT HAVE A NUCLEAR WEAPON), even though it was never mentioned in any of our negotiations or meetings! But it is an interesting idea because now I am likewise demanding compensation from Iran, for all of the people that they have killed and gravely wounded with their roadside bombs and many conflicts, for which they are famous, as led initially by General Soleimani, including the families of those killed on the USS Cole, and thousands of others killed in combat. Additionally, compensation should be paid to the families of the hundreds of thousands of innocent protestors that Iran has killed over the last 50 years, not to mention the 52,000 that have been killed in the last five months. I have instructed my representatives to put this firmly into any, and all, future negotiations. Thank you for your attention to this matter! President DONALD J. TRUMP",0.397746205329895,-1,2,1,
296,2026-08-16 21:04:57.174000+00:00,1,"Based on my very good relationship with Kim Jong Un, of North Korea, I am not happy with the fact that the United States has, long ago, agreed to participate in Joint Military Exercises with South Korea. These exercises are not only costly, with much of these costs paid for by the United States of America (as usual!), but send a signal that is totally inappropriate and hostile, to a Country that, as long as Donald J. Trump has been President, has been unthreatening and respectful. Therefore, and based on the fact that it is too late to cancel, I have instructed Secretary of War, Pete Hegseth, to substantially reduce the Joint Military Exercises! While somewhat unrelated (?), I recently asked the President of South Korea if they would like to join us in the Denuclearization of the Islamic Republic of Iran, and they said, ""No thanks!"" Thank you for your attention to this matter. President DONALD J. TRUMP",0.5102590322494507,0,1,0,
297,2026-08-17 01:02:37.367000+00:00,1,"RT on my very good relationship with Kim Jong Un, of North Korea, I am not happy with the fact that the United States has, long ago, agreed to participate in Joint Military Exercises with South Korea. These exercises are not only costly, with much of these costs paid for by the United States of America (as usual!), but send a signal that is totally inappropriate and hostile, to a Country that, as long as Donald J. Trump has been President, has been unthreatening and respectful. Therefore, and based on the fact that it is too late to cancel, I have instructed Secretary of War, Pete Hegseth, to substantially reduce the Joint Military Exercises! While somewhat unrelated (?), I recently asked the President of South Korea if they would like to join us in the Denuclearization of the Islamic Republic of Iran, and they said, ""No thanks!"" Thank you for your attention to this matter. President DONALD J. TRUMP",0.002983689308166504,0,1,0,
298,2026-08-17 10:18:09.814000+00:00,1,"The number one Goal is, and always will be, that Iran cannot have, in any way, shape, or form, a Nuclear Weapon. Thank you for your attention to this matter! President DONALD J. TRUMP",0.41315144300460815,-1,1,1,
300,2026-08-19 22:59:02.219000+00:00,1,"No one has given the Islamic Republic of Iran a greater opportunity to make a Deal than me. TRAGICALLY, for them, they have failed to take it. Therefore, today, I am announcing the MOST CRUSHING ECONOMIC OPERATION EVER TAKEN AGAINST ANY COUNTRY! This will be Economic Warfare and Isolation on an unprecedented scale. Their navy is gone, their air force is destroyed, their military factories are now rubble, their currency is worthless, and their country is hanging by a thread. Today, I am also announcing that ANY country that allows its financial institutions, businesses, airports, or government entities to provide any type of lifeline to Iran will itself face TREMENDOUS Economic Consequences. Oil smuggling, swap lines, cash transfers, exchange houses, ship registries, front companies — It all needs to stop NOW. You know who you are. This will be an ECONOMIC D-DAY, and we need all of our Allies to stand with the United States of America to isolate, and defeat, the Iran threat. These maniacs are on the ropes, and these HISTORIC MEASURES will cripple them and their ability to project terror worldwide. IRAN WILL NEVER HAVE A NUCLEAR WEAPON. THANK YOU FOR YOUR ATTENTION TO THIS MATTER. President DONALD J. TRUMP",0.28732800483703613,-1,3,1,
305,2026-08-25 11:09:42.859000+00:00,1,"The failing Islamic Republic of Iran is not paying large segments of their military, while at the same time killing protesters, even when they are not protesting, at levels not seen before. It is a humanitarian crisis of epic proportions, and must be stopped, NOW. President DONALD J. TRUMP",0.36753761768341064,0,1,0,
307,2026-08-25 14:30:27.759000+00:00,1,"I have just been informed by the United States Navy that all mines have been removed and/or detonated from within the International Waters of the Strait of Hormuz. Iran has been notified that any ship or boat placing new mines will be immediately and systematically destroyed. Through Space Force, we are watching every square inch of the Strait, as we are, also, with Pickaxe Mountain and the already destroyed three other Nuclear sites. There is a Zero Tolerance policy on mine placement in full force and effect. Thank you for your attention to this matter! President DONALD J. TRUMP",0.23642563819885254,+1,3,1,
309,2026-09-01 17:25:46.412000+00:00,1,"The United States is, as we speak, striking Iranian Targets near the Strait of Hormuz. The strikes are large and powerful, and in retaliation for the Iranians' failed attempt at adding sea mines to the Strait, which currently has no mines (They have been completely removed or detonated!), and the Iranians shooting eight missiles, all successfully knocked down, at our Military Base in Jordan. If the failed Nation of Iran retaliates for this very justified attack, they will be hit again at a much harder and higher level, but it will not be the biggest attack of them all, that is waiting in the wings and, when it is over, there will be very little left of the Islamic Republic of Iran! President DONALD J. TRUMP",0.262118935585022,+1,2,1,
310,2026-09-01 19:39:58.061000+00:00,1,"RT United States is, as we speak, striking Iranian Targets near the Strait of Hormuz. The strikes are large and powerful, and in retaliation for the Iranians' failed attempt at adding sea mines to the Strait, which currently has no mines (They have been completely removed or detonated!), and the Iranians shooting eight missiles, all successfully knocked down, at our Military Base in Jordan. If the failed Nation of Iran retaliates for this very justified attack, they will be hit again at a much harder and higher level, but it will not be the biggest attack of them all, that is waiting in the wings and, when it is over, there will be very little left of the Islamic Republic of Iran! President DONALD J. TRUMP",0.014999151229858398,+1,2,1,
311,2026-09-02 01:13:08.802000+00:00,1,"I'm not trying to force Iran to the bargaining table, as ABC Fake News reported. I couldn't care less if they sign a worthless, to them, agreement. I like our position now much better, with almost total control of the Hormuz Strait, and their economy totally collapsing. They are just playing out the inevitable. When are the Iranian people going to rise up and fight? President DJT",0.4128528833389282,-1,1,1,
314,2026-09-03 14:56:21.515000+00:00,1,"For the treasonous SCUM that refuses to accurately report on our Military Operation in Iran, we have virtually unlimited amounts of Mid to High Grade Ammunition, far more than we could ever use for this, or for any other War (which is highly unlikely!), that could improbably take place. In addition, we are producing Munitions at levels never seen before. We are stockpiling and preparing for any contingency that could happen. We are taking them for ourselves, the U.S.A., rather than selling them to others, but the sales to Allies will soon again, begin. Also, please let it be known, that the Biden Administration gave far more Munitions away to Ukraine, at no cost to them, whatsoever, than we have used in Iran. Hundreds of Billions of Dollars was given to Ukraine and NATO, free of charge, that Europe would have paid for — If they were only asked, but we will be asking for that money, though somewhat belatedly! Thank you for your attention to this matter. President DONALD J. TRUMP",0.3986546993255615,0,1,0,
315,2026-09-07 23:16:45.890000+00:00,1,"Oil prices will drop precipitously, like everything else is dropping (but more!), when we WIN the war with Iran. Three Dollars a gallon, but ultimately, below Two Dollars a gallon. It will all happen quickly, and Iran will never have a Nuclear Weapon. MAGA! President DJT",0.4344015121459961,+2,2,1,
318,2026-09-19 17:12:55.494000+00:00,1,"Over the years, there have been many Hoaxes, all generated by the Radical Left Dumocrats, for purposes of destroying our Country. RUSSIA, RUSSIA, RUSSIA, UKRAINE, UKRAINE, UKRAINE, Global Warming, Impeachment Hoax #1, Impeachment Hoax #2, Men in Women's Sports, Transgender for Everyone, and now, the decimation, or destruction, of AI, commonly known as Artificial Intelligence — And I, as President of the United States, will not stand by and let this happen. It all began with an attack on our Data Centers, until people realized how wealthy and prestigious they were for the Communities in which they were built. Higher Salaries, Lower Taxes, and Safer Streets, was the result, and the crazed Data Center attack has largely failed, so now, in much the same way as they changed the term ""Global Warming"" to ""Climate Change,"" in that it covers a much larger ""territory"" of doubt, they are going straight at AI. We will not in any way hinder or stifle the Growth of this incredible Industry. Rather, we will cherish it, help it, and watch over it, as it grows! However, we will also be looking for BAD, and we can do that, very easily, with our already existing Criminal and Civil Justice System. For this purpose, I am forming the AI Force, much like I did Space Force, which has been a tremendous SUCCESS, in my First Term. To that end, I will be announcing, in the near future, the AI ""Czar"" — Only High I.Q. individuals need apply! AI is the next Industrial Revolution, or Internet, but will be even larger and more impactful, possibly as much as 25% of our Country's GDP. We are leading China, and the rest of the World, and I intend to keep it that way! President DONALD J. TRUMP",0.2578442096710205,0,1,0,
321,2026-09-26 12:18:04.475000+00:00,1,IRAN CAN NOT HAVE A NUCLEAR WEAPON!!! President DJT,0.447998583316803,-1,1,0,
322,2026-09-28 21:34:27.077000+00:00,1,"Axios just released a story that ""Trump"" offered Sanctions Relief and Frozen Funds to Iran. This is untrue. I offered them NOTHING! Axios' story, like most others, is a HOAX, used only for purposes of satisfying their Trump Derangement Syndrome. They should withdraw this fake story, IMMEDIATELY! President DONALD J. TRUMP",0.5184532403945923,-1,1,0,
