timestamp,open,high,low,close,volume
1740960000000,73.4,73.4,73.4,73.4,0
1740960060000,73.4,73.4,73.4,73.4,0
1740960120000,73.4,73.4,73.4,73.4,0
1740960180000,73.4,73.4,73.4,73.4,0
1740960240000,73.4,73.4,73.4,73.4,0
1740960300000,73.4,73.4,73.4,73.4,0
1740960360000,73.4,73.4,73.4,73.4,0
1740960420000,73.4,73.4,73.4,73.4,0
1740960480000,73.4,73.4,73.4,73.4,0
1740960540000,73.4,73.4,73.4,73.4,0
1740960600000,73.4,73.4,73.4,73.4,0
1740960660000,73.4,73.4,73.4,73.4,0
1740960720000,73.4,73.4,73.4,73.4,0
1740960780000,73.4,73.4,73.4,73.4,0
1740960840000,73.4,73.4,73.4,73.4,0
1740960900000,73.4,73.4,73.4,73.4,0
1740960960000,73.4,73.4,73.4,73.4,0
1740961020000,73.4,73.4,73.4,73.4,0
1740961080000,73.4,73.4,73.4,73.4,0
1740961140000,73.4,73.4,73.4,73.4,0
1740961200000,73.4,73.4,73.4,73.4,0
1740961260000,73.4,73.4,73.4,73.4,0
1740961320000,73.4,73.4,73.4,73.4,0
1740961380000,73.4,73.4,73.4,73.4,0
1740961440000,73.4,73.4,73.4,73.4,0
1740961500000,73.4,73.4,73.4,73.4,0
1740961560000,73.4,73.4,73.4,73.4,0
1740961620000,73.4,73.4,73.4,73.4,0
1740961680000,73.4,73.4,73.4,73.4,0
1740961740000,73.4,73.4,73.4,73.4,0
1740961800000,73.4,73.4,73.4,73.4,0
1740961860000,73.4,73.4,73.4,73.4,0
1740961920000,73.4,73.4,73.4,73.4,0
1740961980000,73.4,73.4,73.4,73.4,0
1740962040000,73.4,73.4,73.4,73.4,0
1740962100000,73.4,73.4,73.4,73.4,0
1740962160000,73.4,73.4,73.4,73.4,0
1740962220000,73.4,73.4,73.4,73.4,0
1740962280000,73.4,73.4,73.4,73.4,0
1740962340000,73.4,73.4,73.4,73.4,0
1740962400000,73.4,73.4,73.4,73.4,0
1740962460000,73.4,73.4,73.4,73.4,0
1740962520000,73.4,73.4,73.4,73.4,0
1740962580000,73.4,73.4,73.4,73.4,0
1740962640000,73.4,73.4,73.4,73.4,0
1740962700000,73.4,73.4,73.4,73.4,0
1740962760000,73.4,73.4,73.4,73.4,0
1740962820000,73.4,73.4,73.4,73.4,0
1740962880000,73.4,73.4,73.4,73.4,0
1740962940000,73.4,73.4,73.4,73.4,0
1740963000000,73.4,73.4,73.4,73.4,0
1740963060000,73.4,73.4,73.4,73.4,0
1740963120000,73.4,73.4,73.4,73.4,0
1740963180000,73.4,73.4,73.4,73.4,0
1740963240000,73.4,73.4,73.4,73.4,0
1740963300000,73.4,73.4,73.4,73.4,0
1740963360000,73.4,73.4,73.4,73.4,0
1740963420000,73.4,73.4,73.4,73.4,0
1740963480000,73.4,73.4,73.4,73.4,0
1740963540000,73.4,73.4,73.4,73.4,0
1740963600000,73.345,73.45,73.33,73.4,0.006359
1740963660000,73.395,73.455,73.37,73.45,0.002902
1740963720000,73.445,73.465,73.435,73.455,0.003303
1740963780000,73.46,73.505,73.455,73.495,0.00437
1740963840000,73.5,73.51,73.485,73.495,0.001359
1740963900000,73.485,73.555,73.485,73.535,0.002615
1740963960000,73.54,73.555,73.505,73.505,0.001274
1740964020000,73.495,73.505,73.495,73.5,0.000617
1740964080000,73.505,73.505,73.495,73.495,0.000702
1740964140000,73.505,73.505,73.495,73.495,0.000189
1740964200000,73.5,73.505,73.495,73.495,0.000729
1740964260000,73.505,73.505,73.495,73.505,0.000567
1740964320000,73.5,73.505,73.495,73.505,0.000891
1740964380000,73.505,73.505,73.505,73.505,0
1740964440000,73.525,73.54,73.505,73.505,0.000896
1740964500000,73.515,73.53,73.51,73.515,0.000927
1740964560000,73.505,73.505,73.505,73.505,0.000068
1740964620000,73.495,73.51,73.495,73.505,0.001053
1740964680000,73.515,73.525,73.515,73.525,0.000108
1740964740000,73.52,73.555,73.52,73.555,0.000495
1740964800000,73.55,73.56,73.55,73.56,0.000414
1740964860000,73.565,73.565,73.565,73.565,0.000054
1740964920000,73.56,73.58,73.555,73.58,0.000581
1740964980000,73.585,73.585,73.545,73.55,0.000945
1740965040000,73.545,73.575,73.545,73.575,0.000666
1740965100000,73.585,73.585,73.575,73.575,0.000392
1740965160000,73.57,73.57,73.565,73.565,0.000338
1740965220000,73.57,73.57,73.565,73.565,0.000252
1740965280000,73.575,73.585,73.565,73.585,0.00054
1740965340000,73.58,73.585,73.555,73.56,0.000729
1740965400000,73.565,73.565,73.555,73.565,0.000662
1740965460000,73.56,73.57,73.555,73.57,0.000765
1740965520000,73.565,73.575,73.545,73.545,0.001607
1740965580000,73.54,73.575,73.54,73.565,0.000554
1740965640000,73.555,73.555,73.55,73.555,0.000446
1740965700000,73.55,73.555,73.55,73.555,0.000189
1740965760000,73.555,73.555,73.555,73.555,0
1740965820000,73.545,73.555,73.545,73.555,0.000459
1740965880000,73.55,73.55,73.52,73.52,0.001035
1740965940000,73.525,73.555,73.52,73.545,0.001053
1740966000000,73.55,73.55,73.525,73.53,0.00094
1740966060000,73.525,73.54,73.525,73.525,0.000572
1740966120000,73.52,73.525,73.515,73.515,0.001268
1740966180000,73.52,73.525,73.515,73.515,0.001472
1740966240000,73.52,73.52,73.475,73.475,0.001808
1740966300000,73.465,73.465,73.45,73.455,0.000446
1740966360000,73.465,73.485,73.465,73.48,0.001211
1740966420000,73.475,73.48,73.475,73.48,0.00108
1740966480000,73.485,73.52,73.485,73.52,0.001607
1740966540000,73.525,73.535,73.515,73.515,0.000711
1740966600000,73.52,73.525,73.515,73.525,0.000423
1740966660000,73.515,73.525,73.515,73.525,0.000473
1740966720000,73.52,73.545,73.515,73.54,0.00099
1740966780000,73.545,73.555,73.54,73.55,0.000518
1740966840000,73.545,73.545,73.535,73.535,0.00032
1740966900000,73.54,73.55,73.535,73.545,0.000576
1740966960000,73.545,73.545,73.545,73.545,0
1740967020000,73.55,73.555,73.545,73.555,0.000216
1740967080000,73.55,73.555,73.545,73.545,0.000374
1740967140000,73.54,73.54,73.52,73.525,0.000887
1740967200000,73.535,73.555,73.525,73.555,0.000819
1740967260000,73.555,73.555,73.555,73.555,0
1740967320000,73.545,73.555,73.545,73.55,0.000797
1740967380000,73.555,73.555,73.55,73.555,0.000243
1740967440000,73.55,73.55,73.545,73.55,0.000203
1740967500000,73.545,73.555,73.545,73.555,0.000189
1740967560000,73.55,73.555,73.545,73.555,0.000333
1740967620000,73.59,73.605,73.575,73.595,0.002712
1740967680000,73.585,73.595,73.585,73.585,0.000482
1740967740000,73.59,73.64,73.59,73.64,0.002205
1740967800000,73.645,73.65,73.615,73.62,0.001427
1740967860000,73.615,73.615,73.61,73.615,0.000621
1740967920000,73.61,73.615,73.595,73.595,0.001922
1740967980000,73.6,73.61,73.585,73.585,0.001166
1740968040000,73.59,73.59,73.575,73.58,0.000783
1740968100000,73.585,73.605,73.58,73.605,0.00072
1740968160000,73.595,73.605,73.595,73.605,0.000333
1740968220000,73.595,73.6,73.555,73.555,0.001373
1740968280000,73.56,73.565,73.545,73.545,0.000729
1740968340000,73.55,73.57,73.545,73.57,0.001485
1740968400000,73.575,73.575,73.565,73.57,0.000459
1740968460000,73.575,73.575,73.55,73.555,0.00077
1740968520000,73.56,73.565,73.555,73.565,0.000468
1740968580000,73.57,73.57,73.555,73.565,0.000392
1740968640000,73.57,73.57,73.56,73.56,0.000401
1740968700000,73.555,73.565,73.55,73.565,0.000801
1740968760000,73.57,73.575,73.535,73.535,0.001593
1740968820000,73.525,73.545,73.525,73.545,0.000522
1740968880000,73.555,73.555,73.54,73.54,0.00108
1740968940000,73.535,73.545,73.535,73.545,0.000608
1740969000000,73.55,73.57,73.55,73.555,0.001589
1740969060000,73.56,73.56,73.535,73.535,0.000617
1740969120000,73.54,73.545,73.525,73.525,0.001013
1740969180000,73.515,73.525,73.495,73.505,0.002844
1740969240000,73.5,73.5,73.495,73.495,0.000189
1740969300000,73.475,73.475,73.455,73.465,0.000918
1740969360000,73.47,73.475,73.465,73.47,0.000819
1740969420000,73.475,73.475,73.435,73.435,0.001355
1740969480000,73.44,73.45,73.435,73.45,0.000531
1740969540000,73.445,73.445,73.425,73.425,0.000702
1740969600000,73.42,73.435,73.405,73.41,0.001094
1740969660000,73.405,73.415,73.395,73.4,0.001125
1740969720000,73.395,73.435,73.395,73.42,0.001404
1740969780000,73.41,73.435,73.41,73.425,0.001022
1740969840000,73.42,73.425,73.42,73.42,0.000378
1740969900000,73.415,73.445,73.415,73.44,0.001026
1740969960000,73.435,73.445,73.435,73.435,0.000419
1740970020000,73.425,73.44,73.415,73.42,0.001373
1740970080000,73.425,73.425,73.4,73.4,0.000824
1740970140000,73.395,73.395,73.37,73.375,0.001183
1740970200000,73.385,73.385,73.38,73.38,0.000644
1740970260000,73.375,73.395,73.375,73.385,0.000963
1740970320000,73.39,73.395,73.375,73.38,0.001085
1740970380000,73.375,73.39,73.375,73.385,0.000968
1740970440000,73.39,73.39,73.385,73.39,0.000486
1740970500000,73.385,73.405,73.355,73.355,0.001098
1740970560000,73.35,73.35,73.345,73.345,0.000338
1740970620000,73.35,73.355,73.345,73.345,0.001143
1740970680000,73.35,73.35,73.335,73.335,0.001089
1740970740000,73.325,73.335,73.305,73.32,0.002741
1740970800000,73.325,73.35,73.325,73.33,0.000945
1740970860000,73.335,73.335,73.305,73.31,0.001706
1740970920000,73.305,73.305,73.295,73.295,0.0005
1740970980000,73.285,73.295,73.265,73.27,0.002643
1740971040000,73.265,73.285,73.265,73.275,0.000878
1740971100000,73.28,73.29,73.27,73.275,0.001058
1740971160000,73.28,73.285,73.26,73.28,0.001449
1740971220000,73.275,73.285,73.265,73.265,0.0005
1740971280000,73.27,73.27,73.255,73.265,0.000702
1740971340000,73.26,73.28,73.26,73.27,0.000738
1740971400000,73.265,73.285,73.26,73.285,0.001206
1740971460000,73.28,73.28,73.255,73.26,0.001233
1740971520000,73.265,73.265,73.255,73.26,0.000653
1740971580000,73.265,73.265,73.245,73.25,0.001593
1740971640000,73.245,73.25,73.205,73.21,0.000869
1740971700000,73.215,73.255,73.21,73.245,0.001269
1740971760000,73.235,73.24,73.225,73.235,0.000657
1740971820000,73.225,73.235,73.22,73.225,0.001269
1740971880000,73.22,73.22,73.16,73.18,0.001746
1740971940000,73.175,73.18,73.16,73.175,0.001517
1740972000000,73.18,73.18,73.125,73.125,0.002156
1740972060000,73.115,73.125,73.1,73.105,0.002726
1740972120000,73.11,73.145,73.11,73.13,0.001616
1740972180000,73.135,73.14,73.125,73.135,0.000851
1740972240000,73.14,73.145,73.125,73.13,0.000716
1740972300000,73.135,73.14,73.13,73.14,0.000734
1740972360000,73.145,73.145,73.115,73.115,0.000846
1740972420000,73.12,73.125,73.085,73.09,0.00148
1740972480000,73.095,73.1,73.085,73.1,0.000518
1740972540000,73.105,73.125,73.1,73.115,0.002111
1740972600000,73.12,73.145,73.12,73.14,0.001139
1740972660000,73.15,73.165,73.15,73.16,0.000387
1740972720000,73.145,73.145,73.125,73.14,0.000576
1740972780000,73.145,73.15,73.125,73.13,0.00059
1740972840000,73.135,73.145,73.135,73.145,0.00027
1740972900000,73.14,73.175,73.14,73.17,0.000527
1740972960000,73.175,73.175,73.165,73.17,0.000446
1740973020000,73.165,73.175,73.165,73.165,0.000338
1740973080000,73.17,73.175,73.165,73.175,0.000216
1740973140000,73.18,73.185,73.18,73.18,0.000212
1740973200000,73.195,73.2,73.195,73.2,0.000108
1740973260000,73.205,73.21,73.19,73.19,0.000378
1740973320000,73.18,73.195,73.175,73.195,0.000297
1740973380000,73.2,73.2,73.195,73.2,0.000212
1740973440000,73.205,73.215,73.205,73.215,0.000441
1740973500000,73.205,73.225,73.205,73.22,0.000522
1740973560000,73.215,73.22,73.215,73.22,0.000288
1740973620000,73.225,73.225,73.205,73.21,0.000423
1740973680000,73.205,73.205,73.195,73.2,0.000693
1740973740000,73.195,73.195,73.175,73.185,0.000626
1740973800000,73.18,73.19,73.18,73.19,0.000324
1740973860000,73.2,73.205,73.195,73.205,0.000558
1740973920000,73.158,73.158,73.158,73.158,0.0031
1740973980000,73.215,73.22,73.215,73.22,0.000108
1740974040000,73.215,73.215,73.205,73.215,0.000401
1740974100000,73.21,73.225,73.21,73.225,0.000876
1740974160000,73.22,73.22,73.22,73.22,0.000135
1740974220000,73.225,73.225,73.22,73.22,0.000189
1740974280000,73.225,73.225,73.225,73.225,0.000054
1740974340000,73.22,73.225,73.22,73.225,0.000144
1740974400000,73.22,73.225,73.195,73.195,0.000963
1740974460000,73.18,73.19,73.143,73.19,0.003352
1740974520000,73.195,73.2,73.195,73.2,0.000189
1740974580000,73.205,73.22,73.205,73.215,0.000347
1740974640000,73.168,73.225,73.168,73.22,0.003694
1740974700000,73.215,73.22,73.215,73.22,0.000189
1740974760000,73.225,73.225,73.22,73.225,0.000243
1740974820000,73.22,73.22,73.22,73.22,0.000135
1740974880000,73.215,73.215,73.21,73.21,0.000189
1740974940000,73.2,73.2,73.19,73.19,0.000473
1740975000000,73.195,73.195,73.195,73.195,0.000054
1740975060000,73.148,73.21,73.148,73.21,0.003438
1740975120000,73.215,73.215,73.2,73.2,0.000455
1740975180000,73.205,73.215,73.205,73.215,0.000432
1740975240000,73.22,73.22,73.21,73.215,0.000378
1740975300000,73.21,73.21,73.205,73.205,0.000225
1740975360000,73.2,73.205,73.195,73.195,0.000279
1740975420000,73.2,73.205,73.2,73.2,0.000324
1740975480000,73.205,73.205,73.205,73.205,0.000054
1740975540000,73.158,73.215,73.158,73.21,0.003424
1740975600000,73.215,73.215,73.21,73.21,0.000189
1740975660000,73.205,73.215,73.205,73.215,0.000243
1740975720000,73.21,73.21,73.2,73.2,0.000279
1740975780000,73.205,73.205,73.2,73.205,0.000243
1740975840000,73.21,73.21,73.205,73.205,0.000135
1740975900000,73.158,73.205,73.158,73.195,0.003424
1740975960000,73.19,73.19,73.135,73.135,0.001269
1740976020000,73.125,73.125,73.12,73.12,0.000292
1740976080000,73.125,73.13,73.125,73.13,0.000108
1740976140000,73.13,73.13,73.13,73.13,0
1740976200000,73.135,73.135,73.115,73.12,0.000522
1740976260000,73.125,73.13,73.12,73.125,0.000252
1740976320000,73.12,73.13,73.12,73.13,0.000324
1740976380000,73.125,73.125,73.12,73.125,0.000324
1740976440000,73.115,73.115,73.105,73.11,0.000257
1740976500000,73.115,73.125,73.115,73.12,0.000378
1740976560000,73.125,73.135,73.125,73.125,0.000558
1740976620000,73.13,73.145,73.13,73.145,0.000311
1740976680000,73.14,73.145,73.14,73.14,0.000257
1740976740000,73.135,73.14,73.135,73.14,0.000135
1740976800000,73.135,73.135,73.13,73.13,0.000266
1740976860000,73.135,73.14,73.135,73.14,0.000216
1740976920000,73.145,73.155,73.14,73.155,0.000365
1740976980000,73.108,73.108,73.108,73.108,0.0031
1740977040000,73.155,73.155,73.155,73.155,0.000054
1740977100000,73.108,73.108,73.108,73.108,0.0031
1740977160000,73.15,73.16,73.15,73.16,0.000378
1740977220000,73.155,73.18,73.155,73.18,0.000977
1740977280000,73.175,73.19,73.175,73.19,0.000356
1740977340000,73.195,73.195,73.19,73.19,0.000189
1740977400000,73.185,73.185,73.18,73.18,0.000392
1740977460000,73.185,73.19,73.18,73.185,0.000365
1740977520000,73.18,73.185,73.175,73.18,0.000671
1740977580000,73.185,73.19,73.17,73.17,0.000387
1740977640000,73.175,73.185,73.17,73.185,0.000365
1740977700000,73.18,73.185,73.175,73.18,0.000347
1740977760000,73.18,73.18,73.18,73.18,0
1740977820000,73.185,73.185,73.18,73.18,0.000378
1740977880000,73.175,73.175,73.175,73.175,0.000068
1740977940000,73.17,73.17,73.17,73.17,0.000068
1740978000000,73.165,73.165,73.155,73.165,0.000779
1740978060000,73.16,73.16,73.125,73.135,0.000999
1740978120000,73.13,73.13,73.125,73.125,0.000225
1740978180000,73.115,73.125,73.115,73.125,0.000144
1740978240000,73.115,73.135,73.115,73.135,0.000176
1740978300000,73.13,73.13,73.13,73.13,0.000068
1740978360000,73.125,73.125,73.115,73.12,0.000311
1740978420000,73.115,73.125,73.115,73.115,0.000536
1740978480000,73.105,73.105,73.095,73.095,0.000158
1740978540000,73.1,73.105,73.1,73.105,0.000189
1740978600000,73.11,73.12,73.11,73.115,0.000999
1740978660000,73.125,73.125,73.125,73.125,0.000054
1740978720000,73.125,73.125,73.125,73.125,0
1740978780000,73.13,73.145,73.13,73.14,0.000468
1740978840000,73.145,73.145,73.14,73.14,0.000311
1740978900000,73.135,73.145,73.135,73.145,0.000594
1740978960000,73.14,73.145,73.14,73.145,0.000189
1740979020000,73.14,73.145,73.14,73.145,0.000333
1740979080000,73.155,73.155,73.15,73.15,0.000189
1740979140000,73.155,73.155,73.15,73.15,0.000378
1740979200000,73.145,73.145,73.14,73.145,0.000755
1740979260000,73.14,73.15,73.14,73.15,0.000279
1740979320000,73.145,73.155,73.145,73.15,0.000333
1740979380000,73.145,73.145,73.145,73.145,0.000054
1740979440000,73.098,73.15,73.098,73.15,0.003357
1740979500000,73.155,73.165,73.145,73.145,0.000837
1740979560000,73.14,73.145,73.14,73.14,0.000458
1740979620000,73.145,73.155,73.145,73.145,0.000333
1740979680000,73.14,73.145,73.14,73.145,0.001024
1740979740000,73.15,73.15,73.145,73.145,0.000135
1740979800000,73.135,73.155,73.135,73.155,0.000689
1740979860000,73.15,73.155,73.145,73.145,0.000392
1740979920000,73.135,73.14,73.115,73.115,0.000932
1740979980000,73.105,73.105,73.085,73.095,0.008586
1740980040000,73.09,73.09,73.085,73.085,0.00108
1740980100000,73.095,73.095,73.085,73.09,0.003942
1740980160000,73.095,73.105,73.095,73.1,0.000378
1740980220000,73.105,73.12,73.095,73.095,0.000833
1740980280000,73.09,73.095,73.07,73.07,0.002646
1740980340000,73.065,73.075,73.065,73.065,0.000648
1740980400000,73.06,73.065,73.055,73.055,0.000581
1740980460000,73.065,73.075,73.06,73.075,0.000621
1740980520000,73.08,73.09,73.075,73.09,0.001157
1740980580000,73.1,73.11,73.095,73.105,0.000527
1740980640000,73.095,73.105,73.075,73.075,0.000954
1740980700000,73.07,73.095,73.07,73.09,0.00059
1740980760000,73.085,73.09,73.08,73.09,0.000662
1740980820000,73.085,73.105,73.085,73.1,0.000886
1740980880000,73.095,73.095,73.08,73.08,0.000958
1740980940000,73.075,73.08,73.045,73.055,0.001574
1740981000000,73.05,73.05,72.95,72.955,0.003491
1740981060000,72.95,73.025,72.95,73.025,0.002718
1740981120000,73.02,73.04,73.02,73.035,0.001498
1740981180000,73.03,73.035,73.03,73.03,0.000702
1740981240000,73.035,73.055,73.035,73.045,0.001247
1740981300000,73.04,73.07,73.04,73.065,0.00086
1740981360000,73.07,73.07,73.055,73.055,0.000671
1740981420000,73.06,73.08,73.06,73.075,0.00104
1740981480000,73.08,73.08,73.055,73.055,0.000833
1740981540000,73.045,73.045,73.04,73.04,0.000455
1740981600000,73.035,73.04,73.025,73.035,0.001116
1740981660000,73.04,73.05,73.035,73.04,0.000508
1740981720000,73.035,73.035,72.995,72.995,0.001152
1740981780000,73,73.01,72.995,73.005,0.00095
1740981840000,73,73.015,72.975,73.01,0.002327
1740981900000,73.015,73.015,72.965,72.985,0.001489
1740981960000,72.975,72.985,72.975,72.98,0.001287
1740982020000,72.985,72.995,72.98,72.98,0.000441
1740982080000,72.975,72.985,72.975,72.975,0.001701
1740982140000,72.97,72.975,72.97,72.97,0.000257
1740982200000,72.985,72.99,72.97,72.97,0.001134
1740982260000,72.975,72.98,72.97,72.98,0.000756
1740982320000,72.975,72.98,72.97,72.97,0.000891
1740982380000,72.975,72.98,72.975,72.98,0.000572
1740982440000,72.985,72.995,72.975,72.99,0.001562
1740982500000,72.995,73.005,72.995,73.005,0.00081
1740982560000,73.01,73.01,72.99,72.995,0.001035
1740982620000,72.985,73.005,72.985,73.005,0.000122
1740982680000,73.01,73.01,73.005,73.005,0.00018
1740982740000,73.005,73.005,73.005,73.005,0
1740982800000,73.01,73.025,73.01,73.025,0.001121
1740982860000,73.015,73.015,72.935,72.94,0.002151
1740982920000,72.945,72.945,72.92,72.92,0.002646
1740982980000,72.925,72.96,72.925,72.96,0.001449
1740983040000,72.975,72.995,72.96,72.965,0.001778
1740983100000,72.975,72.975,72.955,72.955,0.000612
1740983160000,72.96,72.98,72.96,72.965,0.00095
1740983220000,72.97,72.97,72.965,72.965,0.000216
1740983280000,72.97,72.975,72.96,72.965,0.00068
1740983340000,72.97,72.98,72.97,72.975,0.000396
1740983400000,72.97,72.995,72.965,72.975,0.001058
1740983460000,72.98,72.98,72.95,72.95,0.000805
1740983520000,72.945,72.955,72.945,72.955,0.000689
1740983580000,72.96,72.965,72.95,72.955,0.000842
1740983640000,72.96,72.965,72.935,72.94,0.001692
1740983700000,72.945,72.96,72.94,72.95,0.000765
1740983760000,72.955,72.96,72.95,72.95,0.000518
1740983820000,72.945,72.945,72.92,72.92,0.000419
1740983880000,72.915,72.93,72.9,72.925,0.001431
1740983940000,72.93,72.93,72.93,72.93,0.000068
1740984000000,72.935,72.935,72.905,72.905,0.000468
1740984060000,72.915,72.915,72.895,72.895,0.000662
1740984120000,72.905,72.905,72.875,72.875,0.001269
1740984180000,72.87,72.905,72.87,72.905,0.001098
1740984240000,72.915,72.915,72.905,72.905,0.001076
1740984300000,72.91,72.93,72.9,72.925,0.000932
1740984360000,72.93,72.93,72.905,72.905,0.000374
1740984420000,72.895,72.905,72.895,72.9,0.00023
1740984480000,72.895,72.905,72.89,72.895,0.000725
1740984540000,72.9,72.915,72.9,72.915,0.00059
1740984600000,72.92,72.935,72.92,72.925,0.000374
1740984660000,72.93,72.945,72.925,72.945,0.000765
1740984720000,72.94,72.955,72.94,72.955,0.000455
1740984780000,72.965,72.965,72.945,72.955,0.001287
1740984840000,72.945,72.945,72.94,72.945,0.000198
1740984900000,72.95,72.95,72.935,72.935,0.000347
1740984960000,72.93,72.935,72.93,72.935,0.001089
1740985020000,72.94,72.94,72.925,72.935,0.000738
1740985080000,72.93,72.94,72.93,72.94,0.000558
1740985140000,72.935,72.94,72.93,72.935,0.000536
1740985200000,72.93,72.93,72.905,72.905,0.000747
1740985260000,72.863,72.9,72.863,72.875,0.003622
1740985320000,72.865,72.885,72.855,72.855,0.003982
1740985380000,72.87,72.89,72.865,72.885,0.00077
1740985440000,72.89,72.895,72.835,72.845,0.001453
1740985500000,72.84,72.86,72.83,72.855,0.00126
1740985560000,72.845,72.855,72.835,72.845,0.000801
1740985620000,72.835,72.835,72.825,72.83,0.001553
1740985680000,72.835,72.86,72.825,72.855,0.001103
1740985740000,72.86,72.865,72.86,72.86,0.000446
1740985800000,72.865,72.875,72.86,72.875,0.0005
1740985860000,72.87,72.87,72.85,72.85,0.000972
1740985920000,72.845,72.865,72.845,72.865,0.000621
1740985980000,72.885,72.91,72.885,72.905,0.001305
1740986040000,72.91,72.975,72.91,72.96,0.002129
1740986100000,72.965,72.985,72.935,72.945,0.001776
1740986160000,72.965,72.965,72.955,72.965,0.000513
1740986220000,72.985,73,72.98,72.99,0.001561
1740986280000,72.995,73.005,72.99,72.99,0.000684
1740986340000,72.995,72.995,72.975,72.98,0.001076
1740986400000,72.995,72.995,72.965,72.98,0.001647
1740986460000,72.985,72.985,72.955,72.965,0.001898
1740986520000,72.955,72.955,72.945,72.945,0.001604
1740986580000,72.95,72.955,72.945,72.955,0.002586
1740986640000,72.95,72.95,72.895,72.9,0.001256
1740986700000,72.895,72.895,72.845,72.875,0.001215
1740986760000,72.87,72.915,72.87,72.915,0.001355
1740986820000,72.91,72.935,72.905,72.935,0.00063
1740986880000,72.93,72.945,72.905,72.905,0.001584
1740986940000,72.9,72.915,72.895,72.905,0.00081
1740987000000,72.9,72.96,72.895,72.96,0.001161
1740987060000,72.955,72.99,72.955,72.985,0.000612
1740987120000,72.99,72.99,72.955,72.96,0.001385
1740987180000,72.95,72.97,72.935,72.97,0.00108
1740987240000,72.975,72.98,72.97,72.975,0.00059
1740987300000,72.97,73.005,72.97,73.005,0.001836
1740987360000,72.995,73.005,72.995,73,0.003969
1740987420000,72.995,72.995,72.97,72.975,0.001255
1740987480000,72.985,72.985,72.975,72.985,0.000481
1740987540000,73,73.015,72.995,73.015,0.001615
1740987600000,73.02,73.025,73.01,73.025,0.001737
1740987660000,73.02,73.025,73.01,73.025,0.000945
1740987720000,73.02,73.025,73.01,73.025,0.001035
1740987780000,73.015,73.025,72.995,72.995,0.001615
1740987840000,72.99,72.995,72.985,72.985,0.000688
1740987900000,72.975,72.975,72.965,72.975,0.000423
1740987960000,72.985,72.985,72.945,72.945,0.001161
1740988020000,72.95,72.95,72.935,72.935,0.00072
1740988080000,72.945,72.95,72.935,72.945,0.000675
1740988140000,72.93,72.93,72.915,72.915,0.000563
1740988200000,72.905,72.95,72.905,72.925,0.001543
1740988260000,72.92,72.92,72.9,72.915,0.001508
1740988320000,72.91,72.915,72.895,72.895,0.000549
1740988380000,72.885,72.905,72.885,72.895,0.001538
1740988440000,72.885,72.895,72.865,72.865,0.003263
1740988500000,72.875,72.885,72.875,72.885,0.00166
1740988560000,72.875,72.885,72.865,72.87,0.00129
1740988620000,72.875,72.885,72.85,72.855,0.001218
1740988680000,72.85,72.855,72.835,72.855,0.002033
1740988740000,72.86,72.865,72.86,72.865,0.001201
1740988800000,72.855,72.865,72.805,72.825,0.001831
1740988860000,72.84,72.915,72.84,72.895,0.00225
1740988920000,72.885,72.945,72.885,72.945,0.000914
1740988980000,72.95,72.965,72.935,72.935,0.003614
1740989040000,72.945,72.955,72.925,72.925,0.003438
1740989100000,72.935,72.945,72.905,72.915,0.000765
1740989160000,72.905,72.91,72.865,72.865,0.00171
1740989220000,72.865,72.865,72.865,72.865,0
1740989280000,72.89,72.945,72.89,72.945,0.001795
1740989340000,72.955,72.965,72.955,72.965,0.00095
1740989400000,72.96,72.975,72.935,72.94,0.002214
1740989460000,72.945,72.965,72.945,72.95,0.001967
1740989520000,72.955,72.975,72.955,72.965,0.001642
1740989580000,72.96,72.965,72.955,72.96,0.00147
1740989640000,72.955,72.975,72.955,72.975,0.000986
1740989700000,72.985,73.01,72.975,73.01,0.00174
1740989760000,73.005,73.025,73.005,73.01,0.002779
1740989820000,73.005,73.015,73.005,73.015,0.000189
1740989880000,73.005,73.015,72.985,73,0.001512
1740989940000,72.995,73.01,72.915,72.915,0.003449
1740990000000,72.92,72.925,72.875,72.875,0.002202
1740990060000,72.865,72.895,72.865,72.875,0.00104
1740990120000,72.865,72.87,72.835,72.845,0.002195
1740990180000,72.84,72.84,72.805,72.805,0.001876
1740990240000,72.795,72.795,72.745,72.745,0.002895
1740990300000,72.755,72.775,72.755,72.755,0.002159
1740990360000,72.775,72.78,72.755,72.765,0.003037
1740990420000,72.755,72.795,72.755,72.765,0.001341
1740990480000,72.775,72.775,72.755,72.765,0.001561
1740990540000,72.76,72.765,72.665,72.69,0.017365
1740990600000,72.695,72.73,72.665,72.69,0.012328
1740990660000,72.685,72.705,72.615,72.625,0.005128
1740990720000,72.645,72.67,72.615,72.62,0.005299
1740990780000,72.625,72.655,72.615,72.625,0.002555
1740990840000,72.635,72.675,72.615,72.625,0.00337
1740990900000,72.64,72.7,72.64,72.65,0.002731
1740990960000,72.655,72.755,72.65,72.745,0.003442
1740991020000,72.755,72.755,72.725,72.74,0.000891
1740991080000,72.735,72.755,72.735,72.745,0.00089
1740991140000,72.735,72.755,72.735,72.735,0.001373
1740991200000,72.745,72.755,72.735,72.755,0.000513
1740991260000,72.765,72.775,72.725,72.745,0.002933
1740991320000,72.73,72.735,72.685,72.695,0.001934
1740991380000,72.705,72.72,72.705,72.705,0.002278
1740991440000,72.695,72.695,72.66,72.685,0.001674
1740991500000,72.69,72.715,72.685,72.715,0.00233
1740991560000,72.725,72.725,72.67,72.675,0.002209
1740991620000,72.67,72.695,72.665,72.665,0.002834
1740991680000,72.66,72.66,72.625,72.64,0.003394
1740991740000,72.635,72.645,72.625,72.645,0.002352
1740991800000,72.65,72.65,72.61,72.615,0.002028
1740991860000,72.63,72.655,72.565,72.595,0.002916
1740991920000,72.59,72.605,72.545,72.555,0.001814
1740991980000,72.565,72.61,72.555,72.595,0.001428
1740992040000,72.595,72.595,72.465,72.475,0.005596
1740992100000,72.47,72.555,72.47,72.555,0.003668
1740992160000,72.565,72.58,72.555,72.58,0.001498
1740992220000,72.575,72.615,72.555,72.555,0.003253
1740992280000,72.55,72.56,72.435,72.435,0.006783
1740992340000,72.44,72.465,72.425,72.455,0.003776
1740992400000,72.46,72.475,72.41,72.415,0.004274
1740992460000,72.425,72.455,72.375,72.385,0.003935
1740992520000,72.375,72.415,72.365,72.375,0.006424
1740992580000,72.385,72.395,72.325,72.335,0.005235
1740992640000,72.345,72.375,72.345,72.375,0.001764
1740992700000,72.365,72.375,72.365,72.375,0.00166
1740992760000,72.365,72.415,72.36,72.405,0.001426
1740992820000,72.415,72.43,72.365,72.38,0.004898
1740992880000,72.385,72.435,72.38,72.425,0.001643
1740992940000,72.415,72.445,72.415,72.425,0.001265
1740993000000,72.415,72.465,72.415,72.465,0.001503
1740993060000,72.46,72.465,72.425,72.445,0.003542
1740993120000,72.435,72.465,72.435,72.445,0.001772
1740993180000,72.455,72.455,72.39,72.395,0.004042
1740993240000,72.39,72.415,72.385,72.41,0.002488
1740993300000,72.415,72.435,72.41,72.435,0.001804
1740993360000,72.445,72.475,72.42,72.475,0.002754
1740993420000,72.485,72.5,72.47,72.485,0.002785
1740993480000,72.495,72.505,72.465,72.48,0.002219
1740993540000,72.485,72.495,72.46,72.485,0.002428
1740993600000,72.48,72.515,72.465,72.505,0.001795
1740993660000,72.51,72.545,72.49,72.535,0.002632
1740993720000,72.545,72.545,72.495,72.495,0.003518
1740993780000,72.505,72.53,72.5,72.525,0.00156
1740993840000,72.535,72.535,72.5,72.505,0.004199
1740993900000,72.515,72.515,72.47,72.47,0.00205
1740993960000,72.465,72.48,72.445,72.445,0.002174
1740994020000,72.455,72.48,72.45,72.45,0.002191
1740994080000,72.455,72.475,72.455,72.47,0.001727
1740994140000,72.475,72.5,72.465,72.495,0.001845
1740994200000,72.505,72.505,72.455,72.475,0.001498
1740994260000,72.485,72.5,72.475,72.48,0.002389
1740994320000,72.485,72.495,72.465,72.495,0.002785
1740994380000,72.5,72.505,72.48,72.485,0.001314
1740994440000,72.49,72.49,72.455,72.475,0.002448
1740994500000,72.47,72.48,72.455,72.465,0.002767
1740994560000,72.475,72.475,72.45,72.455,0.001888
1740994620000,72.45,72.485,72.45,72.48,0.002397
1740994680000,72.485,72.505,72.465,72.465,0.002546
1740994740000,72.46,72.485,72.455,72.47,0.003544
1740994800000,72.475,72.475,72.455,72.47,0.002437
1740994860000,72.475,72.475,72.445,72.455,0.000783
1740994920000,72.445,72.455,72.42,72.445,0.002731
1740994980000,72.44,72.465,72.44,72.45,0.001886
1740995040000,72.445,72.485,72.445,72.485,0.001295
1740995100000,72.49,72.525,72.49,72.515,0.00214
1740995160000,72.52,72.55,72.495,72.495,0.005867
1740995220000,72.505,72.505,72.455,72.465,0.003012
1740995280000,72.455,72.465,72.455,72.465,0.000943
1740995340000,72.455,72.465,72.445,72.455,0.002318
1740995400000,72.45,72.495,72.445,72.465,0.001552
1740995460000,72.475,72.53,72.475,72.5,0.00377
1740995520000,72.495,72.505,72.445,72.455,0.00358
1740995580000,72.465,72.475,72.445,72.445,0.002538
1740995640000,72.435,72.435,72.38,72.385,0.003974
1740995700000,72.375,72.395,72.365,72.385,0.005514
1740995760000,72.375,72.395,72.335,72.355,0.004005
1740995820000,72.35,72.38,72.325,72.345,0.002068
1740995880000,72.355,72.39,72.345,72.365,0.003525
1740995940000,72.37,72.385,72.355,72.36,0.00171
1740996000000,72.345,72.385,72.345,72.365,0.003905
1740996060000,72.37,72.395,72.37,72.395,0.001758
1740996120000,72.385,72.405,72.385,72.405,0.001004
1740996180000,72.4,72.505,72.39,72.505,0.002722
1740996240000,72.495,72.495,72.435,72.455,0.004639
1740996300000,72.45,72.46,72.395,72.42,0.003451
1740996360000,72.415,72.415,72.395,72.405,0.002236
1740996420000,72.415,72.445,72.415,72.425,0.00045
1740996480000,72.42,72.455,72.42,72.445,0.002636
1740996540000,72.435,72.445,72.415,72.425,0.002579
1740996600000,72.42,72.435,72.395,72.435,0.00185
1740996660000,72.425,72.48,72.425,72.48,0.002434
1740996720000,72.475,72.525,72.475,72.525,0.001229
1740996780000,72.515,72.545,72.515,72.525,0.002363
1740996840000,72.53,72.535,72.445,72.46,0.00216
1740996900000,72.465,72.515,72.465,72.515,0.001377
1740996960000,72.52,72.535,72.505,72.535,0.001562
1740997020000,72.545,72.57,72.545,72.565,0.001242
1740997080000,72.57,72.585,72.565,72.565,0.001944
1740997140000,72.57,72.575,72.545,72.56,0.00347
1740997200000,72.555,72.595,72.555,72.555,0.001944
1740997260000,72.565,72.565,72.555,72.56,0.000738
1740997320000,72.565,72.575,72.555,72.57,0.001296
1740997380000,72.575,72.585,72.565,72.575,0.001089
1740997440000,72.57,72.57,72.545,72.555,0.001588
1740997500000,72.545,72.545,72.525,72.525,0.00313
1740997560000,72.515,72.515,72.455,72.455,0.001742
1740997620000,72.445,72.465,72.435,72.46,0.001088
1740997680000,72.465,72.505,72.455,72.495,0.001962
1740997740000,72.505,72.525,72.495,72.495,0.001697
1740997800000,72.485,72.53,72.475,72.525,0.001242
1740997860000,72.525,72.525,72.525,72.525,0
1740997920000,72.525,72.525,72.525,72.525,0
1740997980000,72.525,72.525,72.525,72.525,0
1740998040000,72.525,72.525,72.525,72.525,0
1740998100000,72.525,72.525,72.525,72.525,0
1740998160000,72.525,72.525,72.525,72.525,0
1740998220000,72.525,72.525,72.525,72.525,0
1740998280000,72.525,72.525,72.525,72.525,0
1740998340000,72.525,72.525,72.525,72.525,0
1740998400000,72.525,72.525,72.525,72.525,0
1740998460000,72.525,72.525,72.525,72.525,0
1740998520000,72.525,72.525,72.525,72.525,0
1740998580000,72.525,72.525,72.525,72.525,0
1740998640000,72.525,72.525,72.525,72.525,0
1740998700000,72.525,72.525,72.525,72.525,0
1740998760000,72.525,72.525,72.525,72.525,0
1740998820000,72.525,72.525,72.525,72.525,0
1740998880000,72.525,72.525,72.525,72.525,0
1740998940000,72.525,72.525,72.525,72.525,0
1740999000000,72.525,72.525,72.525,72.525,0
1740999060000,72.525,72.525,72.525,72.525,0
1740999120000,72.525,72.525,72.525,72.525,0
1740999180000,72.525,72.525,72.525,72.525,0
1740999240000,72.525,72.525,72.525,72.525,0
1740999300000,72.525,72.525,72.525,72.525,0
1740999360000,72.525,72.525,72.525,72.525,0
1740999420000,72.85,72.87,72.85,72.865,0.000909
1740999480000,72.855,72.875,72.84,72.875,0.001134
1740999540000,72.865,72.865,72.835,72.835,0.000607
1740999600000,72.825,72.865,72.775,72.795,0.005514
1740999660000,72.805,72.87,72.805,72.87,0.004163
1740999720000,72.865,72.875,72.825,72.855,0.002171
1740999780000,72.845,72.875,72.845,72.875,0.000891
1740999840000,72.865,72.895,72.865,72.89,0.001237
1740999900000,72.895,72.905,72.885,72.885,0.002936
1740999960000,72.895,72.895,72.885,72.885,0.001093
1741000020000,72.895,72.905,72.895,72.905,0.000918
1741000080000,72.91,72.91,72.885,72.905,0.001534
1741000140000,72.91,72.915,72.905,72.915,0.000823
1741000200000,72.905,72.915,72.905,72.915,0.001672
1741000260000,72.91,72.915,72.895,72.915,0.001101
1741000320000,72.92,72.945,72.92,72.93,0.001269
1741000380000,72.935,72.945,72.905,72.935,0.003072
1741000440000,72.93,72.935,72.925,72.935,0.000603
1741000500000,72.925,72.935,72.92,72.935,0.001344
1741000560000,72.925,72.945,72.92,72.94,0.001412
1741000620000,72.935,72.945,72.925,72.935,0.002234
1741000680000,72.94,72.96,72.93,72.955,0.002742
1741000740000,72.945,72.95,72.925,72.945,0.002299
1741000800000,72.95,72.95,72.9,72.9,0.002657
1741000860000,72.895,72.905,72.885,72.885,0.001242
1741000920000,72.875,72.905,72.875,72.905,0.00077
1741000980000,72.915,72.92,72.895,72.91,0.00113
1741001040000,72.905,72.92,72.895,72.905,0.002318
1741001100000,72.915,72.915,72.905,72.905,0.001106
1741001160000,72.915,72.915,72.88,72.88,0.001132
1741001220000,72.885,72.885,72.86,72.88,0.003198
1741001280000,72.885,72.905,72.885,72.885,0.000486
1741001340000,72.87,72.89,72.87,72.885,0.002598
1741001400000,72.875,72.905,72.875,72.9,0.002643
1741001460000,72.895,72.895,72.865,72.87,0.001965
1741001520000,72.875,72.875,72.845,72.845,0.000926
1741001580000,72.84,72.86,72.84,72.855,0.001546
1741001640000,72.86,72.865,72.86,72.865,0.000189
1741001700000,72.875,72.875,72.855,72.865,0.000535
1741001760000,72.87,72.925,72.87,72.915,0.002564
1741001820000,72.925,72.935,72.925,72.935,0.00097
1741001880000,72.925,72.945,72.925,72.945,0.000378
1741001940000,72.95,72.955,72.945,72.945,0.000526
1741002000000,72.935,72.935,72.915,72.92,0.001274
1741002060000,72.915,72.935,72.915,72.93,0.001741
1741002120000,72.935,72.955,72.935,72.955,0.001125
1741002180000,72.945,72.945,72.935,72.94,0.001026
1741002240000,72.945,72.955,72.935,72.955,0.001201
1741002300000,72.925,72.935,72.925,72.935,0.000647
1741002360000,72.93,72.935,72.915,72.925,0.001038
1741002420000,72.93,72.945,72.925,72.945,0.001038
1741002480000,72.95,72.95,72.935,72.935,0.000945
1741002540000,72.94,72.955,72.94,72.95,0.000567
1741002600000,72.935,72.95,72.92,72.945,0.002562
1741002660000,72.95,72.975,72.945,72.965,0.001039
1741002720000,72.955,73.01,72.95,73.005,0.00238
1741002780000,73.01,73.025,72.975,72.975,0.004019
1741002840000,72.98,73.005,72.975,73.005,0.001557
1741002900000,73,73.035,73,73.025,0.002342
1741002960000,73.03,73.03,73.005,73.005,0.001615
1741003020000,73,73.005,72.975,72.985,0.001688
1741003080000,72.98,72.995,72.98,72.985,0.000297
1741003140000,72.975,73,72.97,72.985,0.001224
1741003200000,72.98,73.015,72.975,73.005,0.002552
1741003260000,73.01,73.025,73.005,73.015,0.001751
1741003320000,73.02,73.02,73,73.01,0.001305
1741003380000,73.005,73.035,73.005,73.035,0.001661
1741003440000,73.025,73.025,73.015,73.025,0.00203
1741003500000,73.03,73.035,72.985,73.005,0.002815
1741003560000,72.995,72.995,72.945,72.95,0.00268
1741003620000,72.945,72.995,72.945,72.985,0.003728
1741003680000,72.99,73.005,72.93,72.935,0.002375
1741003740000,72.945,72.975,72.945,72.975,0.002196
1741003800000,72.985,72.985,72.95,72.97,0.003362
1741003860000,72.975,72.975,72.95,72.975,0.001319
1741003920000,72.985,72.995,72.975,72.985,0.001808
1741003980000,72.98,72.985,72.975,72.98,0.001183
1741004040000,72.985,72.985,72.95,72.955,0.001215
1741004100000,72.945,72.95,72.895,72.91,0.002975
1741004160000,72.925,72.925,72.89,72.905,0.001247
1741004220000,72.9,72.91,72.895,72.905,0.000941
1741004280000,72.91,72.96,72.9,72.955,0.003258
1741004340000,72.96,73.015,72.955,73.005,0.001917
1741004400000,73.015,73.025,73,73.015,0.00234
1741004460000,73.01,73.015,72.995,72.995,0.003047
1741004520000,73,73.005,72.96,72.965,0.00251
1741004580000,72.97,72.985,72.965,72.98,0.00295
1741004640000,72.985,73.02,72.975,72.985,0.004226
1741004700000,72.975,72.995,72.965,72.995,0.002892
1741004760000,73,73.025,72.995,73.025,0.002006
1741004820000,73.035,73.045,73.015,73.025,0.002946
1741004880000,73.025,73.025,73.025,73.025,0
1741004940000,73.015,73.045,73.01,73.04,0.001202
1741005000000,73.045,73.045,73,73.01,0.00198
1741005060000,73.015,73.045,73.015,73.04,0.001665
1741005120000,73.045,73.065,73.03,73.03,0.00113
1741005180000,73.025,73.025,72.995,73,0.002623
1741005240000,72.995,73.04,72.995,73.04,0.002568
1741005300000,73.05,73.055,73.035,73.055,0.002515
1741005360000,73.05,73.065,73.045,73.06,0.001629
1741005420000,73.065,73.105,73.065,73.1,0.001899
1741005480000,73.105,73.14,73.095,73.135,0.001404
1741005540000,73.13,73.135,73.105,73.13,0.002115
1741005600000,73.135,73.165,73.135,73.165,0.001705
1741005660000,73.175,73.195,73.175,73.175,0.003128
1741005720000,73.17,73.19,73.155,73.185,0.003306
1741005780000,73.19,73.215,73.185,73.2,0.002493
1741005840000,73.205,73.215,73.195,73.215,0.001633
1741005900000,73.205,73.215,73.195,73.195,0.002895
1741005960000,73.2,73.205,73.165,73.165,0.002712
1741006020000,73.155,73.175,73.155,73.165,0.003459
1741006080000,73.155,73.155,73.15,73.15,0.000292
1741006140000,73.155,73.18,73.155,73.175,0.001642
1741006200000,73.17,73.18,73.155,73.165,0.003008
1741006260000,73.155,73.175,73.155,73.165,0.002247
1741006320000,73.155,73.165,73.13,73.165,0.001736
1741006380000,73.155,73.16,73.145,73.155,0.000657
1741006440000,73.16,73.16,73.135,73.135,0.001254
1741006500000,73.145,73.17,73.14,73.17,0.001309
1741006560000,73.175,73.175,73.145,73.17,0.003359
1741006620000,73.175,73.175,73.135,73.16,0.002181
1741006680000,73.155,73.165,73.15,73.155,0.002554
1741006740000,73.15,73.205,73.15,73.2,0.00299
1741006800000,73.205,73.33,73.205,73.32,0.007459
1741006860000,73.325,73.33,73.255,73.265,0.008603
1741006920000,73.255,73.265,73.215,73.215,0.003955
1741006980000,73.21,73.255,73.21,73.255,0.003024
1741007040000,73.265,73.285,73.225,73.235,0.004504
1741007100000,73.225,73.245,73.145,73.16,0.005006
1741007160000,73.165,73.185,73.13,73.14,0.005011
1741007220000,73.135,73.155,73.105,73.125,0.006417
1741007280000,73.115,73.175,73.115,73.155,0.002775
1741007340000,73.16,73.175,73.145,73.145,0.0022
1741007400000,73.135,73.145,73.105,73.125,0.001975
1741007460000,73.115,73.145,73.115,73.125,0.001422
1741007520000,73.12,73.155,73.12,73.15,0.001422
1741007580000,73.145,73.175,73.145,73.175,0.003348
1741007640000,73.19,73.215,73.185,73.205,0.003411
1741007700000,73.21,73.215,73.165,73.215,0.002614
1741007760000,73.205,73.205,73.185,73.195,0.000842
1741007820000,73.205,73.205,73.175,73.185,0.002678
1741007880000,73.19,73.19,73.16,73.18,0.002651
1741007940000,73.175,73.185,73.155,73.165,0.002097
1741008000000,73.17,73.185,73.115,73.125,0.00324
1741008060000,73.13,73.135,73.105,73.11,0.003702
1741008120000,73.115,73.115,73.07,73.085,0.004651
1741008180000,73.08,73.105,73.07,73.075,0.003792
1741008240000,73.065,73.09,73.055,73.075,0.003343
1741008300000,73.08,73.08,73.055,73.075,0.002952
1741008360000,73.065,73.14,73.065,73.135,0.003613
1741008420000,73.14,73.145,73.12,73.135,0.002547
1741008480000,73.14,73.155,73.125,73.15,0.00216
1741008540000,73.155,73.205,73.14,73.185,0.004214
1741008600000,73.18,73.23,73.175,73.175,0.004079
1741008660000,73.18,73.18,73.135,73.145,0.004738
1741008720000,73.15,73.195,73.15,73.195,0.001719
1741008780000,73.205,73.225,73.195,73.225,0.001525
1741008840000,73.215,73.215,73.175,73.185,0.001071
1741008900000,73.18,73.205,73.175,73.18,0.002741
1741008960000,73.185,73.225,73.185,73.225,0.00183
1741009020000,73.22,73.325,73.22,73.325,0.003729
1741009080000,73.335,73.365,73.325,73.35,0.005524
1741009140000,73.355,73.355,73.325,73.33,0.003684
1741009200000,73.335,73.34,73.325,73.335,0.001142
1741009260000,73.345,73.365,73.335,73.335,0.002078
1741009320000,73.34,73.345,73.31,73.34,0.003359
1741009380000,73.335,73.335,73.295,73.305,0.002011
1741009440000,73.295,73.335,73.295,73.335,0.002182
1741009500000,73.34,73.34,73.26,73.28,0.001355
1741009560000,73.275,73.295,73.255,73.255,0.001922
1741009620000,73.245,73.245,73.205,73.21,0.002402
1741009680000,73.205,73.25,73.185,73.24,0.003401
1741009740000,73.235,73.255,73.215,73.235,0.001544
1741009800000,73.245,73.265,73.245,73.25,0.002237
1741009860000,73.245,73.255,73.235,73.25,0.002709
1741009920000,73.255,73.265,73.225,73.245,0.003303
1741009980000,73.235,73.265,73.235,73.255,0.001877
1741010040000,73.26,73.265,73.24,73.255,0.001728
1741010100000,73.245,73.245,73.205,73.235,0.001913
1741010160000,73.225,73.235,73.215,73.235,0.002444
1741010220000,73.23,73.255,73.225,73.25,0.001427
1741010280000,73.245,73.25,73.215,73.215,0.001116
1741010340000,73.225,73.225,73.17,73.17,0.003069
1741010400000,73.165,73.235,73.115,73.215,0.00855
1741010460000,73.22,73.225,73.155,73.155,0.00323
1741010520000,73.15,73.16,73.09,73.095,0.007649
1741010580000,73.09,73.115,73.065,73.115,0.006414
1741010640000,73.125,73.145,73.095,73.105,0.004022
1741010700000,73.095,73.125,73.09,73.115,0.004255
1741010760000,73.12,73.21,73.115,73.18,0.005228
1741010820000,73.175,73.195,73.165,73.175,0.002902
1741010880000,73.17,73.19,73.13,73.155,0.005628
1741010940000,73.16,73.18,73.145,73.18,0.004082
1741011000000,73.17,73.225,73.16,73.21,0.003978
1741011060000,73.215,73.215,73.165,73.185,0.005598
1741011120000,73.175,73.22,73.155,73.215,0.006273
1741011180000,73.21,73.32,73.205,73.29,0.005641
1741011240000,73.295,73.315,73.25,73.275,0.006565
1741011300000,73.28,73.285,73.245,73.25,0.002259
1741011360000,73.245,73.245,73.21,73.215,0.003564
1741011420000,73.225,73.23,73.165,73.165,0.001899
1741011480000,73.16,73.165,73.145,73.165,0.002727
1741011540000,73.17,73.205,73.155,73.16,0.004187
1741011600000,73.165,73.175,73.145,73.155,0.001291
1741011660000,73.16,73.185,73.145,73.155,0.001924
1741011720000,73.165,73.195,73.145,73.145,0.001975
1741011780000,73.15,73.165,73.145,73.16,0.00198
1741011840000,73.155,73.195,73.155,73.195,0.00335
1741011900000,73.19,73.225,73.185,73.21,0.001022
1741011960000,73.205,73.205,73.165,73.185,0.001697
1741012020000,73.18,73.205,73.17,73.185,0.003019
1741012080000,73.18,73.21,73.175,73.195,0.003036
1741012140000,73.19,73.215,73.16,73.215,0.003024
1741012200000,73.21,73.25,73.19,73.205,0.006011
1741012260000,73.195,73.215,73.155,73.21,0.006273
1741012320000,73.215,73.245,73.175,73.185,0.00468
1741012380000,73.19,73.265,73.175,73.255,0.005237
1741012440000,73.265,73.355,73.265,73.345,0.00812
1741012500000,73.335,73.365,73.305,73.305,0.005081
1741012560000,73.295,73.305,73.275,73.275,0.003227
1741012620000,73.27,73.275,73.2,73.215,0.003726
1741012680000,73.205,73.21,73.175,73.195,0.005036
1741012740000,73.18,73.195,73.11,73.115,0.004077
1741012800000,73.105,73.105,73.055,73.065,0.004878
1741012860000,73.055,73.065,72.97,72.975,0.006592
1741012920000,72.97,72.995,72.945,72.975,0.003456
1741012980000,72.98,73,72.945,72.955,0.002709
1741013040000,72.96,72.965,72.935,72.945,0.002124
1741013100000,72.94,72.985,72.895,72.985,0.005733
1741013160000,72.975,72.995,72.955,72.975,0.002219
1741013220000,72.965,73.005,72.955,73.005,0.003618
1741013280000,73.015,73.025,72.945,72.945,0.003501
1741013340000,72.94,72.955,72.895,72.915,0.00293
1741013400000,72.905,72.985,72.905,72.94,0.011551
1741013460000,72.935,72.965,72.895,72.915,0.004012
1741013520000,72.91,72.985,72.91,72.975,0.005481
1741013580000,72.955,72.995,72.945,72.995,0.008938
1741013640000,72.985,72.985,72.955,72.965,0.004875
1741013700000,72.97,73.02,72.945,72.985,0.007792
1741013760000,72.98,72.985,72.905,72.905,0.003042
1741013820000,72.91,72.915,72.805,72.855,0.005993
1741013880000,72.845,72.905,72.845,72.89,0.003177
1741013940000,72.885,72.9,72.87,72.875,0.002421
1741014000000,72.87,72.87,72.665,72.685,0.020992
1741014060000,72.68,72.74,72.665,72.71,0.007136
1741014120000,72.705,72.72,72.675,72.705,0.008198
1741014180000,72.715,72.765,72.695,72.705,0.00848
1741014240000,72.71,72.73,72.685,72.7,0.006628
1741014300000,72.705,72.72,72.655,72.69,0.006959
1741014360000,72.695,72.745,72.685,72.72,0.006876
1741014420000,72.725,72.79,72.715,72.725,0.006654
1741014480000,72.735,72.745,72.685,72.72,0.007151
1741014540000,72.725,72.745,72.655,72.665,0.006007
1741014600000,72.67,72.685,72.625,72.655,0.004747
1741014660000,72.65,72.685,72.64,72.675,0.004883
1741014720000,72.685,72.72,72.645,72.655,0.006882
1741014780000,72.65,72.675,72.64,72.645,0.003849
1741014840000,72.635,72.665,72.615,72.645,0.00604
1741014900000,72.635,72.68,72.58,72.6,0.01013
1741014960000,72.605,72.655,72.595,72.655,0.005522
1741015020000,72.66,72.665,72.585,72.595,0.004792
1741015080000,72.6,72.665,72.57,72.595,0.004567
1741015140000,72.585,72.6,72.565,72.59,0.003906
1741015200000,72.585,72.625,72.57,72.585,0.005017
1741015260000,72.575,72.625,72.575,72.61,0.004316
1741015320000,72.605,72.66,72.605,72.645,0.005218
1741015380000,72.64,72.665,72.625,72.625,0.005233
1741015440000,72.615,72.645,72.605,72.61,0.003289
1741015500000,72.615,72.685,72.615,72.66,0.005943
1741015560000,72.665,72.675,72.585,72.605,0.004856
1741015620000,72.6,72.665,72.575,72.635,0.004683
1741015680000,72.63,72.695,72.625,72.66,0.005462
1741015740000,72.665,72.675,72.588,72.595,0.012499
1741015800000,72.585,72.595,72.525,72.535,0.010244
1741015860000,72.53,72.625,72.525,72.615,0.008257
1741015920000,72.625,72.675,72.625,72.635,0.006248
1741015980000,72.63,72.63,72.585,72.595,0.004738
1741016040000,72.59,72.625,72.585,72.605,0.006015
1741016100000,72.615,72.625,72.595,72.605,0.007335
1741016160000,72.61,72.61,72.52,72.525,0.00763
1741016220000,72.53,72.53,72.405,72.415,0.012623
1741016280000,72.405,72.415,72.335,72.355,0.013696
1741016340000,72.365,72.395,72.345,72.39,0.009629
1741016400000,72.395,72.455,72.365,72.435,0.006052
1741016460000,72.425,72.475,72.395,72.475,0.005908
1741016520000,72.48,72.525,72.48,72.51,0.006243
1741016580000,72.505,72.51,72.465,72.48,0.007266
1741016640000,72.475,72.505,72.45,72.505,0.005733
1741016700000,72.5,72.525,72.455,72.52,0.004445
1741016760000,72.515,72.535,72.435,72.435,0.007514
1741016820000,72.43,72.45,72.395,72.41,0.007042
1741016880000,72.405,72.46,72.405,72.455,0.004455
1741016940000,72.45,72.5,72.44,72.455,0.004122
1741017000000,72.45,72.495,72.45,72.47,0.003553
1741017060000,72.465,72.495,72.465,72.49,0.004302
1741017120000,72.495,72.685,72.465,72.615,0.009103
1741017180000,72.625,72.635,72.55,72.565,0.010097
1741017240000,72.555,72.62,72.545,72.62,0.00432
1741017300000,72.615,72.735,72.615,72.68,0.010917
1741017360000,72.675,72.705,72.645,72.68,0.004716
1741017420000,72.675,72.7,72.625,72.635,0.005561
1741017480000,72.625,72.685,72.615,72.675,0.005963
1741017540000,72.68,72.695,72.655,72.655,0.003411
1741017600000,72.645,72.775,72.635,72.755,0.006289
1741017660000,72.77,72.795,72.725,72.73,0.010931
1741017720000,72.725,72.795,72.71,72.71,0.003465
1741017780000,72.705,72.715,72.675,72.685,0.00436
1741017840000,72.68,72.69,72.635,72.665,0.003131
1741017900000,72.675,72.725,72.655,72.725,0.004914
1741017960000,72.715,72.725,72.675,72.705,0.006462
1741018020000,72.695,72.705,72.675,72.685,0.006474
1741018080000,72.695,72.725,72.675,72.685,0.006971
1741018140000,72.69,72.715,72.655,72.665,0.004041
1741018200000,72.66,72.715,72.63,72.665,0.004829
1741018260000,72.655,72.685,72.625,72.675,0.004801
1741018320000,72.665,72.665,72.605,72.625,0.005588
1741018380000,72.635,72.635,72.585,72.6,0.003813
1741018440000,72.595,72.595,72.575,72.59,0.004351
1741018500000,72.595,72.605,72.575,72.575,0.003838
1741018560000,72.56,72.565,72.495,72.505,0.008067
1741018620000,72.5,72.505,72.445,72.455,0.005174
1741018680000,72.445,72.445,72.4,72.405,0.005222
1741018740000,72.42,72.455,72.42,72.44,0.005943
1741018800000,72.435,72.45,72.425,72.445,0.005113
1741018860000,72.455,72.475,72.445,72.445,0.006078
1741018920000,72.435,72.445,72.42,72.445,0.003933
1741018980000,72.45,72.47,72.425,72.435,0.005435
1741019040000,72.44,72.46,72.415,72.435,0.003804
1741019100000,72.425,72.475,72.425,72.455,0.006439
1741019160000,72.45,72.465,72.425,72.445,0.005475
1741019220000,72.44,72.465,72.435,72.435,0.004623
1741019280000,72.44,72.465,72.395,72.44,0.015686
1741019340000,72.435,72.6,72.425,72.535,0.023105
1741019400000,72.53,72.575,72.47,72.47,0.0147
1741019460000,72.465,72.585,72.445,72.545,0.00689
1741019520000,72.55,72.555,72.505,72.54,0.009103
1741019580000,72.535,72.635,72.535,72.615,0.005699
1741019640000,72.62,72.675,72.61,72.64,0.007519
1741019700000,72.645,72.665,72.625,72.645,0.00744
1741019760000,72.64,72.705,72.635,72.675,0.006581
1741019820000,72.68,72.685,72.585,72.595,0.004477
1741019880000,72.605,72.61,72.555,72.575,0.004369
1741019940000,72.585,72.585,72.545,72.545,0.005039
1741020000000,72.56,72.57,72.535,72.545,0.002524
1741020060000,72.565,72.6,72.555,72.58,0.002948
1741020120000,72.575,72.635,72.565,72.63,0.003263
1741020180000,72.625,72.625,72.565,72.585,0.004828
1741020240000,72.58,72.585,72.535,72.535,0.004118
1741020300000,72.54,72.715,72.54,72.685,0.005637
1741020360000,72.68,72.695,72.635,72.675,0.004239
1741020420000,72.665,72.7,72.645,72.645,0.00319
1741020480000,72.65,72.675,72.645,72.675,0.001715
1741020540000,72.67,72.725,72.67,72.705,0.005678
1741020600000,72.7,72.735,72.69,72.72,0.005484
1741020660000,72.725,72.735,72.685,72.69,0.002903
1741020720000,72.685,72.695,72.65,72.655,0.003667
1741020780000,72.65,72.665,72.645,72.665,0.002543
1741020840000,72.66,72.685,72.66,72.675,0.00234
1741020900000,72.67,72.68,72.625,72.635,0.002561
1741020960000,72.64,72.665,72.62,72.66,0.004381
1741021020000,72.655,72.685,72.65,72.68,0.001949
1741021080000,72.675,72.74,72.675,72.705,0.006197
1741021140000,72.685,72.69,72.625,72.625,0.002934
1741021200000,72.615,72.635,72.595,72.615,0.003644
1741021260000,72.62,72.665,72.62,72.65,0.003825
1741021320000,72.655,72.675,72.645,72.675,0.003566
1741021380000,72.67,72.68,72.655,72.665,0.003384
1741021440000,72.675,72.745,72.675,72.705,0.005344
1741021500000,72.715,72.745,72.71,72.74,0.004756
1741021560000,72.735,72.74,72.705,72.705,0.004377
1741021620000,72.715,72.715,72.66,72.68,0.006957
1741021680000,72.685,72.685,72.62,72.62,0.00319
1741021740000,72.625,72.635,72.615,72.625,0.002403
1741021800000,72.635,72.655,72.625,72.635,0.003123
1741021860000,72.645,72.645,72.625,72.625,0.00455
1741021920000,72.63,72.63,72.595,72.595,0.002919
1741021980000,72.585,72.605,72.575,72.595,0.002569
1741022040000,72.6,72.68,72.6,72.67,0.003104
1741022100000,72.665,72.665,72.605,72.625,0.003742
1741022160000,72.615,72.635,72.605,72.625,0.005108
1741022220000,72.63,72.665,72.63,72.655,0.002334
1741022280000,72.645,72.685,72.645,72.685,0.002648
1741022340000,72.69,72.725,72.68,72.695,0.005075
1741022400000,72.7,72.765,72.695,72.765,0.004332
1741022460000,72.76,72.765,72.755,72.765,0.001035
1741022520000,72.76,72.835,72.755,72.815,0.005065
1741022580000,72.81,72.81,72.775,72.79,0.004635
1741022640000,72.795,72.795,72.775,72.785,0.003131
1741022700000,72.79,72.81,72.785,72.79,0.002985
1741022760000,72.795,72.795,72.745,72.76,0.004096
1741022820000,72.755,72.755,72.735,72.755,0.004449
1741022880000,72.75,72.775,72.745,72.765,0.003641
1741022940000,72.76,72.775,72.74,72.75,0.003866
1741023000000,72.755,72.785,72.735,72.745,0.003548
1741023060000,72.735,72.77,72.695,72.705,0.004998
1741023120000,72.7,72.73,72.695,72.73,0.004929
1741023180000,72.725,72.775,72.725,72.765,0.00803
1741023240000,72.775,72.78,72.745,72.745,0.003202
1741023300000,72.755,72.77,72.735,72.75,0.003251
1741023360000,72.745,72.77,72.735,72.75,0.007881
1741023420000,72.755,72.795,72.755,72.785,0.003391
1741023480000,72.775,72.795,72.76,72.775,0.004125
1741023540000,72.77,72.795,72.765,72.775,0.00418
1741023600000,72.77,72.815,72.765,72.815,0.001399
1741023660000,72.81,72.865,72.805,72.86,0.002884
1741023720000,72.865,72.87,72.825,72.845,0.00433
1741023780000,72.84,72.855,72.82,72.82,0.002488
1741023840000,72.825,72.835,72.775,72.785,0.005777
1741023900000,72.775,72.805,72.775,72.795,0.002151
1741023960000,72.785,72.815,72.775,72.785,0.003598
1741024020000,72.8,72.805,72.775,72.79,0.003818
1741024080000,72.785,72.79,72.765,72.765,0.002082
1741024140000,72.77,72.775,72.755,72.765,0.002265
1741024200000,72.76,72.76,72.725,72.745,0.004001
1741024260000,72.735,72.735,72.725,72.73,0.001034
1741024320000,72.725,72.735,72.71,72.735,0.004422
1741024380000,72.74,72.745,72.715,72.72,0.00171
1741024440000,72.715,72.715,72.695,72.7,0.0018
1741024500000,72.695,72.715,72.685,72.715,0.002367
1741024560000,72.71,72.72,72.685,72.685,0.001984
1741024620000,72.675,72.695,72.64,72.645,0.004695
1741024680000,72.64,72.655,72.635,72.635,0.012818
1741024740000,72.625,72.645,72.62,72.635,0.003546
1741024800000,72.625,72.645,72.6,72.6,0.003978
1741024860000,72.595,72.595,72.57,72.57,0.003437
1741024920000,72.575,72.58,72.535,72.565,0.004932
1741024980000,72.575,72.615,72.565,72.605,0.005297
1741025040000,72.61,72.625,72.605,72.615,0.003816
1741025100000,72.62,72.62,72.565,72.565,0.004863
1741025160000,72.555,72.565,72.525,72.535,0.003304
1741025220000,72.525,72.545,72.49,72.505,0.004968
1741025280000,72.51,72.51,72.485,72.485,0.002073
1741025340000,72.475,72.49,72.445,72.445,0.003319
1741025400000,72.44,72.44,71.935,72.02,0.040621
1741025460000,72.015,72.015,71.775,71.775,0.016784
1741025520000,71.765,71.825,71.595,71.635,0.020217
1741025580000,71.625,71.625,71.5,71.605,0.01976
1741025640000,71.61,71.625,71.5,71.53,0.019866
1741025700000,71.535,71.7,71.525,71.615,0.016679
1741025760000,71.62,71.635,71.515,71.535,0.014335
1741025820000,71.53,71.565,71.355,71.465,0.014514
1741025880000,71.475,71.5,71.335,71.335,0.009846
1741025940000,71.345,71.38,71.235,71.245,0.016375
1741026000000,71.255,71.3,71.155,71.185,0.014067
1741026060000,71.18,71.265,71.175,71.235,0.010628
1741026120000,71.245,71.275,71.165,71.195,0.01051
1741026180000,71.21,71.23,71.175,71.23,0.008297
1741026240000,71.235,71.485,71.225,71.475,0.014685
1741026300000,71.47,71.545,71.435,71.525,0.013757
1741026360000,71.53,71.555,71.445,71.45,0.010761
1741026420000,71.455,71.475,71.405,71.465,0.005319
1741026480000,71.46,71.51,71.395,71.395,0.005917
1741026540000,71.4,71.405,71.335,71.365,0.010341
1741026600000,71.36,71.415,71.335,71.395,0.00638
1741026660000,71.385,71.385,71.25,71.275,0.006223
1741026720000,71.28,71.375,71.265,71.365,0.007744
1741026780000,71.37,71.38,71.285,71.315,0.005787
1741026840000,71.305,71.345,71.27,71.3,0.004707
1741026900000,71.295,71.34,71.26,71.31,0.00545
1741026960000,71.3,71.395,71.165,71.185,0.009859
1741027020000,71.19,71.26,71.19,71.215,0.00593
1741027080000,71.22,71.265,71.195,71.195,0.003942
1741027140000,71.19,71.255,71.165,71.185,0.00603
1741027200000,71.195,71.245,71.175,71.225,0.00743
1741027260000,71.23,71.285,71.21,71.235,0.006552
1741027320000,71.24,71.275,71.215,71.23,0.006434
1741027380000,71.235,71.245,71.175,71.18,0.003811
1741027440000,71.175,71.225,71.175,71.205,0.004405
1741027500000,71.21,71.31,71.185,71.265,0.00462
1741027560000,71.275,71.28,71.225,71.24,0.006785
1741027620000,71.245,71.345,71.24,71.34,0.006626
1741027680000,71.345,71.505,71.335,71.475,0.016352
1741027740000,71.455,71.47,71.395,71.415,0.007033
1741027800000,71.41,71.49,71.39,71.445,0.005121
1741027860000,71.44,71.525,71.44,71.505,0.006885
1741027920000,71.495,71.495,71.455,71.455,0.004667
1741027980000,71.425,71.425,71.365,71.375,0.004716
1741028040000,71.38,71.45,71.375,71.385,0.004509
1741028100000,71.39,71.485,71.385,71.47,0.005823
1741028160000,71.465,71.515,71.455,71.515,0.003623
1741028220000,71.505,71.615,71.485,71.615,0.003987
1741028280000,71.61,71.61,71.46,71.475,0.007006
1741028340000,71.465,71.515,71.45,71.495,0.002903
1741028400000,71.505,71.515,71.425,71.455,0.005175
1741028460000,71.435,71.525,71.42,71.495,0.005693
1741028520000,71.485,71.505,71.475,71.475,0.004118
1741028580000,71.485,71.525,71.47,71.52,0.00378
1741028640000,71.515,71.545,71.505,71.505,0.003384
1741028700000,71.49,71.505,71.425,71.435,0.00408
1741028760000,71.445,71.465,71.435,71.445,0.003294
1741028820000,71.455,71.545,71.455,71.54,0.003924
1741028880000,71.545,71.565,71.495,71.535,0.004892
1741028940000,71.53,71.575,71.515,71.555,0.004504
1741029000000,71.565,71.585,71.335,71.345,0.009076
1741029060000,71.365,71.58,71.34,71.575,0.013099
1741029120000,71.585,71.625,71.56,71.605,0.008708
1741029180000,71.61,71.61,71.515,71.565,0.005369
1741029240000,71.56,71.595,71.535,71.575,0.004514
1741029300000,71.57,71.585,71.495,71.575,0.005162
1741029360000,71.57,71.575,71.52,71.52,0.002615
1741029420000,71.53,71.575,71.495,71.54,0.004649
1741029480000,71.53,71.535,71.51,71.52,0.002678
1741029540000,71.515,71.575,71.495,71.555,0.002975
1741029600000,71.545,71.585,71.505,71.585,0.002889
1741029660000,71.575,71.605,71.535,71.6,0.004072
1741029720000,71.605,71.615,71.505,71.535,0.007499
1741029780000,71.53,71.55,71.455,71.475,0.008279
1741029840000,71.485,71.545,71.485,71.535,0.006259
1741029900000,71.525,71.555,71.505,71.505,0.005315
1741029960000,71.49,71.635,71.485,71.595,0.005531
1741030020000,71.59,71.595,71.505,71.535,0.00805
1741030080000,71.545,71.665,71.545,71.555,0.016997
1741030140000,71.565,71.605,71.56,71.595,0.009846
1741030200000,71.605,71.61,71.48,71.48,0.00858
1741030260000,71.485,71.485,71.445,71.445,0.007005
1741030320000,71.445,71.465,71.445,71.445,0.002802
1741030380000,71.445,71.445,71.445,71.445,0.000152
1741030440000,71.445,71.465,71.445,71.445,0.001514
1741030500000,71.445,71.455,71.445,71.445,0.001959
1741030560000,71.445,71.445,71.445,71.445,0.000575
1741030620000,71.445,71.445,71.395,71.395,0.000157
1741030680000,71.4,71.42,71.395,71.41,0.002255
1741030740000,71.405,71.435,71.405,71.43,0.002043
1741030800000,71.435,71.435,71.415,71.425,0.001823
1741030860000,71.435,71.445,71.43,71.435,0.001814
1741030920000,71.43,71.445,71.425,71.425,0.000738
1741030980000,71.42,71.42,71.345,71.35,0.002133
1741031040000,71.355,71.365,71.355,71.355,0.002529
1741031100000,71.35,71.365,71.345,71.355,0.004547
1741031160000,71.35,71.355,71.315,71.335,0.002907
1741031220000,71.345,71.355,71.315,71.315,0.002606
1741031280000,71.32,71.325,71.305,71.305,0.000927
1741031340000,71.31,71.315,71.305,71.315,0.001697
1741031400000,71.305,71.315,71.255,71.315,0.00306
1741031460000,71.3,71.31,71.245,71.275,0.003483
1741031520000,71.28,71.315,71.26,71.295,0.005332
1741031580000,71.29,71.325,71.285,71.32,0.0045
1741031640000,71.315,71.43,71.315,71.415,0.005387
1741031700000,71.425,71.425,71.36,71.365,0.003389
1741031760000,71.37,71.37,71.31,71.315,0.005242
1741031820000,71.31,71.31,71.27,71.29,0.002016
1741031880000,71.285,71.295,71.25,71.275,0.003128
1741031940000,71.27,71.405,71.265,71.405,0.004459
1741032000000,71.4,71.505,71.39,71.47,0.005751
1741032060000,71.46,71.475,71.41,71.445,0.003339
1741032120000,71.45,71.45,71.39,71.445,0.002916
1741032180000,71.44,71.44,71.38,71.405,0.003731
1741032240000,71.41,71.425,71.39,71.425,0.003938
1741032300000,71.435,71.445,71.4,71.405,0.002309
1741032360000,71.4,71.405,71.365,71.395,0.002408
1741032420000,71.4,71.44,71.395,71.415,0.002853
1741032480000,71.41,71.455,71.405,71.405,0.002655
1741032540000,71.415,71.425,71.39,71.39,0.00198
1741032600000,71.395,71.395,71.35,71.365,0.002043
1741032660000,71.375,71.375,71.32,71.32,0.002245
1741032720000,71.325,71.34,71.315,71.34,0.003048
1741032780000,71.335,71.34,71.295,71.315,0.001832
1741032840000,71.31,71.315,71.285,71.295,0.001557
1741032900000,71.29,71.325,71.29,71.3,0.003123
1741032960000,71.295,71.355,71.295,71.355,0.002264
1741033020000,71.345,71.36,71.335,71.335,0.001602
1741033080000,71.33,71.345,71.31,71.315,0.001593
1741033140000,71.32,71.32,71.295,71.305,0.001377
1741033200000,71.3,71.315,71.28,71.295,0.001476
1741033260000,71.3,71.315,71.275,71.28,0.001809
1741033320000,71.285,71.285,71.265,71.265,0.006764
1741033380000,71.27,71.295,71.265,71.275,0.004455
1741033440000,71.27,71.275,71.265,71.265,0.001575
1741033500000,71.275,71.285,71.255,71.265,0.001827
1741033560000,71.26,71.285,71.26,71.275,0.001422
1741033620000,71.28,71.285,71.255,71.255,0.003757
1741033680000,71.245,71.255,71.245,71.25,0.001089
1741033740000,71.255,71.255,71.225,71.24,0.002088
1741033800000,71.25,71.295,71.25,71.275,0.001944
1741033860000,71.28,71.28,71.255,71.275,0.000932
1741033920000,71.265,71.28,71.245,71.25,0.00257
1741033980000,71.245,71.26,71.225,71.23,0.002079
1741034040000,71.235,71.245,71.215,71.22,0.001746
1741034100000,71.225,71.235,71.2,71.2,0.001548
1741034160000,71.205,71.225,71.205,71.21,0.001602
1741034220000,71.205,71.215,71.2,71.21,0.000945
1741034280000,71.215,71.225,71.205,71.22,0.001161
1741034340000,71.215,71.22,71.195,71.195,0.001161
1741034400000,71.205,71.21,71.195,71.195,0.000558
1741034460000,71.2,71.205,71.185,71.195,0.001647
1741034520000,71.2,71.215,71.195,71.215,0.00131
1741034580000,71.205,71.215,71.195,71.205,0.002349
1741034640000,71.21,71.21,71.185,71.2,0.00405
1741034700000,71.195,71.195,71.175,71.175,0.001674
1741034760000,71.18,71.215,71.18,71.205,0.001791
1741034820000,71.21,71.22,71.195,71.195,0.002367
1741034880000,71.185,71.215,71.185,71.21,0.002588
1741034940000,71.215,71.255,71.215,71.245,0.00171
1741035000000,71.25,71.275,71.25,71.27,0.00185
1741035060000,71.275,71.275,71.245,71.255,0.001107
1741035120000,71.26,71.275,71.255,71.265,0.001134
1741035180000,71.285,71.285,71.265,71.265,0.0005
1741035240000,71.27,71.275,71.265,71.27,0.001647
1741035300000,71.265,71.295,71.265,71.285,0.001274
1741035360000,71.29,71.305,71.29,71.29,0.001382
1741035420000,71.295,71.335,71.285,71.33,0.002461
1741035480000,71.325,71.335,71.315,71.335,0.001328
1741035540000,71.325,71.355,71.315,71.35,0.001863
1741035600000,71.345,71.352,71.312,71.342,0.001377
1741035660000,71.352,71.372,71.322,71.322,0.000837
1741035720000,71.327,71.337,71.302,71.302,0.001296
1741035780000,71.312,71.317,71.297,71.317,0.000774
1741035840000,71.322,71.322,71.302,71.307,0.000873
1741035900000,71.302,71.302,71.297,71.297,0.000302
1741035960000,71.302,71.322,71.302,71.302,0.000473
1741036020000,71.297,71.302,71.287,71.297,0.000531
1741036080000,71.287,71.307,71.287,71.297,0.000725
1741036140000,71.302,71.322,71.302,71.322,0.000482
1741036200000,71.317,71.317,71.297,71.297,0.000495
1741036260000,71.302,71.337,71.302,71.332,0.000806
1741036320000,71.337,71.342,71.322,71.327,0.00068
1741036380000,71.332,71.332,71.322,71.327,0.000806
1741036440000,71.332,71.337,71.327,71.332,0.000572
1741036500000,71.337,71.352,71.332,71.352,0.000959
1741036560000,71.342,71.352,71.342,71.352,0.000455
1741036620000,71.362,71.372,71.357,71.372,0.00023
1741036680000,71.367,71.382,71.367,71.377,0.000459
1741036740000,71.382,71.392,71.377,71.387,0.000594
1741036800000,71.392,71.402,71.382,71.397,0.000837
1741036860000,71.402,71.402,71.382,71.382,0.000563
1741036920000,71.392,71.392,71.367,71.372,0.001161
1741036980000,71.362,71.382,71.362,71.382,0.000306
1741037040000,71.387,71.387,71.372,71.372,0.000369
1741037100000,71.382,71.392,71.377,71.387,0.000675
1741037160000,71.382,71.397,71.372,71.382,0.001304
1741037220000,71.372,71.377,71.372,71.377,0.000135
1741037280000,71.372,71.382,71.372,71.382,0.000333
1741037340000,71.372,71.382,71.372,71.382,0.000446
1741037400000,71.377,71.382,71.377,71.382,0.000144
1741037460000,71.377,71.382,71.377,71.382,0.000288
1741037520000,71.392,71.392,71.377,71.382,0.000374
1741037580000,71.387,71.397,71.387,71.387,0.000837
1741037640000,71.392,71.402,71.387,71.402,0.000986
1741037700000,71.397,71.402,71.382,71.392,0.000567
1741037760000,71.382,71.402,71.382,71.397,0.000378
1741037820000,71.402,71.402,71.392,71.392,0.000284
1741037880000,71.397,71.422,71.392,71.422,0.000464
1741037940000,71.427,71.427,71.417,71.417,0.000176
1741038000000,71.422,71.432,71.417,71.422,0.000338
1741038060000,71.442,71.452,71.437,71.452,0.000428
1741038120000,71.447,71.477,71.447,71.477,0.000702
1741038180000,71.472,71.482,71.447,71.452,0.000554
1741038240000,71.442,71.442,71.432,71.432,0.000108
1741038300000,71.437,71.437,71.412,71.412,0.000572
1741038360000,71.422,71.422,71.412,71.412,0.00027
1741038420000,71.417,71.417,71.397,71.407,0.000549
1741038480000,71.417,71.432,71.412,71.427,0.000671
1741038540000,71.422,71.432,71.417,71.427,0.000432
1741038600000,71.422,71.427,71.412,71.427,0.00036
1741038660000,71.422,71.437,71.412,71.437,0.000419
1741038720000,71.432,71.442,71.417,71.422,0.00081
1741038780000,71.412,71.417,71.407,71.407,0.000401
1741038840000,71.402,71.417,71.402,71.412,0.000162
1741038900000,71.417,71.437,71.417,71.437,0.000338
1741038960000,71.432,71.432,71.417,71.422,0.00045
1741039020000,71.427,71.447,71.427,71.447,0.000617
1741039080000,71.442,71.442,71.417,71.437,0.000459
1741039140000,71.432,71.452,71.427,71.447,0.001454
1741132800000,71.015,71.015,71.015,71.015,0
1741132860000,71.015,71.015,71.015,71.015,0
1741132920000,71.015,71.015,71.015,71.015,0
1741132980000,71.015,71.015,71.015,71.015,0
1741133040000,71.015,71.015,71.015,71.015,0
1741133100000,71.015,71.015,71.015,71.015,0
1741133160000,71.015,71.015,71.015,71.015,0
1741133220000,71.015,71.015,71.015,71.015,0
1741133280000,71.015,71.015,71.015,71.015,0
1741133340000,71.015,71.015,71.015,71.015,0
1741133400000,71.015,71.015,71.015,71.015,0
1741133460000,71.015,71.015,71.015,71.015,0
1741133520000,71.015,71.015,71.015,71.015,0
1741133580000,71.015,71.015,71.015,71.015,0
1741133640000,71.015,71.015,71.015,71.015,0
1741133700000,71.015,71.015,71.015,71.015,0
1741133760000,71.015,71.015,71.015,71.015,0
1741133820000,71.015,71.015,71.015,71.015,0
1741133880000,71.015,71.015,71.015,71.015,0
1741133940000,71.015,71.015,71.015,71.015,0
1741134000000,71.015,71.015,71.015,71.015,0
1741134060000,71.015,71.015,71.015,71.015,0
1741134120000,71.015,71.015,71.015,71.015,0
1741134180000,71.015,71.015,71.015,71.015,0
1741134240000,71.015,71.015,71.015,71.015,0
1741134300000,71.015,71.015,71.015,71.015,0
1741134360000,71.015,71.015,71.015,71.015,0
1741134420000,71.015,71.015,71.015,71.015,0
1741134480000,71.015,71.015,71.015,71.015,0
1741134540000,71.015,71.015,71.015,71.015,0
1741134600000,71.015,71.015,71.015,71.015,0
1741134660000,71.015,71.015,71.015,71.015,0
1741134720000,71.015,71.015,71.015,71.015,0
1741134780000,71.015,71.015,71.015,71.015,0
1741134840000,71.015,71.015,71.015,71.015,0
1741134900000,71.015,71.015,71.015,71.015,0
1741134960000,71.015,71.015,71.015,71.015,0
1741135020000,71.015,71.015,71.015,71.015,0
1741135080000,71.015,71.015,71.015,71.015,0
1741135140000,71.015,71.015,71.015,71.015,0
1741135200000,71.015,71.015,71.015,71.015,0
1741135260000,71.015,71.015,71.015,71.015,0
1741135320000,71.015,71.015,71.015,71.015,0
1741135380000,71.015,71.015,71.015,71.015,0
1741135440000,71.015,71.015,71.015,71.015,0
1741135500000,71.015,71.015,71.015,71.015,0
1741135560000,71.015,71.015,71.015,71.015,0
1741135620000,71.015,71.015,71.015,71.015,0
1741135680000,71.015,71.015,71.015,71.015,0
1741135740000,71.015,71.015,71.015,71.015,0
1741135800000,71.015,71.015,71.015,71.015,0
1741135860000,71.015,71.015,71.015,71.015,0
1741135920000,71.015,71.015,71.015,71.015,0
1741135980000,71.015,71.015,71.015,71.015,0
1741136040000,71.015,71.015,71.015,71.015,0
1741136100000,71.015,71.015,71.015,71.015,0
1741136160000,71.015,71.015,71.015,71.015,0
1741136220000,71.015,71.015,71.015,71.015,0
1741136280000,71.015,71.015,71.015,71.015,0
1741136340000,71.015,71.015,71.015,71.015,0
1741136400000,70.947,71.015,70.92,71.015,0.006111
1741136460000,71.02,71.04,70.985,71.03,0.003326
1741136520000,71.035,71.035,70.985,70.995,0.00275
1741136580000,70.99,71.025,70.985,71.025,0.00171
1741136640000,71.02,71.02,70.995,70.995,0.001571
1741136700000,71,71.005,70.945,70.995,0.002083
1741136760000,70.99,70.99,70.945,70.955,0.002349
1741136820000,70.96,70.985,70.95,70.98,0.001517
1741136880000,70.985,70.985,70.97,70.97,0.001134
1741136940000,70.975,70.985,70.97,70.975,0.000725
1741137000000,70.98,70.985,70.92,70.925,0.002174
1741137060000,70.92,70.92,70.875,70.9,0.001746
1741137120000,70.895,70.915,70.895,70.915,0.00117
1741137180000,70.92,70.92,70.89,70.89,0.001404
1741137240000,70.895,70.905,70.875,70.875,0.000833
1741137300000,70.88,70.9,70.865,70.885,0.003074
1741137360000,70.88,70.88,70.855,70.855,0.000657
1741137420000,70.86,70.875,70.855,70.87,0.00171
1741137480000,70.865,70.865,70.845,70.865,0.000725
1741137540000,70.86,70.875,70.855,70.86,0.001539
1741137600000,70.855,70.855,70.815,70.82,0.002156
1741137660000,70.825,70.835,70.82,70.83,0.001143
1741137720000,70.845,70.87,70.845,70.855,0.00068
1741137780000,70.845,70.855,70.835,70.85,0.001224
1741137840000,70.855,70.925,70.855,70.905,0.002664
1741137900000,70.915,70.955,70.905,70.905,0.001409
1741137960000,70.91,70.92,70.895,70.915,0.000833
1741138020000,70.935,70.96,70.915,70.955,0.00104
1741138080000,70.945,70.955,70.925,70.935,0.001364
1741138140000,70.93,70.945,70.915,70.94,0.000896
1741138200000,70.945,70.965,70.87,70.875,0.002799
1741138260000,70.87,70.915,70.818,70.895,0.011865
1741138320000,70.9,70.92,70.84,70.865,0.003375
1741138380000,70.87,70.89,70.87,70.875,0.001112
1741138440000,70.88,70.89,70.875,70.88,0.001067
1741138500000,70.885,70.925,70.88,70.92,0.002169
1741138560000,70.925,70.925,70.88,70.885,0.001467
1741138620000,70.89,70.89,70.865,70.87,0.001805
1741138680000,70.865,70.935,70.865,70.925,0.001287
1741138740000,70.93,70.94,70.915,70.93,0.00207
1741138800000,70.935,70.955,70.93,70.955,0.001805
1741138860000,70.945,71.01,70.945,70.97,0.002556
1741138920000,70.975,70.975,70.965,70.975,0.00099
1741138980000,70.97,70.985,70.965,70.98,0.002282
1741139040000,70.985,70.985,70.965,70.975,0.001098
1741139100000,70.97,70.975,70.935,70.965,0.001697
1741139160000,70.975,70.98,70.955,70.955,0.00144
1741139220000,70.965,70.98,70.945,70.975,0.001796
1741139280000,70.98,70.98,70.965,70.965,0.001076
1741139340000,70.97,70.97,70.895,70.895,0.001112
1741139400000,70.885,70.9,70.875,70.895,0.000801
1741139460000,70.91,70.955,70.905,70.94,0.001359
1741139520000,70.945,70.975,70.945,70.975,0.003762
1741139580000,70.97,70.97,70.95,70.965,0.000878
1741139640000,70.96,70.965,70.94,70.96,0.000824
1741139700000,70.945,70.985,70.945,70.985,0.001053
1741139760000,70.98,70.98,70.915,70.925,0.0014
1741139820000,70.915,70.945,70.915,70.94,0.001215
1741139880000,70.935,70.94,70.895,70.91,0.001283
1741139940000,70.905,70.915,70.875,70.875,0.000725
1741140000000,70.905,70.96,70.905,70.93,0.002192
1741140060000,70.92,70.92,70.875,70.895,0.001611
1741140120000,70.89,70.895,70.875,70.88,0.001314
1741140180000,70.875,70.895,70.875,70.89,0.004145
1741140240000,70.885,70.915,70.885,70.905,0.000833
1741140300000,70.91,70.925,70.865,70.875,0.001512
1741140360000,70.88,70.88,70.845,70.855,0.000608
1741140420000,70.845,70.865,70.845,70.86,0.000567
1741140480000,70.865,70.87,70.845,70.845,0.001107
1741140540000,70.85,70.87,70.85,70.865,0.001283
1741140600000,70.87,70.87,70.845,70.855,0.000864
1741140660000,70.86,70.865,70.825,70.825,0.00122
1741140720000,70.815,70.85,70.785,70.825,0.002507
1741140780000,70.82,70.83,70.805,70.83,0.00176
1741140840000,70.825,70.835,70.825,70.83,0.000549
1741140900000,70.845,70.845,70.815,70.815,0.001139
1741140960000,70.82,70.84,70.82,70.84,0.000612
1741141020000,70.835,70.84,70.825,70.84,0.000594
1741141080000,70.835,70.845,70.835,70.845,0.000176
1741141140000,70.855,70.855,70.85,70.85,0.00023
1741141200000,70.845,70.845,70.795,70.8,0.001404
1741141260000,70.795,70.805,70.77,70.79,0.002232
1741141320000,70.795,70.795,70.775,70.78,0.000419
1741141380000,70.785,70.795,70.755,70.795,0.001512
1741141440000,70.8,70.82,70.785,70.79,0.001476
1741141500000,70.785,70.82,70.785,70.82,0.000918
1741141560000,70.815,70.815,70.79,70.8,0.001053
1741141620000,70.805,70.805,70.8,70.805,0.000536
1741141680000,70.785,70.79,70.76,70.775,0.001022
1741141740000,70.77,70.78,70.77,70.77,0.0005
1741141800000,70.78,70.785,70.765,70.775,0.001751
1741141860000,70.77,70.775,70.695,70.73,0.002313
1741141920000,70.735,70.745,70.725,70.73,0.001377
1741141980000,70.725,70.74,70.71,70.715,0.001269
1741142040000,70.71,70.72,70.7,70.72,0.001755
1741142100000,70.725,70.73,70.68,70.69,0.002313
1741142160000,70.695,70.71,70.695,70.705,0.002322
1741142220000,70.7,70.71,70.685,70.69,0.002876
1741142280000,70.695,70.7,70.685,70.7,0.000585
1741142340000,70.695,70.71,70.685,70.695,0.001904
1741142400000,70.7,70.7,70.685,70.695,0.000518
1741142460000,70.69,70.69,70.675,70.69,0.00162
1741142520000,70.685,70.705,70.665,70.695,0.002309
1741142580000,70.68,70.685,70.675,70.675,0.000198
1741142640000,70.67,70.675,70.66,70.675,0.001274
1741142700000,70.665,70.665,70.655,70.665,0.001355
1741142760000,70.67,70.675,70.645,70.655,0.001877
1741142820000,70.66,70.695,70.655,70.69,0.001809
1741142880000,70.705,70.71,70.695,70.705,0.001184
1741142940000,70.715,70.72,70.705,70.715,0.000608
1741143000000,70.725,70.725,70.705,70.705,0.001309
1741143060000,70.7,70.7,70.675,70.685,0.000707
1741143120000,70.695,70.72,70.695,70.7,0.000842
1741143180000,70.705,70.735,70.7,70.735,0.00063
1741143240000,70.73,70.735,70.71,70.73,0.001476
1741143300000,70.735,70.735,70.675,70.685,0.000743
1741143360000,70.68,70.68,70.65,70.655,0.000779
1741143420000,70.645,70.655,70.635,70.64,0.00099
1741143480000,70.645,70.655,70.61,70.625,0.001863
1741143540000,70.63,70.65,70.61,70.61,0.001701
1741143600000,70.605,70.625,70.595,70.605,0.002246
1741143660000,70.6,70.625,70.59,70.625,0.001463
1741143720000,70.63,70.675,70.63,70.645,0.002528
1741143780000,70.64,70.645,70.63,70.63,0.001508
1741143840000,70.625,70.655,70.625,70.655,0.000594
1741143900000,70.67,70.67,70.655,70.66,0.001382
1741143960000,70.655,70.685,70.655,70.68,0.001386
1741144020000,70.685,70.735,70.675,70.73,0.00185
1741144080000,70.735,70.735,70.695,70.7,0.001341
1741144140000,70.705,70.73,70.705,70.71,0.001503
1741144200000,70.705,70.705,70.685,70.685,0.000284
1741144260000,70.695,70.695,70.685,70.69,0.000567
1741144320000,70.7,70.72,70.7,70.715,0.000959
1741144380000,70.71,70.725,70.705,70.72,0.000689
1741144440000,70.725,70.75,70.725,70.745,0.001202
1741144500000,70.75,70.765,70.745,70.755,0.001134
1741144560000,70.76,70.775,70.745,70.745,0.000662
1741144620000,70.735,70.77,70.735,70.76,0.001256
1741144680000,70.755,70.76,70.745,70.755,0.00117
1741144740000,70.75,70.755,70.735,70.75,0.001301
1741144800000,70.755,70.755,70.715,70.72,0.002066
1741144860000,70.725,70.725,70.715,70.725,0.000599
1741144920000,70.725,70.725,70.725,70.725,0
1741144980000,70.678,70.735,70.678,70.735,0.00333
1741145040000,70.74,70.77,70.74,70.765,0.000684
1741145100000,70.77,70.77,70.725,70.735,0.000945
1741145160000,70.735,70.735,70.735,70.735,0
1741145220000,70.745,70.745,70.715,70.725,0.000297
1741145280000,70.73,70.765,70.725,70.76,0.001017
1741145340000,70.755,70.775,70.75,70.76,0.00167
1741145400000,70.765,70.785,70.755,70.775,0.001809
1741145460000,70.77,70.77,70.755,70.765,0.000581
1741145520000,70.77,70.785,70.765,70.775,0.00063
1741145580000,70.77,70.775,70.76,70.76,0.001395
1741145640000,70.755,70.775,70.755,70.77,0.00077
1741145700000,70.765,70.78,70.765,70.775,0.000599
1741145760000,70.78,70.78,70.765,70.765,0.00059
1741145820000,70.77,70.77,70.715,70.725,0.001265
1741145880000,70.72,70.76,70.72,70.755,0.000972
1741145940000,70.745,70.775,70.745,70.775,0.001314
1741146000000,70.77,70.775,70.76,70.765,0.000617
1741146060000,70.765,70.765,70.765,70.765,0
1741146120000,70.76,70.76,70.745,70.745,0.000747
1741146180000,70.74,70.745,70.735,70.745,0.000234
1741146240000,70.74,70.75,70.74,70.745,0.000324
1741146300000,70.75,70.775,70.75,70.76,0.000653
1741146360000,70.765,70.77,70.745,70.745,0.000441
1741146420000,70.75,70.79,70.745,70.785,0.001953
1741146480000,70.79,70.795,70.77,70.775,0.002565
1741146540000,70.78,70.795,70.77,70.785,0.000959
1741146600000,70.775,70.775,70.755,70.775,0.000626
1741146660000,70.77,70.775,70.77,70.775,0.000351
1741146720000,70.77,70.775,70.76,70.76,0.000369
1741146780000,70.765,70.765,70.765,70.765,0.000054
1741146840000,70.718,70.76,70.718,70.745,0.003456
1741146900000,70.725,70.775,70.725,70.775,0.000932
1741146960000,70.78,70.785,70.77,70.77,0.000797
1741147020000,70.775,70.775,70.765,70.765,0.000311
1741147080000,70.77,70.775,70.765,70.77,0.000342
1741147140000,70.775,70.775,70.77,70.77,0.000216
1741147200000,70.765,70.77,70.735,70.745,0.001611
1741147260000,70.735,70.735,70.725,70.735,0.000311
1741147320000,70.735,70.735,70.735,70.735,0
1741147380000,70.74,70.745,70.74,70.745,0.000266
1741147440000,70.74,70.74,70.735,70.735,0.000315
1741147500000,70.74,70.75,70.735,70.735,0.000459
1741147560000,70.715,70.715,70.7,70.7,0.000441
1741147620000,70.695,70.7,70.685,70.685,0.000518
1741147680000,70.69,70.705,70.685,70.7,0.000387
1741147740000,70.705,70.735,70.705,70.725,0.001031
1741147800000,70.72,70.725,70.72,70.725,0.000189
1741147860000,70.72,70.72,70.715,70.715,0.000158
1741147920000,70.715,70.715,70.715,70.715,0
1741147980000,70.668,70.72,70.668,70.71,0.003357
1741148040000,70.705,70.715,70.7,70.715,0.000671
1741148100000,70.73,70.735,70.725,70.73,0.000774
1741148160000,70.735,70.735,70.735,70.735,0.000054
1741148220000,70.74,70.74,70.725,70.725,0.000783
1741148280000,70.73,70.735,70.715,70.72,0.000594
1741148340000,70.715,70.715,70.71,70.715,0.000257
1741148400000,70.725,70.73,70.72,70.725,0.000725
1741148460000,70.73,70.73,70.725,70.73,0.000315
1741148520000,70.725,70.73,70.72,70.73,0.000311
1741148580000,70.725,70.725,70.71,70.71,0.000459
1741148640000,70.715,70.73,70.715,70.73,0.000756
1741148700000,70.735,70.74,70.73,70.73,0.000324
1741148760000,70.725,70.725,70.715,70.715,0.000504
1741148820000,70.71,70.715,70.71,70.71,0.000324
1741148880000,70.705,70.705,70.695,70.695,0.000392
1741148940000,70.7,70.7,70.7,70.7,0.000135
1741149000000,70.705,70.72,70.705,70.72,0.000333
1741149060000,70.725,70.725,70.72,70.72,0.000189
1741149120000,70.725,70.735,70.72,70.735,0.000554
1741149180000,70.74,70.745,70.735,70.735,0.000599
1741149240000,70.74,70.74,70.71,70.715,0.000365
1741149300000,70.725,70.725,70.71,70.715,0.000378
1741149360000,70.725,70.745,70.725,70.735,0.00077
1741149420000,70.74,70.74,70.73,70.73,0.000257
1741149480000,70.735,70.74,70.735,70.74,0.000401
1741149540000,70.735,70.76,70.735,70.76,0.000455
1741149600000,70.755,70.755,70.75,70.75,0.00018
1741149660000,70.745,70.745,70.74,70.74,0.000536
1741149720000,70.745,70.745,70.735,70.735,0.000401
1741149780000,70.74,70.74,70.74,70.74,0.000135
1741149840000,70.745,70.76,70.735,70.76,0.000671
1741149900000,70.78,70.795,70.73,70.73,0.001049
1741149960000,70.725,70.73,70.725,70.73,0.000203
1741150020000,70.725,70.76,70.72,70.755,0.000644
1741150080000,70.755,70.755,70.755,70.755,0
1741150140000,70.74,70.74,70.735,70.735,0.000189
1741150200000,70.745,70.755,70.745,70.75,0.000176
1741150260000,70.745,70.75,70.745,70.75,0.000257
1741150320000,70.755,70.755,70.74,70.745,0.000432
1741150380000,70.74,70.755,70.74,70.75,0.000446
1741150440000,70.755,70.76,70.755,70.76,0.000144
1741150500000,70.765,70.775,70.765,70.77,0.000698
1741150560000,70.723,70.723,70.723,70.723,0.0031
1741150620000,70.765,70.77,70.765,70.77,0.000158
1741150680000,70.775,70.775,70.775,70.775,0.000068
1741150740000,70.77,70.78,70.77,70.78,0.000198
1741150800000,70.785,70.815,70.785,70.81,0.001085
1741150860000,70.805,70.815,70.795,70.795,0.00112
1741150920000,70.805,70.82,70.805,70.82,0.000243
1741150980000,70.825,70.845,70.825,70.845,0.000756
1741151040000,70.84,70.855,70.84,70.855,0.000392
1741151100000,70.86,70.875,70.85,70.855,0.001359
1741151160000,70.86,70.865,70.845,70.845,0.000455
1741151220000,70.85,70.855,70.845,70.855,0.000243
1741151280000,70.86,70.86,70.845,70.85,0.001067
1741151340000,70.855,70.865,70.85,70.86,0.0005
1741151400000,70.855,70.855,70.835,70.84,0.000972
1741151460000,70.835,70.845,70.835,70.835,0.000423
1741151520000,70.84,70.845,70.825,70.825,0.000941
1741151580000,70.825,70.825,70.825,70.825,0
1741151640000,70.835,70.835,70.83,70.835,0.000365
1741151700000,70.83,70.835,70.825,70.83,0.000414
1741151760000,70.835,70.835,70.83,70.835,0.000243
1741151820000,70.83,70.83,70.805,70.805,0.000549
1741151880000,70.795,70.81,70.795,70.81,0.000324
1741151940000,70.805,70.825,70.8,70.82,0.000896
1741152000000,70.825,70.835,70.825,70.83,0.000545
1741152060000,70.835,70.85,70.835,70.84,0.000824
1741152120000,70.835,70.835,70.825,70.825,0.000212
1741152180000,70.835,70.845,70.83,70.845,0.000639
1741152240000,70.85,70.86,70.85,70.86,0.000635
1741152300000,70.865,70.87,70.855,70.855,0.000608
1741152360000,70.845,70.845,70.835,70.84,0.00036
1741152420000,70.845,70.845,70.835,70.84,0.000243
1741152480000,70.835,70.835,70.83,70.83,0.000378
1741152540000,70.825,70.825,70.82,70.82,0.000644
1741152600000,70.815,70.825,70.81,70.815,0.0009
1741152660000,70.81,70.82,70.785,70.805,0.001553
1741152720000,70.81,70.815,70.805,70.815,0.001125
1741152780000,70.81,70.815,70.805,70.815,0.000288
1741152840000,70.81,70.815,70.79,70.795,0.001094
1741152900000,70.8,70.805,70.79,70.805,0.000522
1741152960000,70.81,70.815,70.795,70.8,0.000747
1741153020000,70.805,70.81,70.79,70.79,0.00059
1741153080000,70.795,70.795,70.77,70.77,0.000797
1741153140000,70.765,70.78,70.765,70.78,0.000333
1741153200000,70.785,70.785,70.775,70.775,0.000212
1741153260000,70.78,70.79,70.78,70.785,0.000378
1741153320000,70.775,70.775,70.775,70.775,0.00009
1741153380000,70.77,70.775,70.765,70.765,0.000423
1741153440000,70.77,70.77,70.765,70.77,0.001112
1741153500000,70.765,70.775,70.76,70.76,0.000468
1741153560000,70.75,70.76,70.75,70.755,0.000446
1741153620000,70.765,70.765,70.75,70.755,0.000495
1741153680000,70.76,70.765,70.76,70.765,0.000158
1741153740000,70.775,70.775,70.77,70.775,0.000198
1741153800000,70.765,70.765,70.765,70.765,0.000054
1741153860000,70.77,70.775,70.77,70.775,0.000302
1741153920000,70.775,70.775,70.775,70.775,0
1741153980000,70.78,70.805,70.78,70.805,0.000792
1741154040000,70.81,70.81,70.805,70.805,0.000108
1741154100000,70.8,70.825,70.795,70.815,0.001296
1741154160000,70.81,70.81,70.78,70.78,0.000324
1741154220000,70.775,70.795,70.775,70.795,0.000788
1741154280000,70.79,70.79,70.77,70.77,0.000594
1741154340000,70.765,70.785,70.765,70.785,0.000536
1741154400000,70.79,70.83,70.79,70.815,0.001044
1741154460000,70.81,70.81,70.795,70.795,0.001058
1741154520000,70.8,70.815,70.8,70.81,0.000986
1741154580000,70.815,70.815,70.805,70.81,0.000365
1741154640000,70.815,70.835,70.815,70.825,0.002003
1741154700000,70.83,70.83,70.785,70.79,0.001895
1741154760000,70.785,70.81,70.78,70.805,0.001017
1741154820000,70.81,70.815,70.805,70.81,0.000387
1741154880000,70.805,70.805,70.795,70.8,0.000621
1741154940000,70.805,70.805,70.785,70.805,0.001283
1741155000000,70.8,70.815,70.795,70.815,0.001139
1741155060000,70.82,70.835,70.815,70.83,0.00135
1741155120000,70.835,70.85,70.825,70.845,0.001049
1741155180000,70.85,70.875,70.85,70.875,0.001139
1741155240000,70.87,70.88,70.865,70.875,0.000603
1741155300000,70.87,70.87,70.85,70.855,0.000423
1741155360000,70.85,70.865,70.85,70.865,0.000698
1741155420000,70.845,70.865,70.84,70.865,0.000968
1741155480000,70.86,70.86,70.845,70.845,0.000684
1741155540000,70.84,70.84,70.82,70.84,0.00077
1741155600000,70.835,70.84,70.825,70.825,0.000563
1741155660000,70.815,70.825,70.805,70.81,0.000738
1741155720000,70.815,70.815,70.795,70.795,0.000779
1741155780000,70.785,70.785,70.785,70.785,0.00009
1741155840000,70.775,70.795,70.775,70.795,0.000617
1741155900000,70.79,70.795,70.78,70.78,0.000666
1741155960000,70.785,70.785,70.775,70.775,0.001044
1741156020000,70.77,70.79,70.765,70.785,0.000518
1741156080000,70.79,70.8,70.785,70.79,0.000711
1741156140000,70.785,70.785,70.775,70.785,0.00072
1741156200000,70.79,70.795,70.775,70.775,0.001031
1741156260000,70.77,70.775,70.765,70.765,0.00059
1741156320000,70.77,70.775,70.76,70.775,0.000495
1741156380000,70.78,70.79,70.775,70.785,0.001013
1741156440000,70.79,70.795,70.79,70.795,0.000887
1741156500000,70.805,70.805,70.785,70.785,0.000459
1741156560000,70.81,70.845,70.805,70.845,0.001238
1741156620000,70.835,70.845,70.815,70.82,0.001139
1741156680000,70.815,70.825,70.815,70.82,0.000536
1741156740000,70.825,70.84,70.825,70.83,0.000747
1741156800000,70.835,70.845,70.825,70.825,0.000648
1741156860000,70.835,70.835,70.825,70.825,0.000702
1741156920000,70.83,70.855,70.83,70.85,0.00059
1741156980000,70.855,70.855,70.855,70.855,0.000068
1741157040000,70.84,70.84,70.835,70.84,0.000315
1741157100000,70.855,70.855,70.835,70.835,0.000873
1741157160000,70.825,70.835,70.825,70.835,0.000522
1741157220000,70.83,70.84,70.83,70.84,0.001264
1741157280000,70.845,70.845,70.835,70.835,0.000446
1741157340000,70.825,70.835,70.825,70.835,0.000189
1741157400000,70.845,70.845,70.835,70.835,0.000338
1741157460000,70.84,70.845,70.835,70.84,0.000819
1741157520000,70.835,70.84,70.825,70.825,0.000675
1741157580000,70.825,70.825,70.825,70.825,0
1741157640000,70.835,70.855,70.835,70.845,0.002277
1741157700000,70.855,70.87,70.855,70.865,0.001904
1741157760000,70.86,70.885,70.86,70.88,0.000945
1741157820000,70.885,70.895,70.88,70.89,0.001102
1741157880000,70.885,70.905,70.885,70.895,0.000756
1741157940000,70.89,70.945,70.885,70.94,0.00167
1741158000000,70.935,71.055,70.925,71.05,0.004972
1741158060000,71.055,71.085,71.04,71.05,0.004076
1741158120000,71.055,71.055,71.045,71.055,0.001736
1741158180000,71.05,71.05,71.015,71.02,0.001539
1741158240000,71.015,71.015,71,71.005,0.00158
1741158300000,71,71.025,70.995,71.01,0.002133
1741158360000,71.015,71.055,71.015,71.055,0.002596
1741158420000,71.06,71.075,71.05,71.06,0.001508
1741158480000,71.055,71.1,71.055,71.095,0.001526
1741158540000,71.1,71.135,71.055,71.065,0.00511
1741158600000,71.07,71.08,71.015,71.015,0.001975
1741158660000,71.005,71.05,71,71.045,0.001701
1741158720000,71.05,71.085,71.05,71.08,0.000779
1741158780000,71.075,71.075,71.055,71.065,0.001121
1741158840000,71.06,71.075,71.045,71.065,0.001634
1741158900000,71.06,71.075,71.045,71.07,0.001485
1741158960000,71.065,71.085,71.065,71.085,0.001323
1741159020000,71.08,71.095,71.075,71.095,0.001679
1741159080000,71.1,71.1,71.075,71.085,0.002301
1741159140000,71.075,71.085,71.075,71.075,0.002307
1741159200000,71.07,71.095,71.07,71.08,0.002052
1741159260000,71.075,71.11,71.07,71.105,0.002056
1741159320000,71.11,71.115,71.105,71.105,0.000689
1741159380000,71.11,71.115,71.085,71.09,0.002376
1741159440000,71.085,71.085,71.035,71.045,0.001196
1741159500000,71.055,71.055,71.035,71.045,0.000895
1741159560000,71.055,71.065,71.04,71.065,0.001377
1741159620000,71.07,71.08,71.055,71.07,0.002235
1741159680000,71.065,71.09,71.065,71.09,0.000738
1741159740000,71.095,71.095,71.085,71.09,0.001363
1741159800000,71.085,71.09,71.05,71.09,0.001301
1741159860000,71.085,71.09,71.055,71.075,0.001593
1741159920000,71.07,71.085,71.07,71.075,0.002399
1741159980000,71.085,71.085,71.065,71.08,0.001931
1741160040000,71.065,71.065,71.055,71.065,0.002219
1741160100000,71.055,71.075,71.055,71.055,0.002322
1741160160000,71.045,71.065,71.045,71.055,0.002006
1741160220000,71.075,71.085,71.055,71.055,0.001854
1741160280000,71.06,71.095,71.06,71.065,0.001525
1741160340000,71.07,71.08,71.035,71.06,0.002047
1741160400000,71.055,71.09,71.055,71.09,0.001377
1741160460000,71.095,71.145,71.09,71.09,0.002232
1741160520000,71.085,71.105,71.07,71.075,0.001701
1741160580000,71.065,71.075,71.065,71.07,0.000963
1741160640000,71.08,71.085,71.065,71.065,0.002056
1741160700000,71.06,71.07,71.03,71.035,0.002221
1741160760000,71.025,71.045,71.025,71.045,0.000243
1741160820000,71.05,71.06,71.035,71.05,0.001962
1741160880000,71.055,71.055,71.045,71.055,0.000656
1741160940000,71.06,71.065,71.045,71.045,0.002386
1741161000000,71.025,71.05,70.995,71.015,0.002253
1741161060000,71.02,71.02,70.985,71,0.001066
1741161120000,71.005,71.005,70.975,70.985,0.001678
1741161180000,70.995,71.005,70.955,70.96,0.002631
1741161240000,70.965,70.995,70.965,70.975,0.003527
1741161300000,70.97,70.985,70.955,70.98,0.001926
1741161360000,70.985,70.995,70.965,70.975,0.002078
1741161420000,70.965,70.985,70.955,70.985,0.001593
1741161480000,70.975,70.985,70.96,70.97,0.002078
1741161540000,70.96,70.965,70.915,70.92,0.004416
1741161600000,70.925,70.925,70.865,70.875,0.004566
1741161660000,70.895,70.915,70.87,70.87,0.002236
1741161720000,70.865,70.905,70.845,70.905,0.004106
1741161780000,70.91,70.925,70.855,70.865,0.00364
1741161840000,70.875,70.895,70.855,70.855,0.002947
1741161900000,70.875,70.915,70.875,70.915,0.001539
1741161960000,70.905,70.925,70.895,70.905,0.001337
1741162020000,70.895,70.895,70.875,70.885,0.001497
1741162080000,70.875,70.875,70.845,70.845,0.001173
1741162140000,70.84,70.84,70.785,70.835,0.004495
1741162200000,70.84,70.9,70.825,70.895,0.002424
1741162260000,70.89,70.905,70.865,70.865,0.003628
1741162320000,70.855,70.915,70.855,70.905,0.004176
1741162380000,70.91,70.94,70.885,70.9,0.005174
1741162440000,70.895,70.905,70.865,70.895,0.002956
1741162500000,70.91,70.945,70.9,70.905,0.003247
1741162560000,70.915,70.915,70.885,70.89,0.003451
1741162620000,70.88,70.925,70.875,70.885,0.003411
1741162680000,70.875,70.9,70.835,70.835,0.004752
1741162740000,70.845,70.86,70.835,70.86,0.003351
1741162800000,70.865,70.885,70.845,70.865,0.004193
1741162860000,70.875,70.89,70.855,70.89,0.004567
1741162920000,70.885,70.915,70.88,70.885,0.002483
1741162980000,70.875,70.885,70.835,70.885,0.007732
1741163040000,70.875,70.955,70.875,70.935,0.00329
1741163100000,70.93,70.93,70.86,70.895,0.00778
1741163160000,70.89,70.895,70.815,70.84,0.006619
1741163220000,70.845,70.855,70.795,70.805,0.005836
1741163280000,70.815,70.82,70.76,70.775,0.008989
1741163340000,70.785,70.825,70.765,70.81,0.012548
1741163400000,70.815,70.815,70.76,70.775,0.009145
1741163460000,70.77,70.885,70.76,70.855,0.0052
1741163520000,70.845,70.845,70.775,70.795,0.005476
1741163580000,70.785,70.925,70.785,70.915,0.003152
1741163640000,70.905,70.99,70.9,70.945,0.006566
1741163700000,70.935,70.955,70.915,70.925,0.003771
1741163760000,70.92,70.92,70.85,70.855,0.007736
1741163820000,70.845,70.875,70.825,70.86,0.002524
1741163880000,70.855,70.855,70.815,70.835,0.001938
1741163940000,70.84,70.865,70.815,70.815,0.003637
1741164000000,70.82,70.835,70.795,70.805,0.003778
1741164060000,70.81,70.825,70.8,70.805,0.001506
1741164120000,70.815,70.825,70.805,70.805,0.003035
1741164180000,70.8,70.8,70.765,70.77,0.002604
1741164240000,70.775,70.785,70.725,70.735,0.003694
1741164300000,70.725,70.74,70.665,70.665,0.009064
1741164360000,70.67,70.695,70.66,70.665,0.00473
1741164420000,70.655,70.665,70.645,70.655,0.002345
1741164480000,70.665,70.675,70.645,70.645,0.001902
1741164540000,70.64,70.675,70.64,70.665,0.002072
1741164600000,70.675,70.7,70.675,70.7,0.001923
1741164660000,70.695,70.72,70.685,70.69,0.004268
1741164720000,70.705,70.76,70.705,70.735,0.002198
1741164780000,70.725,70.835,70.725,70.79,0.007557
1741164840000,70.785,70.795,70.75,70.775,0.005477
1741164900000,70.77,70.815,70.77,70.8,0.002884
1741164960000,70.795,70.795,70.755,70.775,0.002972
1741165020000,70.77,70.825,70.765,70.77,0.002762
1741165080000,70.765,70.765,70.715,70.715,0.002535
1741165140000,70.71,70.745,70.695,70.725,0.004196
1741165200000,70.72,70.725,70.635,70.725,0.00373
1741165260000,70.715,70.765,70.715,70.76,0.003218
1741165320000,70.765,70.795,70.745,70.795,0.002133
1741165380000,70.785,70.825,70.78,70.815,0.001615
1741165440000,70.81,70.835,70.805,70.805,0.001593
1741165500000,70.815,70.825,70.805,70.805,0.001394
1741165560000,70.81,70.875,70.79,70.845,0.00314
1741165620000,70.84,70.84,70.775,70.775,0.005245
1741165680000,70.765,70.795,70.735,70.795,0.002514
1741165740000,70.775,70.785,70.735,70.775,0.005786
1741165800000,70.765,70.845,70.745,70.845,0.004356
1741165860000,70.855,70.89,70.825,70.835,0.004269
1741165920000,70.83,70.845,70.815,70.815,0.002151
1741165980000,70.83,70.835,70.805,70.805,0.001931
1741166040000,70.8,70.815,70.795,70.795,0.000729
1741166100000,70.785,70.785,70.725,70.735,0.003851
1741166160000,70.745,70.745,70.7,70.705,0.001592
1741166220000,70.695,70.775,70.685,70.755,0.0022
1741166280000,70.765,70.775,70.75,70.775,0.000756
1741166340000,70.785,70.805,70.785,70.805,0.000743
1741166400000,70.82,70.925,70.82,70.925,0.002199
1741166460000,70.935,70.935,70.89,70.89,0.002329
1741166520000,70.895,70.945,70.895,70.93,0.003017
1741166580000,70.935,70.94,70.905,70.905,0.001119
1741166640000,70.9,70.925,70.9,70.925,0.000836
1741166700000,70.93,70.935,70.88,70.895,0.003197
1741166760000,70.885,70.92,70.885,70.89,0.002158
1741166820000,70.885,70.915,70.865,70.895,0.003493
1741166880000,70.905,70.91,70.87,70.875,0.002552
1741166940000,70.89,70.89,70.855,70.855,0.001786
1741167000000,70.865,70.865,70.785,70.805,0.003679
1741167060000,70.795,70.805,70.765,70.78,0.002491
1741167120000,70.785,70.785,70.715,70.725,0.003703
1741167180000,70.72,70.745,70.715,70.73,0.000931
1741167240000,70.725,70.725,70.625,70.625,0.005723
1741167300000,70.62,70.625,70.525,70.525,0.004597
1741167360000,70.535,70.575,70.525,70.555,0.004214
1741167420000,70.55,70.59,70.545,70.575,0.002758
1741167480000,70.58,70.595,70.56,70.56,0.001674
1741167540000,70.555,70.565,70.505,70.505,0.002465
1741167600000,70.5,70.545,70.475,70.535,0.003644
1741167660000,70.54,70.55,70.515,70.52,0.003216
1741167720000,70.525,70.53,70.485,70.525,0.003157
1741167780000,70.52,70.545,70.51,70.535,0.001417
1741167840000,70.54,70.56,70.515,70.555,0.002861
1741167900000,70.55,70.56,70.51,70.515,0.003305
1741167960000,70.51,70.545,70.465,70.525,0.006534
1741168020000,70.53,70.545,70.505,70.53,0.002924
1741168080000,70.525,70.575,70.515,70.57,0.004171
1741168140000,70.565,70.595,70.565,70.595,0.00451
1741168200000,70.585,70.635,70.565,70.635,0.002673
1741168260000,70.645,70.665,70.59,70.595,0.003989
1741168320000,70.59,70.595,70.555,70.575,0.001358
1741168380000,70.565,70.575,70.535,70.54,0.003814
1741168440000,70.535,70.565,70.525,70.525,0.004198
1741168500000,70.515,70.555,70.495,70.51,0.005311
1741168560000,70.505,70.505,70.485,70.485,0.007299
1741168620000,70.495,70.525,70.495,70.52,0.003585
1741168680000,70.51,70.51,70.485,70.485,0.003091
1741168740000,70.49,70.515,70.485,70.49,0.006734
1741168800000,70.495,70.525,70.485,70.515,0.004823
1741168860000,70.51,70.525,70.485,70.495,0.007715
1741168920000,70.49,70.535,70.49,70.53,0.003368
1741168980000,70.525,70.555,70.485,70.485,0.006017
1741169040000,70.495,70.535,70.44,70.535,0.006031
1741169100000,70.525,70.545,70.495,70.5,0.00375
1741169160000,70.505,70.535,70.485,70.535,0.003805
1741169220000,70.525,70.525,70.485,70.495,0.001863
1741169280000,70.505,70.52,70.495,70.5,0.002656
1741169340000,70.495,70.495,70.46,70.47,0.003172
1741169400000,70.465,70.495,70.465,70.48,0.003681
1741169460000,70.475,70.485,70.455,70.46,0.002682
1741169520000,70.455,70.46,70.405,70.42,0.004483
1741169580000,70.415,70.435,70.405,70.425,0.003211
1741169640000,70.43,70.435,70.41,70.425,0.003884
1741169700000,70.415,70.425,70.36,70.375,0.002694
1741169760000,70.38,70.385,70.325,70.355,0.007148
1741169820000,70.365,70.365,70.335,70.335,0.00427
1741169880000,70.345,70.375,70.34,70.355,0.006767
1741169940000,70.36,70.365,70.345,70.35,0.005762
1741170000000,70.355,70.365,70.335,70.335,0.007511
1741170060000,70.345,70.345,70.295,70.325,0.006435
1741170120000,70.335,70.345,70.31,70.335,0.005407
1741170180000,70.345,70.365,70.325,70.365,0.00375
1741170240000,70.36,70.395,70.36,70.385,0.002395
1741170300000,70.39,70.405,70.375,70.375,0.003206
1741170360000,70.36,70.36,70.335,70.345,0.003908
1741170420000,70.355,70.355,70.315,70.325,0.003105
1741170480000,70.345,70.345,70.325,70.335,0.001429
1741170540000,70.34,70.365,70.325,70.325,0.003252
1741170600000,70.32,70.345,70.295,70.32,0.00469
1741170660000,70.315,70.335,70.3,70.305,0.001915
1741170720000,70.315,70.325,70.29,70.325,0.003191
1741170780000,70.335,70.345,70.315,70.325,0.00232
1741170840000,70.31,70.335,70.285,70.285,0.005365
1741170900000,70.295,70.295,70.285,70.285,0.00139
1741170960000,70.265,70.275,70.235,70.265,0.005341
1741171020000,70.27,70.275,70.245,70.255,0.00196
1741171080000,70.25,70.25,70.235,70.235,0.002347
1741171140000,70.245,70.245,70.235,70.24,0.001983
1741171200000,70.245,70.255,70.205,70.205,0.002994
1741171260000,70.21,70.225,70.175,70.19,0.007567
1741171320000,70.185,70.205,70.165,70.205,0.002706
1741171380000,70.2,70.2,70.115,70.145,0.004087
1741171440000,70.135,70.185,70.13,70.155,0.005066
1741171500000,70.145,70.255,70.145,70.255,0.000954
1741171560000,70.265,70.325,70.265,70.305,0.00152
1741171620000,70.31,70.345,70.265,70.28,0.004515
1741171680000,70.285,70.285,70.255,70.26,0.004325
1741171740000,70.255,70.255,70.22,70.225,0.003405
1741171800000,70.235,70.235,70.225,70.225,0.000657
1741171860000,70.215,70.215,70.165,70.175,0.001887
1741171920000,70.165,70.165,70.135,70.145,0.003156
1741171980000,70.155,70.18,70.155,70.165,0.001794
1741172040000,70.155,70.165,70.135,70.145,0.004087
1741172100000,70.155,70.155,70.135,70.135,0.002698
1741172160000,70.115,70.125,70.085,70.085,0.001848
1741172220000,70.09,70.115,70.085,70.115,0.004616
1741172280000,70.11,70.125,70.085,70.095,0.004344
1741172340000,70.105,70.135,70.105,70.12,0.00599
1741172400000,70.115,70.145,70.085,70.125,0.004213
1741172460000,70.115,70.115,70.07,70.085,0.002911
1741172520000,70.065,70.085,70.045,70.045,0.001915
1741172580000,70.055,70.095,70.055,70.085,0.003213
1741172640000,70.095,70.115,70.075,70.115,0.001574
1741172700000,70.11,70.115,70.085,70.095,0.002361
1741172760000,70.085,70.105,70.085,70.105,0.000917
1741172820000,70.125,70.155,70.095,70.15,0.003732
1741172880000,70.155,70.235,70.155,70.22,0.003534
1741172940000,70.215,70.245,70.19,70.235,0.003344
1741173000000,70.245,70.245,70.215,70.235,0.002275
1741173060000,70.23,70.245,70.205,70.205,0.004873
1741173120000,70.215,70.215,70.185,70.185,0.00205
1741173180000,70.195,70.22,70.185,70.195,0.003426
1741173240000,70.2,70.205,70.175,70.195,0.003208
1741173300000,70.205,70.225,70.195,70.195,0.003092
1741173360000,70.185,70.205,70.175,70.205,0.000743
1741173420000,70.2,70.205,70.135,70.145,0.00283
1741173480000,70.14,70.14,70.085,70.085,0.004761
1741173540000,70.075,70.085,70.045,70.055,0.001938
1741173600000,70.065,70.065,70.04,70.055,0.004331
1741173660000,70.065,70.095,70.055,70.095,0.005277
1741173720000,70.105,70.115,70.095,70.105,0.002656
1741173780000,70.095,70.11,70.085,70.105,0.00349
1741173840000,70.095,70.11,70.095,70.105,0.002401
1741173900000,70.095,70.105,70.085,70.085,0.002968
1741173960000,70.08,70.095,70.08,70.085,0.002578
1741174020000,70.075,70.135,70.075,70.105,0.003968
1741174080000,70.115,70.135,70.105,70.105,0.002739
1741174140000,70.1,70.135,70.08,70.135,0.002887
1741174200000,70.145,70.145,70.12,70.12,0.003339
1741174260000,70.115,70.215,70.115,70.195,0.005222
1741174320000,70.2,70.21,70.175,70.175,0.005395
1741174380000,70.17,70.23,70.17,70.23,0.003169
1741174440000,70.235,70.285,70.225,70.275,0.008141
1741174500000,70.265,70.275,70.225,70.225,0.006605
1741174560000,70.215,70.225,70.205,70.205,0.003581
1741174620000,70.21,70.215,70.185,70.185,0.001065
1741174680000,70.18,70.255,70.175,70.245,0.002936
1741174740000,70.255,70.275,70.25,70.255,0.003813
1741174800000,70.26,70.26,70.235,70.24,0.001668
1741174860000,70.245,70.245,70.225,70.225,0.000527
1741174920000,70.215,70.215,70.175,70.175,0.003709
1741174980000,70.17,70.185,70.17,70.175,0.001613
1741175040000,70.18,70.185,70.15,70.15,0.003425
1741175100000,70.145,70.17,70.145,70.16,0.005082
1741175160000,70.165,70.205,70.165,70.185,0.002829
1741175220000,70.195,70.2,70.175,70.185,0.003267
1741175280000,70.19,70.19,70.135,70.135,0.004027
1741175340000,70.125,70.145,70.115,70.145,0.003406
1741175400000,70.135,70.165,70.125,70.135,0.003211
1741175460000,70.13,70.13,70.085,70.085,0.001277
1741175520000,70.08,70.08,70.025,70.045,0.00273
1741175580000,70.055,70.085,70.04,70.04,0.003328
1741175640000,70.045,70.045,69.985,69.995,0.00523
1741175700000,69.985,70.025,69.985,70.005,0.003149
1741175760000,70.01,70.055,69.995,70.01,0.004192
1741175820000,70.005,70.015,69.995,70.005,0.003129
1741175880000,70.01,70.045,70.005,70.035,0.004058
1741175940000,70.025,70.025,70,70.005,0.001725
1741176000000,70.015,70.085,70.015,70.07,0.004703
1741176060000,70.085,70.155,70.08,70.155,0.004314
1741176120000,70.15,70.165,70.105,70.13,0.005646
1741176180000,70.125,70.19,70.12,70.19,0.002694
1741176240000,70.185,70.225,70.175,70.205,0.004584
1741176300000,70.2,70.205,70.175,70.205,0.001618
1741176360000,70.195,70.255,70.195,70.245,0.002955
1741176420000,70.24,70.245,70.205,70.245,0.004701
1741176480000,70.225,70.225,70.195,70.195,0.003388
1741176540000,70.19,70.21,70.185,70.205,0.001767
1741176600000,70.21,70.23,70.195,70.2,0.002936
1741176660000,70.205,70.205,70.175,70.175,0.001591
1741176720000,70.165,70.165,70.12,70.125,0.002033
1741176780000,70.13,70.155,70.115,70.155,0.002948
1741176840000,70.16,70.175,70.155,70.165,0.001665
1741176900000,70.17,70.195,70.165,70.19,0.002268
1741176960000,70.195,70.195,70.175,70.185,0.001088
1741177020000,70.175,70.205,70.175,70.175,0.003022
1741177080000,70.165,70.175,70.155,70.175,0.002334
1741177140000,70.17,70.17,70.145,70.15,0.004004
1741177200000,70.155,70.19,70.155,70.16,0.002266
1741177260000,70.165,70.18,70.12,70.12,0.003276
1741177320000,70.115,70.16,70.115,70.145,0.002996
1741177380000,70.14,70.145,70.125,70.135,0.001875
1741177440000,70.125,70.125,70.095,70.105,0.001281
1741177500000,70.11,70.125,70.09,70.125,0.003103
1741177560000,70.12,70.125,70.11,70.115,0.001912
1741177620000,70.11,70.16,70.095,70.16,0.004446
1741177680000,70.155,70.165,70.115,70.115,0.003825
1741177740000,70.12,70.125,70.095,70.1,0.00287
1741177800000,70.095,70.125,70.075,70.075,0.004093
1741177860000,70.085,70.105,70.065,70.105,0.006353
1741177920000,70.115,70.125,70.095,70.105,0.00684
1741177980000,70.095,70.095,70.055,70.065,0.003397
1741178040000,70.095,70.115,70.075,70.085,0.004789
1741178100000,70.075,70.08,70.055,70.065,0.002046
1741178160000,70.08,70.11,70.075,70.11,0.00214
1741178220000,70.105,70.115,70.095,70.105,0.003638
1741178280000,70.115,70.115,70.075,70.105,0.004411
1741178340000,70.095,70.1,70.075,70.085,0.002379
1741178400000,70.08,70.175,70.065,70.165,0.005126
1741178460000,70.17,70.175,70.115,70.125,0.005744
1741178520000,70.13,70.13,70.095,70.095,0.003171
1741178580000,70.1,70.105,70.08,70.085,0.003318
1741178640000,70.075,70.155,70.075,70.155,0.00377
1741178700000,70.16,70.16,70.115,70.12,0.005489
1741178760000,70.115,70.125,70.105,70.115,0.001318
1741178820000,70.11,70.125,70.075,70.095,0.003103
1741178880000,70.105,70.115,70.085,70.1,0.004525
1741178940000,70.105,70.11,70.095,70.1,0.004012
1741179000000,70.095,70.1,70.045,70.065,0.002238
1741179060000,70.055,70.065,70.035,70.045,0.004057
1741179120000,70.055,70.085,70.055,70.065,0.002589
1741179180000,70.045,70.055,70.035,70.045,0.002548
1741179240000,70.04,70.045,70.025,70.025,0.001267
1741179300000,70.035,70.035,69.995,69.995,0.004153
1741179360000,69.985,69.995,69.985,69.985,0.003298
1741179420000,69.995,69.995,69.985,69.985,0.003979
1741179480000,69.995,70.025,69.995,70.005,0.004127
1741179540000,70.015,70.025,70.005,70.005,0.004463
1741179600000,70.01,70.135,70.01,70.075,0.013851
1741179660000,70.07,70.135,70.05,70.075,0.006603
1741179720000,70.065,70.08,70.045,70.045,0.005009
1741179780000,70.055,70.085,70,70.025,0.056488
1741179840000,70.035,70.065,70.025,70.025,0.008317
1741179900000,70.02,70.085,70.015,70.065,0.00749
1741179960000,70.075,70.145,70.065,70.135,0.007168
1741180020000,70.145,70.205,70.125,70.185,0.010539
1741180080000,70.175,70.205,70.17,70.185,0.007788
1741180140000,70.18,70.19,70.095,70.1,0.006819
1741180200000,70.095,70.145,70.053,70.125,0.0114
1741180260000,70.135,70.17,70.13,70.17,0.003388
1741180320000,70.165,70.175,70.155,70.17,0.002723
1741180380000,70.175,70.205,70.135,70.165,0.003128
1741180440000,70.17,70.175,70.115,70.12,0.003504
1741180500000,70.115,70.12,70.075,70.095,0.003888
1741180560000,70.1,70.115,70.065,70.105,0.005457
1741180620000,70.11,70.125,70.085,70.09,0.005002
1741180680000,70.095,70.1,70.065,70.075,0.001575
1741180740000,70.085,70.095,69.985,69.995,0.00615
1741180800000,70,70.055,69.965,70.055,0.003011
1741180860000,70.045,70.055,70.005,70.02,0.003717
1741180920000,70.015,70.015,69.975,69.995,0.002874
1741180980000,70,70.005,69.975,69.975,0.004762
1741181040000,69.985,69.995,69.965,69.99,0.004029
1741181100000,69.985,69.995,69.945,69.98,0.006997
1741181160000,69.975,69.985,69.945,69.98,0.005229
1741181220000,69.975,69.985,69.9,69.925,0.008446
1741181280000,69.915,69.925,69.875,69.885,0.009113
1741181340000,69.875,69.895,69.835,69.87,0.012326
1741181400000,69.875,69.93,69.865,69.905,0.007416
1741181460000,69.9,69.945,69.895,69.905,0.003971
1741181520000,69.9,69.905,69.885,69.905,0.004773
1741181580000,69.9,69.905,69.845,69.855,0.005305
1741181640000,69.85,69.865,69.835,69.86,0.009936
1741181700000,69.855,69.895,69.815,69.885,0.007364
1741181760000,69.905,69.955,69.895,69.945,0.007703
1741181820000,69.935,69.955,69.925,69.945,0.005163
1741181880000,69.935,69.935,69.885,69.905,0.004582
1741181940000,69.895,69.945,69.88,69.935,0.00407
1741182000000,69.945,69.945,69.895,69.92,0.0039
1741182060000,69.915,69.95,69.895,69.94,0.004752
1741182120000,69.945,69.95,69.915,69.935,0.005187
1741182180000,69.93,69.945,69.915,69.925,0.002956
1741182240000,69.92,69.93,69.905,69.905,0.002981
1741182300000,69.915,69.92,69.855,69.855,0.009096
1741182360000,69.85,69.875,69.845,69.875,0.008377
1741182420000,69.88,69.885,69.865,69.875,0.008215
1741182480000,69.865,69.865,69.825,69.825,0.007289
1741182540000,69.815,69.82,69.763,69.775,0.023247
1741182600000,69.765,69.775,69.745,69.765,0.00704
1741182660000,69.77,69.775,69.745,69.77,0.007642
1741182720000,69.765,69.775,69.755,69.755,0.004125
1741182780000,69.75,69.755,69.745,69.745,0.005809
1741182840000,69.75,69.765,69.745,69.745,0.003453
1741182900000,69.735,69.755,69.725,69.755,0.005313
1741182960000,69.75,69.775,69.735,69.765,0.006894
1741183020000,69.77,69.79,69.74,69.745,0.004851
1741183080000,69.75,69.755,69.715,69.72,0.005052
1741183140000,69.725,69.745,69.715,69.715,0.008978
1741183200000,69.705,69.715,69.64,69.705,0.01143
1741183260000,69.715,69.755,69.615,69.63,0.014503
1741183320000,69.625,69.655,69.575,69.585,0.016765
1741183380000,69.575,69.595,69.545,69.56,0.012721
1741183440000,69.555,69.58,69.515,69.545,0.010934
1741183500000,69.535,69.645,69.535,69.635,0.011465
1741183560000,69.63,69.64,69.565,69.565,0.006438
1741183620000,69.555,69.575,69.535,69.565,0.012624
1741183680000,69.575,69.585,69.525,69.555,0.006482
1741183740000,69.55,69.565,69.525,69.53,0.009872
1741183800000,69.535,69.565,69.495,69.555,0.008073
1741183860000,69.565,69.595,69.545,69.575,0.005558
1741183920000,69.565,69.585,69.535,69.555,0.005246
1741183980000,69.55,69.605,69.535,69.575,0.006371
1741184040000,69.585,69.645,69.585,69.635,0.004099
1741184100000,69.625,69.735,69.625,69.715,0.007576
1741184160000,69.72,69.725,69.68,69.68,0.006493
1741184220000,69.675,69.675,69.595,69.595,0.004804
1741184280000,69.605,69.615,69.585,69.59,0.004573
1741184340000,69.585,69.605,69.565,69.575,0.00466
1741184400000,69.565,69.585,69.555,69.555,0.006015
1741184460000,69.56,69.605,69.555,69.565,0.004823
1741184520000,69.57,69.6,69.565,69.565,0.005043
1741184580000,69.56,69.615,69.555,69.585,0.003354
1741184640000,69.575,69.605,69.535,69.535,0.008714
1741184700000,69.545,69.555,69.525,69.555,0.007816
1741184760000,69.56,69.575,69.525,69.525,0.005887
1741184820000,69.515,69.545,69.515,69.545,0.004299
1741184880000,69.54,69.545,69.515,69.535,0.005056
1741184940000,69.525,69.555,69.525,69.535,0.00962
1741185000000,69.525,69.565,69.475,69.56,0.01212
1741185060000,69.555,69.565,69.44,69.445,0.009413
1741185120000,69.435,69.525,69.415,69.475,0.008533
1741185180000,69.485,69.535,69.475,69.515,0.006521
1741185240000,69.505,69.545,69.485,69.505,0.00957
1741185300000,69.495,69.545,69.495,69.515,0.00942
1741185360000,69.525,69.535,69.485,69.5,0.005335
1741185420000,69.505,69.545,69.455,69.455,0.007607
1741185480000,69.46,69.485,69.445,69.465,0.004797
1741185540000,69.455,69.485,69.455,69.475,0.009803
1741185600000,69.485,69.545,69.485,69.545,0.008417
1741185660000,69.535,69.595,69.535,69.57,0.009641
1741185720000,69.565,69.595,69.495,69.55,0.008952
1741185780000,69.555,69.555,69.495,69.505,0.004829
1741185840000,69.51,69.51,69.475,69.475,0.003058
1741185900000,69.485,69.495,69.445,69.45,0.003957
1741185960000,69.445,69.45,69.335,69.345,0.014201
1741186020000,69.34,69.355,69.28,69.315,0.013475
1741186080000,69.31,69.355,69.285,69.295,0.013387
1741186140000,69.305,69.305,69.26,69.275,0.010834
1741186200000,69.265,69.32,69.265,69.305,0.00943
1741186260000,69.31,69.335,69.305,69.315,0.006438
1741186320000,69.32,69.38,69.32,69.345,0.009314
1741186380000,69.355,69.365,69.275,69.295,0.009131
1741186440000,69.285,69.295,69.205,69.215,0.005515
1741186500000,69.195,69.195,69.12,69.12,0.012926
1741186560000,69.125,69.155,69.105,69.135,0.008268
1741186620000,69.145,69.145,69.1,69.12,0.013617
1741186680000,69.115,69.125,69.1,69.1,0.008832
1741186740000,69.095,69.1,69.055,69.085,0.00514
1741186800000,69.08,69.287,69.08,69.245,0.043041
1741186860000,69.235,69.235,69.115,69.12,0.01357
1741186920000,69.115,69.15,69.115,69.13,0.009183
1741186980000,69.125,69.225,69.125,69.215,0.008167
1741187040000,69.225,69.25,69.185,69.215,0.011705
1741187100000,69.205,69.395,69.185,69.395,0.018767
1741187160000,69.39,69.405,69.345,69.35,0.014106
1741187220000,69.345,69.385,69.315,69.375,0.010584
1741187280000,69.37,69.42,69.355,69.405,0.011917
1741187340000,69.41,69.435,69.345,69.37,0.011408
1741187400000,69.375,69.415,69.305,69.315,0.011727
1741187460000,69.305,69.305,69.25,69.29,0.017264
1741187520000,69.285,69.305,69.265,69.285,0.009106
1741187580000,69.295,69.335,69.275,69.315,0.009761
1741187640000,69.32,69.345,69.275,69.315,0.008982
1741187700000,69.32,69.325,69.2,69.205,0.013522
1741187760000,69.195,69.215,69.155,69.185,0.013245
1741187820000,69.175,69.195,69.155,69.195,0.009075
1741187880000,69.21,69.235,69.135,69.155,0.008393
1741187940000,69.145,69.175,69.123,69.175,0.008165
1741188000000,69.17,69.195,69.145,69.175,0.008385
1741188060000,69.17,69.195,69.155,69.18,0.007201
1741188120000,69.185,69.255,69.175,69.235,0.007254
1741188180000,69.255,69.31,69.225,69.295,0.009672
1741188240000,69.3,69.305,69.245,69.265,0.014488
1741188300000,69.275,69.35,69.275,69.345,0.007371
1741188360000,69.34,69.385,69.295,69.38,0.00971
1741188420000,69.355,69.365,69.28,69.285,0.006563
1741188480000,69.275,69.375,69.265,69.37,0.006231
1741188540000,69.365,69.4,69.28,69.325,0.006822
1741188600000,69.263,69.395,69.255,69.3,0.012249
1741188660000,69.295,69.38,69.295,69.31,0.007155
1741188720000,69.305,69.315,69.21,69.215,0.007025
1741188780000,69.205,69.225,69.175,69.18,0.008599
1741188840000,69.175,69.175,69.135,69.145,0.004665
1741188900000,69.14,69.225,69.14,69.185,0.006423
1741188960000,69.195,69.24,69.135,69.145,0.011884
1741189020000,69.14,69.145,69.105,69.125,0.00717
1741189080000,69.135,69.15,69.045,69.055,0.00908
1741189140000,69.06,69.06,68.955,68.965,0.017407
1741189200000,68.97,68.99,68.89,68.905,0.020497
1741189260000,68.9,68.905,68.845,68.875,0.015335
1741189320000,68.87,68.875,68.835,68.84,0.008785
1741189380000,68.845,68.845,68.805,68.815,0.005563
1741189440000,68.81,68.875,68.805,68.86,0.005952
1741189500000,68.855,68.95,68.855,68.925,0.014358
1741189560000,68.935,68.965,68.885,68.905,0.010732
1741189620000,68.91,68.945,68.875,68.885,0.012714
1741189680000,68.88,68.915,68.815,68.825,0.013442
1741189740000,68.82,68.845,68.775,68.815,0.017364
1741189800000,68.795,68.835,68.785,68.81,0.010933
1741189860000,68.815,68.865,68.795,68.855,0.01138
1741189920000,68.86,68.875,68.825,68.825,0.008654
1741189980000,68.835,68.945,68.825,68.835,0.010866
1741190040000,68.84,68.86,68.835,68.86,0.011237
1741190100000,68.85,68.905,68.845,68.905,0.007448
1741190160000,68.915,68.955,68.915,68.925,0.008342
1741190220000,68.92,68.92,68.865,68.89,0.007641
1741190280000,68.885,68.92,68.88,68.89,0.007978
1741190340000,68.895,68.925,68.865,68.88,0.008952
1741190400000,68.875,68.88,68.835,68.865,0.006436
1741190460000,68.875,68.875,68.795,68.805,0.011615
1741190520000,68.815,68.825,68.754,68.754,0.006792
1741190580000,68.754,68.754,68.705,68.71,0.0041
1741190640000,68.715,68.735,68.7,68.73,0.005732
1741190700000,68.735,68.755,68.645,68.675,0.012456
1741190760000,68.685,68.7,68.635,68.635,0.013871
1741190820000,68.645,68.715,68.64,68.705,0.010578
1741190880000,68.7,68.73,68.615,68.615,0.010346
1741190940000,68.625,68.67,68.615,68.635,0.007127
1741191000000,68.64,68.695,68.62,68.625,0.010225
1741191060000,68.63,68.64,68.545,68.635,0.013336
1741191120000,68.63,68.665,68.58,68.585,0.007322
1741191180000,68.59,68.615,68.54,68.555,0.009373
1741191240000,68.565,68.585,68.55,68.57,0.008786
1741191300000,68.575,68.685,68.575,68.635,0.008817
1741191360000,68.625,68.695,68.615,68.685,0.006136
1741191420000,68.69,68.735,68.645,68.655,0.012159
1741191480000,68.665,68.715,68.655,68.685,0.008697
1741191540000,68.69,68.695,68.645,68.655,0.006236
1741191600000,68.645,68.645,68.58,68.635,0.006733
1741191660000,68.625,68.695,68.615,68.695,0.007864
1741191720000,68.705,68.735,68.665,68.67,0.012331
1741191780000,68.665,68.665,68.585,68.595,0.008582
1741191840000,68.585,68.615,68.565,68.59,0.005239
1741191900000,68.595,68.635,68.525,68.535,0.009149
1741191960000,68.545,68.545,68.495,68.495,0.008792
1741192020000,68.505,68.525,68.505,68.515,0.012445
1741192080000,68.52,68.535,68.45,68.455,0.016195
1741192140000,68.45,68.5,68.445,68.475,0.021869
1741192200000,68.485,68.535,68.435,68.525,0.016012
1741192260000,68.52,68.545,68.435,68.435,0.011087
1741192320000,68.425,68.49,68.425,68.485,0.009548
1741192380000,68.475,68.475,68.395,68.43,0.010462
1741192440000,68.425,68.435,68.35,68.375,0.010657
1741192500000,68.385,68.425,68.345,68.405,0.010884
1741192560000,68.41,68.425,68.385,68.415,0.010646
1741192620000,68.425,68.425,68.355,68.365,0.007669
1741192680000,68.36,68.375,68.315,68.345,0.011443
1741192740000,68.335,68.37,68.325,68.345,0.006417
1741192800000,68.335,68.355,68.325,68.345,0.007308
1741192860000,68.355,68.425,68.355,68.39,0.006766
1741192920000,68.395,68.445,68.385,68.435,0.008113
1741192980000,68.445,68.49,68.415,68.445,0.004855
1741193040000,68.435,68.455,68.395,68.4,0.007618
1741193100000,68.395,68.415,68.395,68.395,0.004937
1741193160000,68.405,68.48,68.405,68.475,0.006939
1741193220000,68.47,68.55,68.44,68.465,0.013021
1741193280000,68.46,68.465,68.375,68.385,0.007281
1741193340000,68.375,68.395,68.365,68.395,0.004557
1741193400000,68.38,68.415,68.355,68.365,0.008132
1741193460000,68.36,68.375,68.34,68.375,0.00674
1741193520000,68.385,68.425,68.385,68.405,0.005596
1741193580000,68.415,68.425,68.395,68.425,0.004801
1741193640000,68.415,68.425,68.38,68.395,0.005148
1741193700000,68.385,68.41,68.355,68.375,0.006539
1741193760000,68.37,68.435,68.37,68.435,0.005687
1741193820000,68.445,68.505,68.393,68.505,0.012183
1741193880000,68.495,68.575,68.485,68.53,0.021299
1741193940000,68.535,68.585,68.505,68.52,0.015115
1741194000000,68.515,68.555,68.45,68.455,0.012522
1741194060000,68.46,68.505,68.44,68.485,0.010823
1741194120000,68.48,68.505,68.43,68.435,0.011359
1741194180000,68.445,68.47,68.405,68.425,0.007805
1741194240000,68.435,68.465,68.415,68.415,0.007172
1741194300000,68.405,68.485,68.405,68.485,0.007308
1741194360000,68.475,68.535,68.465,68.515,0.009958
1741194420000,68.51,68.535,68.5,68.525,0.010661
1741194480000,68.535,68.555,68.505,68.53,0.009462
1741194540000,68.535,68.545,68.495,68.505,0.008492
1741194600000,68.5,68.565,68.48,68.565,0.011952
1741194660000,68.555,68.655,68.555,68.655,0.014124
1741194720000,68.645,68.725,68.645,68.675,0.009507
1741194780000,68.68,68.765,68.645,68.725,0.009732
1741194840000,68.715,68.715,68.685,68.705,0.010301
1741194900000,68.715,68.785,68.705,68.785,0.005628
1741194960000,68.795,68.835,68.79,68.805,0.014366
1741195020000,68.795,68.815,68.765,68.775,0.009799
1741195080000,68.78,68.795,68.745,68.75,0.0088
1741195140000,68.745,68.75,68.695,68.735,0.008137
1741195200000,68.73,68.765,68.705,68.765,0.009216
1741195260000,68.755,68.805,68.755,68.775,0.005306
1741195320000,68.765,68.8,68.745,68.79,0.007401
1741195380000,68.785,68.785,68.755,68.785,0.008356
1741195440000,68.78,68.815,68.755,68.81,0.007941
1741195500000,68.805,68.835,68.795,68.81,0.007862
1741195560000,68.805,68.845,68.795,68.825,0.006019
1741195620000,68.835,68.865,68.825,68.845,0.007702
1741195680000,68.855,68.865,68.815,68.815,0.008703
1741195740000,68.81,68.855,68.805,68.845,0.006324
1741195800000,68.855,68.975,68.855,68.92,0.011324
1741195860000,68.915,68.975,68.905,68.955,0.007264
1741195920000,68.945,68.99,68.935,68.945,0.005754
1741195980000,68.935,68.975,68.935,68.975,0.003722
1741196040000,68.965,69.055,68.965,69.025,0.012152
1741196100000,69.02,69.02,68.955,68.97,0.008058
1741196160000,68.975,68.995,68.955,68.99,0.006707
1741196220000,68.995,69.005,68.975,68.995,0.005179
1741196280000,68.98,68.995,68.965,68.975,0.007506
1741196340000,68.985,69.085,68.985,69.085,0.007692
1741196400000,69.075,69.095,69.05,69.09,0.013226
1741196460000,69.085,69.1,69.045,69.075,0.00752
1741196520000,69.065,69.085,69.045,69.085,0.004312
1741196580000,69.075,69.075,69.055,69.065,0.006204
1741196640000,69.06,69.075,69.055,69.065,0.004679
1741196700000,69.06,69.075,69.015,69.015,0.004799
1741196760000,69.025,69.025,68.905,68.905,0.009343
1741196820000,68.91,68.915,68.845,68.885,0.011019
1741196880000,68.89,68.925,68.875,68.925,0.004545
1741196940000,68.935,68.965,68.935,68.945,0.003885
1741197000000,68.955,68.985,68.92,68.985,0.004583
1741197060000,68.98,69.055,68.975,69.055,0.005891
1741197120000,69.045,69.07,69.035,69.045,0.007629
1741197180000,69.05,69.08,69.05,69.075,0.005619
1741197240000,69.085,69.14,69.075,69.125,0.005351
1741197300000,69.115,69.195,69.085,69.185,0.005393
1741197360000,69.18,69.225,69.175,69.225,0.007362
1741197420000,69.22,69.265,69.215,69.22,0.007034
1741197480000,69.225,69.225,69.165,69.195,0.005609
1741197540000,69.185,69.215,69.185,69.205,0.003672
1741197600000,69.21,69.29,69.205,69.26,0.007713
1741197660000,69.265,69.265,69.175,69.185,0.008238
1741197720000,69.175,69.175,69.14,69.145,0.008333
1741197780000,69.135,69.145,69.115,69.125,0.006566
1741197840000,69.12,69.125,69.085,69.115,0.004718
1741197900000,69.105,69.145,69.095,69.095,0.003818
1741197960000,69.085,69.135,69.065,69.065,0.001925
1741198020000,69.055,69.07,68.953,69.045,0.030319
1741198080000,69.035,69.065,69.015,69.065,0.009584
1741198140000,69.06,69.065,69,69.005,0.005701
1741198200000,69.015,69.125,69,69.105,0.006064
1741198260000,69.11,69.225,69.095,69.225,0.008602
1741198320000,69.22,69.235,69.195,69.23,0.010609
1741198380000,69.225,69.265,69.215,69.255,0.005496
1741198440000,69.25,69.25,69.205,69.23,0.007984
1741198500000,69.22,69.225,69.155,69.165,0.006194
1741198560000,69.16,69.235,69.155,69.205,0.004571
1741198620000,69.215,69.215,69.185,69.185,0.002898
1741198680000,69.175,69.19,69.175,69.175,0.004476
1741198740000,69.165,69.2,69.155,69.195,0.005186
1741198800000,69.205,69.23,69.175,69.185,0.004341
1741198860000,69.19,69.245,69.185,69.185,0.005776
1741198920000,69.195,69.225,69.165,69.165,0.004655
1741198980000,69.175,69.255,69.175,69.225,0.005717
1741199040000,69.235,69.265,69.225,69.265,0.001803
1741199100000,69.26,69.285,69.245,69.245,0.006504
1741199160000,69.255,69.275,69.235,69.275,0.005042
1741199220000,69.27,69.285,69.225,69.275,0.006854
1741199280000,69.265,69.27,69.235,69.25,0.006119
1741199340000,69.255,69.255,69.195,69.205,0.004541
1741199400000,69.2,69.23,69.2,69.205,0.003816
1741199460000,69.185,69.195,69.12,69.125,0.004091
1741199520000,69.12,69.12,69.015,69.025,0.007593
1741199580000,69.035,69.095,69.025,69.085,0.005935
1741199640000,69.09,69.11,69.075,69.11,0.013526
1741199700000,69.12,69.145,69.105,69.14,0.005299
1741199760000,69.145,69.155,69.085,69.145,0.00586
1741199820000,69.15,69.155,69.115,69.13,0.00446
1741199880000,69.125,69.13,69.095,69.12,0.006825
1741199940000,69.125,69.225,69.115,69.225,0.004847
1741200000000,69.215,69.255,69.21,69.215,0.006423
1741200060000,69.22,69.245,69.2,69.245,0.004825
1741200120000,69.255,69.255,69.185,69.2,0.005314
1741200180000,69.195,69.215,69.175,69.175,0.002663
1741200240000,69.17,69.17,69.125,69.125,0.005089
1741200300000,69.13,69.145,69.115,69.135,0.003933
1741200360000,69.125,69.195,69.125,69.195,0.002757
1741200420000,69.185,69.275,69.165,69.225,0.004017
1741200480000,69.22,69.255,69.21,69.235,0.005011
1741200540000,69.225,69.255,69.215,69.225,0.002492
1741200600000,69.215,69.295,69.215,69.26,0.00573
1741200660000,69.275,69.305,69.24,69.3,0.004075
1741200720000,69.305,69.307,69.2,69.285,0.029984
1741200780000,69.27,69.29,69.215,69.235,0.004
1741200840000,69.23,69.265,69.22,69.235,0.005566
1741200900000,69.245,69.34,69.245,69.325,0.006188
1741200960000,69.335,69.355,69.32,69.325,0.006839
1741201020000,69.315,69.33,69.285,69.32,0.006513
1741201080000,69.325,69.395,69.32,69.39,0.005762
1741201140000,69.395,69.405,69.375,69.375,0.005571
1741201200000,69.365,69.385,69.34,69.355,0.007176
1741201260000,69.35,69.405,69.345,69.365,0.00398
1741201320000,69.37,69.425,69.37,69.415,0.005417
1741201380000,69.41,69.415,69.385,69.39,0.00424
1741201440000,69.385,69.395,69.355,69.37,0.006254
1741201500000,69.365,69.375,69.295,69.295,0.006188
1741201560000,69.3,69.315,69.265,69.275,0.004374
1741201620000,69.265,69.295,69.255,69.255,0.003107
1741201680000,69.245,69.265,69.225,69.225,0.003479
1741201740000,69.215,69.255,69.195,69.235,0.007495
1741201800000,69.225,69.255,69.155,69.165,0.008122
1741201860000,69.17,69.175,69.135,69.15,0.006
1741201920000,69.145,69.21,69.145,69.195,0.006481
1741201980000,69.19,69.205,69.145,69.145,0.008785
1741202040000,69.155,69.165,69.125,69.165,0.006695
1741202100000,69.155,69.235,69.155,69.21,0.004346
1741202160000,69.215,69.245,69.165,69.215,0.008004
1741202220000,69.22,69.235,69.175,69.225,0.006148
1741202280000,69.235,69.235,69.21,69.225,0.004246
1741202340000,69.22,69.225,69.195,69.2,0.0039
1741202400000,69.205,69.225,69.185,69.22,0.004945
1741202460000,69.215,69.275,69.215,69.225,0.005342
1741202520000,69.22,69.225,69.195,69.205,0.005531
1741202580000,69.215,69.23,69.175,69.175,0.005215
1741202640000,69.17,69.215,69.165,69.195,0.003945
1741202700000,69.2,69.245,69.195,69.235,0.005652
1741202760000,69.215,69.225,69.195,69.215,0.007187
1741202820000,69.205,69.275,69.195,69.275,0.014168
1741202880000,69.26,69.33,69.225,69.275,0.018872
1741202940000,69.285,69.325,69.285,69.325,0.002761
1741203000000,69.315,69.34,69.265,69.265,0.010626
1741203060000,69.26,69.285,69.255,69.265,0.007563
1741203120000,69.255,69.265,69.235,69.245,0.003891
1741203180000,69.235,69.235,69.185,69.185,0.004896
1741203240000,69.195,69.2,69.155,69.155,0.003832
1741203300000,69.16,69.205,69.16,69.165,0.002624
1741203360000,69.175,69.175,69.145,69.155,0.003515
1741203420000,69.16,69.165,69.14,69.145,0.002492
1741203480000,69.14,69.165,69.135,69.165,0.003126
1741203540000,69.17,69.195,69.165,69.195,0.001304
1741203600000,69.205,69.205,69.185,69.195,0.00108
1741203660000,69.215,69.225,69.215,69.225,0.000243
1741203720000,69.23,69.275,69.23,69.275,0.00178
1741203780000,69.27,69.275,69.245,69.265,0.00228
1741203840000,69.26,69.275,69.255,69.265,0.002426
1741203900000,69.26,69.265,69.255,69.255,0.001173
1741203960000,69.25,69.27,69.235,69.265,0.001697
1741204020000,69.27,69.305,69.27,69.29,0.00116
1741204080000,69.285,69.31,69.285,69.305,0.001397
1741204140000,69.315,69.315,69.285,69.295,0.001978
1741204200000,69.3,69.335,69.3,69.335,0.002032
1741204260000,69.345,69.345,69.335,69.345,0.000756
1741204320000,69.34,69.345,69.325,69.335,0.001241
1741204380000,69.33,69.33,69.325,69.325,0.000337
1741204440000,69.335,69.355,69.335,69.355,0.000441
1741204500000,69.365,69.365,69.33,69.335,0.001618
1741204560000,69.325,69.325,69.315,69.325,0.000257
1741204620000,69.315,69.345,69.315,69.335,0.001686
1741204680000,69.325,69.365,69.325,69.355,0.00213
1741204740000,69.35,69.355,69.315,69.325,0.003145
1741204800000,69.335,69.335,69.305,69.315,0.004275
1741204860000,69.305,69.34,69.305,69.335,0.001915
1741204920000,69.34,69.34,69.33,69.335,0.000997
1741204980000,69.33,69.36,69.325,69.36,0.000958
1741205040000,69.365,69.375,69.345,69.375,0.00205
1741205100000,69.37,69.395,69.365,69.395,0.001457
1741205160000,69.405,69.405,69.375,69.395,0.000756
1741205220000,69.39,69.395,69.375,69.375,0.001121
1741205280000,69.37,69.375,69.35,69.355,0.00085
1741205340000,69.375,69.375,69.355,69.355,0.001053
1741205400000,69.36,69.365,69.345,69.355,0.000904
1741205460000,69.36,69.36,69.325,69.345,0.002846
1741205520000,69.355,69.37,69.35,69.37,0.001939
1741205580000,69.375,69.375,69.365,69.375,0.000729
1741205640000,69.365,69.375,69.365,69.365,0.000324
1741205700000,69.37,69.385,69.365,69.385,0.000432
1741205760000,69.39,69.4,69.385,69.395,0.001336
1741205820000,69.385,69.385,69.365,69.38,0.001148
1741205880000,69.375,69.39,69.365,69.365,0.001349
1741205940000,69.355,69.355,69.325,69.325,0.002366
1741206000000,69.335,69.335,69.305,69.33,0.001902
1741206060000,69.335,69.345,69.325,69.325,0.00133
1741206120000,69.33,69.335,69.305,69.32,0.002263
1741206180000,69.315,69.335,69.315,69.335,0.000243
1741206240000,69.325,69.335,69.325,69.335,0.001266
1741206300000,69.325,69.355,69.305,69.32,0.002711
1741206360000,69.315,69.32,69.305,69.31,0.001593
1741206420000,69.315,69.315,69.29,69.305,0.001179
1741206480000,69.315,69.345,69.31,69.345,0.001214
1741206540000,69.35,69.355,69.345,69.345,0.001322
1741206600000,69.335,69.355,69.325,69.325,0.001723
1741206660000,69.315,69.325,69.305,69.325,0.00175
1741206720000,69.335,69.335,69.295,69.3,0.001708
1741206780000,69.305,69.31,69.295,69.295,0.000729
1741206840000,69.285,69.305,69.285,69.3,0.001174
1741206900000,69.305,69.325,69.305,69.31,0.001038
1741206960000,69.315,69.335,69.31,69.325,0.001291
1741207020000,69.335,69.335,69.335,69.335,0.000054
1741207080000,69.325,69.355,69.325,69.335,0.001461
1741207140000,69.325,69.335,69.325,69.325,0.001389
1741207200000,69.335,69.335,69.315,69.315,0.000782
1741207260000,69.32,69.335,69.32,69.33,0.000984
1741207320000,69.325,69.325,69.325,69.325,0.000054
1741207380000,69.33,69.335,69.325,69.325,0.00085
1741207440000,69.335,69.355,69.335,69.355,0.000939
1741207500000,69.345,69.355,69.345,69.345,0.000459
1741207560000,69.335,69.345,69.335,69.34,0.000971
1741207620000,69.345,69.355,69.345,69.35,0.000791
1741207680000,69.345,69.345,69.345,69.345,0.000135
1741207740000,69.34,69.35,69.335,69.345,0.001691
1741207800000,69.355,69.385,69.355,69.385,0.000554
1741207860000,69.375,69.415,69.365,69.415,0.001039
1741207920000,69.405,69.435,69.405,69.435,0.001206
1741207980000,69.43,69.435,69.425,69.435,0.000782
1741208040000,69.43,69.435,69.425,69.435,0.000526
1741208100000,69.425,69.455,69.425,69.445,0.001646
1741208160000,69.44,69.445,69.425,69.425,0.00058
1741208220000,69.415,69.42,69.405,69.41,0.001326
1741208280000,69.415,69.425,69.395,69.415,0.002807
1741208340000,69.41,69.415,69.41,69.415,0.000512
1741208400000,69.392,69.392,69.387,69.392,0.000324
1741208460000,69.387,69.387,69.377,69.382,0.000818
1741208520000,69.387,69.387,69.357,69.362,0.000985
1741208580000,69.352,69.352,69.352,69.352,0.000135
1741208640000,69.362,69.362,69.312,69.312,0.001165
1741208700000,69.317,69.322,69.307,69.322,0.000468
1741208760000,69.317,69.327,69.317,69.317,0.00045
1741208820000,69.322,69.327,69.312,69.322,0.000567
1741208880000,69.327,69.332,69.317,69.317,0.000805
1741208940000,69.312,69.327,69.312,69.322,0.000986
1741209000000,69.332,69.342,69.327,69.342,0.000572
1741209060000,69.337,69.337,69.337,69.337,0.000135
1741209120000,69.342,69.352,69.342,69.352,0.000508
1741209180000,69.357,69.357,69.357,69.357,0.000054
1741209240000,69.352,69.352,69.352,69.352,0.00009
1741209300000,69.342,69.347,69.342,69.347,0.00027
1741209360000,69.342,69.342,69.342,69.342,0.00009
1741209420000,69.347,69.352,69.342,69.342,0.00058
1741209480000,69.347,69.362,69.347,69.362,0.000378
1741209540000,69.357,69.362,69.352,69.357,0.000459
1741209600000,69.367,69.377,69.362,69.367,0.000716
1741209660000,69.362,69.372,69.362,69.372,0.000513
1741209720000,69.362,69.362,69.362,69.362,0.00009
1741209780000,69.372,69.392,69.372,69.382,0.000486
1741209840000,69.377,69.382,69.372,69.372,0.000324
1741209900000,69.377,69.377,69.372,69.372,0.000225
1741209960000,69.362,69.382,69.362,69.377,0.0005
1741210020000,69.372,69.372,69.372,69.372,0.000054
1741210080000,69.367,69.392,69.362,69.362,0.003654
1741210140000,69.352,69.362,69.342,69.362,0.00113
1741210200000,69.357,69.362,69.352,69.362,0.000198
1741210260000,69.357,69.362,69.352,69.362,0.000257
1741210320000,69.352,69.357,69.347,69.347,0.000495
1741210380000,69.352,69.352,69.352,69.352,0.000054
1741210440000,69.342,69.342,69.342,69.342,0.000068
1741210500000,69.337,69.357,69.337,69.352,0.00077
1741210560000,69.357,69.357,69.352,69.352,0.000189
1741210620000,69.347,69.352,69.322,69.332,0.000815
1741210680000,69.337,69.352,69.312,69.312,0.001256
1741210740000,69.317,69.332,69.317,69.327,0.000914
1741210800000,69.332,69.332,69.302,69.307,0.000684
1741210860000,69.302,69.312,69.292,69.307,0.000689
1741210920000,69.312,69.312,69.302,69.302,0.000495
1741210980000,69.292,69.322,69.292,69.322,0.000761
1741211040000,69.332,69.332,69.327,69.332,0.000176
1741211100000,69.327,69.327,69.312,69.317,0.000563
1741211160000,69.322,69.332,69.312,69.312,0.000612
1741211220000,69.317,69.317,69.293,69.293,0.00319
1741211280000,69.317,69.322,69.312,69.322,0.000252
1741211340000,69.327,69.342,69.327,69.337,0.000311
1741211400000,69.342,69.347,69.342,69.347,0.000266
1741211460000,69.342,69.347,69.342,69.342,0.000189
1741211520000,69.347,69.357,69.342,69.352,0.000653
1741211580000,69.357,69.357,69.352,69.352,0.000135
1741211640000,69.347,69.352,69.342,69.347,0.000792
1741211700000,69.342,69.352,69.342,69.347,0.000599
1741211760000,69.352,69.352,69.342,69.347,0.000824
1741211820000,69.352,69.352,69.337,69.347,0.000684
1741211880000,69.352,69.352,69.337,69.347,0.000729
1741211940000,69.352,69.352,69.337,69.347,0.000284
1741564800000,69.842,69.852,69.822,69.847,0.000594
1741564860000,69.842,69.847,69.827,69.842,0.000648
1741564920000,69.852,69.852,69.842,69.847,0.000257
1741564980000,69.842,69.872,69.842,69.872,0.000405
1741565040000,69.867,69.882,69.862,69.882,0.000594
1741565100000,69.887,69.947,69.887,69.942,0.000887
1741565160000,69.952,69.962,69.952,69.962,0.00036
1741565220000,69.952,69.982,69.942,69.982,0.000378
1741565280000,69.972,69.972,69.952,69.952,0.000621
1741565340000,69.957,69.972,69.952,69.972,0.000648
1741565400000,69.967,69.967,69.952,69.957,0.000783
1741565460000,69.952,69.962,69.952,69.962,0.000284
1741565520000,69.967,69.982,69.962,69.982,0.000356
1741565580000,69.977,69.982,69.972,69.977,0.001044
1741565640000,69.972,69.977,69.962,69.967,0.000644
1741565700000,69.962,69.982,69.952,69.977,0.000837
1741565760000,69.972,69.987,69.962,69.982,0.00095
1741565820000,69.987,70.017,69.982,70.017,0.0005
1741565880000,70.012,70.012,69.997,69.997,0.00036
1741565940000,69.992,70.022,69.992,70.012,0.001058
1741566000000,70.017,70.022,70.012,70.022,0.000252
1741566060000,70.042,70.042,70.032,70.037,0.000558
1741566120000,70.032,70.037,70.012,70.012,0.000508
1741566180000,70.007,70.017,70.007,70.012,0.000365
1741566240000,70.017,70.017,69.992,70.007,0.000941
1741566300000,70.012,70.012,69.992,69.992,0.000266
1741566360000,69.987,69.992,69.987,69.992,0.000768
1741566420000,69.997,70.002,69.992,69.992,0.00059
1741566480000,69.997,70.017,69.997,70.017,0.000824
1741566540000,70.022,70.022,70.002,70.007,0.000432
1741566600000,70.012,70.017,70.002,70.017,0.000621
1741566660000,70.012,70.052,70.012,70.052,0.00072
1741566720000,70.057,70.072,70.052,70.072,0.000477
1741566780000,70.062,70.072,70.062,70.072,0.00023
1741566840000,70.067,70.067,70.057,70.057,0.000189
1741566900000,70.052,70.062,70.052,70.052,0.000324
1741566960000,70.057,70.057,70.052,70.057,0.000162
1741567020000,70.052,70.057,70.037,70.037,0.000446
1741567080000,70.047,70.062,70.047,70.062,0.000288
1741567140000,70.057,70.057,70.052,70.057,0.000176
1741567200000,70.052,70.052,70.032,70.032,0.000414
1741567260000,70.022,70.032,70.002,70.032,0.000711
1741567320000,70.037,70.052,70.032,70.052,0.000864
1741567380000,70.047,70.062,70.047,70.052,0.000554
1741567440000,70.028,70.028,70.028,70.028,0.0031
1741567500000,70.033,70.062,70.033,70.062,0.00346
1741567560000,70.072,70.102,70.072,70.102,0.000306
1741567620000,70.112,70.132,70.112,70.117,0.000441
1741567680000,70.122,70.122,70.117,70.117,0.000387
1741567740000,70.112,70.112,70.092,70.097,0.000743
1741567800000,70.092,70.127,70.092,70.127,0.000639
1741567860000,70.122,70.137,70.122,70.137,0.000558
1741567920000,70.132,70.142,70.132,70.132,0.000252
1741567980000,70.142,70.142,70.122,70.142,0.000788
1741568040000,70.122,70.127,70.117,70.117,0.000387
1741568100000,70.122,70.137,70.122,70.132,0.000252
1741568160000,70.137,70.152,70.137,70.137,0.00041
1741568220000,70.142,70.142,70.122,70.122,0.000626
1741568280000,70.122,70.122,70.122,70.122,0
1741568340000,70.127,70.132,70.122,70.127,0.000707
1741568400000,70.147,70.155,70.05,70.055,0.005324
1741568460000,70.065,70.115,70.065,70.105,0.002232
1741568520000,70.11,70.165,70.11,70.155,0.003479
1741568580000,70.16,70.165,70.14,70.155,0.002061
1741568640000,70.15,70.155,70.135,70.15,0.001116
1741568700000,70.145,70.15,70.135,70.15,0.001184
1741568760000,70.145,70.15,70.135,70.145,0.000698
1741568820000,70.135,70.15,70.125,70.145,0.000702
1741568880000,70.135,70.155,70.135,70.155,0.000486
1741568940000,70.16,70.16,70.135,70.145,0.000432
1741569000000,70.15,70.16,70.145,70.145,0.001143
1741569060000,70.15,70.175,70.145,70.175,0.000662
1741569120000,70.185,70.185,70.165,70.165,0.000216
1741569180000,70.16,70.18,70.16,70.175,0.000324
1741569240000,70.18,70.18,70.155,70.155,0.000378
1741569300000,70.16,70.165,70.13,70.13,0.000891
1741569360000,70.125,70.125,70.105,70.115,0.001341
1741569420000,70.125,70.13,70.105,70.105,0.000977
1741569480000,70.095,70.095,70.075,70.075,0.001224
1741569540000,70.07,70.075,70.035,70.04,0.001827
1741569600000,70.045,70.065,70.04,70.055,0.000932
1741569660000,70.05,70.05,70.045,70.045,0.000216
1741569720000,70.04,70.04,70.005,70.005,0.000351
1741569780000,70.01,70.015,69.97,69.975,0.002921
1741569840000,69.98,69.99,69.975,69.99,0.000999
1741569900000,69.985,70.03,69.985,70.025,0.001089
1741569960000,70.02,70.02,70.005,70.005,0.000365
1741570020000,70.01,70.015,70.005,70.015,0.000216
1741570080000,70.01,70.01,69.985,69.985,0.000675
1741570140000,69.98,70.01,69.975,70.01,0.000914
1741570200000,70.005,70.02,69.995,69.995,0.001197
1741570260000,69.99,70.035,69.99,70.035,0.001022
1741570320000,70.03,70.075,70.03,70.07,0.002511
1741570380000,70.065,70.08,70.045,70.08,0.001467
1741570440000,70.075,70.08,70.065,70.07,0.000432
1741570500000,70.08,70.1,70.065,70.085,0.000972
1741570560000,70.08,70.095,70.075,70.085,0.000999
1741570620000,70.08,70.105,70.055,70.055,0.000963
1741570680000,70.06,70.06,70.045,70.05,0.000986
1741570740000,70.055,70.065,70.045,70.06,0.001035
1741570800000,70.065,70.08,70.045,70.045,0.000504
1741570860000,70.035,70.09,70.03,70.065,0.001885
1741570920000,70.07,70.09,70.07,70.085,0.000594
1741570980000,70.09,70.11,70.06,70.075,0.001229
1741571040000,70.07,70.07,70.005,70.025,0.0027
1741571100000,70.03,70.03,70.005,70.005,0.001346
1741571160000,70.015,70.025,70.005,70.01,0.000702
1741571220000,70.005,70.01,69.98,69.98,0.000635
1741571280000,69.965,69.975,69.94,69.955,0.001305
1741571340000,69.95,69.97,69.945,69.97,0.000594
1741571400000,69.975,70.015,69.975,70.015,0.000756
1741571460000,70.02,70.05,70.02,70.05,0.000864
1741571520000,70.045,70.05,70.005,70.015,0.000972
1741571580000,70.02,70.03,70.015,70.025,0.000432
1741571640000,70.03,70.04,70.02,70.04,0.000594
1741571700000,70.045,70.08,70.035,70.065,0.000999
1741571760000,70.07,70.07,70.035,70.035,0.00027
1741571820000,70.03,70.045,70.025,70.045,0.000432
1741571880000,70.04,70.05,70.035,70.04,0.000864
1741571940000,70.035,70.05,70.025,70.03,0.00081
1741572000000,70.025,70.04,70.015,70.035,0.001188
1741572060000,70.04,70.055,70.02,70.05,0.000702
1741572120000,70.045,70.05,70.025,70.045,0.000864
1741572180000,70.05,70.055,70.035,70.05,0.000756
1741572240000,70.045,70.05,70.015,70.02,0.00081
1741572300000,70.025,70.025,69.975,69.985,0.000932
1741572360000,69.99,70,69.97,70,0.001404
1741572420000,70.005,70.03,70.005,70.03,0.000513
1741572480000,70.035,70.05,70.02,70.035,0.001643
1741572540000,70.04,70.04,70.03,70.035,0.000365
1741572600000,70.04,70.05,69.985,69.985,0.000896
1741572660000,69.98,69.98,69.965,69.975,0.000594
1741572720000,69.97,69.975,69.965,69.97,0.000554
1741572780000,69.965,69.965,69.955,69.965,0.000716
1741572840000,69.96,69.975,69.96,69.975,0.000702
1741572900000,69.97,69.97,69.935,69.95,0.000783
1741572960000,69.945,69.95,69.93,69.945,0.000432
1741573020000,69.935,69.955,69.935,69.955,0.000216
1741573080000,69.945,69.945,69.945,69.945,0.000054
1741573140000,69.898,69.945,69.898,69.935,0.003208
1741573200000,69.925,69.955,69.925,69.955,0.000446
1741573260000,69.95,69.975,69.95,69.965,0.000702
1741573320000,69.96,69.965,69.955,69.965,0.00054
1741573380000,69.945,69.96,69.945,69.945,0.000432
1741573440000,69.94,69.94,69.92,69.92,0.000378
1741573500000,69.925,69.945,69.915,69.945,0.000576
1741573560000,69.94,69.94,69.935,69.935,0.000108
1741573620000,69.94,69.95,69.94,69.94,0.0005
1741573680000,69.925,69.94,69.925,69.94,0.000324
1741573740000,69.935,69.95,69.93,69.95,0.000716
1741573800000,69.955,69.995,69.95,69.98,0.002232
1741573860000,69.97,70.03,69.965,70.025,0.002304
1741573920000,70.03,70.075,70.03,70.07,0.001616
1741573980000,70.075,70.075,70.065,70.075,0.000306
1741574040000,70.095,70.125,70.09,70.09,0.002421
1741574100000,70.085,70.125,70.065,70.12,0.002426
1741574160000,70.105,70.11,70.095,70.105,0.000819
1741574220000,70.1,70.115,70.095,70.1,0.000797
1741574280000,70.095,70.095,70.06,70.065,0.000752
1741574340000,70.055,70.075,70.055,70.07,0.000815
1741574400000,70.065,70.11,70.065,70.105,0.000756
1741574460000,70.1,70.115,70.09,70.09,0.000824
1741574520000,70.085,70.09,70.075,70.08,0.000873
1741574580000,70.075,70.075,70.025,70.025,0.00077
1741574640000,70.035,70.075,70.025,70.07,0.001179
1741574700000,70.065,70.08,70.05,70.075,0.00139
1741574760000,70.08,70.085,70.055,70.055,0.001712
1741574820000,70.05,70.07,70.045,70.07,0.00086
1741574880000,70.065,70.085,70.06,70.075,0.000954
1741574940000,70.085,70.085,70.055,70.055,0.000392
1741575000000,70.05,70.055,70.045,70.055,0.000612
1741575060000,70.045,70.055,70.035,70.035,0.00045
1741575120000,70.03,70.065,70.025,70.04,0.000927
1741575180000,70.035,70.055,70.035,70.04,0.000563
1741575240000,70.045,70.055,70.045,70.045,0.000419
1741575300000,70.05,70.05,70.035,70.045,0.000356
1741575360000,70.035,70.035,70.015,70.015,0.000621
1741575420000,70.01,70.01,69.985,69.99,0.001373
1741575480000,69.985,70,69.975,69.975,0.000994
1741575540000,69.985,69.995,69.97,69.975,0.000824
1741575600000,69.98,70.01,69.98,70.01,0.00086
1741575660000,70,70.005,69.995,69.995,0.000441
1741575720000,69.985,69.985,69.965,69.985,0.000945
1741575780000,69.99,69.99,69.945,69.96,0.001265
1741575840000,69.955,69.97,69.945,69.945,0.001143
1741575900000,69.95,69.965,69.945,69.96,0.001103
1741575960000,69.965,69.975,69.945,69.945,0.001359
1741576020000,69.95,69.96,69.95,69.955,0.00108
1741576080000,69.96,69.985,69.96,69.985,0.001067
1741576140000,69.99,70,69.985,69.985,0.001166
1741576200000,69.98,69.985,69.98,69.985,0.000108
1741576260000,69.98,69.985,69.97,69.975,0.00077
1741576320000,69.97,69.985,69.97,69.98,0.00117
1741576380000,69.985,69.985,69.96,69.96,0.001467
1741576440000,69.965,69.965,69.95,69.96,0.001202
1741576500000,69.955,69.975,69.95,69.955,0.001103
1741576560000,69.95,69.95,69.905,69.915,0.001634
1741576620000,69.91,69.925,69.905,69.925,0.00059
1741576680000,69.92,69.925,69.915,69.925,0.000499
1741576740000,69.945,69.945,69.91,69.925,0.001071
1741576800000,69.915,69.93,69.915,69.925,0.001013
1741576860000,69.92,69.925,69.91,69.91,0.001053
1741576920000,69.915,69.925,69.915,69.92,0.001931
1741576980000,69.925,69.93,69.915,69.92,0.001265
1741577040000,69.915,69.925,69.905,69.905,0.000846
1741577100000,69.91,69.93,69.91,69.925,0.000986
1741577160000,69.93,69.98,69.93,69.96,0.001121
1741577220000,69.955,69.955,69.935,69.935,0.001804
1741577280000,69.94,69.94,69.925,69.935,0.002092
1741577340000,69.93,69.945,69.925,69.935,0.003141
1741577400000,69.94,69.945,69.935,69.935,0.002683
1741577460000,69.94,69.94,69.89,69.895,0.003096
1741577520000,69.9,69.9,69.87,69.88,0.001728
1741577580000,69.885,69.895,69.865,69.89,0.001678
1741577640000,69.895,69.895,69.875,69.875,0.001062
1741577700000,69.87,69.91,69.87,69.91,0.00086
1741577760000,69.905,69.915,69.905,69.91,0.000504
1741577820000,69.915,69.935,69.915,69.935,0.000432
1741577880000,69.94,69.955,69.935,69.955,0.000846
1741577940000,69.96,69.975,69.96,69.97,0.000747
1741578000000,69.965,69.965,69.94,69.94,0.00089
1741578060000,69.945,69.955,69.945,69.95,0.000176
1741578120000,69.955,69.975,69.95,69.975,0.000531
1741578180000,69.98,69.985,69.98,69.985,0.000311
1741578240000,69.98,69.985,69.975,69.975,0.000536
1741578300000,69.97,70.015,69.97,70.015,0.000927
1741578360000,70.01,70.01,69.99,69.99,0.000873
1741578420000,69.995,69.995,69.98,69.985,0.000513
1741578480000,69.99,69.99,69.99,69.99,0.000135
1741578540000,69.995,70.005,69.995,69.995,0.000297
1741578600000,69.99,70.005,69.99,70.005,0.001701
1741578660000,70.01,70.01,69.995,69.995,0.000176
1741578720000,69.99,69.995,69.99,69.99,0.000234
1741578780000,69.985,69.985,69.98,69.98,0.000414
1741578840000,69.975,69.975,69.955,69.96,0.000932
1741578900000,69.97,69.97,69.965,69.965,0.000347
1741578960000,69.955,69.955,69.955,69.955,0.000054
1741579020000,69.965,69.97,69.965,69.965,0.000198
1741579080000,69.955,69.955,69.95,69.955,0.000243
1741579140000,69.95,69.955,69.95,69.955,0.000634
1741579200000,69.95,69.955,69.95,69.955,0.000189
1741579260000,69.908,69.908,69.908,69.908,0.0031
1741579320000,69.965,69.985,69.965,69.985,0.000252
1741579380000,69.995,70.025,69.995,70.025,0.00036
1741579440000,70.02,70.025,70.015,70.015,0.000266
1741579500000,70.02,70.02,69.99,69.99,0.000549
1741579560000,69.995,70.005,69.995,70,0.000554
1741579620000,69.995,70,69.995,70,0.000257
1741579680000,69.995,70,69.99,69.995,0.000351
1741579740000,70,70.015,70,70.015,0.000486
1741579800000,70.01,70.01,70.005,70.005,0.000108
1741579860000,70.005,70.005,70.005,70.005,0
1741579920000,70.01,70.025,70.01,70.025,0.000162
1741579980000,70.035,70.05,70.035,70.035,0.000536
1741580040000,70.025,70.025,70.015,70.02,0.000333
1741580100000,70.015,70.035,70.015,70.03,0.001215
1741580160000,70.035,70.035,70.02,70.02,0.000756
1741580220000,70.025,70.035,70.025,70.03,0.000333
1741580280000,70.025,70.045,70.025,70.045,0.000675
1741580340000,70.04,70.045,70.02,70.02,0.000513
1741580400000,70.015,70.03,70.015,70.03,0.000513
1741580460000,69.983,70.07,69.983,70.065,0.003627
1741580520000,70.06,70.07,70.06,70.07,0.000729
1741580580000,70.075,70.075,70.055,70.07,0.00095
1741580640000,70.075,70.1,70.075,70.095,0.000671
1741580700000,70.09,70.09,70.06,70.06,0.000662
1741580760000,70.055,70.055,70.05,70.055,0.000243
1741580820000,70.05,70.055,70.045,70.045,0.000432
1741580880000,70.035,70.035,70.03,70.035,0.000176
1741580940000,70.025,70.04,70.025,70.04,0.000365
1741581000000,70.035,70.045,70.035,70.045,0.000198
1741581060000,70.045,70.045,70.045,70.045,0
1741581120000,69.998,69.998,69.998,69.998,0.0031
1741581180000,70.05,70.055,70.05,70.055,0.000144
1741581240000,70.05,70.055,70.03,70.03,0.000441
1741581300000,70.025,70.025,70.02,70.025,0.000257
1741581360000,70.025,70.025,70.025,70.025,0
1741581420000,69.978,69.978,69.978,69.978,0.0031
1741581480000,70.02,70.02,69.995,69.995,0.000333
1741581540000,70,70.005,69.995,70.005,0.000392
1741581600000,69.958,70.015,69.958,70.01,0.003244
1741581660000,70.015,70.015,70.005,70.005,0.000108
1741581720000,70.005,70.005,70.005,70.005,0
1741581780000,69.958,70.01,69.958,70.01,0.003415
1741581840000,70.015,70.015,70.005,70.005,0.000108
1741581900000,70.015,70.03,70.015,70.025,0.000216
1741581960000,70.02,70.03,70.02,70.025,0.00063
1741582020000,69.978,69.978,69.978,69.978,0.0031
1741582080000,70.02,70.025,70.02,70.025,0.000189
1741582140000,70.02,70.02,70.02,70.02,0.000135
1741582200000,69.973,69.973,69.973,69.973,0.0031
1741582260000,70.015,70.02,70.01,70.02,0.000288
1741582320000,70.025,70.025,70.02,70.02,0.000144
1741582380000,70.015,70.015,70.005,70.005,0.000198
1741582440000,70.01,70.015,70.01,70.015,0.000189
1741582500000,70.01,70.02,70.01,70.015,0.000257
1741582560000,69.968,70.015,69.968,70.015,0.003222
1741582620000,70.01,70.02,70.005,70.015,0.000468
1741582680000,70.01,70.015,70,70,0.000702
1741582740000,69.995,69.995,69.995,69.995,0.000054
1741582800000,69.995,69.995,69.995,69.995,0
1741582860000,69.948,70.025,69.948,70.02,0.004558
1741582920000,70.025,70.035,70.02,70.03,0.000914
1741582980000,70.025,70.025,69.99,69.995,0.000648
1741583040000,69.99,69.99,69.945,69.945,0.00108
1741583100000,69.935,69.95,69.935,69.95,0.000392
1741583160000,69.955,69.96,69.955,69.96,0.000243
1741583220000,69.965,69.97,69.965,69.97,0.000252
1741583280000,69.975,69.975,69.95,69.955,0.000445
1741583340000,69.945,69.955,69.94,69.955,0.000688
1741583400000,69.965,69.98,69.96,69.98,0.000648
1741583460000,69.985,70,69.985,70,0.00041
1741583520000,70.005,70.01,70.005,70.005,0.000513
1741583580000,70.02,70.03,70.005,70.03,0.000779
1741583640000,70.035,70.045,70.035,70.04,0.000666
1741583700000,70.045,70.065,70.045,70.06,0.000554
1741583760000,70.065,70.07,70.055,70.055,0.000765
1741583820000,70.045,70.045,70.035,70.045,0.000441
1741583880000,70.04,70.045,70.025,70.03,0.001161
1741583940000,70.025,70.035,70.025,70.03,0.001017
1741584000000,70.04,70.04,70.025,70.03,0.000621
1741584060000,70.04,70.055,70.035,70.055,0.000252
1741584120000,70.05,70.05,70.02,70.025,0.000387
1741584180000,70.02,70.02,69.985,69.985,0.000788
1741584240000,69.98,69.98,69.95,69.95,0.000446
1741584300000,69.945,69.945,69.915,69.925,0.000963
1741584360000,69.935,69.935,69.905,69.91,0.00077
1741584420000,69.915,69.915,69.895,69.915,0.000927
1741584480000,69.91,69.91,69.875,69.875,0.000626
1741584540000,69.88,69.885,69.875,69.88,0.000513
1741584600000,69.875,69.875,69.82,69.855,0.002731
1741584660000,69.86,69.86,69.84,69.84,0.001949
1741584720000,69.835,69.855,69.835,69.855,0.000608
1741584780000,69.865,69.87,69.855,69.87,0.000869
1741584840000,69.865,69.87,69.86,69.865,0.000351
1741584900000,69.875,69.895,69.875,69.895,0.000108
1741584960000,69.9,69.905,69.885,69.9,0.001202
1741585020000,69.895,69.91,69.885,69.91,0.001359
1741585080000,69.905,69.925,69.905,69.92,0.001782
1741585140000,69.915,69.92,69.905,69.905,0.000932
1741585200000,69.91,69.91,69.895,69.905,0.000851
1741585260000,69.91,69.925,69.905,69.925,0.000657
1741585320000,69.93,69.935,69.925,69.935,0.00023
1741585380000,69.925,69.925,69.92,69.925,0.000162
1741585440000,69.92,69.935,69.92,69.935,0.000639
1741585500000,69.94,69.945,69.925,69.945,0.001094
1741585560000,69.955,69.965,69.945,69.945,0.000801
1741585620000,69.955,69.955,69.925,69.945,0.00153
1741585680000,69.955,69.965,69.94,69.945,0.001922
1741585740000,69.94,69.95,69.94,69.94,0.000864
1741585800000,69.945,69.945,69.905,69.905,0.000842
1741585860000,69.915,69.915,69.91,69.915,0.000621
1741585920000,69.92,69.935,69.92,69.925,0.000941
1741585980000,69.93,69.935,69.92,69.935,0.001116
1741586040000,69.93,69.93,69.92,69.92,0.000279
1741586100000,69.925,69.94,69.925,69.94,0.000387
1741586160000,69.935,69.945,69.935,69.935,0.000162
1741586220000,69.94,69.955,69.935,69.95,0.000428
1741586280000,69.955,69.96,69.94,69.95,0.000635
1741586340000,69.955,69.96,69.935,69.945,0.000756
1741586400000,69.955,69.955,69.91,69.91,0.000585
1741586460000,69.915,69.915,69.895,69.895,0.00032
1741586520000,69.9,69.9,69.875,69.895,0.000846
1741586580000,69.89,69.89,69.875,69.885,0.00054
1741586640000,69.89,69.915,69.89,69.915,0.000738
1741586700000,69.925,69.96,69.92,69.955,0.000819
1741586760000,69.96,69.97,69.96,69.965,0.00027
1741586820000,69.96,69.96,69.95,69.955,0.000374
1741586880000,69.96,69.965,69.96,69.965,0.000144
1741586940000,69.97,69.985,69.97,69.98,0.001076
1741587000000,69.975,70.015,69.975,70.015,0.000612
1741587060000,70.025,70.025,70.02,70.025,0.000729
1741587120000,70.015,70.025,70.015,70.025,0.000432
1741587180000,70.02,70.025,70.01,70.015,0.00059
1741587240000,70.01,70.01,69.995,70.005,0.000342
1741587300000,70,70.025,69.995,70.025,0.000378
1741587360000,70.015,70.025,70.01,70.02,0.000635
1741587420000,70.025,70.025,70.015,70.015,0.000108
1741587480000,70.005,70.01,69.985,69.995,0.000999
1741587540000,69.99,70.005,69.99,70,0.000617
1741587600000,69.995,70.015,69.995,70.005,0.00027
1741587660000,70.015,70.04,70.005,70.035,0.000351
1741587720000,70.04,70.045,70.025,70.045,0.001206
1741587780000,70.035,70.035,69.995,70.005,0.000563
1741587840000,69.99,70.005,69.99,69.99,0.000958
1741587900000,69.995,70.005,69.995,69.995,0.000531
1741587960000,70,70.01,69.995,69.995,0.000464
1741588020000,69.975,69.975,69.965,69.965,0.000401
1741588080000,69.96,69.965,69.955,69.955,0.000243
1741588140000,69.965,69.965,69.935,69.955,0.00036
1741588200000,69.95,69.95,69.92,69.925,0.000698
1741588260000,69.935,69.955,69.935,69.955,0.000216
1741588320000,69.96,69.96,69.925,69.925,0.000468
1741588380000,69.93,69.95,69.925,69.95,0.000635
1741588440000,69.945,69.98,69.945,69.98,0.000608
1741588500000,69.975,70.005,69.975,70,0.001148
1741588560000,70.005,70.015,69.995,69.995,0.00125
1741588620000,70,70.005,69.995,70.005,0.000288
1741588680000,69.995,70,69.995,70,0.00216
1741588740000,69.995,70.025,69.995,70.02,0.001499
1741588800000,70.025,70.045,70.005,70.035,0.001044
1741588860000,70.015,70.015,69.975,69.975,0.002056
1741588920000,69.97,69.975,69.95,69.955,0.001499
1741588980000,69.945,69.985,69.945,69.975,0.001049
1741589040000,69.98,70.025,69.975,70.025,0.001863
1741589100000,70.035,70.065,70.035,70.065,0.001625
1741589160000,70.06,70.065,70.055,70.06,0.000378
1741589220000,70.055,70.055,70.035,70.035,0.000531
1741589280000,70.045,70.065,70.035,70.06,0.000743
1741589340000,70.055,70.085,70.045,70.085,0.000837
1741589400000,70.09,70.125,70.09,70.115,0.001112
1741589460000,70.11,70.11,70.095,70.095,0.000738
1741589520000,70.1,70.115,70.1,70.105,0.000617
1741589580000,70.095,70.145,70.095,70.14,0.001624
1741589640000,70.135,70.135,70.115,70.125,0.00072
1741589700000,70.115,70.145,70.115,70.14,0.001161
1741589760000,70.135,70.155,70.125,70.135,0.001152
1741589820000,70.13,70.175,70.125,70.155,0.001498
1741589880000,70.165,70.195,70.165,70.19,0.001067
1741589940000,70.195,70.21,70.18,70.185,0.001175
1741590000000,70.19,70.195,70.085,70.135,0.0027
1741590060000,70.145,70.175,70.135,70.16,0.001112
1741590120000,70.165,70.26,70.135,70.26,0.001773
1741590180000,70.265,70.295,70.255,70.295,0.002471
1741590240000,70.285,70.315,70.285,70.295,0.00086
1741590300000,70.285,70.295,70.275,70.295,0.000756
1741590360000,70.29,70.335,70.285,70.32,0.000684
1741590420000,70.315,70.325,70.315,70.325,0.000563
1741590480000,70.315,70.345,70.305,70.335,0.000508
1741590540000,70.325,70.345,70.32,70.345,0.001197
1741590600000,70.355,70.36,70.33,70.355,0.000918
1741590660000,70.36,70.385,70.355,70.385,0.001332
1741590720000,70.38,70.39,70.355,70.365,0.001035
1741590780000,70.37,70.385,70.365,70.38,0.000711
1741590840000,70.375,70.385,70.365,70.385,0.001773
1741590900000,70.375,70.395,70.375,70.375,0.000994
1741590960000,70.38,70.38,70.355,70.355,0.001823
1741591020000,70.36,70.365,70.325,70.335,0.000954
1741591080000,70.34,70.345,70.315,70.315,0.001166
1741591140000,70.325,70.325,70.29,70.29,0.001386
1741591200000,70.295,70.305,70.28,70.285,0.000729
1741591260000,70.28,70.3,70.265,70.295,0.001148
1741591320000,70.3,70.335,70.3,70.335,0.001341
1741591380000,70.34,70.355,70.31,70.31,0.00086
1741591440000,70.305,70.305,70.28,70.295,0.000567
1741591500000,70.285,70.325,70.285,70.325,0.001413
1741591560000,70.305,70.325,70.305,70.315,0.000833
1741591620000,70.305,70.305,70.265,70.265,0.000504
1741591680000,70.25,70.275,70.235,70.275,0.00171
1741591740000,70.265,70.265,70.245,70.245,0.000567
1741591800000,70.255,70.295,70.255,70.295,0.000486
1741591860000,70.3,70.405,70.295,70.395,0.002789
1741591920000,70.385,70.425,70.375,70.375,0.003456
1741591980000,70.37,70.385,70.32,70.325,0.002084
1741592040000,70.33,70.345,70.325,70.34,0.00135
1741592100000,70.335,70.355,70.325,70.335,0.001076
1741592160000,70.345,70.365,70.345,70.345,0.000833
1741592220000,70.35,70.375,70.35,70.375,0.000599
1741592280000,70.38,70.405,70.38,70.395,0.001143
1741592340000,70.405,70.405,70.375,70.38,0.00113
1741592400000,70.375,70.425,70.375,70.405,0.000734
1741592460000,70.4,70.405,70.365,70.365,0.000526
1741592520000,70.375,70.415,70.375,70.405,0.000594
1741592580000,70.4,70.425,70.4,70.415,0.000891
1741592640000,70.425,70.435,70.415,70.425,0.001229
1741592700000,70.42,70.42,70.385,70.395,0.001467
1741592760000,70.405,70.415,70.395,70.405,0.000756
1741592820000,70.395,70.395,70.355,70.365,0.001007
1741592880000,70.355,70.365,70.355,70.355,0.001026
1741592940000,70.345,70.355,70.335,70.355,0.001453
1741593000000,70.36,70.375,70.345,70.365,0.00158
1741593060000,70.375,70.385,70.365,70.385,0.001605
1741593120000,70.38,70.395,70.38,70.385,0.000738
1741593180000,70.375,70.385,70.365,70.385,0.000536
1741593240000,70.39,70.4,70.37,70.375,0.00203
1741593300000,70.365,70.395,70.345,70.39,0.002372
1741593360000,70.395,70.415,70.335,70.335,0.002605
1741593420000,70.33,70.365,70.325,70.355,0.002704
1741593480000,70.365,70.395,70.355,70.385,0.001764
1741593540000,70.395,70.425,70.385,70.385,0.002407
1741593600000,70.39,70.44,70.335,70.435,0.004342
1741593660000,70.445,70.475,70.445,70.455,0.003447
1741593720000,70.445,70.455,70.395,70.405,0.002754
1741593780000,70.395,70.43,70.385,70.415,0.001985
1741593840000,70.405,70.405,70.345,70.345,0.001579
1741593900000,70.35,70.375,70.325,70.345,0.002586
1741593960000,70.35,70.38,70.325,70.345,0.002997
1741594020000,70.355,70.375,70.335,70.345,0.002776
1741594080000,70.355,70.385,70.335,70.375,0.001692
1741594140000,70.385,70.385,70.34,70.345,0.00176
1741594200000,70.325,70.335,70.315,70.325,0.001652
1741594260000,70.32,70.34,70.285,70.29,0.002056
1741594320000,70.285,70.32,70.245,70.245,0.00221
1741594380000,70.255,70.255,70.215,70.235,0.001953
1741594440000,70.225,70.26,70.205,70.255,0.001823
1741594500000,70.265,70.31,70.26,70.285,0.001998
1741594560000,70.275,70.315,70.265,70.315,0.001377
1741594620000,70.325,70.355,70.315,70.345,0.005021
1741594680000,70.34,70.355,70.33,70.345,0.00317
1741594740000,70.335,70.335,70.265,70.265,0.004288
1741594800000,70.255,70.255,70.245,70.255,0.000311
1741594860000,70.265,70.28,70.245,70.245,0.001467
1741594920000,70.225,70.245,70.205,70.245,0.005828
1741594980000,70.24,70.275,70.225,70.265,0.004707
1741595040000,70.275,70.285,70.265,70.285,0.003441
1741595100000,70.295,70.345,70.285,70.31,0.003563
1741595160000,70.305,70.345,70.305,70.345,0.00194
1741595220000,70.335,70.365,70.315,70.355,0.002318
1741595280000,70.365,70.405,70.335,70.37,0.007725
1741595340000,70.375,70.415,70.345,70.37,0.015643
1741595400000,70.385,70.505,70.365,70.48,0.013688
1741595460000,70.485,70.535,70.46,70.485,0.009449
1741595520000,70.475,70.485,70.465,70.465,0.002374
1741595580000,70.47,70.47,70.355,70.375,0.002753
1741595640000,70.365,70.375,70.295,70.315,0.004737
1741595700000,70.31,70.335,70.255,70.315,0.00474
1741595760000,70.32,70.375,70.305,70.37,0.002938
1741595820000,70.365,70.385,70.365,70.365,0.001201
1741595880000,70.375,70.415,70.305,70.315,0.003945
1741595940000,70.31,70.325,70.245,70.265,0.004991
1741596000000,70.27,70.29,70.255,70.275,0.002282
1741596060000,70.285,70.305,70.255,70.285,0.00319
1741596120000,70.29,70.305,70.255,70.295,0.004562
1741596180000,70.29,70.365,70.285,70.365,0.003407
1741596240000,70.375,70.395,70.365,70.385,0.002831
1741596300000,70.37,70.415,70.355,70.415,0.00252
1741596360000,70.435,70.445,70.395,70.395,0.001844
1741596420000,70.41,70.41,70.325,70.33,0.003005
1741596480000,70.335,70.38,70.335,70.38,0.002219
1741596540000,70.375,70.385,70.355,70.355,0.003912
1741596600000,70.36,70.375,70.285,70.29,0.00242
1741596660000,70.285,70.285,70.25,70.25,0.002857
1741596720000,70.255,70.275,70.215,70.235,0.003714
1741596780000,70.22,70.265,70.215,70.245,0.002956
1741596840000,70.235,70.285,70.23,70.275,0.004467
1741596900000,70.28,70.28,70.225,70.23,0.004289
1741596960000,70.225,70.245,70.215,70.235,0.003379
1741597020000,70.225,70.265,70.205,70.255,0.002772
1741597080000,70.245,70.275,70.225,70.275,0.003001
1741597140000,70.285,70.305,70.255,70.285,0.004245
1741597200000,70.29,70.315,70.225,70.235,0.005534
1741597260000,70.225,70.225,70.195,70.225,0.001916
1741597320000,70.235,70.455,70.235,70.455,0.00673
1741597380000,70.465,70.47,70.405,70.42,0.004185
1741597440000,70.415,70.455,70.405,70.445,0.002169
1741597500000,70.455,70.505,70.435,70.495,0.003906
1741597560000,70.505,70.545,70.505,70.525,0.003447
1741597620000,70.52,70.535,70.465,70.48,0.004593
1741597680000,70.485,70.495,70.46,70.475,0.004187
1741597740000,70.465,70.49,70.455,70.475,0.001926
1741597800000,70.48,70.515,70.455,70.475,0.004224
1741597860000,70.47,70.485,70.42,70.425,0.004098
1741597920000,70.415,70.42,70.36,70.365,0.004315
1741597980000,70.375,70.395,70.365,70.365,0.003244
1741598040000,70.36,70.365,70.305,70.315,0.001861
1741598100000,70.325,70.395,70.315,70.385,0.003427
1741598160000,70.395,70.415,70.375,70.395,0.002619
1741598220000,70.405,70.405,70.355,70.38,0.002798
1741598280000,70.385,70.445,70.385,70.445,0.002079
1741598340000,70.465,70.475,70.425,70.445,0.002686
1741598400000,70.45,70.47,70.415,70.45,0.00256
1741598460000,70.455,70.455,70.405,70.415,0.002236
1741598520000,70.42,70.445,70.42,70.44,0.001755
1741598580000,70.445,70.455,70.435,70.45,0.001278
1741598640000,70.465,70.485,70.45,70.48,0.002695
1741598700000,70.485,70.495,70.485,70.495,0.000418
1741598760000,70.485,70.485,70.45,70.45,0.001426
1741598820000,70.455,70.485,70.435,70.44,0.002479
1741598880000,70.445,70.475,70.425,70.445,0.001701
1741598940000,70.435,70.445,70.39,70.405,0.002264
1741599000000,70.415,70.455,70.405,70.435,0.002498
1741599060000,70.425,70.435,70.415,70.435,0.001084
1741599120000,70.44,70.455,70.395,70.395,0.000801
1741599180000,70.39,70.425,70.36,70.425,0.00135
1741599240000,70.435,70.445,70.39,70.39,0.002357
1741599300000,70.395,70.415,70.38,70.415,0.001362
1741599360000,70.435,70.455,70.435,70.45,0.001278
1741599420000,70.445,70.455,70.4,70.455,0.002888
1741599480000,70.465,70.485,70.455,70.485,0.002529
1741599540000,70.475,70.545,70.465,70.545,0.004068
1741599600000,70.555,70.565,70.525,70.53,0.003073
1741599660000,70.525,70.535,70.485,70.505,0.001948
1741599720000,70.515,70.515,70.505,70.505,0.000338
1741599780000,70.515,70.57,70.515,70.55,0.002187
1741599840000,70.565,70.565,70.525,70.525,0.001418
1741599900000,70.53,70.535,70.5,70.515,0.002261
1741599960000,70.525,70.575,70.525,70.56,0.002496
1741600020000,70.565,70.585,70.565,70.585,0.000958
1741600080000,70.595,70.605,70.56,70.575,0.001843
1741600140000,70.58,70.595,70.58,70.595,0.000499
1741600200000,70.61,70.62,70.585,70.615,0.002308
1741600260000,70.62,70.645,70.61,70.62,0.003621
1741600320000,70.615,70.62,70.55,70.555,0.003432
1741600380000,70.55,70.555,70.53,70.53,0.002965
1741600440000,70.535,70.545,70.525,70.525,0.001106
1741600500000,70.535,70.57,70.53,70.555,0.002213
1741600560000,70.545,70.565,70.515,70.545,0.004376
1741600620000,70.54,70.545,70.505,70.515,0.00381
1741600680000,70.525,70.535,70.485,70.535,0.001606
1741600740000,70.525,70.525,70.49,70.495,0.001782
1741600800000,70.505,70.535,70.49,70.52,0.005111
1741600860000,70.515,70.525,70.475,70.505,0.00443
1741600920000,70.5,70.505,70.455,70.47,0.005005
1741600980000,70.475,70.485,70.46,70.475,0.002667
1741601040000,70.465,70.565,70.455,70.565,0.00411
1741601100000,70.56,70.565,70.525,70.535,0.005383
1741601160000,70.52,70.525,70.49,70.49,0.004639
1741601220000,70.485,70.495,70.465,70.495,0.004618
1741601280000,70.485,70.485,70.46,70.475,0.003735
1741601340000,70.48,70.495,70.445,70.455,0.004319
1741601400000,70.45,70.49,70.445,70.485,0.002236
1741601460000,70.475,70.54,70.475,70.535,0.001233
1741601520000,70.525,70.585,70.515,70.585,0.00283
1741601580000,70.565,70.57,70.555,70.57,0.00144
1741601640000,70.555,70.555,70.505,70.505,0.002797
1741601700000,70.495,70.505,70.475,70.485,0.002658
1741601760000,70.48,70.535,70.48,70.53,0.002947
1741601820000,70.525,70.545,70.525,70.535,0.002367
1741601880000,70.54,70.54,70.49,70.515,0.004165
1741601940000,70.51,70.535,70.505,70.51,0.002325
1741602000000,70.505,70.525,70.485,70.515,0.002366
1741602060000,70.505,70.535,70.505,70.53,0.001323
1741602120000,70.535,70.535,70.495,70.505,0.002752
1741602180000,70.5,70.535,70.495,70.525,0.00135
1741602240000,70.53,70.565,70.525,70.525,0.002317
1741602300000,70.535,70.565,70.535,70.555,0.001111
1741602360000,70.55,70.55,70.515,70.515,0.001526
1741602420000,70.505,70.52,70.495,70.505,0.002415
1741602480000,70.5,70.505,70.445,70.475,0.00272
1741602540000,70.485,70.485,70.465,70.47,0.00135
1741602600000,70.465,70.515,70.455,70.495,0.002235
1741602660000,70.49,70.51,70.47,70.505,0.0022
1741602720000,70.5,70.515,70.465,70.47,0.004279
1741602780000,70.465,70.47,70.445,70.445,0.003035
1741602840000,70.435,70.445,70.39,70.415,0.00259
1741602900000,70.425,70.445,70.415,70.435,0.002272
1741602960000,70.425,70.445,70.425,70.445,0.001157
1741603020000,70.45,70.455,70.44,70.45,0.000968
1741603080000,70.445,70.445,70.415,70.425,0.001889
1741603140000,70.415,70.425,70.38,70.385,0.002077
1741603200000,70.375,70.395,70.375,70.39,0.002886
1741603260000,70.395,70.405,70.39,70.395,0.001591
1741603320000,70.4,70.405,70.38,70.395,0.002051
1741603380000,70.39,70.395,70.38,70.395,0.000823
1741603440000,70.385,70.395,70.375,70.375,0.001331
1741603500000,70.365,70.385,70.365,70.385,0.000162
1741603560000,70.37,70.37,70.365,70.365,0.00027
1741603620000,70.375,70.415,70.365,70.415,0.000814
1741603680000,70.425,70.43,70.415,70.42,0.001641
1741603740000,70.425,70.425,70.4,70.415,0.001215
1741603800000,70.405,70.42,70.405,70.415,0.00036
1741603860000,70.425,70.425,70.405,70.405,0.000446
1741603920000,70.395,70.41,70.395,70.41,0.001386
1741603980000,70.405,70.405,70.325,70.325,0.002292
1741604040000,70.32,70.375,70.29,70.365,0.003192
1741604100000,70.38,70.42,70.38,70.41,0.001794
1741604160000,70.415,70.455,70.415,70.445,0.000967
1741604220000,70.435,70.445,70.425,70.445,0.001794
1741604280000,70.44,70.475,70.435,70.465,0.001772
1741604340000,70.455,70.495,70.45,70.485,0.001754
1741604400000,70.475,70.535,70.47,70.535,0.003697
1741604460000,70.555,70.615,70.555,70.58,0.004057
1741604520000,70.585,70.605,70.555,70.565,0.003732
1741604580000,70.575,70.575,70.535,70.545,0.003746
1741604640000,70.54,70.545,70.495,70.495,0.004403
1741604700000,70.49,70.545,70.48,70.535,0.00484
1741604760000,70.54,70.59,70.485,70.58,0.003546
1741604820000,70.575,70.605,70.57,70.58,0.00279
1741604880000,70.575,70.585,70.555,70.575,0.002282
1741604940000,70.58,70.595,70.555,70.565,0.003704
1741605000000,70.56,70.565,70.525,70.55,0.004176
1741605060000,70.545,70.55,70.51,70.545,0.002129
1741605120000,70.55,70.55,70.51,70.52,0.00229
1741605180000,70.525,70.525,70.515,70.525,0.000644
1741605240000,70.53,70.575,70.53,70.56,0.001314
1741605300000,70.555,70.615,70.55,70.59,0.003186
1741605360000,70.595,70.595,70.555,70.555,0.002119
1741605420000,70.565,70.565,70.53,70.54,0.000878
1741605480000,70.535,70.57,70.535,70.57,0.001341
1741605540000,70.565,70.605,70.565,70.595,0.001494
1741605600000,70.59,70.605,70.585,70.605,0.00193
1741605660000,70.615,70.665,70.595,70.655,0.00185
1741605720000,70.65,70.655,70.64,70.645,0.001543
1741605780000,70.655,70.665,70.625,70.66,0.002965
1741605840000,70.655,70.655,70.625,70.65,0.003044
1741605900000,70.655,70.665,70.635,70.645,0.006602
1741605960000,70.635,70.645,70.625,70.64,0.003115
1741606020000,70.655,70.665,70.645,70.65,0.001389
1741606080000,70.645,70.665,70.645,70.665,0.001766
1741606140000,70.69,70.715,70.675,70.675,0.004582
1741606200000,70.685,70.715,70.68,70.695,0.002177
1741606260000,70.685,70.725,70.685,70.69,0.005176
1741606320000,70.685,70.7,70.675,70.69,0.002524
1741606380000,70.685,70.705,70.67,70.685,0.003785
1741606440000,70.695,70.725,70.685,70.72,0.005286
1741606500000,70.725,70.745,70.72,70.725,0.002373
1741606560000,70.715,70.715,70.7,70.7,0.000795
1741606620000,70.705,70.775,70.705,70.75,0.003789
1741606680000,70.755,70.775,70.735,70.745,0.003472
1741606740000,70.74,70.74,70.645,70.645,0.00387
1741606800000,70.635,70.635,70.615,70.635,0.002477
1741606860000,70.645,70.665,70.625,70.665,0.00281
1741606920000,70.675,70.68,70.655,70.68,0.004673
1741606980000,70.675,70.705,70.66,70.705,0.002558
1741607040000,70.7,70.71,70.655,70.665,0.002787
1741607100000,70.675,70.675,70.645,70.645,0.001321
1741607160000,70.64,70.665,70.63,70.635,0.002131
1741607220000,70.645,70.665,70.645,70.655,0.002448
1741607280000,70.66,70.685,70.635,70.645,0.00268
1741607340000,70.64,70.665,70.635,70.655,0.001592
1741607400000,70.665,70.68,70.645,70.68,0.001322
1741607460000,70.685,70.695,70.67,70.675,0.00261
1741607520000,70.685,70.685,70.67,70.685,0.001607
1741607580000,70.68,70.68,70.635,70.645,0.001322
1741607640000,70.655,70.665,70.645,70.645,0.000837
1741607700000,70.655,70.685,70.645,70.685,0.000729
1741607760000,70.68,70.71,70.665,70.705,0.002256
1741607820000,70.7,70.7,70.685,70.695,0.000962
1741607880000,70.705,70.735,70.695,70.73,0.00116
1741607940000,70.735,70.765,70.715,70.715,0.002935
1741608000000,70.705,70.725,70.675,70.695,0.004699
1741608060000,70.685,70.715,70.685,70.715,0.001125
1741608120000,70.73,70.745,70.675,70.685,0.00239
1741608180000,70.695,70.695,70.665,70.685,0.00108
1741608240000,70.675,70.705,70.675,70.685,0.00252
1741608300000,70.67,70.69,70.655,70.68,0.002579
1741608360000,70.685,70.725,70.675,70.715,0.002142
1741608420000,70.72,70.74,70.715,70.735,0.002286
1741608480000,70.73,70.755,70.705,70.71,0.001724
1741608540000,70.705,70.71,70.665,70.67,0.00198
1741608600000,70.665,70.735,70.665,70.735,0.001593
1741608660000,70.725,70.755,70.715,70.745,0.000887
1741608720000,70.75,70.75,70.705,70.715,0.001742
1741608780000,70.705,70.745,70.705,70.72,0.002623
1741608840000,70.715,70.73,70.71,70.72,0.001845
1741608900000,70.715,70.735,70.645,70.645,0.003841
1741608960000,70.635,70.66,70.625,70.66,0.002527
1741609020000,70.665,70.665,70.625,70.635,0.002352
1741609080000,70.625,70.685,70.625,70.68,0.003473
1741609140000,70.685,70.71,70.685,70.695,0.002019
1741609200000,70.705,70.755,70.705,70.75,0.002317
1741609260000,70.745,70.775,70.745,70.76,0.001566
1741609320000,70.755,70.76,70.715,70.72,0.003334
1741609380000,70.715,70.725,70.705,70.725,0.00162
1741609440000,70.735,70.755,70.73,70.755,0.001552
1741609500000,70.76,70.815,70.755,70.795,0.001992
1741609560000,70.8,70.805,70.775,70.785,0.001782
1741609620000,70.775,70.785,70.755,70.755,0.001691
1741609680000,70.745,70.775,70.745,70.755,0.000666
1741609740000,70.765,70.785,70.765,70.765,0.000657
1741609800000,70.755,70.795,70.755,70.795,0.001745
1741609860000,70.805,70.815,70.78,70.79,0.003119
1741609920000,70.785,70.825,70.785,70.825,0.000896
1741609980000,70.84,70.84,70.815,70.835,0.002438
1741610040000,70.845,70.845,70.8,70.805,0.003004
1741610100000,70.79,70.79,70.745,70.745,0.003722
1741610160000,70.755,70.765,70.735,70.76,0.004426
1741610220000,70.755,70.795,70.755,70.785,0.002387
1741610280000,70.795,70.825,70.795,70.825,0.001454
1741610340000,70.82,70.825,70.795,70.795,0.000689
1741610400000,70.79,70.805,70.775,70.795,0.001507
1741610460000,70.79,70.805,70.785,70.795,0.000621
1741610520000,70.805,70.805,70.775,70.785,0.001079
1741610580000,70.795,70.805,70.785,70.795,0.001728
1741610640000,70.8,70.805,70.795,70.795,0.001795
1741610700000,70.815,70.825,70.775,70.805,0.003336
1741610760000,70.81,70.825,70.8,70.805,0.003274
1741610820000,70.8,70.815,70.765,70.775,0.002451
1741610880000,70.78,70.785,70.77,70.775,0.002648
1741610940000,70.765,70.765,70.745,70.755,0.001888
1741611000000,70.765,70.77,70.745,70.755,0.002706
1741611060000,70.75,70.755,70.725,70.725,0.002855
1741611120000,70.725,70.725,70.725,70.725,0
1741611180000,70.715,70.745,70.705,70.745,0.001308
1741611240000,70.75,70.765,70.745,70.765,0.00054
1741611300000,70.76,70.785,70.755,70.78,0.001876
1741611360000,70.785,70.805,70.765,70.775,0.002425
1741611420000,70.765,70.765,70.75,70.765,0.000765
1741611480000,70.77,70.805,70.77,70.79,0.002366
1741611540000,70.795,70.795,70.78,70.78,0.001349
1741611600000,70.775,70.785,70.705,70.715,0.006827
1741611660000,70.705,70.705,70.565,70.575,0.009304
1741611720000,70.585,70.625,70.54,70.545,0.006673
1741611780000,70.54,70.575,70.535,70.555,0.005437
1741611840000,70.545,70.545,70.475,70.475,0.004945
1741611900000,70.455,70.515,70.455,70.475,0.006879
1741611960000,70.48,70.485,70.405,70.41,0.00602
1741612020000,70.415,70.465,70.405,70.465,0.004281
1741612080000,70.475,70.475,70.425,70.425,0.002911
1741612140000,70.43,70.445,70.415,70.435,0.002983
1741612200000,70.445,70.475,70.415,70.425,0.004948
1741612260000,70.43,70.455,70.41,70.42,0.006566
1741612320000,70.425,70.475,70.42,70.425,0.003545
1741612380000,70.415,70.435,70.385,70.415,0.003879
1741612440000,70.425,70.435,70.395,70.42,0.003661
1741612500000,70.425,70.535,70.42,70.525,0.00305
1741612560000,70.52,70.535,70.445,70.445,0.004056
1741612620000,70.435,70.475,70.425,70.47,0.004126
1741612680000,70.465,70.47,70.425,70.435,0.005096
1741612740000,70.43,70.44,70.365,70.385,0.003683
1741612800000,70.395,70.435,70.395,70.395,0.003423
1741612860000,70.39,70.395,70.335,70.335,0.006207
1741612920000,70.325,70.375,70.315,70.365,0.003665
1741612980000,70.37,70.375,70.335,70.335,0.002686
1741613040000,70.345,70.355,70.33,70.335,0.004044
1741613100000,70.33,70.355,70.325,70.355,0.00259
1741613160000,70.345,70.345,70.295,70.315,0.005554
1741613220000,70.31,70.315,70.25,70.25,0.002329
1741613280000,70.255,70.35,70.255,70.29,0.004927
1741613340000,70.285,70.325,70.275,70.315,0.004391
1741613400000,70.305,70.365,70.285,70.365,0.006453
1741613460000,70.36,70.455,70.345,70.405,0.006248
1741613520000,70.4,70.415,70.285,70.305,0.007625
1741613580000,70.295,70.345,70.285,70.285,0.007137
1741613640000,70.29,70.325,70.28,70.315,0.004198
1741613700000,70.32,70.385,70.32,70.375,0.006507
1741613760000,70.38,70.405,70.365,70.375,0.008082
1741613820000,70.365,70.375,70.325,70.375,0.007788
1741613880000,70.385,70.4,70.305,70.31,0.00863
1741613940000,70.315,70.34,70.285,70.285,0.004814
1741614000000,70.275,70.345,70.255,70.335,0.004797
1741614060000,70.35,70.375,70.26,70.265,0.005189
1741614120000,70.27,70.295,70.235,70.265,0.003429
1741614180000,70.26,70.27,70.195,70.2,0.004756
1741614240000,70.205,70.245,70.155,70.165,0.006802
1741614300000,70.155,70.165,70.105,70.115,0.009043
1741614360000,70.105,70.135,70.095,70.095,0.004345
1741614420000,70.065,70.12,70.015,70.045,0.008798
1741614480000,70.035,70.045,69.995,70.015,0.006651
1741614540000,70.02,70.095,70.005,70.05,0.005687
1741614600000,70.045,70.095,70.035,70.085,0.009001
1741614660000,70.075,70.085,70.015,70.02,0.008467
1741614720000,70.015,70.035,70,70.005,0.00576
1741614780000,69.995,70.045,69.97,69.975,0.007518
1741614840000,69.985,69.985,69.895,69.9,0.008233
1741614900000,69.895,69.92,69.865,69.905,0.01259
1741614960000,69.915,69.965,69.91,69.935,0.011391
1741615020000,69.925,70.025,69.925,70.015,0.008725
1741615080000,70.025,70.035,69.95,69.95,0.007637
1741615140000,69.955,69.955,69.895,69.905,0.00907
1741615200000,69.9,69.925,69.835,69.895,0.010056
1741615260000,69.905,69.925,69.875,69.885,0.006336
1741615320000,69.895,69.91,69.855,69.875,0.008365
1741615380000,69.88,69.945,69.875,69.895,0.006419
1741615440000,69.885,69.905,69.835,69.86,0.011745
1741615500000,69.855,70.005,69.855,69.985,0.01456
1741615560000,69.995,69.995,69.885,69.895,0.009519
1741615620000,69.885,70.015,69.885,69.975,0.006438
1741615680000,69.965,70.015,69.935,69.985,0.005048
1741615740000,69.995,70.045,69.975,69.995,0.005085
1741615800000,69.985,70.035,69.985,70.02,0.00638
1741615860000,70.025,70.035,69.925,69.94,0.008756
1741615920000,69.935,69.975,69.925,69.94,0.009516
1741615980000,69.945,69.97,69.925,69.935,0.005967
1741616040000,69.945,69.975,69.935,69.975,0.003632
1741616100000,69.965,70.055,69.935,70.025,0.007891
1741616160000,70.03,70.055,70.005,70.015,0.009081
1741616220000,70.01,70.015,69.9,69.935,0.007217
1741616280000,69.93,69.965,69.905,69.965,0.007835
1741616340000,69.975,69.98,69.93,69.93,0.004616
1741616400000,69.935,69.965,69.885,69.895,0.006407
1741616460000,69.89,69.95,69.885,69.935,0.003843
1741616520000,69.94,69.945,69.895,69.915,0.002804
1741616580000,69.93,69.945,69.865,69.885,0.013129
1741616640000,69.895,69.895,69.775,69.845,0.013031
1741616700000,69.85,69.88,69.815,69.825,0.007923
1741616760000,69.81,69.825,69.795,69.795,0.003083
1741616820000,69.8,69.855,69.8,69.835,0.005931
1741616880000,69.83,69.885,69.815,69.855,0.003474
1741616940000,69.86,69.875,69.785,69.785,0.004764
1741617000000,69.775,69.835,69.765,69.81,0.006838
1741617060000,69.815,69.825,69.705,69.71,0.012846
1741617120000,69.715,69.74,69.695,69.725,0.005538
1741617180000,69.72,69.72,69.645,69.665,0.011645
1741617240000,69.66,69.695,69.635,69.685,0.007484
1741617300000,69.69,69.785,69.69,69.755,0.006297
1741617360000,69.76,69.805,69.68,69.69,0.009248
1741617420000,69.695,69.905,69.69,69.865,0.010309
1741617480000,69.875,69.925,69.875,69.915,0.007379
1741617540000,69.91,69.975,69.87,69.945,0.016938
1741617600000,69.935,69.975,69.905,69.93,0.007465
1741617660000,69.925,69.975,69.925,69.925,0.006144
1741617720000,69.92,69.965,69.915,69.955,0.006439
1741617780000,69.95,70.035,69.93,69.985,0.009988
1741617840000,69.975,69.995,69.96,69.975,0.004462
1741617900000,69.985,69.995,69.945,69.955,0.003425
1741617960000,69.945,70.005,69.945,69.995,0.003792
1741618020000,69.985,69.995,69.875,69.88,0.010379
1741618080000,69.875,69.965,69.875,69.93,0.008383
1741618140000,69.935,69.955,69.82,69.865,0.00803
1741618200000,69.86,69.895,69.84,69.895,0.004104
1741618260000,69.885,69.895,69.805,69.805,0.00337
1741618320000,69.795,69.805,69.77,69.78,0.006015
1741618380000,69.775,69.785,69.76,69.775,0.004008
1741618440000,69.785,69.785,69.69,69.745,0.009147
1741618500000,69.755,69.805,69.735,69.76,0.004163
1741618560000,69.755,69.76,69.695,69.735,0.005423
1741618620000,69.73,69.745,69.705,69.715,0.002192
1741618680000,69.72,69.72,69.675,69.685,0.004086
1741618740000,69.675,69.715,69.675,69.705,0.003963
1741618800000,69.715,69.785,69.7,69.775,0.007286
1741618860000,69.78,69.805,69.745,69.785,0.007074
1741618920000,69.78,69.84,69.78,69.815,0.006498
1741618980000,69.805,69.825,69.77,69.785,0.00755
1741619040000,69.775,69.78,69.735,69.75,0.004501
1741619100000,69.745,69.745,69.72,69.735,0.007833
1741619160000,69.73,69.765,69.715,69.765,0.003525
1741619220000,69.775,69.815,69.765,69.775,0.005124
1741619280000,69.77,69.805,69.735,69.745,0.005386
1741619340000,69.735,69.785,69.72,69.775,0.006747
1741619400000,69.765,69.765,69.735,69.735,0.003748
1741619460000,69.745,69.795,69.725,69.785,0.004871
1741619520000,69.775,69.795,69.765,69.775,0.00475
1741619580000,69.765,69.795,69.75,69.775,0.003878
1741619640000,69.785,69.785,69.745,69.765,0.004158
1741619700000,69.755,69.805,69.745,69.795,0.005987
1741619760000,69.805,69.815,69.79,69.795,0.002142
1741619820000,69.805,69.815,69.755,69.815,0.002831
1741619880000,69.835,69.855,69.76,69.765,0.006415
1741619940000,69.76,69.76,69.74,69.745,0.003637
1741620000000,69.74,69.79,69.735,69.745,0.003896
1741620060000,69.755,69.765,69.7,69.725,0.005424
1741620120000,69.72,69.79,69.705,69.78,0.004495
1741620180000,69.785,69.795,69.765,69.765,0.003383
1741620240000,69.77,69.825,69.765,69.795,0.002822
1741620300000,69.785,69.915,69.765,69.915,0.005207
1741620360000,69.925,69.975,69.905,69.945,0.005093
1741620420000,69.955,69.975,69.91,69.915,0.005396
1741620480000,69.925,69.925,69.835,69.84,0.006831
1741620540000,69.845,69.855,69.815,69.815,0.005041
1741620600000,69.835,69.93,69.825,69.915,0.005218
1741620660000,69.925,69.935,69.895,69.905,0.004129
1741620720000,69.895,69.955,69.895,69.915,0.00467
1741620780000,69.905,69.925,69.89,69.925,0.002628
1741620840000,69.92,69.975,69.915,69.975,0.002641
1741620900000,69.985,69.985,69.945,69.965,0.004027
1741620960000,69.97,69.99,69.91,69.915,0.005237
1741621020000,69.91,69.92,69.885,69.885,0.005234
1741621080000,69.875,69.885,69.865,69.88,0.00321
1741621140000,69.875,69.895,69.855,69.865,0.002258
1741621200000,69.855,69.86,69.825,69.845,0.005467
1741621260000,69.835,69.875,69.83,69.835,0.003906
1741621320000,69.82,69.825,69.775,69.795,0.005554
1741621380000,69.805,69.815,69.755,69.775,0.005065
1741621440000,69.77,69.775,69.715,69.74,0.005579
1741621500000,69.735,69.79,69.735,69.78,0.003812
1741621560000,69.785,69.795,69.755,69.765,0.003311
1741621620000,69.76,69.825,69.76,69.815,0.003248
1741621680000,69.82,69.87,69.82,69.85,0.00377
1741621740000,69.845,69.885,69.805,69.875,0.005439
1741621800000,69.865,69.895,69.845,69.85,0.007285
1741621860000,69.855,69.89,69.845,69.885,0.006288
1741621920000,69.89,69.935,69.885,69.915,0.006002
1741621980000,69.92,69.935,69.895,69.915,0.00319
1741622040000,69.92,69.945,69.905,69.925,0.002272
1741622100000,69.935,69.96,69.925,69.935,0.003811
1741622160000,69.925,69.925,69.88,69.885,0.001017
1741622220000,69.89,69.895,69.86,69.865,0.004139
1741622280000,69.875,69.885,69.83,69.845,0.003339
1741622340000,69.855,69.865,69.835,69.86,0.00185
1741622400000,69.865,69.895,69.845,69.89,0.003355
1741622460000,69.885,69.955,69.885,69.95,0.006477
1741622520000,69.955,69.955,69.91,69.93,0.006668
1741622580000,69.925,69.925,69.855,69.855,0.004565
1741622640000,69.845,69.865,69.845,69.855,0.00621
1741622700000,69.85,69.905,69.845,69.885,0.003018
1741622760000,69.88,69.915,69.875,69.895,0.005486
1741622820000,69.905,69.905,69.855,69.855,0.004255
1741622880000,69.86,69.885,69.795,69.8,0.004851
1741622940000,69.795,69.815,69.735,69.795,0.006612
1741623000000,69.805,69.86,69.805,69.86,0.002992
1741623060000,69.865,69.905,69.855,69.875,0.002912
1741623120000,69.885,69.9,69.855,69.885,0.002884
1741623180000,69.88,69.88,69.855,69.855,0.004214
1741623240000,69.85,69.885,69.845,69.865,0.004343
1741623300000,69.87,69.88,69.8,69.8,0.005627
1741623360000,69.805,69.81,69.775,69.78,0.00409
1741623420000,69.785,69.785,69.76,69.785,0.003969
1741623480000,69.79,69.8,69.665,69.685,0.005306
1741623540000,69.695,69.705,69.67,69.69,0.007192
1741623600000,69.685,69.725,69.665,69.69,0.008078
1741623660000,69.695,69.7,69.67,69.68,0.007292
1741623720000,69.675,69.675,69.615,69.635,0.008564
1741623780000,69.63,69.66,69.615,69.655,0.005184
1741623840000,69.665,69.67,69.615,69.645,0.00477
1741623900000,69.64,69.665,69.625,69.655,0.006875
1741623960000,69.665,69.665,69.615,69.615,0.004142
1741624020000,69.595,69.595,69.545,69.59,0.011703
1741624080000,69.595,69.645,69.575,69.635,0.008357
1741624140000,69.625,69.63,69.59,69.595,0.006987
1741624200000,69.585,69.605,69.555,69.595,0.007677
1741624260000,69.585,69.595,69.555,69.565,0.006955
1741624320000,69.575,69.595,69.545,69.595,0.005261
1741624380000,69.6,69.6,69.565,69.59,0.007266
1741624440000,69.585,69.585,69.55,69.565,0.00432
1741624500000,69.57,69.57,69.545,69.57,0.012034
1741624560000,69.575,69.595,69.565,69.575,0.009605
1741624620000,69.58,69.585,69.545,69.545,0.006782
1741624680000,69.55,69.565,69.545,69.545,0.009003
1741624740000,69.555,69.555,69.495,69.515,0.003508
1741624800000,69.505,69.575,69.505,69.565,0.006239
1741624860000,69.57,69.585,69.545,69.56,0.009907
1741624920000,69.555,69.585,69.525,69.575,0.005636
1741624980000,69.57,69.575,69.535,69.54,0.007615
1741625040000,69.535,69.565,69.535,69.545,0.006095
1741625100000,69.55,69.62,69.545,69.605,0.007063
1741625160000,69.615,69.69,69.605,69.685,0.005386
1741625220000,69.69,69.695,69.665,69.685,0.005016
1741625280000,69.69,69.695,69.65,69.675,0.007194
1741625340000,69.685,69.685,69.645,69.665,0.004543
1741625400000,69.675,69.675,69.645,69.675,0.005987
1741625460000,69.665,69.685,69.665,69.675,0.004007
1741625520000,69.665,69.685,69.645,69.66,0.004517
1741625580000,69.665,69.715,69.665,69.695,0.003151
1741625640000,69.705,69.725,69.695,69.725,0.002592
1741625700000,69.715,69.715,69.695,69.705,0.004889
1741625760000,69.7,69.715,69.675,69.68,0.005386
1741625820000,69.685,69.695,69.655,69.66,0.005444
1741625880000,69.655,69.665,69.625,69.645,0.005739
1741625940000,69.64,69.645,69.615,69.625,0.003481
1741626000000,69.63,69.635,69.615,69.625,0.002674
1741626060000,69.615,69.645,69.605,69.605,0.002037
1741626120000,69.6,69.645,69.575,69.635,0.006286
1741626180000,69.63,69.635,69.58,69.615,0.004195
1741626240000,69.61,69.615,69.575,69.575,0.003138
1741626300000,69.57,69.61,69.565,69.605,0.002472
1741626360000,69.6,69.605,69.575,69.605,0.002036
1741626420000,69.615,69.615,69.565,69.565,0.002658
1741626480000,69.56,69.585,69.535,69.545,0.010829
1741626540000,69.54,69.545,69.505,69.515,0.006634
1741626600000,69.51,69.525,69.485,69.505,0.006252
1741626660000,69.495,69.495,69.47,69.475,0.008192
1741626720000,69.48,69.485,69.392,69.415,0.010098
1741626780000,69.425,69.445,69.392,69.445,0.004799
1741626840000,69.45,69.465,69.435,69.455,0.004504
1741626900000,69.465,69.475,69.44,69.475,0.004071
1741626960000,69.47,69.475,69.445,69.46,0.005676
1741627020000,69.455,69.49,69.435,69.435,0.00555
1741627080000,69.425,69.435,69.405,69.435,0.004769
1741627140000,69.445,69.445,69.435,69.435,0.000972
1741627200000,69.425,69.435,69.415,69.425,0.004073
1741627260000,69.435,69.45,69.415,69.42,0.003633
1741627320000,69.415,69.45,69.405,69.43,0.004721
1741627380000,69.425,69.465,69.415,69.465,0.003322
1741627440000,69.475,69.485,69.45,69.455,0.003454
1741627500000,69.45,69.455,69.405,69.415,0.006891
1741627560000,69.41,69.425,69.395,69.405,0.006231
1741627620000,69.41,69.42,69.395,69.405,0.002315
1741627680000,69.41,69.415,69.395,69.405,0.003182
1741627740000,69.4,69.4,69.39,69.392,0.000477
1741627800000,69.392,69.405,69.392,69.405,0.001196
1741627860000,69.415,69.425,69.41,69.415,0.001066
1741627920000,69.405,69.415,69.392,69.392,0.003088
1741627980000,69.392,69.395,69.392,69.392,0.000204
1741628040000,69.395,69.395,69.392,69.392,0.000072
1741628100000,69.392,69.415,69.392,69.395,0.00091
1741628160000,69.392,69.415,69.392,69.395,0.003602
1741628220000,69.392,69.405,69.392,69.405,0.001437
1741628280000,69.4,69.405,69.392,69.392,0.001322
1741628340000,69.392,69.392,69.39,69.392,0.00005
1741628400000,69.389,69.392,69.385,69.385,0.000034
1741628460000,69.39,69.39,69.3,69.305,0.00619
1741628520000,69.3,69.325,69.295,69.325,0.005249
1741628580000,69.345,69.345,69.26,69.285,0.006151
1741628640000,69.275,69.275,69.255,69.265,0.001143
1741628700000,69.275,69.295,69.265,69.295,0.001616
1741628760000,69.305,69.305,69.265,69.265,0.002511
1741628820000,69.27,69.295,69.265,69.27,0.008733
1741628880000,69.275,69.275,69.255,69.265,0.00672
1741628940000,69.26,69.275,69.225,69.25,0.003884
1741629000000,69.255,69.265,69.235,69.24,0.00376
1741629060000,69.235,69.245,69.195,69.21,0.005866
1741629120000,69.215,69.255,69.195,69.23,0.005624
1741629180000,69.235,69.255,69.225,69.255,0.004127
1741629240000,69.245,69.265,69.24,69.245,0.001671
1741629300000,69.24,69.305,69.24,69.265,0.004006
1741629360000,69.275,69.275,69.265,69.27,0.002952
1741629420000,69.265,69.275,69.265,69.275,0.002158
1741629480000,69.265,69.275,69.255,69.275,0.003102
1741629540000,69.265,69.275,69.255,69.275,0.001173
1741629600000,69.27,69.275,69.245,69.265,0.004736
1741629660000,69.255,69.285,69.255,69.275,0.008148
1741629720000,69.28,69.285,69.225,69.275,0.005013
1741629780000,69.265,69.285,69.245,69.26,0.003904
1741629840000,69.255,69.265,69.225,69.225,0.003048
1741629900000,69.22,69.225,69.21,69.215,0.002454
1741629960000,69.205,69.235,69.205,69.23,0.006149
1741630020000,69.235,69.235,69.215,69.225,0.001632
1741630080000,69.215,69.255,69.205,69.255,0.00333
1741630140000,69.265,69.285,69.255,69.275,0.004021
1741630200000,69.265,69.285,69.255,69.255,0.001843
1741630260000,69.26,69.305,69.255,69.275,0.005041
1741630320000,69.285,69.305,69.27,69.275,0.005236
1741630380000,69.265,69.285,69.235,69.24,0.005572
1741630440000,69.235,69.255,69.225,69.245,0.005181
1741630500000,69.25,69.26,69.225,69.24,0.004046
1741630560000,69.235,69.245,69.215,69.22,0.005295
1741630620000,69.225,69.275,69.215,69.26,0.003249
1741630680000,69.255,69.285,69.255,69.275,0.002381
1741630740000,69.265,69.275,69.245,69.245,0.006444
1741630800000,69.235,69.265,69.225,69.245,0.003043
1741630860000,69.255,69.255,69.235,69.245,0.002937
1741630920000,69.25,69.275,69.245,69.275,0.002748
1741630980000,69.27,69.275,69.235,69.245,0.006029
1741631040000,69.255,69.28,69.245,69.275,0.007413
1741631100000,69.265,69.275,69.25,69.26,0.004692
1741631160000,69.255,69.265,69.225,69.23,0.007405
1741631220000,69.225,69.235,69.205,69.215,0.008051
1741631280000,69.205,69.265,69.205,69.265,0.018092
1741631340000,69.275,69.295,69.265,69.295,0.013175
1741631400000,69.305,69.31,69.265,69.295,0.009267
1741631460000,69.305,69.325,69.295,69.325,0.0037
1741631520000,69.305,69.305,69.255,69.265,0.004006
1741631580000,69.255,69.285,69.225,69.285,0.001389
1741631640000,69.295,69.305,69.275,69.295,0.002281
1741631700000,69.285,69.29,69.275,69.28,0.002709
1741631760000,69.285,69.285,69.245,69.25,0.003586
1741631820000,69.245,69.245,69.23,69.235,0.004622
1741631880000,69.24,69.24,69.225,69.23,0.002434
1741631940000,69.215,69.215,69.195,69.205,0.003129
1741632000000,69.215,69.215,69.195,69.195,0.004288
1741632060000,69.2,69.205,69.185,69.195,0.003996
1741632120000,69.205,69.225,69.195,69.2,0.001739
1741632180000,69.195,69.195,69.185,69.195,0.002997
1741632240000,69.185,69.2,69.185,69.195,0.005507
1741632300000,69.19,69.205,69.19,69.195,0.002509
1741632360000,69.19,69.205,69.185,69.195,0.005373
1741632420000,69.2,69.205,69.195,69.205,0.00112
1741632480000,69.215,69.215,69.205,69.21,0.000864
1741632540000,69.215,69.215,69.205,69.205,0.001186
1741632600000,69.2,69.205,69.195,69.195,0.000984
1741632660000,69.205,69.205,69.195,69.205,0.000512
1741632720000,69.195,69.205,69.185,69.195,0.003494
1741632780000,69.19,69.195,69.175,69.175,0.007556
1741632840000,69.18,69.185,69.175,69.175,0.000997
1741632900000,69.155,69.175,69.145,69.165,0.001664
1741632960000,69.16,69.165,69.145,69.145,0.003018
1741633020000,69.15,69.15,69.145,69.145,0.000472
1741633080000,69.15,69.15,69.145,69.145,0.000404
1741633140000,69.135,69.145,69.115,69.12,0.007181
1741633200000,69.115,69.14,69.11,69.135,0.003114
1741633260000,69.145,69.145,69.125,69.125,0.002764
1741633320000,69.13,69.13,69.105,69.105,0.001469
1741633380000,69.1,69.1,69.095,69.095,0.000675
1741633440000,69.105,69.115,69.095,69.115,0.003252
1741633500000,69.125,69.125,69.115,69.115,0.002952
1741633560000,69.12,69.125,69.085,69.09,0.004452
1741633620000,69.095,69.1,69.085,69.085,0.002456
1741633680000,69.09,69.095,69.05,69.055,0.006182
1741633740000,69.06,69.065,69.045,69.06,0.00422
1741633800000,69.055,69.07,69.045,69.045,0.00348
1741633860000,69.035,69.055,69.035,69.055,0.003197
1741633920000,69.05,69.09,69.05,69.085,0.002941
1741633980000,69.09,69.125,69.085,69.125,0.001205
1741634040000,69.12,69.125,69.11,69.115,0.001847
1741634100000,69.11,69.145,69.105,69.135,0.003508
1741634160000,69.14,69.155,69.125,69.13,0.002969
1741634220000,69.125,69.135,69.115,69.135,0.000526
1741634280000,69.145,69.205,69.145,69.205,0.003556
1741634340000,69.215,69.225,69.195,69.205,0.001858
1741634400000,69.215,69.255,69.215,69.24,0.002613
1741634460000,69.245,69.275,69.235,69.245,0.002279
1741634520000,69.25,69.255,69.245,69.245,0.001228
1741634580000,69.25,69.275,69.25,69.255,0.002172
1741634640000,69.25,69.255,69.235,69.245,0.002588
1741634700000,69.255,69.255,69.245,69.255,0.001269
1741634760000,69.265,69.285,69.265,69.275,0.001309
1741634820000,69.265,69.285,69.255,69.275,0.001359
1741634880000,69.28,69.29,69.23,69.235,0.002155
1741634940000,69.23,69.23,69.185,69.195,0.003301
1741635000000,69.19,69.225,69.185,69.215,0.003243
1741635060000,69.205,69.21,69.175,69.185,0.002739
1741635120000,69.18,69.185,69.175,69.175,0.001726
1741635180000,69.185,69.195,69.175,69.175,0.003278
1741635240000,69.18,69.2,69.18,69.195,0.002469
1741635300000,69.205,69.215,69.2,69.215,0.0004
1741635360000,69.205,69.205,69.18,69.185,0.000984
1741635420000,69.19,69.195,69.18,69.185,0.001269
1741635480000,69.18,69.185,69.175,69.185,0.003075
1741635540000,69.195,69.205,69.195,69.205,0.000634
1741635600000,69.21,69.215,69.19,69.205,0.000715
1741635660000,69.185,69.185,69.165,69.185,0.001727
1741635720000,69.175,69.175,69.13,69.135,0.002545
1741635780000,69.14,69.175,69.135,69.175,0.002231
1741635840000,69.17,69.175,69.165,69.165,0.001296
1741635900000,69.175,69.175,69.165,69.175,0.002064
1741635960000,69.17,69.175,69.165,69.165,0.000728
1741636020000,69.17,69.185,69.17,69.175,0.001175
1741636080000,69.18,69.195,69.18,69.185,0.000581
1741636140000,69.19,69.205,69.185,69.205,0.000716
1741636200000,69.215,69.245,69.215,69.245,0.001552
1741636260000,69.25,69.265,69.235,69.235,0.001417
1741636320000,69.245,69.245,69.235,69.235,0.000671
1741636380000,69.23,69.235,69.195,69.195,0.001332
1741636440000,69.2,69.205,69.195,69.195,0.001017
1741636500000,69.205,69.215,69.205,69.215,0.000743
1741636560000,69.22,69.22,69.205,69.205,0.000522
1741636620000,69.195,69.205,69.195,69.195,0.001228
1741636680000,69.19,69.195,69.185,69.185,0.001119
1741636740000,69.19,69.195,69.175,69.19,0.001098
1741636800000,69.195,69.195,69.17,69.175,0.002766
1741636860000,69.18,69.18,69.175,69.18,0.000405
1741636920000,69.185,69.19,69.175,69.19,0.001062
1741636980000,69.195,69.205,69.195,69.2,0.000522
1741637040000,69.205,69.205,69.19,69.19,0.000671
1741637100000,69.195,69.215,69.19,69.21,0.002961
1741637160000,69.215,69.22,69.21,69.215,0.000446
1741637220000,69.21,69.215,69.21,69.215,0.000189
1741637280000,69.21,69.215,69.205,69.215,0.00077
1741637340000,69.21,69.21,69.205,69.205,0.000225
1741637400000,69.2,69.2,69.2,69.2,0.000135
1741637460000,69.205,69.205,69.175,69.175,0.000815
1741637520000,69.175,69.175,69.175,69.175,0
1741637580000,69.175,69.175,69.175,69.175,0
1741637640000,69.133,69.185,69.133,69.185,0.003258
1741637700000,69.175,69.18,69.175,69.18,0.000347
1741637760000,69.185,69.185,69.18,69.185,0.000198
1741637820000,69.18,69.185,69.18,69.185,0.000122
1741637880000,69.18,69.185,69.18,69.185,0.000189
1741637940000,69.18,69.185,69.175,69.175,0.000279
1741638000000,69.185,69.185,69.17,69.18,0.000446
1741638060000,69.185,69.185,69.18,69.185,0.000432
1741638120000,69.195,69.205,69.195,69.205,0.000212
1741638180000,69.195,69.205,69.195,69.205,0.000333
1741638240000,69.22,69.22,69.195,69.2,0.00032
1741638300000,69.205,69.215,69.195,69.205,0.001071
1741638360000,69.195,69.195,69.195,69.195,0.000135
1741638420000,69.2,69.215,69.195,69.21,0.001076
1741638480000,69.215,69.225,69.215,69.225,0.000635
1741638540000,69.215,69.225,69.215,69.225,0.00036
1741638600000,69.23,69.235,69.225,69.225,0.000257
1741638660000,69.23,69.235,69.225,69.235,0.000648
1741638720000,69.225,69.235,69.225,69.225,0.000401
1741638780000,69.215,69.22,69.21,69.21,0.000549
1741638840000,69.163,69.215,69.163,69.21,0.003289
1741638900000,69.215,69.215,69.205,69.215,0.00059
1741638960000,69.21,69.21,69.205,69.205,0.000383
1741639020000,69.205,69.205,69.205,69.205,0
1741639080000,69.215,69.215,69.215,69.215,0.000054
1741639140000,69.205,69.225,69.205,69.225,0.000311
1741639200000,69.22,69.22,69.215,69.215,0.000593
1741639260000,69.205,69.215,69.205,69.21,0.000594
1741639320000,69.205,69.205,69.205,69.205,0.000054
1741639380000,69.215,69.215,69.215,69.215,0.000054
1741639440000,69.21,69.21,69.18,69.185,0.000446
1741639500000,69.18,69.185,69.17,69.175,0.001215
1741639560000,69.17,69.175,69.17,69.17,0.000324
1741639620000,69.165,69.175,69.165,69.165,0.000378
1741639680000,69.155,69.155,69.145,69.15,0.000333
1741639740000,69.155,69.155,69.15,69.155,0.00059
1741639800000,69.165,69.165,69.155,69.155,0.000212
1741639860000,69.16,69.165,69.15,69.15,0.000401
1741639920000,69.155,69.155,69.15,69.155,0.000243
1741639980000,69.15,69.15,69.145,69.15,0.000225
1741640040000,69.145,69.175,69.145,69.175,0.00041
1741640100000,69.17,69.175,69.16,69.16,0.000581
1741640160000,69.165,69.165,69.155,69.155,0.000356
1741640220000,69.165,69.165,69.155,69.16,0.000617
1741640280000,69.165,69.165,69.16,69.165,0.000243
1741640340000,69.17,69.185,69.16,69.16,0.001193
1741737600000,69.917,69.952,69.912,69.952,0.00054
1741737660000,69.947,69.982,69.912,69.917,0.001854
1741737720000,69.912,69.922,69.897,69.907,0.000846
1741737780000,69.912,69.912,69.902,69.902,0.000333
1741737840000,69.892,69.897,69.862,69.882,0.001157
1741737900000,69.887,69.892,69.877,69.887,0.000662
1741737960000,69.872,69.877,69.847,69.852,0.000887
1741738020000,69.857,69.882,69.852,69.857,0.000783
1741738080000,69.852,69.857,69.847,69.852,0.000446
1741738140000,69.857,69.872,69.857,69.867,0.000365
1741738200000,69.872,69.892,69.872,69.892,0.000486
1741738260000,69.882,69.892,69.872,69.887,0.000716
1741738320000,69.882,69.887,69.877,69.887,0.000684
1741738380000,69.882,69.882,69.877,69.877,0.000203
1741738440000,69.867,69.867,69.867,69.867,0.00009
1741738500000,69.862,69.877,69.862,69.872,0.000815
1741738560000,69.867,69.867,69.857,69.857,0.000446
1741738620000,69.862,69.867,69.857,69.857,0.000486
1741738680000,69.847,69.847,69.837,69.837,0.000446
1741738740000,69.837,69.837,69.837,69.837,0
1741738800000,69.832,69.832,69.807,69.812,0.000571
1741738860000,69.807,69.822,69.807,69.822,0.000432
1741738920000,69.827,69.842,69.827,69.842,0.000333
1741738980000,69.837,69.842,69.832,69.832,0.000257
1741739040000,69.837,69.842,69.822,69.822,0.000635
1741739100000,69.817,69.822,69.812,69.817,0.000567
1741739160000,69.812,69.827,69.812,69.817,0.00081
1741739220000,69.817,69.817,69.817,69.817,0
1741739280000,69.812,69.812,69.807,69.807,0.000225
1741739340000,69.812,69.817,69.802,69.802,0.000365
1741739400000,69.778,69.827,69.777,69.827,0.003734
1741739460000,69.822,69.822,69.807,69.807,0.000243
1741739520000,69.822,69.827,69.807,69.812,0.001044
1741739580000,69.807,69.812,69.802,69.812,0.000311
1741739640000,69.822,69.822,69.812,69.822,0.000243
1741739700000,69.817,69.822,69.812,69.812,0.000378
1741739760000,69.788,69.812,69.788,69.802,0.003478
1741739820000,69.792,69.792,69.782,69.782,0.000284
1741739880000,69.787,69.792,69.777,69.777,0.0005
1741739940000,69.772,69.772,69.767,69.767,0.000203
1741740000000,69.762,69.777,69.752,69.772,0.000873
1741740060000,69.767,69.772,69.743,69.772,0.003478
1741740120000,69.782,69.782,69.772,69.772,0.000198
1741740180000,69.777,69.777,69.757,69.767,0.000495
1741740240000,69.772,69.787,69.772,69.787,0.000608
1741740300000,69.777,69.782,69.777,69.777,0.000513
1741740360000,69.772,69.777,69.757,69.777,0.000932
1741740420000,69.772,69.792,69.772,69.787,0.000783
1741740480000,69.792,69.802,69.787,69.797,0.000621
1741740540000,69.807,69.807,69.797,69.797,0.000212
1741740600000,69.802,69.807,69.802,69.802,0.000176
1741740660000,69.812,69.812,69.812,69.812,0.000054
1741740720000,69.817,69.852,69.817,69.847,0.00063
1741740780000,69.852,69.852,69.847,69.847,0.000189
1741740840000,69.842,69.852,69.842,69.847,0.000644
1741740900000,69.852,69.852,69.847,69.852,0.000243
1741740960000,69.862,69.877,69.862,69.872,0.0005
1741741020000,69.877,69.882,69.872,69.882,0.000392
1741741080000,69.892,69.922,69.892,69.922,0.000482
1741741140000,69.912,69.917,69.892,69.902,0.000806
1741741200000,69.892,69.925,69.865,69.875,0.008329
1741741260000,69.865,69.865,69.83,69.835,0.002943
1741741320000,69.84,69.865,69.84,69.855,0.001638
1741741380000,69.865,69.865,69.845,69.855,0.001886
1741741440000,69.86,69.865,69.855,69.86,0.001638
1741741500000,69.865,69.865,69.84,69.855,0.000698
1741741560000,69.85,69.85,69.805,69.805,0.001112
1741741620000,69.8,69.845,69.785,69.83,0.002187
1741741680000,69.825,69.84,69.825,69.84,0.000941
1741741740000,69.845,69.845,69.815,69.815,0.00122
1741741800000,69.81,69.82,69.795,69.815,0.000941
1741741860000,69.82,69.83,69.815,69.825,0.000567
1741741920000,69.81,69.815,69.805,69.805,0.000693
1741741980000,69.81,69.815,69.795,69.815,0.001017
1741742040000,69.81,69.815,69.805,69.815,0.00023
1741742100000,69.825,69.855,69.815,69.85,0.00149
1741742160000,69.845,69.85,69.835,69.84,0.00077
1741742220000,69.835,69.84,69.83,69.84,0.000819
1741742280000,69.835,69.84,69.825,69.825,0.001422
1741742340000,69.778,69.82,69.778,69.82,0.003235
1741742400000,69.815,69.815,69.795,69.815,0.000495
1741742460000,69.81,69.825,69.81,69.82,0.000747
1741742520000,69.815,69.815,69.805,69.815,0.000522
1741742580000,69.81,69.815,69.805,69.81,0.000896
1741742640000,69.815,69.825,69.81,69.81,0.000405
1741742700000,69.805,69.83,69.805,69.83,0.000675
1741742760000,69.835,69.84,69.825,69.83,0.001166
1741742820000,69.825,69.83,69.815,69.82,0.000693
1741742880000,69.815,69.835,69.815,69.83,0.00153
1741742940000,69.825,69.855,69.825,69.855,0.000774
1741743000000,69.845,69.865,69.845,69.86,0.001832
1741743060000,69.865,69.895,69.865,69.895,0.001787
1741743120000,69.905,69.925,69.89,69.89,0.00184
1741743180000,69.885,69.905,69.88,69.9,0.00171
1741743240000,69.895,69.905,69.85,69.85,0.001539
1741743300000,69.84,69.865,69.835,69.865,0.002559
1741743360000,69.87,69.91,69.87,69.9,0.0009
1741743420000,69.895,69.945,69.895,69.945,0.001332
1741743480000,69.955,69.955,69.925,69.935,0.000783
1741743540000,69.94,69.95,69.94,69.945,0.000927
1741743600000,69.94,69.94,69.915,69.915,0.000495
1741743660000,69.92,69.925,69.92,69.92,0.000198
1741743720000,69.915,69.92,69.905,69.905,0.000306
1741743780000,69.91,69.925,69.91,69.925,0.000351
1741743840000,69.92,69.925,69.905,69.905,0.00032
1741743900000,69.91,69.92,69.905,69.91,0.000689
1741743960000,69.915,69.93,69.905,69.925,0.000797
1741744020000,69.92,69.95,69.915,69.95,0.001328
1741744080000,69.955,69.985,69.955,69.98,0.002084
1741744140000,69.975,69.985,69.965,69.975,0.001319
1741744200000,69.98,69.985,69.965,69.97,0.001409
1741744260000,69.965,70.005,69.965,69.99,0.000999
1741744320000,69.985,70,69.955,69.97,0.001584
1741744380000,69.965,69.975,69.925,69.945,0.002587
1741744440000,69.94,69.965,69.94,69.96,0.000671
1741744500000,69.955,69.96,69.955,69.96,0.000338
1741744560000,69.955,69.955,69.945,69.95,0.000176
1741744620000,69.955,69.955,69.945,69.945,0.001296
1741744680000,69.95,69.95,69.945,69.95,0.000189
1741744740000,69.955,69.955,69.94,69.945,0.000639
1741744800000,69.94,69.945,69.9,69.905,0.002632
1741744860000,69.9,69.915,69.895,69.9,0.0028
1741744920000,69.905,69.905,69.885,69.885,0.001889
1741744980000,69.89,69.895,69.88,69.89,0.001332
1741745040000,69.88,69.905,69.875,69.895,0.002794
1741745100000,69.89,69.915,69.875,69.915,0.000914
1741745160000,69.91,69.925,69.91,69.92,0.001391
1741745220000,69.915,69.925,69.915,69.92,0.00081
1741745280000,69.915,69.935,69.915,69.925,0.00059
1741745340000,69.915,69.925,69.915,69.925,0.000621
1741745400000,69.93,69.965,69.925,69.965,0.001751
1741745460000,69.975,69.985,69.965,69.975,0.00041
1741745520000,69.98,70.04,69.98,70.04,0.001899
1741745580000,70.025,70.035,70.005,70.01,0.00144
1741745640000,70.005,70.01,69.99,69.99,0.000644
1741745700000,69.985,69.985,69.985,69.985,0.00009
1741745760000,69.99,69.995,69.985,69.995,0.000635
1741745820000,70,70.005,70,70.005,0.000122
1741745880000,70.015,70.015,70.005,70.01,0.001098
1741745940000,70.015,70.025,70.01,70.015,0.001166
1741746000000,70.01,70.035,70.01,70.035,0.00068
1741746060000,70.03,70.04,70.025,70.035,0.000702
1741746120000,70.045,70.045,70.045,70.045,0.000054
1741746180000,70.04,70.055,70.04,70.045,0.001377
1741746240000,70.035,70.055,70.03,70.045,0.001295
1741746300000,70.05,70.065,70.045,70.065,0.00099
1741746360000,70.055,70.055,70.045,70.045,0.000783
1741746420000,70.035,70.065,70.035,70.06,0.001278
1741746480000,70.055,70.065,70.055,70.065,0.000693
1741746540000,70.06,70.065,70.06,70.065,0.000603
1741746600000,70.06,70.075,70.045,70.07,0.001152
1741746660000,70.065,70.095,70.065,70.09,0.001035
1741746720000,70.095,70.105,70.085,70.085,0.000635
1741746780000,70.09,70.09,70.075,70.085,0.000891
1741746840000,70.08,70.08,70.075,70.075,0.000122
1741746900000,70.07,70.08,70.065,70.075,0.000459
1741746960000,70.07,70.07,70.055,70.055,0.000711
1741747020000,70.06,70.075,70.055,70.055,0.001021
1741747080000,70.06,70.065,70.055,70.055,0.000513
1741747140000,70.045,70.045,70.045,70.045,0.000068
1741747200000,70.035,70.035,70.01,70.01,0.000796
1741747260000,70.005,70.005,69.995,69.995,0.000392
1741747320000,69.99,69.99,69.985,69.985,0.00135
1741747380000,69.975,69.975,69.96,69.965,0.000536
1741747440000,69.98,70.005,69.975,70.005,0.000972
1741747500000,70.015,70.015,69.995,69.995,0.000986
1741747560000,70,70.005,69.995,69.995,0.000369
1741747620000,70,70,69.995,69.995,0.000203
1741747680000,69.99,70,69.99,70,0.000468
1741747740000,69.995,70.005,69.995,70.005,0.000558
1741747800000,70.015,70.015,70.015,70.015,0.000054
1741747860000,69.968,70.015,69.968,70.015,0.003343
1741747920000,70.005,70.005,70,70,0.000189
1741747980000,70.005,70.005,69.995,69.995,0.000714
1741748040000,70,70.005,69.995,69.995,0.001097
1741748100000,70,70,69.985,69.985,0.000932
1741748160000,69.98,69.98,69.975,69.98,0.000742
1741748220000,69.975,69.975,69.965,69.965,0.000984
1741748280000,69.965,69.965,69.965,69.965,0
1741748340000,69.96,69.96,69.945,69.95,0.001442
1741748400000,69.955,69.98,69.95,69.96,0.00121
1741748460000,69.955,69.96,69.945,69.96,0.00112
1741748520000,69.955,69.955,69.945,69.95,0.000984
1741748580000,69.955,69.965,69.95,69.955,0.001174
1741748640000,69.96,69.96,69.955,69.96,0.000752
1741748700000,69.955,69.965,69.955,69.955,0.000648
1741748760000,69.96,69.965,69.93,69.935,0.000791
1741748820000,69.94,69.945,69.94,69.945,0.000189
1741748880000,69.95,69.955,69.935,69.945,0.000851
1741748940000,69.94,69.94,69.935,69.935,0.00018
1741749000000,69.945,69.945,69.935,69.935,0.000144
1741749060000,69.92,69.93,69.92,69.925,0.000459
1741749120000,69.925,69.925,69.925,69.925,0
1741749180000,69.935,69.945,69.935,69.945,0.000491
1741749240000,69.94,69.945,69.935,69.945,0.000414
1741749300000,69.955,69.975,69.945,69.975,0.000932
1741749360000,69.97,69.995,69.955,69.995,0.00252
1741749420000,69.99,69.99,69.955,69.965,0.002573
1741749480000,69.97,69.97,69.96,69.965,0.000891
1741749540000,69.97,69.97,69.96,69.96,0.000392
1741749600000,69.965,69.965,69.945,69.945,0.002255
1741749660000,69.94,69.95,69.94,69.95,0.000783
1741749720000,69.945,69.95,69.94,69.945,0.000522
1741749780000,69.95,69.95,69.92,69.925,0.002375
1741749840000,69.92,69.945,69.915,69.945,0.002074
1741749900000,69.94,69.94,69.935,69.94,0.000293
1741749960000,69.945,69.965,69.94,69.965,0.000531
1741750020000,69.975,70.005,69.97,69.99,0.001202
1741750080000,69.995,69.995,69.975,69.98,0.000941
1741750140000,69.975,69.985,69.975,69.98,0.001593
1741750200000,69.985,69.985,69.955,69.955,0.001517
1741750260000,69.945,69.95,69.93,69.93,0.000922
1741750320000,69.935,69.94,69.925,69.935,0.001093
1741750380000,69.945,69.965,69.945,69.96,0.000756
1741750440000,69.955,69.975,69.955,69.975,0.000378
1741750500000,69.965,69.985,69.965,69.98,0.001255
1741750560000,69.985,69.995,69.985,69.995,0.000378
1741750620000,70,70.005,70,70.005,0.000189
1741750680000,70.01,70.03,70.01,70.025,0.000657
1741750740000,70.03,70.035,70.03,70.035,0.000189
1741750800000,70.03,70.03,70.025,70.025,0.00027
1741750860000,70.015,70.015,70.015,70.015,0.000202
1741750920000,70.005,70.005,69.995,70.005,0.000297
1741750980000,70,70.005,70,70,0.000891
1741751040000,70.005,70.005,69.995,69.995,0.000446
1741751100000,70,70.005,70,70.005,0.000189
1741751160000,69.958,69.958,69.958,69.958,0.0031
1741751220000,70.01,70.01,70.005,70.005,0.000333
1741751280000,69.995,69.995,69.995,69.995,0.00009
1741751340000,69.99,69.99,69.985,69.99,0.000662
1741751400000,69.995,70.005,69.995,70,0.000311
1741751460000,69.995,70.005,69.99,69.995,0.000972
1741751520000,69.995,69.995,69.995,69.995,0
1741751580000,69.99,69.99,69.985,69.985,0.000189
1741751640000,69.985,69.985,69.985,69.985,0
1741751700000,69.99,69.995,69.99,69.995,0.000189
1741751760000,69.99,69.99,69.985,69.985,0.000333
1741751820000,69.985,69.985,69.985,69.985,0
1741751880000,69.99,69.99,69.985,69.985,0.000122
1741751940000,69.985,69.985,69.985,69.985,0
1741752000000,69.985,69.985,69.985,69.985,0
1741752060000,69.99,70.005,69.99,69.995,0.000482
1741752120000,70,70,69.995,70,0.000473
1741752180000,69.995,70.01,69.995,70.005,0.000549
1741752240000,70.01,70.01,70,70.01,0.000999
1741752300000,70.005,70.005,70.005,70.005,0.000068
1741752360000,70,70.005,70,70.005,0.000972
1741752420000,70,70.005,70,70.005,0.000324
1741752480000,70,70.005,70,70.005,0.000972
1741752540000,70.015,70.015,70.005,70.005,0.000257
1741752600000,70,70,69.995,69.995,0.000472
1741752660000,69.995,69.995,69.995,69.995,0
1741752720000,70,70,69.948,69.995,0.003303
1741752780000,69.948,70,69.948,70,0.003235
1741752840000,69.995,69.995,69.948,69.948,0.003235
1741752900000,69.995,70.02,69.995,70.02,0.000401
1741752960000,70.015,70.015,70.015,70.015,0.000054
1741753020000,70.02,70.025,70.015,70.015,0.000527
1741753080000,70.01,70.015,70.01,70.015,0.000378
1741753140000,70.02,70.02,70.005,70.005,0.000675
1741753200000,70.015,70.015,70.015,70.015,0.000135
1741753260000,69.968,70.03,69.968,70.03,0.003424
1741753320000,70.035,70.05,70.035,70.045,0.000392
1741753380000,70.045,70.045,70.045,70.045,0
1741753440000,70.045,70.045,70.045,70.045,0
1741753500000,70.04,70.055,70.04,70.055,0.00031
1741753560000,70.065,70.075,70.055,70.07,0.001017
1741753620000,70.065,70.07,70.065,70.07,0.000698
1741753680000,70.065,70.07,70.055,70.055,0.000279
1741753740000,70.05,70.055,70.05,70.055,0.000203
1741753800000,70.045,70.045,70.035,70.035,0.000472
1741753860000,70.035,70.035,70.035,70.035,0
1741753920000,70.015,70.015,70.01,70.015,0.000243
1741753980000,70.025,70.035,70.025,70.035,0.000108
1741754040000,70.04,70.05,70.035,70.05,0.000468
1741754100000,70.045,70.05,70.04,70.04,0.000647
1741754160000,70.045,70.045,70.045,70.045,0.000054
1741754220000,70.05,70.055,70.045,70.055,0.000536
1741754280000,70.045,70.045,70.035,70.035,0.000494
1741754340000,70.035,70.035,70.035,70.035,0
1741754400000,69.988,70.035,69.988,70.035,0.003302
1741754460000,70.04,70.045,70.035,70.045,0.000324
1741754520000,70.04,70.04,70.035,70.035,0.00027
1741754580000,69.988,70.04,69.988,70.04,0.003235
1741754640000,70.035,70.04,70.035,70.04,0.00027
1741754700000,70.045,70.045,70.035,70.035,0.000324
1741754760000,70.04,70.04,70.035,70.04,0.000472
1741754820000,70.035,70.035,70.035,70.035,0.000202
1741754880000,70.04,70.045,70.04,70.045,0.000256
1741754940000,70.035,70.045,70.035,70.045,0.000144
1741755000000,70.05,70.05,70.045,70.045,0.000337
1741755060000,70.035,70.045,70.035,70.04,0.000378
1741755120000,70.035,70.04,70.035,70.035,0.000606
1741755180000,70.03,70.04,70.025,70.03,0.001417
1741755240000,70.035,70.035,70.03,70.035,0.000661
1741755300000,70.025,70.025,70.025,70.025,0.000135
1741755360000,70.035,70.035,70.03,70.03,0.00027
1741755420000,70.025,70.035,70.025,70.035,0.000338
1741755480000,70.035,70.035,70.035,70.035,0
1741755540000,70.03,70.03,70.025,70.03,0.001067
1741755600000,70.025,70.035,70.005,70.015,0.001983
1741755660000,70.02,70.02,70.015,70.02,0.000338
1741755720000,70.025,70.025,70.025,70.025,0.00009
1741755780000,70.02,70.025,70.02,70.025,0.000189
1741755840000,70.03,70.04,70.03,70.04,0.000324
1741755900000,70.035,70.045,70.035,70.04,0.000346
1741755960000,70.035,70.04,70.035,70.04,0.00027
1741756020000,70.045,70.055,70.045,70.045,0.000903
1741756080000,70.05,70.055,70.045,70.055,0.000459
1741756140000,70.065,70.07,70.06,70.065,0.001215
1741756200000,70.06,70.065,70.055,70.065,0.002129
1741756260000,70.06,70.06,70.045,70.045,0.000998
1741756320000,70.05,70.05,70.045,70.045,0.000225
1741756380000,70.04,70.045,70.035,70.035,0.00094
1741756440000,70.025,70.035,70.02,70.035,0.000356
1741756500000,70.02,70.025,70.005,70.005,0.000635
1741756560000,69.995,70,69.985,69.99,0.001452
1741756620000,69.985,69.985,69.985,69.985,0.000068
1741756680000,69.965,70.005,69.965,70,0.001346
1741756740000,70.005,70.005,70,70,0.000378
1741756800000,69.99,70,69.99,69.995,0.000634
1741756860000,70,70.02,69.995,70.02,0.000846
1741756920000,70.025,70.03,70.015,70.02,0.000801
1741756980000,70.015,70.015,69.995,70,0.00198
1741757040000,69.995,69.995,69.98,69.98,0.001215
1741757100000,69.975,69.975,69.955,69.96,0.000828
1741757160000,69.965,69.97,69.965,69.965,0.000603
1741757220000,69.96,69.965,69.96,69.965,0.000189
1741757280000,69.97,69.975,69.955,69.955,0.000432
1741757340000,69.945,69.965,69.94,69.965,0.000765
1741757400000,69.96,69.975,69.935,69.975,0.003595
1741757460000,69.97,69.975,69.965,69.975,0.001174
1741757520000,69.97,69.975,69.965,69.965,0.000756
1741757580000,69.97,69.985,69.97,69.985,0.000621
1741757640000,69.985,69.985,69.985,69.985,0
1741757700000,69.975,69.975,69.975,69.975,0.00009
1741757760000,69.98,69.985,69.98,69.98,0.000189
1741757820000,69.975,69.975,69.965,69.97,0.000581
1741757880000,69.975,69.975,69.955,69.955,0.001026
1741757940000,69.945,69.96,69.945,69.96,0.000446
1741758000000,69.955,69.965,69.935,69.94,0.000486
1741758060000,69.935,69.945,69.935,69.945,0.00104
1741758120000,69.95,69.955,69.95,69.955,0.000225
1741758180000,69.945,69.945,69.945,69.945,0.000202
1741758240000,69.95,69.955,69.945,69.95,0.000862
1741758300000,69.955,69.955,69.925,69.93,0.002415
1741758360000,69.92,69.925,69.915,69.915,0.000593
1741758420000,69.91,69.91,69.895,69.905,0.00085
1741758480000,69.895,69.905,69.895,69.895,0.000661
1741758540000,69.9,69.905,69.9,69.905,0.000256
1741758600000,69.915,69.92,69.905,69.915,0.001193
1741758660000,69.92,69.92,69.915,69.915,0.000203
1741758720000,69.905,69.905,69.895,69.895,0.00027
1741758780000,69.885,69.9,69.885,69.9,0.000468
1741758840000,69.895,69.9,69.875,69.88,0.001825
1741758900000,69.885,69.895,69.885,69.895,0.000701
1741758960000,69.905,69.905,69.9,69.905,0.000243
1741759020000,69.9,69.905,69.895,69.9,0.000972
1741759080000,69.905,69.905,69.9,69.905,0.000432
1741759140000,69.9,69.905,69.9,69.9,0.000647
1741759200000,69.905,69.905,69.895,69.9,0.001484
1741759260000,69.895,69.895,69.885,69.895,0.000648
1741759320000,69.905,69.905,69.9,69.9,0.000189
1741759380000,69.895,69.915,69.895,69.91,0.000846
1741759440000,69.905,69.905,69.885,69.885,0.001102
1741759500000,69.88,69.89,69.875,69.885,0.000891
1741759560000,69.88,69.885,69.855,69.86,0.000661
1741759620000,69.865,69.865,69.835,69.835,0.001155
1741759680000,69.84,69.845,69.835,69.845,0.000747
1741759740000,69.84,69.845,69.84,69.84,0.000458
1741759800000,69.835,69.835,69.815,69.815,0.00058
1741759860000,69.805,69.805,69.805,69.805,0.000135
1741759920000,69.795,69.795,69.775,69.785,0.000617
1741759980000,69.78,69.79,69.775,69.79,0.001174
1741760040000,69.785,69.795,69.785,69.795,0.001146
1741760100000,69.8,69.805,69.795,69.795,0.000729
1741760160000,69.785,69.785,69.785,69.785,0.00009
1741760220000,69.78,69.785,69.775,69.78,0.000414
1741760280000,69.775,69.785,69.775,69.775,0.000513
1741760340000,69.78,69.785,69.78,69.785,0.000189
1741760400000,69.775,69.775,69.775,69.775,0.00009
1741760460000,69.77,69.775,69.77,69.77,0.000324
1741760520000,69.775,69.775,69.765,69.765,0.000549
1741760580000,69.77,69.77,69.715,69.715,0.002181
1741760640000,69.725,69.73,69.715,69.73,0.001658
1741760700000,69.735,69.745,69.725,69.725,0.001139
1741760760000,69.73,69.735,69.715,69.725,0.001309
1741760820000,69.715,69.715,69.685,69.685,0.003946
1741760880000,69.675,69.675,69.67,69.675,0.000346
1741760940000,69.67,69.685,69.67,69.675,0.001106
1741761000000,69.67,69.675,69.635,69.645,0.001439
1741761060000,69.65,69.655,69.645,69.65,0.001143
1741761120000,69.655,69.655,69.635,69.65,0.001587
1741761180000,69.655,69.66,69.655,69.66,0.000292
1741761240000,69.665,69.675,69.66,69.66,0.001233
1741761300000,69.665,69.675,69.665,69.675,0.000558
1741761360000,69.685,69.685,69.665,69.675,0.001485
1741761420000,69.67,69.715,69.665,69.705,0.001535
1741761480000,69.7,69.7,69.66,69.665,0.000662
1741761540000,69.66,69.665,69.655,69.665,0.000715
1741761600000,69.66,69.66,69.615,69.615,0.001323
1741761660000,69.62,69.62,69.615,69.62,0.000392
1741761720000,69.625,69.645,69.59,69.645,0.001791
1741761780000,69.65,69.655,69.64,69.645,0.000944
1741761840000,69.65,69.65,69.615,69.62,0.001476
1741761900000,69.625,69.675,69.625,69.67,0.001485
1741761960000,69.675,69.685,69.645,69.65,0.001066
1741762020000,69.655,69.655,69.645,69.645,0.00077
1741762080000,69.655,69.66,69.645,69.655,0.000833
1741762140000,69.65,69.65,69.625,69.635,0.000689
1741762200000,69.65,69.665,69.645,69.665,0.00099
1741762260000,69.66,69.665,69.655,69.665,0.000324
1741762320000,69.66,69.665,69.645,69.645,0.000639
1741762380000,69.64,69.65,69.635,69.65,0.00059
1741762440000,69.645,69.645,69.61,69.62,0.001103
1741762500000,69.625,69.625,69.595,69.595,0.000855
1741762560000,69.605,69.615,69.6,69.61,0.000738
1741762620000,69.605,69.61,69.58,69.58,0.003719
1741762680000,69.585,69.585,69.565,69.565,0.002246
1741762740000,69.56,69.575,69.55,69.56,0.002862
1741762800000,69.565,69.565,69.535,69.545,0.002709
1741762860000,69.535,69.535,69.535,69.535,0.00027
1741762920000,69.545,69.545,69.54,69.545,0.000243
1741762980000,69.535,69.57,69.535,69.565,0.002254
1741763040000,69.58,69.605,69.58,69.605,0.001856
1741763100000,69.615,69.615,69.565,69.585,0.002667
1741763160000,69.595,69.595,69.575,69.59,0.001521
1741763220000,69.585,69.605,69.585,69.6,0.001431
1741763280000,69.58,69.585,69.555,69.575,0.002826
1741763340000,69.57,69.575,69.535,69.54,0.002672
1741763400000,69.545,69.545,69.535,69.54,0.00174
1741763460000,69.545,69.56,69.535,69.535,0.001921
1741763520000,69.515,69.525,69.505,69.515,0.000693
1741763580000,69.52,69.52,69.495,69.5,0.001652
1741763640000,69.495,69.515,69.495,69.515,0.000878
1741763700000,69.52,69.525,69.515,69.52,0.001994
1741763760000,69.515,69.52,69.465,69.48,0.002356
1741763820000,69.485,69.495,69.455,69.455,0.002444
1741763880000,69.465,69.48,69.455,69.455,0.001808
1741763940000,69.465,69.495,69.46,69.495,0.001593
1741764000000,69.49,69.505,69.47,69.5,0.003051
1741764060000,69.495,69.515,69.475,69.485,0.002263
1741764120000,69.475,69.495,69.465,69.49,0.003892
1741764180000,69.495,69.525,69.495,69.52,0.003116
1741764240000,69.525,69.59,69.525,69.59,0.001722
1741764300000,69.595,69.64,69.585,69.635,0.00228
1741764360000,69.655,69.665,69.64,69.665,0.002698
1741764420000,69.675,69.695,69.645,69.66,0.003573
1741764480000,69.655,69.67,69.645,69.665,0.002241
1741764540000,69.66,69.685,69.66,69.67,0.001665
1741764600000,69.685,69.685,69.655,69.675,0.000603
1741764660000,69.66,69.67,69.655,69.67,0.00144
1741764720000,69.665,69.685,69.66,69.675,0.001557
1741764780000,69.685,69.69,69.675,69.685,0.001858
1741764840000,69.675,69.695,69.675,69.695,0.000414
1741764900000,69.69,69.69,69.645,69.655,0.00089
1741764960000,69.665,69.695,69.665,69.695,0.001147
1741765020000,69.69,69.7,69.675,69.675,0.001476
1741765080000,69.68,69.69,69.67,69.685,0.002806
1741765140000,69.68,69.715,69.68,69.705,0.001485
1741765200000,69.71,69.735,69.705,69.735,0.000878
1741765260000,69.745,69.745,69.725,69.735,0.000747
1741765320000,69.725,69.755,69.725,69.755,0.000648
1741765380000,69.76,69.765,69.755,69.765,0.001382
1741765440000,69.755,69.76,69.735,69.755,0.002057
1741765500000,69.745,69.775,69.745,69.75,0.001071
1741765560000,69.755,69.795,69.755,69.785,0.002168
1741765620000,69.79,69.79,69.765,69.775,0.001868
1741765680000,69.785,69.785,69.785,69.785,0.000054
1741765740000,69.795,69.8,69.785,69.785,0.001634
1741765800000,69.78,69.805,69.765,69.77,0.002515
1741765860000,69.775,69.83,69.775,69.83,0.002547
1741765920000,69.825,69.825,69.81,69.815,0.000617
1741765980000,69.81,69.81,69.795,69.795,0.00153
1741766040000,69.805,69.805,69.785,69.795,0.001598
1741766100000,69.785,69.805,69.785,69.795,0.001529
1741766160000,69.805,69.835,69.8,69.83,0.002533
1741766220000,69.835,69.87,69.825,69.85,0.0022
1741766280000,69.84,69.855,69.815,69.815,0.001355
1741766340000,69.82,69.825,69.775,69.805,0.003814
1741766400000,69.825,69.875,69.825,69.855,0.002425
1741766460000,69.875,69.885,69.815,69.815,0.001967
1741766520000,69.825,69.835,69.795,69.825,0.002142
1741766580000,69.835,69.835,69.805,69.825,0.002066
1741766640000,69.83,69.835,69.805,69.805,0.002804
1741766700000,69.8,69.815,69.775,69.795,0.002587
1741766760000,69.785,69.795,69.775,69.775,0.001588
1741766820000,69.785,69.785,69.775,69.775,0.000657
1741766880000,69.765,69.85,69.765,69.835,0.003184
1741766940000,69.825,69.83,69.795,69.825,0.003642
1741767000000,69.815,69.825,69.795,69.805,0.00313
1741767060000,69.8,69.865,69.785,69.855,0.004033
1741767120000,69.85,69.86,69.84,69.845,0.002801
1741767180000,69.835,69.875,69.825,69.87,0.005083
1741767240000,69.875,69.89,69.86,69.875,0.004318
1741767300000,69.88,69.945,69.88,69.925,0.00415
1741767360000,69.93,69.935,69.915,69.92,0.003405
1741767420000,69.915,69.935,69.895,69.935,0.003684
1741767480000,69.93,69.945,69.915,69.925,0.003197
1741767540000,69.93,69.945,69.91,69.945,0.003773
1741767600000,69.935,69.965,69.92,69.935,0.003166
1741767660000,69.94,69.94,69.915,69.925,0.004374
1741767720000,69.92,69.975,69.92,69.965,0.002847
1741767780000,69.955,69.97,69.91,69.94,0.002886
1741767840000,69.945,69.975,69.935,69.975,0.004246
1741767900000,69.985,69.985,69.94,69.955,0.004748
1741767960000,69.95,69.97,69.945,69.97,0.002725
1741768020000,69.965,69.965,69.905,69.905,0.004063
1741768080000,69.915,69.965,69.905,69.965,0.007082
1741768140000,69.975,70.005,69.935,69.935,0.026416
1741768200000,69.925,69.965,69.915,69.945,0.012633
1741768260000,69.955,70.005,69.955,69.985,0.007251
1741768320000,69.995,70.005,69.955,69.965,0.004003
1741768380000,69.96,69.965,69.93,69.945,0.009165
1741768440000,69.94,69.955,69.925,69.955,0.005229
1741768500000,69.97,69.975,69.945,69.955,0.003623
1741768560000,69.95,69.975,69.935,69.955,0.003076
1741768620000,69.975,70.005,69.945,69.945,0.002577
1741768680000,69.95,69.965,69.905,69.905,0.003196
1741768740000,69.895,69.945,69.895,69.945,0.002967
1741768800000,69.955,69.955,69.945,69.955,0.000986
1741768860000,69.945,69.965,69.945,69.965,0.002143
1741768920000,69.95,69.95,69.905,69.905,0.002397
1741768980000,69.915,69.945,69.895,69.935,0.003562
1741769040000,69.94,69.945,69.94,69.945,0.000256
1741769100000,69.935,69.945,69.915,69.925,0.002819
1741769160000,69.92,69.93,69.915,69.925,0.001231
1741769220000,69.935,69.935,69.905,69.905,0.002522
1741769280000,69.915,69.93,69.915,69.915,0.000513
1741769340000,69.925,69.935,69.87,69.89,0.003732
1741769400000,69.885,69.885,69.835,69.835,0.003951
1741769460000,69.84,69.855,69.835,69.835,0.00124
1741769520000,69.845,69.845,69.815,69.815,0.0012
1741769580000,69.81,69.815,69.805,69.815,0.001052
1741769640000,69.815,69.815,69.815,69.815,0
1741769700000,69.82,69.825,69.815,69.825,0.002603
1741769760000,69.815,69.825,69.785,69.805,0.003945
1741769820000,69.815,69.825,69.805,69.815,0.001093
1741769880000,69.805,69.815,69.795,69.795,0.002212
1741769940000,69.785,69.815,69.785,69.815,0.00182
1741770000000,69.82,69.875,69.82,69.825,0.006836
1741770060000,69.815,69.86,69.815,69.835,0.002689
1741770120000,69.84,69.845,69.805,69.84,0.0034
1741770180000,69.835,69.855,69.825,69.85,0.0022
1741770240000,69.855,69.875,69.83,69.875,0.001426
1741770300000,69.865,69.875,69.825,69.83,0.002706
1741770360000,69.835,69.865,69.835,69.835,0.003366
1741770420000,69.83,69.855,69.82,69.85,0.001278
1741770480000,69.855,69.855,69.825,69.84,0.00292
1741770540000,69.835,69.85,69.83,69.84,0.001566
1741770600000,69.835,69.845,69.815,69.82,0.002505
1741770660000,69.815,69.85,69.815,69.845,0.004218
1741770720000,69.85,69.85,69.815,69.82,0.002344
1741770780000,69.825,69.825,69.785,69.795,0.00421
1741770840000,69.785,69.795,69.775,69.795,0.003298
1741770900000,69.79,69.795,69.755,69.795,0.003117
1741770960000,69.8,69.825,69.795,69.805,0.001196
1741771020000,69.795,69.795,69.765,69.775,0.001498
1741771080000,69.78,69.8,69.775,69.8,0.000837
1741771140000,69.795,69.81,69.765,69.765,0.003383
1741771200000,69.755,69.845,69.735,69.845,0.003242
1741771260000,69.85,69.915,69.835,69.855,0.004787
1741771320000,69.865,69.875,69.845,69.87,0.003153
1741771380000,69.875,69.91,69.865,69.905,0.001053
1741771440000,69.91,69.95,69.895,69.905,0.00283
1741771500000,69.9,69.935,69.895,69.935,0.001463
1741771560000,69.945,69.965,69.94,69.96,0.00215
1741771620000,69.965,69.99,69.965,69.985,0.002366
1741771680000,69.97,70.005,69.955,69.975,0.002906
1741771740000,69.965,69.975,69.955,69.96,0.001466
1741771800000,69.955,70.005,69.955,70.005,0.001409
1741771860000,70,70.005,69.985,69.995,0.002573
1741771920000,69.985,70.005,69.985,69.995,0.001713
1741771980000,69.985,69.985,69.945,69.98,0.003783
1741772040000,69.975,69.975,69.945,69.955,0.001862
1741772100000,69.945,69.955,69.935,69.935,0.003532
1741772160000,69.925,69.935,69.89,69.89,0.003831
1741772220000,69.895,69.91,69.875,69.905,0.002698
1741772280000,69.895,69.93,69.895,69.93,0.001294
1741772340000,69.935,69.95,69.925,69.925,0.00202
1741772400000,69.915,69.925,69.905,69.925,0.001861
1741772460000,69.915,69.915,69.905,69.91,0.001873
1741772520000,69.915,69.915,69.895,69.895,0.00112
1741772580000,69.9,69.915,69.895,69.91,0.002226
1741772640000,69.915,69.925,69.885,69.885,0.001471
1741772700000,69.895,69.905,69.895,69.895,0.00072
1741772760000,69.905,69.905,69.885,69.885,0.00175
1741772820000,69.895,69.915,69.895,69.905,0.000958
1741772880000,69.915,69.92,69.885,69.885,0.002054
1741772940000,69.89,69.905,69.885,69.9,0.001984
1741773000000,69.895,69.905,69.895,69.905,0.001844
1741773060000,69.895,69.905,69.875,69.885,0.001444
1741773120000,69.875,69.905,69.875,69.905,0.001294
1741773180000,69.91,69.935,69.905,69.935,0.001161
1741773240000,69.945,69.965,69.945,69.955,0.000643
1741773300000,69.965,69.985,69.965,69.985,0.000788
1741773360000,69.975,69.995,69.975,69.985,0.002493
1741773420000,69.98,69.995,69.975,69.995,0.001295
1741773480000,70,70.025,69.995,70.015,0.002116
1741773540000,70.02,70.02,70.005,70.005,0.000674
1741773600000,70.015,70.035,70.015,70.025,0.004357
1741773660000,70.02,70.03,70.005,70.025,0.00315
1741773720000,70.015,70.015,69.985,69.995,0.002773
1741773780000,70.005,70.055,70,70.045,0.001376
1741773840000,70.055,70.115,70.055,70.105,0.001994
1741773900000,70.11,70.145,70.105,70.135,0.00216
1741773960000,70.145,70.205,70.14,70.185,0.004901
1741774020000,70.19,70.215,70.185,70.205,0.005183
1741774080000,70.2,70.225,70.195,70.195,0.002545
1741774140000,70.185,70.215,70.185,70.195,0.002992
1741774200000,70.2,70.215,70.195,70.2,0.003014
1741774260000,70.195,70.215,70.195,70.21,0.004086
1741774320000,70.215,70.235,70.195,70.23,0.002663
1741774380000,70.235,70.235,70.215,70.22,0.00251
1741774440000,70.225,70.235,70.21,70.225,0.001562
1741774500000,70.23,70.245,70.225,70.235,0.002686
1741774560000,70.24,70.24,70.205,70.215,0.00255
1741774620000,70.205,70.245,70.205,70.24,0.001794
1741774680000,70.235,70.245,70.235,70.24,0.001456
1741774740000,70.245,70.275,70.235,70.255,0.004103
1741774800000,70.26,70.275,70.255,70.275,0.002118
1741774860000,70.265,70.275,70.255,70.26,0.002732
1741774920000,70.255,70.275,70.255,70.275,0.001466
1741774980000,70.27,70.285,70.255,70.285,0.002005
1741775040000,70.28,70.305,70.275,70.295,0.00217
1741775100000,70.3,70.305,70.285,70.295,0.005141
1741775160000,70.305,70.315,70.285,70.285,0.002427
1741775220000,70.29,70.29,70.235,70.235,0.002929
1741775280000,70.24,70.245,70.205,70.225,0.003289
1741775340000,70.235,70.265,70.235,70.265,0.002662
1741775400000,70.275,70.295,70.265,70.265,0.00299
1741775460000,70.26,70.265,70.195,70.205,0.002221
1741775520000,70.195,70.245,70.195,70.235,0.001884
1741775580000,70.225,70.235,70.215,70.235,0.001632
1741775640000,70.245,70.25,70.205,70.22,0.002757
1741775700000,70.215,70.23,70.155,70.175,0.006803
1741775760000,70.18,70.185,70.175,70.185,0.002361
1741775820000,70.195,70.205,70.18,70.195,0.003642
1741775880000,70.185,70.185,70.165,70.165,0.001726
1741775940000,70.155,70.165,70.155,70.165,0.001713
1741776000000,70.175,70.185,70.155,70.155,0.00356
1741776060000,70.135,70.145,70.125,70.125,0.003561
1741776120000,70.13,70.145,70.1,70.135,0.003178
1741776180000,70.13,70.145,70.125,70.145,0.001226
1741776240000,70.15,70.165,70.13,70.165,0.00248
1741776300000,70.175,70.175,70.155,70.175,0.001872
1741776360000,70.185,70.205,70.18,70.195,0.001537
1741776420000,70.205,70.205,70.195,70.205,0.001159
1741776480000,70.215,70.225,70.205,70.225,0.000675
1741776540000,70.22,70.225,70.195,70.215,0.00135
1741776600000,70.225,70.245,70.225,70.245,0.004193
1741776660000,70.235,70.255,70.225,70.255,0.002722
1741776720000,70.26,70.28,70.25,70.275,0.00233
1741776780000,70.265,70.275,70.265,70.275,0.001835
1741776840000,70.265,70.265,70.245,70.255,0.002543
1741776900000,70.245,70.255,70.185,70.185,0.002834
1741776960000,70.195,70.195,70.185,70.185,0.000176
1741777020000,70.175,70.18,70.155,70.155,0.001213
1741777080000,70.165,70.175,70.165,70.175,0.000378
1741777140000,70.185,70.195,70.175,70.185,0.001821
1741777200000,70.175,70.185,70.145,70.185,0.002347
1741777260000,70.195,70.2,70.165,70.175,0.001893
1741777320000,70.165,70.175,70.155,70.155,0.002699
1741777380000,70.15,70.16,70.115,70.125,0.001768
1741777440000,70.13,70.165,70.125,70.155,0.001821
1741777500000,70.145,70.165,70.135,70.155,0.001444
1741777560000,70.16,70.185,70.16,70.175,0.001547
1741777620000,70.18,70.185,70.165,70.175,0.001957
1741777680000,70.18,70.205,70.175,70.205,0.001278
1741777740000,70.2,70.205,70.175,70.185,0.001539
1741777800000,70.18,70.185,70.165,70.165,0.000284
1741777860000,70.185,70.19,70.175,70.175,0.001012
1741777920000,70.165,70.165,70.145,70.155,0.002356
1741777980000,70.15,70.165,70.15,70.15,0.001331
1741778040000,70.16,70.165,70.145,70.145,0.002407
1741778100000,70.13,70.15,70.125,70.15,0.001898
1741778160000,70.145,70.145,70.115,70.125,0.001454
1741778220000,70.135,70.155,70.125,70.155,0.000877
1741778280000,70.145,70.155,70.14,70.145,0.001754
1741778340000,70.155,70.165,70.155,70.165,0.000108
1741778400000,70.175,70.195,70.175,70.18,0.001685
1741778460000,70.175,70.185,70.155,70.155,0.000998
1741778520000,70.165,70.165,70.135,70.165,0.001349
1741778580000,70.175,70.175,70.115,70.16,0.003007
1741778640000,70.165,70.165,70.155,70.165,0.000702
1741778700000,70.175,70.175,70.165,70.165,0.000108
1741778760000,70.155,70.165,70.15,70.165,0.000504
1741778820000,70.155,70.175,70.155,70.175,0.000891
1741778880000,70.185,70.185,70.145,70.165,0.00148
1741778940000,70.175,70.215,70.175,70.205,0.001856
1741779000000,70.2,70.215,70.185,70.215,0.001107
1741779060000,70.23,70.24,70.23,70.24,0.002074
1741779120000,70.235,70.26,70.215,70.215,0.002142
1741779180000,70.22,70.22,70.205,70.215,0.002465
1741779240000,70.225,70.225,70.175,70.18,0.001863
1741779300000,70.175,70.18,70.145,70.155,0.001699
1741779360000,70.165,70.175,70.145,70.165,0.002199
1741779420000,70.175,70.185,70.175,70.185,0.000756
1741779480000,70.18,70.195,70.175,70.195,0.002696
1741779540000,70.205,70.205,70.155,70.155,0.002194
1741779600000,70.145,70.17,70.145,70.17,0.000378
1741779660000,70.175,70.195,70.16,70.195,0.001952
1741779720000,70.205,70.205,70.185,70.195,0.002405
1741779780000,70.185,70.195,70.175,70.195,0.002804
1741779840000,70.19,70.19,70.165,70.175,0.002981
1741779900000,70.17,70.175,70.155,70.175,0.001996
1741779960000,70.165,70.205,70.165,70.2,0.001962
1741780020000,70.195,70.2,70.18,70.2,0.001251
1741780080000,70.195,70.205,70.195,70.195,0.001107
1741780140000,70.2,70.235,70.195,70.235,0.00112
1741780200000,70.23,70.23,70.195,70.225,0.002619
1741780260000,70.215,70.215,70.195,70.205,0.001444
1741780320000,70.195,70.215,70.195,70.205,0.000873
1741780380000,70.21,70.29,70.21,70.285,0.00179
1741780440000,70.28,70.31,70.275,70.305,0.002874
1741780500000,70.31,70.315,70.3,70.31,0.002373
1741780560000,70.305,70.32,70.29,70.32,0.002796
1741780620000,70.315,70.33,70.305,70.315,0.00282
1741780680000,70.305,70.335,70.305,70.315,0.004006
1741780740000,70.31,70.345,70.305,70.325,0.002537
1741780800000,70.315,70.315,70.275,70.29,0.006609
1741780860000,70.295,70.305,70.275,70.295,0.005536
1741780920000,70.285,70.285,70.245,70.265,0.003145
1741780980000,70.26,70.275,70.245,70.275,0.002923
1741781040000,70.265,70.29,70.265,70.275,0.002898
1741781100000,70.28,70.305,70.275,70.275,0.004259
1741781160000,70.265,70.275,70.245,70.27,0.002963
1741781220000,70.275,70.275,70.225,70.235,0.003224
1741781280000,70.23,70.285,70.225,70.285,0.003873
1741781340000,70.29,70.345,70.285,70.325,0.003139
1741781400000,70.32,70.38,70.315,70.355,0.004019
1741781460000,70.36,70.375,70.34,70.37,0.004629
1741781520000,70.375,70.38,70.36,70.36,0.003548
1741781580000,70.365,70.375,70.355,70.37,0.003668
1741781640000,70.365,70.375,70.34,70.345,0.004743
1741781700000,70.34,70.385,70.315,70.385,0.00559
1741781760000,70.39,70.405,70.375,70.375,0.002508
1741781820000,70.385,70.385,70.36,70.365,0.001763
1741781880000,70.37,70.385,70.355,70.355,0.00272
1741781940000,70.365,70.37,70.355,70.365,0.00372
1741782000000,70.37,70.375,70.345,70.35,0.003507
1741782060000,70.355,70.415,70.34,70.405,0.004974
1741782120000,70.41,70.425,70.4,70.415,0.002975
1741782180000,70.405,70.425,70.4,70.42,0.002752
1741782240000,70.425,70.425,70.415,70.425,0.0024
1741782300000,70.43,70.465,70.415,70.415,0.002926
1741782360000,70.42,70.445,70.415,70.425,0.003655
1741782420000,70.42,70.42,70.395,70.395,0.002319
1741782480000,70.4,70.4,70.35,70.37,0.002437
1741782540000,70.375,70.395,70.365,70.375,0.001026
1741782600000,70.365,70.445,70.355,70.445,0.011438
1741782660000,70.455,70.52,70.445,70.495,0.010397
1741782720000,70.485,70.505,70.465,70.505,0.006325
1741782780000,70.5,70.505,70.455,70.47,0.0053
1741782840000,70.445,70.47,70.435,70.445,0.005551
1741782900000,70.45,70.47,70.435,70.455,0.00246
1741782960000,70.465,70.465,70.43,70.46,0.002604
1741783020000,70.465,70.465,70.415,70.42,0.006762
1741783080000,70.415,70.455,70.405,70.445,0.004174
1741783140000,70.45,70.485,70.445,70.47,0.005689
1741783200000,70.475,70.475,70.425,70.435,0.007267
1741783260000,70.44,70.445,70.405,70.42,0.00611
1741783320000,70.415,70.45,70.41,70.45,0.003919
1741783380000,70.455,70.465,70.44,70.44,0.001727
1741783440000,70.445,70.455,70.425,70.45,0.003018
1741783500000,70.445,70.445,70.395,70.395,0.004004
1741783560000,70.4,70.425,70.325,70.365,0.004709
1741783620000,70.37,70.415,70.37,70.415,0.004234
1741783680000,70.43,70.455,70.425,70.43,0.00246
1741783740000,70.435,70.435,70.41,70.425,0.004443
1741783800000,70.43,70.445,70.415,70.415,0.00344
1741783860000,70.41,70.435,70.405,70.43,0.005219
1741783920000,70.435,70.455,70.43,70.45,0.004557
1741783980000,70.445,70.445,70.36,70.38,0.004996
1741784040000,70.385,70.435,70.385,70.395,0.003266
1741784100000,70.405,70.415,70.395,70.395,0.003019
1741784160000,70.39,70.425,70.385,70.425,0.00193
1741784220000,70.42,70.445,70.395,70.395,0.002761
1741784280000,70.4,70.4,70.365,70.385,0.004263
1741784340000,70.39,70.39,70.345,70.355,0.003327
1741784400000,70.345,70.345,70.265,70.265,0.01155
1741784460000,70.255,70.31,70.255,70.28,0.00762
1741784520000,70.285,70.38,70.285,70.335,0.00611
1741784580000,70.345,70.375,70.33,70.375,0.00615
1741784640000,70.365,70.405,70.355,70.39,0.006185
1741784700000,70.385,70.405,70.38,70.395,0.006344
1741784760000,70.4,70.455,70.385,70.445,0.004135
1741784820000,70.435,70.465,70.425,70.455,0.004315
1741784880000,70.46,70.465,70.435,70.455,0.005042
1741784940000,70.445,70.465,70.435,70.465,0.003806
1741785000000,70.46,70.485,70.45,70.455,0.002794
1741785060000,70.46,70.465,70.445,70.465,0.004097
1741785120000,70.46,70.475,70.445,70.475,0.003817
1741785180000,70.47,70.475,70.45,70.465,0.003643
1741785240000,70.47,70.47,70.445,70.445,0.002942
1741785300000,70.44,70.465,70.415,70.415,0.002676
1741785360000,70.41,70.445,70.39,70.405,0.007076
1741785420000,70.385,70.4,70.355,70.39,0.006728
1741785480000,70.395,70.445,70.395,70.445,0.004819
1741785540000,70.45,70.475,70.445,70.46,0.002997
1741785600000,70.465,70.515,70.465,70.485,0.00268
1741785660000,70.495,70.51,70.49,70.505,0.00393
1741785720000,70.49,70.51,70.48,70.51,0.004251
1741785780000,70.515,70.525,70.5,70.5,0.004544
1741785840000,70.505,70.52,70.495,70.51,0.002629
1741785900000,70.505,70.52,70.485,70.5,0.00344
1741785960000,70.505,70.525,70.505,70.505,0.002699
1741786020000,70.5,70.5,70.475,70.495,0.006372
1741786080000,70.49,70.495,70.46,70.465,0.006
1741786140000,70.455,70.5,70.455,70.5,0.004596
1741786200000,70.505,70.525,70.48,70.5,0.0064
1741786260000,70.495,70.585,70.495,70.58,0.009019
1741786320000,70.585,70.685,70.58,70.66,0.012503
1741786380000,70.665,70.665,70.605,70.62,0.004301
1741786440000,70.625,70.635,70.575,70.59,0.008004
1741786500000,70.585,70.61,70.565,70.595,0.008215
1741786560000,70.6,70.615,70.565,70.565,0.007173
1741786620000,70.57,70.61,70.565,70.565,0.005956
1741786680000,70.57,70.585,70.555,70.575,0.005235
1741786740000,70.585,70.6,70.575,70.595,0.00812
1741786800000,70.575,70.595,70.535,70.565,0.006942
1741786860000,70.555,70.585,70.525,70.565,0.007437
1741786920000,70.56,70.565,70.505,70.52,0.006945
1741786980000,70.515,70.525,70.495,70.525,0.005484
1741787040000,70.52,70.525,70.47,70.485,0.007588
1741787100000,70.49,70.49,70.425,70.43,0.011024
1741787160000,70.435,70.445,70.37,70.375,0.009095
1741787220000,70.37,70.445,70.365,70.435,0.009854
1741787280000,70.43,70.445,70.375,70.385,0.009409
1741787340000,70.375,70.435,70.36,70.435,0.005813
1741787400000,70.445,70.505,70.445,70.47,0.009375
1741787460000,70.475,70.515,70.465,70.485,0.006487
1741787520000,70.495,70.495,70.35,70.365,0.014523
1741787580000,70.36,70.495,70.345,70.465,0.009111
1741787640000,70.475,70.48,70.44,70.465,0.006042
1741787700000,70.47,70.475,70.365,70.38,0.008232
1741787760000,70.385,70.405,70.295,70.295,0.004864
1741787820000,70.3,70.365,70.275,70.355,0.007855
1741787880000,70.36,70.425,70.355,70.42,0.006159
1741787940000,70.415,70.485,70.41,70.47,0.007329
1741788000000,70.475,70.475,70.425,70.44,0.00544
1741788060000,70.435,70.475,70.42,70.435,0.005624
1741788120000,70.44,70.51,70.425,70.43,0.006219
1741788180000,70.425,70.455,70.415,70.455,0.00566
1741788240000,70.445,70.475,70.435,70.445,0.003094
1741788300000,70.455,70.495,70.445,70.49,0.004045
1741788360000,70.485,70.51,70.475,70.475,0.003649
1741788420000,70.455,70.475,70.435,70.455,0.003041
1741788480000,70.465,70.475,70.425,70.475,0.00327
1741788540000,70.48,70.505,70.47,70.49,0.003351
1741788600000,70.5,70.525,70.485,70.5,0.003497
1741788660000,70.495,70.555,70.49,70.49,0.006735
1741788720000,70.485,70.485,70.445,70.475,0.003652
1741788780000,70.465,70.525,70.455,70.515,0.004889
1741788840000,70.52,70.565,70.515,70.545,0.005846
1741788900000,70.54,70.555,70.515,70.525,0.003167
1741788960000,70.515,70.515,70.455,70.465,0.005426
1741789020000,70.475,70.475,70.44,70.465,0.0048
1741789080000,70.455,70.5,70.445,70.5,0.00449
1741789140000,70.51,70.52,70.5,70.515,0.004418
1741789200000,70.52,70.575,70.515,70.55,0.006269
1741789260000,70.555,70.565,70.525,70.535,0.006033
1741789320000,70.53,70.57,70.515,70.55,0.006261
1741789380000,70.545,70.555,70.505,70.515,0.005976
1741789440000,70.52,70.55,70.505,70.545,0.003994
1741789500000,70.54,70.555,70.52,70.52,0.005092
1741789560000,70.525,70.57,70.525,70.56,0.006768
1741789620000,70.565,70.6,70.565,70.585,0.006937
1741789680000,70.59,70.6,70.555,70.595,0.003957
1741789740000,70.6,70.605,70.555,70.56,0.002776
1741789800000,70.565,70.785,70.56,70.715,0.015246
1741789860000,70.71,70.765,70.69,70.705,0.013254
1741789920000,70.695,70.715,70.635,70.665,0.009144
1741789980000,70.66,70.725,70.635,70.695,0.006038
1741790040000,70.685,70.705,70.655,70.675,0.004346
1741790100000,70.67,70.785,70.645,70.775,0.009026
1741790160000,70.765,70.785,70.725,70.725,0.006777
1741790220000,70.72,70.745,70.68,70.69,0.007091
1741790280000,70.695,70.705,70.655,70.675,0.005123
1741790340000,70.685,70.685,70.655,70.675,0.005269
1741790400000,70.665,70.685,70.625,70.625,0.005578
1741790460000,70.63,70.66,70.595,70.595,0.009988
1741790520000,70.6,70.69,70.595,70.66,0.00883
1741790580000,70.665,70.725,70.655,70.7,0.006745
1741790640000,70.695,70.705,70.665,70.675,0.004458
1741790700000,70.665,70.675,70.635,70.665,0.00758
1741790760000,70.675,70.7,70.665,70.675,0.005204
1741790820000,70.685,70.725,70.675,70.725,0.004721
1741790880000,70.715,70.75,70.68,70.745,0.006307
1741790940000,70.74,70.755,70.725,70.745,0.002406
1741791000000,70.74,70.77,70.725,70.765,0.004912
1741791060000,70.755,70.77,70.73,70.75,0.004197
1741791120000,70.745,70.75,70.715,70.715,0.003967
1741791180000,70.72,70.82,70.72,70.815,0.007643
1741791240000,70.825,70.875,70.815,70.845,0.01009
1741791300000,70.85,70.87,70.825,70.855,0.007182
1741791360000,70.865,70.865,70.785,70.795,0.005807
1741791420000,70.79,70.855,70.79,70.845,0.005541
1741791480000,70.835,70.845,70.815,70.835,0.005412
1741791540000,70.84,70.84,70.805,70.81,0.005534
1741791600000,70.815,70.83,70.785,70.805,0.003278
1741791660000,70.795,70.805,70.755,70.755,0.009201
1741791720000,70.765,70.8,70.725,70.735,0.008353
1741791780000,70.73,70.74,70.705,70.725,0.008189
1741791840000,70.73,70.735,70.64,70.65,0.007844
1741791900000,70.655,70.69,70.645,70.655,0.006576
1741791960000,70.67,70.67,70.57,70.585,0.007739
1741792020000,70.595,70.605,70.535,70.535,0.006783
1741792080000,70.52,70.535,70.475,70.515,0.010612
1741792140000,70.525,70.565,70.505,70.535,0.006568
1741792200000,70.54,70.615,70.535,70.595,0.006832
1741792260000,70.605,70.62,70.59,70.605,0.004382
1741792320000,70.595,70.625,70.585,70.59,0.006039
1741792380000,70.585,70.6,70.585,70.585,0.002775
1741792440000,70.59,70.615,70.585,70.59,0.004773
1741792500000,70.595,70.615,70.535,70.535,0.0066
1741792560000,70.545,70.555,70.515,70.53,0.004877
1741792620000,70.535,70.585,70.505,70.585,0.006271
1741792680000,70.59,70.615,70.565,70.615,0.006745
1741792740000,70.625,70.635,70.58,70.595,0.007116
1741792800000,70.585,70.625,70.585,70.62,0.006523
1741792860000,70.625,70.625,70.565,70.575,0.007819
1741792920000,70.57,70.585,70.565,70.585,0.003893
1741792980000,70.59,70.62,70.585,70.615,0.00329
1741793040000,70.625,70.685,70.625,70.675,0.007644
1741793100000,70.685,70.705,70.665,70.69,0.004141
1741793160000,70.695,70.75,70.685,70.74,0.005822
1741793220000,70.745,70.745,70.71,70.725,0.006138
1741793280000,70.72,70.73,70.7,70.725,0.005675
1741793340000,70.715,70.725,70.68,70.705,0.006541
1741793400000,70.71,70.735,70.71,70.715,0.004485
1741793460000,70.705,70.745,70.7,70.715,0.004723
1741793520000,70.725,70.755,70.72,70.735,0.003272
1741793580000,70.74,70.775,70.705,70.745,0.006674
1741793640000,70.75,70.86,70.745,70.85,0.007283
1741793700000,70.865,70.89,70.8,70.805,0.008116
1741793760000,70.8,70.815,70.785,70.805,0.00785
1741793820000,70.8,70.885,70.8,70.865,0.00914
1741793880000,70.875,70.945,70.87,70.945,0.007938
1741793940000,70.94,70.955,70.895,70.895,0.007532
1741794000000,70.9,70.905,70.855,70.895,0.004518
1741794060000,70.9,70.93,70.895,70.905,0.004018
1741794120000,70.895,70.925,70.885,70.9,0.00438
1741794180000,70.905,70.935,70.9,70.915,0.006103
1741794240000,70.92,70.935,70.905,70.905,0.004355
1741794300000,70.9,70.92,70.87,70.895,0.006446
1741794360000,70.885,70.905,70.885,70.895,0.003427
1741794420000,70.9,70.905,70.855,70.865,0.002562
1741794480000,70.87,70.895,70.855,70.895,0.003505
1741794540000,70.885,70.895,70.885,70.895,0.001183
1741794600000,70.905,70.935,70.895,70.935,0.002141
1741794660000,70.925,70.955,70.885,70.895,0.006251
1741794720000,70.885,70.915,70.885,70.895,0.004428
1741794780000,70.89,70.89,70.835,70.855,0.004163
1741794840000,70.86,70.86,70.83,70.85,0.006
1741794900000,70.855,70.855,70.795,70.795,0.00299
1741794960000,70.785,70.785,70.745,70.745,0.008324
1741795020000,70.74,70.775,70.72,70.755,0.005251
1741795080000,70.75,70.8,70.75,70.795,0.00251
1741795140000,70.805,70.815,70.805,70.815,0.001904
1741795200000,70.805,70.805,70.76,70.795,0.004657
1741795260000,70.805,70.865,70.805,70.835,0.00328
1741795320000,70.84,70.86,70.83,70.855,0.002591
1741795380000,70.85,70.875,70.825,70.845,0.005382
1741795440000,70.85,70.855,70.815,70.835,0.005156
1741795500000,70.84,70.885,70.825,70.88,0.004635
1741795560000,70.885,70.915,70.885,70.905,0.001777
1741795620000,70.895,70.915,70.875,70.9,0.002375
1741795680000,70.905,70.945,70.905,70.945,0.001923
1741795740000,70.95,70.975,70.945,70.97,0.005341
1741795800000,70.975,70.995,70.935,70.94,0.008935
1741795860000,70.945,70.955,70.89,70.915,0.005593
1741795920000,70.905,70.925,70.88,70.915,0.00656
1741795980000,70.89,70.895,70.845,70.895,0.007257
1741796040000,70.9,70.91,70.875,70.885,0.003174
1741796100000,70.88,70.895,70.865,70.885,0.00283
1741796160000,70.89,70.9,70.875,70.885,0.003409
1741796220000,70.89,70.905,70.855,70.895,0.005469
1741796280000,70.905,70.905,70.86,70.875,0.003287
1741796340000,70.865,70.915,70.855,70.915,0.004524
1741796400000,70.905,70.945,70.905,70.925,0.004342
1741796460000,70.915,70.915,70.88,70.895,0.002848
1741796520000,70.9,70.9,70.87,70.89,0.006889
1741796580000,70.895,70.915,70.84,70.86,0.006323
1741796640000,70.855,70.875,70.845,70.865,0.003024
1741796700000,70.87,70.895,70.855,70.875,0.004459
1741796760000,70.885,70.955,70.88,70.945,0.004477
1741796820000,70.955,70.985,70.955,70.965,0.007707
1741796880000,70.96,70.985,70.955,70.985,0.005294
1741796940000,70.98,70.995,70.935,70.97,0.007369
1741797000000,70.975,71.005,70.945,70.985,0.009538
1741797060000,71,71.03,70.995,71.015,0.008114
1741797120000,71.02,71.065,71.015,71.065,0.004322
1741797180000,71.055,71.075,71.045,71.06,0.005582
1741797240000,71.055,71.055,70.985,70.995,0.005999
1741797300000,70.975,70.975,70.935,70.945,0.006473
1741797360000,70.94,70.965,70.935,70.95,0.001308
1741797420000,70.945,70.975,70.945,70.955,0.003392
1741797480000,70.96,70.975,70.945,70.975,0.002001
1741797540000,70.965,70.965,70.945,70.945,0.002403
1741797600000,70.95,70.95,70.915,70.925,0.003611
1741797660000,70.935,70.935,70.875,70.875,0.003224
1741797720000,70.88,70.885,70.805,70.825,0.007582
1741797780000,70.83,70.885,70.825,70.875,0.007017
1741797840000,70.885,70.905,70.885,70.885,0.002236
1741797900000,70.895,70.9,70.865,70.865,0.003288
1741797960000,70.855,70.865,70.845,70.855,0.00117
1741798020000,70.865,70.89,70.865,70.885,0.002194
1741798080000,70.89,70.895,70.885,70.895,0.001647
1741798140000,70.9,70.935,70.9,70.935,0.001438
1741798200000,70.915,70.955,70.91,70.955,0.003345
1741798260000,70.95,70.96,70.925,70.945,0.004191
1741798320000,70.95,70.955,70.915,70.945,0.00483
1741798380000,70.95,70.97,70.935,70.95,0.002815
1741798440000,70.945,70.96,70.935,70.955,0.003616
1741798500000,70.965,70.975,70.955,70.975,0.001808
1741798560000,70.97,70.975,70.94,70.945,0.005798
1741798620000,70.925,70.935,70.885,70.91,0.004884
1741798680000,70.905,70.915,70.885,70.885,0.00215
1741798740000,70.895,70.895,70.865,70.875,0.004286
1741798800000,70.885,70.89,70.865,70.885,0.003418
1741798860000,70.875,70.895,70.865,70.875,0.001606
1741798920000,70.88,70.885,70.855,70.865,0.004869
1741798980000,70.86,70.875,70.855,70.855,0.002506
1741799040000,70.845,70.875,70.845,70.875,0.005576
1741799100000,70.87,70.895,70.825,70.895,0.005352
1741799160000,70.885,70.895,70.875,70.885,0.003688
1741799220000,70.89,70.89,70.865,70.875,0.002434
1741799280000,70.885,70.9,70.88,70.895,0.001475
1741799340000,70.905,70.915,70.895,70.895,0.002696
1741799400000,70.905,70.945,70.895,70.945,0.002602
1741799460000,70.935,70.95,70.92,70.935,0.004139
1741799520000,70.94,70.955,70.935,70.955,0.003432
1741799580000,70.96,71.01,70.96,70.975,0.004165
1741799640000,70.98,70.995,70.965,70.995,0.003818
1741799700000,71,71.01,70.985,71.005,0.002477
1741799760000,70.995,70.995,70.975,70.975,0.002591
1741799820000,70.98,70.98,70.945,70.965,0.002913
1741799880000,70.96,70.985,70.885,70.905,0.003612
1741799940000,70.9,70.9,70.875,70.895,0.004762
1741800000000,70.9,70.95,70.895,70.95,0.003262
1741800060000,70.955,70.975,70.945,70.965,0.003292
1741800120000,70.97,70.975,70.955,70.955,0.002388
1741800180000,70.95,70.95,70.9,70.9,0.002995
1741800240000,70.895,70.905,70.885,70.895,0.002074
1741800300000,70.89,70.9,70.875,70.89,0.004311
1741800360000,70.895,70.935,70.895,70.915,0.003563
1741800420000,70.91,70.915,70.89,70.9,0.003208
1741800480000,70.905,70.925,70.895,70.915,0.004216
1741800540000,70.925,70.925,70.905,70.905,0.003236
1741800600000,70.91,70.915,70.89,70.915,0.001093
1741800660000,70.92,70.95,70.915,70.945,0.002348
1741800720000,70.94,70.945,70.88,70.885,0.003952
1741800780000,70.895,70.895,70.875,70.895,0.002729
1741800840000,70.89,70.925,70.885,70.895,0.00229
1741800900000,70.905,70.935,70.895,70.935,0.002885
1741800960000,70.925,70.935,70.915,70.935,0.00206
1741801020000,70.945,70.965,70.94,70.955,0.002588
1741801080000,70.97,70.975,70.955,70.975,0.008379
1741801140000,70.985,70.985,70.965,70.98,0.00449
1741801200000,70.985,70.995,70.98,70.995,0.003556
1741801260000,71,71.015,70.935,70.945,0.006972
1741801320000,70.935,70.945,70.915,70.945,0.004141
1741801380000,70.955,70.955,70.935,70.955,0.001445
1741801440000,70.945,70.95,70.92,70.93,0.00468
1741801500000,70.935,70.975,70.925,70.975,0.004776
1741801560000,70.97,70.985,70.96,70.975,0.001753
1741801620000,70.965,70.965,70.935,70.94,0.005053
1741801680000,70.935,70.965,70.935,70.94,0.002368
1741801740000,70.945,70.955,70.93,70.93,0.003043
1741801800000,70.935,70.945,70.925,70.945,0.00425
1741801860000,70.95,70.975,70.945,70.97,0.004636
1741801920000,70.975,70.975,70.925,70.925,0.00352
1741801980000,70.93,70.945,70.915,70.925,0.003785
1741802040000,70.915,70.915,70.895,70.895,0.005202
1741802100000,70.89,70.915,70.885,70.91,0.003925
1741802160000,70.915,70.92,70.875,70.875,0.003564
1741802220000,70.885,70.905,70.875,70.895,0.002669
1741802280000,70.89,70.9,70.885,70.895,0.003844
1741802340000,70.9,70.905,70.875,70.875,0.004761
1741802400000,70.865,70.92,70.865,70.915,0.004071
1741802460000,70.92,70.925,70.885,70.885,0.00479
1741802520000,70.89,70.945,70.89,70.935,0.005271
1741802580000,70.945,70.955,70.935,70.935,0.003772
1741802640000,70.94,70.955,70.915,70.93,0.005807
1741802700000,70.925,70.93,70.915,70.925,0.002172
1741802760000,70.92,70.925,70.89,70.89,0.003678
1741802820000,70.895,70.905,70.875,70.895,0.00244
1741802880000,70.91,70.915,70.895,70.91,0.006203
1741802940000,70.915,70.915,70.89,70.895,0.004098
1741803000000,70.9,70.94,70.895,70.935,0.004074
1741803060000,70.94,70.965,70.935,70.95,0.005461
1741803120000,70.945,70.955,70.905,70.945,0.006729
1741803180000,70.94,70.965,70.925,70.955,0.005865
1741803240000,70.96,70.96,70.92,70.925,0.005714
1741803300000,70.92,70.94,70.92,70.94,0.004571
1741803360000,70.945,70.945,70.91,70.935,0.001767
1741803420000,70.94,70.975,70.94,70.945,0.00329
1741803480000,70.95,70.95,70.915,70.92,0.003921
1741803540000,70.925,70.925,70.885,70.885,0.008094
1741803600000,70.895,70.92,70.895,70.895,0.007917
1741803660000,70.905,70.915,70.895,70.895,0.003357
1741803720000,70.9,70.93,70.895,70.915,0.003254
1741803780000,70.93,70.93,70.87,70.885,0.008269
1741803840000,70.88,70.895,70.875,70.89,0.0029
1741803900000,70.885,70.915,70.885,70.9,0.004043
1741803960000,70.895,70.9,70.875,70.885,0.002036
1741804020000,70.895,70.895,70.865,70.895,0.010083
1741804080000,70.885,70.935,70.885,70.925,0.011501
1741804140000,70.935,70.955,70.935,70.945,0.003518
1741804200000,70.95,70.965,70.935,70.965,0.011209
1741804260000,70.975,70.995,70.975,70.995,0.004443
1741804320000,70.99,71.005,70.975,70.975,0.003425
1741804380000,70.97,70.985,70.955,70.965,0.002941
1741804440000,70.96,70.965,70.94,70.945,0.002644
1741804500000,70.94,70.965,70.925,70.965,0.003651
1741804560000,70.975,70.975,70.95,70.955,0.001586
1741804620000,70.965,70.975,70.965,70.975,0.000364
1741804680000,70.985,70.985,70.975,70.975,0.00159
1741804740000,70.985,70.99,70.975,70.99,0.002642
1741804800000,70.985,71.015,70.985,71.015,0.002064
1741804860000,71.025,71.025,71.005,71.01,0.003363
1741804920000,71.005,71.01,71.005,71.005,0.001034
1741804980000,71.01,71.01,70.995,70.995,0.002211
1741805040000,70.985,70.995,70.98,70.98,0.001119
1741805100000,70.985,70.985,70.975,70.985,0.001241
1741805160000,70.99,70.995,70.985,70.985,0.000729
1741805220000,70.975,70.975,70.965,70.975,0.000661
1741805280000,70.965,70.985,70.965,70.985,0.00058
1741805340000,70.98,70.985,70.975,70.975,0.001455
1741805400000,70.985,70.985,70.98,70.985,0.000958
1741805460000,70.975,70.98,70.975,70.975,0.000472
1741805520000,70.97,70.985,70.97,70.975,0.000513
1741805580000,70.97,70.975,70.945,70.945,0.004539
1741805640000,70.95,70.955,70.945,70.955,0.002195
1741805700000,70.95,70.955,70.935,70.935,0.001739
1741805760000,70.94,70.955,70.94,70.955,0.000971
1741805820000,70.96,70.985,70.96,70.98,0.001321
1741805880000,70.985,70.99,70.975,70.975,0.000886
1741805940000,70.965,70.975,70.955,70.97,0.002817
1741806000000,70.965,70.975,70.965,70.965,0.000324
1741806060000,70.97,70.97,70.955,70.955,0.000539
1741806120000,70.965,70.985,70.965,70.975,0.000567
1741806180000,70.98,70.985,70.975,70.985,0.000458
1741806240000,70.975,70.985,70.965,70.965,0.00182
1741806300000,70.955,70.965,70.935,70.935,0.001442
1741806360000,70.93,70.935,70.915,70.925,0.001564
1741806420000,70.92,70.92,70.915,70.915,0.000404
1741806480000,70.925,70.925,70.915,70.925,0.00031
1741806540000,70.935,70.935,70.925,70.925,0.000764
1741806600000,70.92,70.925,70.91,70.925,0.001375
1741806660000,70.92,70.925,70.91,70.925,0.001106
1741806720000,70.93,70.935,70.915,70.915,0.001443
1741806780000,70.91,70.92,70.905,70.905,0.001376
1741806840000,70.91,70.91,70.905,70.905,0.000877
1741806900000,70.9,70.925,70.895,70.915,0.001869
1741806960000,70.91,70.915,70.905,70.905,0.001253
1741807020000,70.9,70.905,70.895,70.9,0.002062
1741807080000,70.895,70.9,70.885,70.895,0.003141
1741807140000,70.9,70.9,70.895,70.895,0.00027
1741807200000,70.905,70.915,70.905,70.915,0.000904
1741807260000,70.905,70.915,70.89,70.89,0.002546
1741807320000,70.885,70.895,70.88,70.89,0.001282
1741807380000,70.885,70.895,70.875,70.875,0.00112
1741807440000,70.885,70.89,70.88,70.885,0.001874
1741807500000,70.89,70.89,70.875,70.875,0.003218
1741807560000,70.88,70.885,70.87,70.875,0.000715
1741807620000,70.87,70.875,70.845,70.875,0.001548
1741807680000,70.88,70.89,70.865,70.87,0.003548
1741807740000,70.865,70.875,70.86,70.87,0.001862
1741807800000,70.875,70.92,70.87,70.92,0.002575
1741807860000,70.925,70.94,70.925,70.935,0.001712
1741807920000,70.925,70.94,70.925,70.935,0.00054
1741807980000,70.93,70.935,70.93,70.935,0.000256
1741808040000,70.93,70.935,70.925,70.925,0.000526
1741808100000,70.93,70.93,70.91,70.925,0.001587
1741808160000,70.915,70.935,70.915,70.935,0.001444
1741808220000,70.945,70.965,70.945,70.95,0.001874
1741808280000,70.955,70.955,70.93,70.93,0.001227
1741808340000,70.935,70.935,70.905,70.905,0.001321
1741808400000,70.915,70.93,70.905,70.925,0.002037
1741808460000,70.92,70.925,70.915,70.915,0.000917
1741808520000,70.91,70.915,70.9,70.915,0.000903
1741808580000,70.925,70.935,70.925,70.925,0.000729
1741808640000,70.93,70.935,70.925,70.925,0.000903
1741808700000,70.935,70.955,70.935,70.955,0.002317
1741808760000,70.945,70.945,70.925,70.925,0.000998
1741808820000,70.935,70.935,70.935,70.935,0.000054
1741808880000,70.94,70.955,70.94,70.955,0.000782
1741808940000,70.96,70.97,70.96,70.97,0.000513
1741809000000,70.965,70.965,70.935,70.95,0.003017
1741809060000,70.945,70.955,70.945,70.95,0.001955
1741809120000,70.955,70.955,70.945,70.95,0.000782
1741809180000,70.955,70.96,70.95,70.96,0.002049
1741809240000,70.955,70.965,70.935,70.935,0.002266
1741809300000,70.95,70.965,70.95,70.965,0.000755
1741809360000,70.96,70.965,70.955,70.955,0.000661
1741809420000,70.95,70.95,70.945,70.945,0.000675
1741809480000,70.955,70.96,70.945,70.95,0.00086
1741809540000,70.945,70.95,70.935,70.945,0.001188
1741809600000,70.935,70.945,70.935,70.935,0.000932
1741809660000,70.945,70.95,70.945,70.945,0.000324
1741809720000,70.94,70.94,70.925,70.93,0.000392
1741809780000,70.935,70.935,70.93,70.935,0.000432
1741809840000,70.93,70.945,70.93,70.94,0.000823
1741809900000,70.945,70.945,70.94,70.94,0.000189
1741809960000,70.935,70.96,70.935,70.96,0.000648
1741810020000,70.955,70.955,70.945,70.945,0.000293
1741810080000,70.94,70.945,70.935,70.935,0.000954
1741810140000,70.935,70.935,70.935,70.935,0
1741810200000,70.94,70.94,70.93,70.93,0.000585
1741810260000,70.925,70.925,70.92,70.92,0.000203
1741810320000,70.915,70.92,70.915,70.915,0.000338
1741810380000,70.915,70.915,70.915,70.915,0
1741810440000,70.915,70.915,70.915,70.915,0
1741810500000,70.915,70.915,70.915,70.915,0
1741810560000,70.925,70.925,70.915,70.915,0.000324
1741810620000,70.92,70.925,70.92,70.925,0.0005
1741810680000,70.93,70.935,70.925,70.935,0.000603
1741810740000,70.93,70.945,70.925,70.94,0.000863
1741810800000,70.945,70.945,70.93,70.935,0.000648
1741810860000,70.94,70.945,70.94,70.945,0.000391
1741810920000,70.94,70.94,70.94,70.94,0.000337
1741810980000,70.945,70.955,70.945,70.95,0.000378
1741811040000,70.945,70.945,70.94,70.94,0.000337
1741811100000,70.945,70.945,70.945,70.945,0.000054
1741811160000,70.955,70.955,70.955,70.955,0.000054
1741811220000,70.96,70.965,70.955,70.96,0.000594
1741811280000,70.965,70.965,70.96,70.96,0.000189
1741811340000,70.96,70.96,70.96,70.96,0
1741811400000,70.913,70.965,70.913,70.965,0.003613
1741811460000,70.975,70.995,70.975,70.995,0.001224
1741811520000,70.99,70.99,70.935,70.935,0.001814
1741811580000,70.92,70.92,70.905,70.91,0.001264
1741811640000,70.905,70.915,70.905,70.905,0.000567
1741811700000,70.91,70.91,70.905,70.905,0.00027
1741811760000,70.91,70.93,70.91,70.925,0.001786
1741811820000,70.945,70.965,70.945,70.945,0.000306
1741811880000,70.955,70.965,70.95,70.965,0.000508
1741811940000,70.955,70.965,70.955,70.96,0.000243
1741812000000,70.945,70.95,70.94,70.945,0.000432
1741812060000,70.955,70.955,70.95,70.955,0.000243
1741812120000,70.945,70.95,70.93,70.935,0.00117
1741812180000,70.945,70.945,70.935,70.945,0.00031
1741812240000,70.955,70.975,70.955,70.965,0.000486
1741812300000,70.96,70.975,70.955,70.975,0.000522
1741812360000,70.97,70.975,70.97,70.97,0.000198
1741812420000,70.975,70.975,70.96,70.96,0.000369
1741812480000,70.955,70.965,70.95,70.965,0.000734
1741812540000,70.96,70.965,70.95,70.955,0.000864
1741812600000,70.96,70.965,70.955,70.96,0.001211
1741812660000,70.955,70.955,70.95,70.95,0.000122
1741812720000,70.955,70.955,70.95,70.955,0.000243
1741812780000,70.95,70.95,70.95,70.95,0.000135
1741812840000,70.955,70.955,70.955,70.955,0.000054
1741812900000,70.95,70.955,70.94,70.945,0.000837
1741812960000,70.955,70.955,70.95,70.95,0.0009
1741813020000,70.945,70.955,70.945,70.95,0.000455
1741813080000,70.955,70.96,70.95,70.96,0.000432
1741813140000,70.965,70.965,70.945,70.945,0.000576
1741910400000,70.092,70.122,70.082,70.092,0.001616
1741910460000,70.087,70.102,70.032,70.032,0.001952
1741910520000,70.022,70.062,70.022,70.042,0.001256
1741910580000,70.052,70.057,70.047,70.052,0.000387
1741910640000,70.047,70.047,70.032,70.037,0.001021
1741910700000,70.042,70.057,70.042,70.052,0.000369
1741910760000,70.047,70.052,70.022,70.022,0.000567
1741910820000,70.017,70.032,70.017,70.022,0.00071
1741910880000,70.012,70.022,70.012,70.017,0.00063
1741910940000,70.022,70.022,70.012,70.012,0.000279
1741911000000,70.017,70.017,69.997,69.997,0.000562
1741911060000,70.002,70.002,69.962,69.967,0.000738
1741911120000,69.962,69.992,69.962,69.987,0.000738
1741911180000,69.992,70.012,69.987,69.987,0.000522
1741911240000,69.992,69.992,69.982,69.992,0.000468
1741911300000,69.997,70.012,69.992,69.992,0.000918
1741911360000,69.997,70.002,69.992,69.997,0.000333
1741911420000,70.002,70.002,69.977,69.982,0.000567
1741911480000,69.977,69.977,69.977,69.977,0.000135
1741911540000,69.972,69.982,69.972,69.982,0.000459
1741911600000,69.977,69.977,69.962,69.972,0.000324
1741911660000,69.972,69.972,69.972,69.972,0
1741911720000,69.972,69.972,69.972,69.972,0
1741911780000,69.962,69.972,69.962,69.967,0.000391
1741911840000,69.972,69.982,69.972,69.982,0.000122
1741911900000,69.992,69.992,69.982,69.982,0.000144
1741911960000,69.972,69.982,69.962,69.972,0.00063
1741912020000,69.977,69.987,69.977,69.987,0.00094
1741912080000,69.992,69.997,69.992,69.992,0.000378
1741912140000,69.997,70.002,69.987,69.987,0.001053
1741912200000,69.992,69.992,69.982,69.992,0.000891
1741912260000,69.982,69.982,69.967,69.967,0.000526
1741912320000,69.972,69.992,69.972,69.987,0.00085
1741912380000,69.992,70.057,69.992,70.057,0.001022
1741912440000,70.062,70.062,70.052,70.052,0.000279
1741912500000,70.062,70.087,70.062,70.082,0.000981
1741912560000,70.087,70.087,70.072,70.077,0.000716
1741912620000,70.067,70.072,70.062,70.062,0.000378
1741912680000,70.052,70.052,70.052,70.052,0.000135
1741912740000,70.062,70.082,70.062,70.082,0.000198
1741912800000,70.077,70.107,70.077,70.102,0.000608
1741912860000,70.097,70.102,70.087,70.102,0.000481
1741912920000,70.107,70.112,70.102,70.102,0.000333
1741912980000,70.112,70.112,70.097,70.097,0.000792
1741913040000,70.102,70.102,70.082,70.082,0.000878
1741913100000,70.087,70.107,70.082,70.082,0.000675
1741913160000,70.102,70.102,70.092,70.097,0.000567
1741913220000,70.102,70.107,70.097,70.102,0.000734
1741913280000,70.112,70.117,70.112,70.117,0.000459
1741913340000,70.127,70.142,70.122,70.142,0.000387
1741913400000,70.137,70.137,70.107,70.112,0.00077
1741913460000,70.122,70.127,70.102,70.102,0.00036
1741913520000,70.097,70.112,70.097,70.097,0.000581
1741913580000,70.102,70.107,70.102,70.107,0.000122
1741913640000,70.102,70.102,70.097,70.102,0.000243
1741913700000,70.097,70.097,70.082,70.092,0.000513
1741913760000,70.087,70.102,70.082,70.092,0.000581
1741913820000,70.087,70.092,70.087,70.092,0.000189
1741913880000,70.102,70.102,70.092,70.092,0.000212
1741913940000,70.087,70.092,70.087,70.092,0.000378
1741914000000,70.115,70.14,70.085,70.105,0.003614
1741914060000,70.115,70.115,70.095,70.11,0.001305
1741914120000,70.115,70.135,70.115,70.13,0.002232
1741914180000,70.135,70.135,70.075,70.09,0.003037
1741914240000,70.085,70.085,70.055,70.055,0.001427
1741914300000,70.05,70.05,70.005,70.015,0.003317
1741914360000,70.02,70.055,70.015,70.05,0.002079
1741914420000,70.045,70.08,70.045,70.075,0.001751
1741914480000,70.08,70.08,70.065,70.065,0.000702
1741914540000,70.055,70.08,70.055,70.075,0.000932
1741914600000,70.08,70.085,70.075,70.08,0.000869
1741914660000,70.075,70.075,70.055,70.06,0.001812
1741914720000,70.065,70.115,70.065,70.11,0.001328
1741914780000,70.115,70.125,70.1,70.115,0.000968
1741914840000,70.12,70.145,70.12,70.14,0.001251
1741914900000,70.145,70.155,70.13,70.13,0.001404
1741914960000,70.135,70.135,70.13,70.13,0.000878
1741915020000,70.135,70.14,70.12,70.125,0.000914
1741915080000,70.13,70.14,70.11,70.14,0.00171
1741915140000,70.125,70.13,70.11,70.13,0.001476
1741915200000,70.125,70.145,70.125,70.14,0.001197
1741915260000,70.135,70.155,70.135,70.155,0.001053
1741915320000,70.165,70.165,70.135,70.145,0.00113
1741915380000,70.15,70.16,70.135,70.16,0.001278
1741915440000,70.165,70.165,70.15,70.155,0.001053
1741915500000,70.15,70.155,70.12,70.12,0.001939
1741915560000,70.115,70.115,70.105,70.105,0.001242
1741915620000,70.11,70.125,70.105,70.115,0.000917
1741915680000,70.12,70.135,70.12,70.135,0.000648
1741915740000,70.14,70.145,70.095,70.095,0.002205
1741915800000,70.09,70.09,70.04,70.045,0.002565
1741915860000,70.04,70.045,69.995,70.03,0.002668
1741915920000,70.035,70.08,70.035,70.075,0.001971
1741915980000,70.08,70.085,70.065,70.07,0.001404
1741916040000,70.065,70.065,70.03,70.05,0.001121
1741916100000,70.055,70.06,70.04,70.05,0.001364
1741916160000,70.045,70.065,70.045,70.065,0.001094
1741916220000,70.085,70.085,70.055,70.065,0.000959
1741916280000,70.07,70.085,70.07,70.075,0.001134
1741916340000,70.07,70.08,70.065,70.075,0.001764
1741916400000,70.08,70.095,70.075,70.095,0.001025
1741916460000,70.105,70.135,70.1,70.135,0.001598
1741916520000,70.14,70.16,70.14,70.15,0.001409
1741916580000,70.155,70.155,70.125,70.125,0.001206
1741916640000,70.13,70.14,70.12,70.125,0.001481
1741916700000,70.13,70.135,70.115,70.125,0.001562
1741916760000,70.12,70.12,70.08,70.085,0.001979
1741916820000,70.08,70.09,70.075,70.085,0.000809
1741916880000,70.09,70.095,70.07,70.085,0.001294
1741916940000,70.08,70.085,70.07,70.085,0.000499
1741917000000,70.08,70.105,70.07,70.1,0.001336
1741917060000,70.105,70.13,70.105,70.125,0.001661
1741917120000,70.13,70.145,70.12,70.135,0.002601
1741917180000,70.145,70.155,70.14,70.155,0.000621
1741917240000,70.16,70.18,70.155,70.16,0.001998
1741917300000,70.155,70.165,70.15,70.165,0.000432
1741917360000,70.15,70.165,70.145,70.165,0.000455
1741917420000,70.16,70.165,70.155,70.155,0.000954
1741917480000,70.15,70.165,70.15,70.16,0.000486
1741917540000,70.155,70.175,70.155,70.165,0.001229
1741917600000,70.17,70.175,70.155,70.175,0.001467
1741917660000,70.165,70.165,70.145,70.155,0.001242
1741917720000,70.15,70.165,70.145,70.145,0.001139
1741917780000,70.14,70.17,70.14,70.165,0.001161
1741917840000,70.16,70.16,70.155,70.155,0.000135
1741917900000,70.15,70.165,70.145,70.16,0.000491
1741917960000,70.165,70.175,70.155,70.16,0.000954
1741918020000,70.155,70.165,70.155,70.165,0.000257
1741918080000,70.17,70.175,70.165,70.165,0.000761
1741918140000,70.17,70.175,70.165,70.165,0.000455
1741918200000,70.17,70.195,70.165,70.185,0.000446
1741918260000,70.19,70.205,70.185,70.2,0.001102
1741918320000,70.195,70.205,70.185,70.185,0.000738
1741918380000,70.195,70.205,70.195,70.205,0.000108
1741918440000,70.215,70.245,70.215,70.245,0.002106
1741918500000,70.245,70.245,70.245,70.245,0
1741918560000,70.235,70.235,70.235,70.235,0.000068
1741918620000,70.225,70.225,70.22,70.22,0.00027
1741918680000,70.225,70.265,70.225,70.265,0.00054
1741918740000,70.255,70.26,70.25,70.25,0.000468
1741918800000,70.255,70.255,70.245,70.255,0.001157
1741918860000,70.25,70.25,70.245,70.245,0.001089
1741918920000,70.25,70.255,70.25,70.25,0.000324
1741918980000,70.255,70.255,70.245,70.245,0.000122
1741919040000,70.245,70.245,70.245,70.245,0
1741919100000,70.24,70.24,70.225,70.225,0.000243
1741919160000,70.23,70.23,70.215,70.225,0.000864
1741919220000,70.235,70.245,70.235,70.245,0.000243
1741919280000,70.235,70.245,70.235,70.245,0.000324
1741919340000,70.25,70.25,70.245,70.245,0.00027
1741919400000,70.235,70.245,70.235,70.245,0.002887
1741919460000,70.25,70.25,70.23,70.235,0.000795
1741919520000,70.24,70.25,70.235,70.24,0.001524
1741919580000,70.235,70.245,70.235,70.235,0.00143
1741919640000,70.245,70.255,70.235,70.25,0.001552
1741919700000,70.255,70.255,70.245,70.255,0.000756
1741919760000,70.265,70.275,70.265,70.27,0.000795
1741919820000,70.265,70.275,70.265,70.275,0.001039
1741919880000,70.295,70.295,70.26,70.285,0.002397
1741919940000,70.295,70.305,70.285,70.305,0.001251
1741920000000,70.295,70.295,70.285,70.285,0.00058
1741920060000,70.29,70.295,70.28,70.285,0.000904
1741920120000,70.28,70.285,70.25,70.255,0.00182
1741920180000,70.265,70.275,70.265,70.275,0.000243
1741920240000,70.265,70.27,70.255,70.255,0.000877
1741920300000,70.26,70.265,70.255,70.26,0.000917
1741920360000,70.255,70.26,70.25,70.255,0.001309
1741920420000,70.26,70.26,70.245,70.25,0.000629
1741920480000,70.255,70.255,70.25,70.255,0.00031
1741920540000,70.26,70.265,70.255,70.26,0.000728
1741920600000,70.255,70.255,70.245,70.25,0.000684
1741920660000,70.245,70.255,70.245,70.25,0.001142
1741920720000,70.255,70.275,70.255,70.275,0.001683
1741920780000,70.27,70.275,70.265,70.275,0.000513
1741920840000,70.285,70.285,70.265,70.27,0.00085
1741920900000,70.265,70.27,70.26,70.265,0.001376
1741920960000,70.275,70.275,70.26,70.26,0.000212
1741921020000,70.265,70.285,70.265,70.285,0.000621
1741921080000,70.28,70.28,70.27,70.275,0.000459
1741921140000,70.28,70.28,70.275,70.275,0.00027
1741921200000,70.28,70.305,70.28,70.305,0.000445
1741921260000,70.3,70.325,70.3,70.315,0.000756
1741921320000,70.305,70.325,70.3,70.325,0.001769
1741921380000,70.345,70.345,70.335,70.335,0.000513
1741921440000,70.325,70.335,70.325,70.335,0.000212
1741921500000,70.34,70.355,70.335,70.335,0.001058
1741921560000,70.34,70.355,70.335,70.355,0.001242
1741921620000,70.36,70.375,70.36,70.375,0.000792
1741921680000,70.365,70.37,70.365,70.365,0.000504
1741921740000,70.37,70.375,70.365,70.375,0.000891
1741921800000,70.365,70.375,70.365,70.375,0.000324
1741921860000,70.365,70.365,70.355,70.355,0.000967
1741921920000,70.36,70.365,70.355,70.355,0.000594
1741921980000,70.365,70.37,70.355,70.36,0.002105
1741922040000,70.365,70.375,70.36,70.375,0.00182
1741922100000,70.375,70.375,70.375,70.375,0
1741922160000,70.395,70.41,70.39,70.39,0.000797
1741922220000,70.385,70.405,70.38,70.395,0.001507
1741922280000,70.4,70.41,70.4,70.405,0.000648
1741922340000,70.41,70.415,70.375,70.395,0.001881
1741922400000,70.39,70.405,70.39,70.395,0.001458
1741922460000,70.4,70.425,70.4,70.42,0.001377
1741922520000,70.425,70.425,70.405,70.405,0.000927
1741922580000,70.395,70.4,70.395,70.395,0.000675
1741922640000,70.39,70.395,70.38,70.39,0.000994
1741922700000,70.395,70.395,70.39,70.39,0.000756
1741922760000,70.385,70.385,70.37,70.375,0.001026
1741922820000,70.365,70.37,70.335,70.335,0.001274
1741922880000,70.34,70.34,70.335,70.335,0.000684
1741922940000,70.34,70.36,70.34,70.35,0.000882
1741923000000,70.345,70.375,70.345,70.375,0.000635
1741923060000,70.37,70.37,70.345,70.345,0.000527
1741923120000,70.34,70.355,70.335,70.345,0.000702
1741923180000,70.35,70.35,70.335,70.345,0.000702
1741923240000,70.345,70.345,70.345,70.345,0
1741923300000,70.35,70.355,70.345,70.355,0.000513
1741923360000,70.35,70.355,70.34,70.34,0.000378
1741923420000,70.345,70.345,70.335,70.34,0.000549
1741923480000,70.345,70.345,70.34,70.345,0.000176
1741923540000,70.35,70.355,70.345,70.355,0.000414
1741923600000,70.35,70.35,70.345,70.345,0.000189
1741923660000,70.34,70.345,70.335,70.345,0.000648
1741923720000,70.34,70.345,70.335,70.335,0.000378
1741923780000,70.34,70.34,70.325,70.335,0.001101
1741923840000,70.33,70.335,70.325,70.325,0.000818
1741923900000,70.32,70.325,70.32,70.325,0.000256
1741923960000,70.315,70.315,70.315,70.315,0.000135
1741924020000,70.295,70.295,70.285,70.285,0.000337
1741924080000,70.28,70.28,70.255,70.26,0.000998
1741924140000,70.255,70.285,70.255,70.275,0.001561
1741924200000,70.285,70.285,70.27,70.27,0.000837
1741924260000,70.265,70.275,70.265,70.275,0.000176
1741924320000,70.28,70.285,70.28,70.285,0.000122
1741924380000,70.28,70.28,70.28,70.28,0.000135
1741924440000,70.233,70.285,70.233,70.285,0.003154
1741924500000,70.295,70.305,70.295,70.295,0.000392
1741924560000,70.285,70.3,70.285,70.3,0.000707
1741924620000,70.305,70.305,70.305,70.305,0.000054
1741924680000,70.3,70.3,70.295,70.295,0.000315
1741924740000,70.3,70.305,70.3,70.305,0.000266
1741924800000,70.3,70.315,70.3,70.315,0.000711
1741924860000,70.31,70.31,70.31,70.31,0.000068
1741924920000,70.305,70.31,70.305,70.31,0.000158
1741924980000,70.305,70.305,70.305,70.305,0.00009
1741925040000,70.31,70.31,70.305,70.305,0.000122
1741925100000,70.31,70.32,70.31,70.32,0.000347
1741925160000,70.315,70.32,70.305,70.305,0.000806
1741925220000,70.295,70.295,70.295,70.295,0.000068
1741925280000,70.305,70.305,70.295,70.295,0.000198
1741925340000,70.305,70.305,70.305,70.305,0.000054
1741925400000,70.31,70.31,70.31,70.31,0.00009
1741925460000,70.315,70.315,70.3,70.3,0.000423
1741925520000,70.305,70.305,70.295,70.295,0.000378
1741925580000,70.3,70.31,70.3,70.305,0.000252
1741925640000,70.258,70.258,70.258,70.258,0.0031
1741925700000,70.305,70.315,70.305,70.31,0.000581
1741925760000,70.305,70.315,70.305,70.315,0.000594
1741925820000,70.31,70.315,70.31,70.31,0.000513
1741925880000,70.305,70.305,70.305,70.305,0.000135
1741925940000,70.305,70.305,70.305,70.305,0
1741926000000,70.3,70.3,70.295,70.295,0.00027
1741926060000,70.305,70.305,70.285,70.305,0.000689
1741926120000,70.305,70.305,70.305,70.305,0
1741926180000,70.31,70.31,70.305,70.305,0.00027
1741926240000,70.305,70.305,70.305,70.305,0
1741926300000,70.31,70.31,70.31,70.31,0.000135
1741926360000,70.305,70.305,70.305,70.305,0.000135
1741926420000,70.315,70.315,70.315,70.315,0.000054
1741926480000,70.315,70.315,70.315,70.315,0
1741926540000,70.31,70.31,70.305,70.31,0.000405
1741926600000,70.315,70.315,70.31,70.31,0.000189
1741926660000,70.305,70.305,70.305,70.305,0.00009
1741926720000,70.258,70.31,70.258,70.31,0.003325
1741926780000,70.305,70.305,70.305,70.305,0.000135
1741926840000,70.305,70.305,70.305,70.305,0
1741926900000,70.31,70.315,70.31,70.315,0.000122
1741926960000,70.31,70.31,70.31,70.31,0.00009
1741927020000,70.305,70.31,70.305,70.305,0.000212
1741927080000,70.3,70.3,70.3,70.3,0.000135
1741927140000,70.305,70.305,70.285,70.29,0.000783
1741927200000,70.295,70.3,70.295,70.3,0.000144
1741927260000,70.295,70.3,70.295,70.3,0.000144
1741927320000,70.295,70.305,70.295,70.305,0.000176
1741927380000,70.305,70.305,70.305,70.305,0
1741927440000,70.3,70.305,70.3,70.305,0.000333
1741927500000,70.305,70.305,70.305,70.305,0
1741927560000,70.31,70.31,70.305,70.305,0.00027
1741927620000,70.3,70.3,70.29,70.295,0.000459
1741927680000,70.29,70.295,70.285,70.29,0.000594
1741927740000,70.295,70.3,70.295,70.3,0.000144
1741927800000,70.305,70.31,70.305,70.305,0.000176
1741927860000,70.31,70.315,70.305,70.31,0.000603
1741927920000,70.315,70.315,70.31,70.31,0.000189
1741927980000,70.263,70.263,70.263,70.263,0.0031
1741928040000,70.315,70.315,70.3,70.3,0.000459
1741928100000,70.305,70.305,70.305,70.305,0.000054
1741928160000,70.315,70.315,70.305,70.31,0.000513
1741928220000,70.305,70.315,70.305,70.315,0.000279
1741928280000,70.31,70.32,70.31,70.32,0.000279
1741928340000,70.315,70.32,70.315,70.315,0.000248
1741928400000,70.31,70.31,70.305,70.305,0.000203
1741928460000,70.305,70.305,70.305,70.305,0
1741928520000,70.295,70.3,70.295,70.3,0.00027
1741928580000,70.295,70.305,70.295,70.305,0.000324
1741928640000,70.3,70.32,70.3,70.315,0.000401
1741928700000,70.31,70.325,70.31,70.32,0.000648
1741928760000,70.315,70.315,70.295,70.295,0.000549
1741928820000,70.3,70.305,70.3,70.305,0.000144
1741928880000,70.31,70.315,70.305,70.31,0.000522
1741928940000,70.305,70.31,70.29,70.29,0.000567
1741929000000,70.295,70.305,70.295,70.305,0.000198
1741929060000,70.31,70.31,70.31,70.31,0.000068
1741929120000,70.305,70.31,70.3,70.305,0.000392
1741929180000,70.31,70.315,70.305,70.305,0.000446
1741929240000,70.31,70.31,70.305,70.31,0.000225
1741929300000,70.315,70.32,70.315,70.32,0.000122
1741929360000,70.315,70.32,70.315,70.315,0.000608
1741929420000,70.325,70.325,70.315,70.32,0.000257
1741929480000,70.273,70.273,70.273,70.273,0.0031
1741929540000,70.32,70.345,70.315,70.345,0.001674
1741929600000,70.34,70.34,70.34,70.34,0.000135
1741929660000,70.335,70.34,70.325,70.325,0.00054
1741929720000,70.315,70.315,70.295,70.305,0.000459
1741929780000,70.3,70.305,70.29,70.29,0.000594
1741929840000,70.285,70.295,70.275,70.285,0.000994
1741929900000,70.29,70.295,70.275,70.28,0.001309
1741929960000,70.275,70.285,70.275,70.28,0.001066
1741930020000,70.275,70.28,70.275,70.28,0.000675
1741930080000,70.275,70.28,70.275,70.28,0.001013
1741930140000,70.275,70.285,70.275,70.28,0.000729
1741930200000,70.275,70.305,70.255,70.3,0.003185
1741930260000,70.295,70.305,70.295,70.305,0.000459
1741930320000,70.31,70.31,70.3,70.3,0.000945
1741930380000,70.295,70.305,70.295,70.3,0.001656
1741930440000,70.295,70.3,70.295,70.3,0.000729
1741930500000,70.295,70.31,70.295,70.305,0.001053
1741930560000,70.31,70.31,70.305,70.31,0.000945
1741930620000,70.263,70.305,70.263,70.305,0.003235
1741930680000,70.31,70.325,70.31,70.325,0.000634
1741930740000,70.33,70.33,70.32,70.32,0.00036
1741930800000,70.315,70.33,70.305,70.315,0.000769
1741930860000,70.325,70.325,70.31,70.31,0.000648
1741930920000,70.305,70.305,70.295,70.295,0.000783
1741930980000,70.3,70.3,70.285,70.29,0.001741
1741931040000,70.295,70.295,70.285,70.285,0.001728
1741931100000,70.29,70.3,70.27,70.295,0.001107
1741931160000,70.3,70.305,70.295,70.305,0.000581
1741931220000,70.315,70.315,70.295,70.3,0.001539
1741931280000,70.295,70.305,70.29,70.295,0.000851
1741931340000,70.3,70.3,70.295,70.3,0.000315
1741931400000,70.305,70.31,70.3,70.31,0.000716
1741931460000,70.305,70.31,70.305,70.305,0.000324
1741931520000,70.31,70.315,70.305,70.315,0.000693
1741931580000,70.31,70.32,70.3,70.305,0.000693
1741931640000,70.31,70.315,70.305,70.31,0.000729
1741931700000,70.305,70.32,70.305,70.32,0.000324
1741931760000,70.325,70.335,70.325,70.335,0.000486
1741931820000,70.33,70.345,70.33,70.335,0.000603
1741931880000,70.345,70.36,70.34,70.36,0.000688
1741931940000,70.365,70.365,70.355,70.355,0.000702
1741932000000,70.345,70.345,70.335,70.335,0.000459
1741932060000,70.34,70.35,70.335,70.345,0.000684
1741932120000,70.335,70.335,70.325,70.325,0.000729
1741932180000,70.33,70.335,70.325,70.33,0.00077
1741932240000,70.335,70.335,70.325,70.325,0.000324
1741932300000,70.33,70.335,70.325,70.325,0.00068
1741932360000,70.31,70.315,70.295,70.3,0.00247
1741932420000,70.295,70.305,70.295,70.3,0.000459
1741932480000,70.295,70.32,70.295,70.32,0.001067
1741932540000,70.325,70.325,70.315,70.325,0.000702
1741932600000,70.32,70.33,70.305,70.305,0.00221
1741932660000,70.3,70.305,70.275,70.285,0.002752
1741932720000,70.29,70.29,70.26,70.275,0.001179
1741932780000,70.27,70.275,70.265,70.265,0.002091
1741932840000,70.255,70.295,70.245,70.295,0.002034
1741932900000,70.29,70.315,70.29,70.315,0.001094
1741932960000,70.31,70.315,70.31,70.31,0.00108
1741933020000,70.315,70.325,70.315,70.325,0.000279
1741933080000,70.33,70.335,70.315,70.32,0.001076
1741933140000,70.315,70.35,70.315,70.345,0.000576
1741933200000,70.34,70.355,70.34,70.35,0.00108
1741933260000,70.34,70.375,70.335,70.37,0.001337
1741933320000,70.365,70.385,70.365,70.385,0.001449
1741933380000,70.38,70.4,70.38,70.395,0.000648
1741933440000,70.405,70.43,70.395,70.425,0.00153
1741933500000,70.43,70.445,70.415,70.445,0.00099
1741933560000,70.45,70.465,70.42,70.42,0.001346
1741933620000,70.43,70.44,70.42,70.435,0.001035
1741933680000,70.44,70.445,70.435,70.435,0.001067
1741933740000,70.44,70.44,70.425,70.435,0.000504
1741933800000,70.43,70.465,70.43,70.445,0.001508
1741933860000,70.455,70.455,70.425,70.425,0.00059
1741933920000,70.415,70.425,70.415,70.415,0.001287
1741933980000,70.405,70.415,70.405,70.415,0.000144
1741934040000,70.41,70.445,70.41,70.445,0.000711
1741934100000,70.435,70.445,70.415,70.435,0.001571
1741934160000,70.43,70.45,70.425,70.45,0.000842
1741934220000,70.455,70.455,70.445,70.445,0.000243
1741934280000,70.45,70.475,70.44,70.47,0.00197
1741934340000,70.465,70.475,70.465,70.47,0.001593
1741934400000,70.465,70.515,70.465,70.505,0.003222
1741934460000,70.53,70.545,70.51,70.525,0.00274
1741934520000,70.515,70.52,70.495,70.495,0.001481
1741934580000,70.505,70.515,70.495,70.51,0.001643
1741934640000,70.515,70.515,70.505,70.51,0.000675
1741934700000,70.515,70.52,70.5,70.515,0.000873
1741934760000,70.51,70.525,70.505,70.525,0.000981
1741934820000,70.52,70.535,70.515,70.535,0.001796
1741934880000,70.54,70.555,70.535,70.555,0.00185
1741934940000,70.545,70.56,70.54,70.555,0.001724
1741935000000,70.55,70.555,70.535,70.545,0.001804
1741935060000,70.54,70.555,70.54,70.54,0.000806
1741935120000,70.545,70.56,70.54,70.555,0.001112
1741935180000,70.565,70.565,70.555,70.565,0.001307
1741935240000,70.56,70.575,70.535,70.535,0.001426
1741935300000,70.53,70.55,70.525,70.535,0.001534
1741935360000,70.525,70.55,70.525,70.535,0.001296
1741935420000,70.545,70.555,70.54,70.555,0.001377
1741935480000,70.545,70.545,70.545,70.545,0.000135
1741935540000,70.55,70.565,70.545,70.555,0.001844
1741935600000,70.545,70.565,70.54,70.565,0.002376
1741935660000,70.555,70.585,70.555,70.575,0.00246
1741935720000,70.57,70.595,70.565,70.595,0.002657
1741935780000,70.585,70.635,70.565,70.635,0.001332
1741935840000,70.625,70.635,70.595,70.615,0.003098
1741935900000,70.61,70.655,70.61,70.625,0.004611
1741935960000,70.63,70.63,70.595,70.605,0.001555
1741936020000,70.595,70.655,70.595,70.655,0.001733
1741936080000,70.645,70.685,70.64,70.675,0.001381
1741936140000,70.67,70.675,70.65,70.65,0.002358
1741936200000,70.645,70.655,70.63,70.63,0.003634
1741936260000,70.625,70.635,70.615,70.625,0.001052
1741936320000,70.615,70.615,70.585,70.585,0.000324
1741936380000,70.575,70.575,70.565,70.565,0.000931
1741936440000,70.555,70.565,70.555,70.555,0.002316
1741936500000,70.56,70.565,70.555,70.555,0.001038
1741936560000,70.56,70.565,70.56,70.565,0.000324
1741936620000,70.585,70.585,70.525,70.525,0.00178
1741936680000,70.535,70.54,70.515,70.54,0.003466
1741936740000,70.545,70.575,70.523,70.56,0.006413
1741936800000,70.565,70.565,70.545,70.545,0.000553
1741936860000,70.54,70.545,70.505,70.505,0.001052
1741936920000,70.5,70.505,70.5,70.505,0.000256
1741936980000,70.485,70.485,70.485,70.485,0.000202
1741937040000,70.495,70.52,70.495,70.515,0.001618
1741937100000,70.525,70.575,70.525,70.57,0.002518
1741937160000,70.565,70.575,70.56,70.565,0.000891
1741937220000,70.56,70.565,70.555,70.565,0.000364
1741937280000,70.57,70.575,70.565,70.57,0.001246
1741937340000,70.575,70.595,70.565,70.595,0.000796
1741937400000,70.59,70.605,70.585,70.6,0.002191
1741937460000,70.605,70.625,70.585,70.585,0.001754
1741937520000,70.595,70.595,70.545,70.55,0.001965
1741937580000,70.545,70.555,70.535,70.535,0.001551
1741937640000,70.53,70.53,70.51,70.525,0.001272
1741937700000,70.52,70.57,70.52,70.565,0.001147
1741937760000,70.56,70.56,70.545,70.56,0.000819
1741937820000,70.565,70.575,70.545,70.55,0.000945
1741937880000,70.545,70.57,70.535,70.555,0.002474
1741937940000,70.565,70.575,70.565,70.575,0.000243
1741938000000,70.585,70.605,70.575,70.585,0.001161
1741938060000,70.59,70.6,70.585,70.59,0.001376
1741938120000,70.595,70.595,70.555,70.555,0.000683
1741938180000,70.545,70.55,70.535,70.535,0.001346
1741938240000,70.545,70.545,70.515,70.515,0.00103
1741938300000,70.51,70.515,70.485,70.485,0.000823
1741938360000,70.475,70.475,70.47,70.475,0.000647
1741938420000,70.465,70.475,70.455,70.455,0.001551
1741938480000,70.475,70.505,70.475,70.505,0.000809
1741938540000,70.51,70.545,70.495,70.545,0.002051
1741938600000,70.555,70.555,70.555,70.555,0.000054
1741938660000,70.565,70.575,70.545,70.55,0.002156
1741938720000,70.545,70.565,70.535,70.555,0.001251
1741938780000,70.56,70.565,70.555,70.565,0.001246
1741938840000,70.57,70.575,70.55,70.56,0.001017
1741938900000,70.565,70.565,70.54,70.55,0.001301
1741938960000,70.545,70.585,70.545,70.585,0.000846
1741939020000,70.575,70.595,70.575,70.595,0.000554
1741939080000,70.585,70.595,70.57,70.57,0.001602
1741939140000,70.565,70.585,70.565,70.575,0.001408
1741939200000,70.565,70.565,70.52,70.545,0.004221
1741939260000,70.555,70.575,70.495,70.495,0.002479
1741939320000,70.505,70.515,70.485,70.505,0.002322
1741939380000,70.51,70.515,70.475,70.475,0.001552
1741939440000,70.485,70.485,70.465,70.475,0.0024
1741939500000,70.485,70.525,70.485,70.515,0.001849
1741939560000,70.525,70.575,70.515,70.555,0.002852
1741939620000,70.545,70.545,70.495,70.495,0.004089
1741939680000,70.5,70.5,70.45,70.46,0.005479
1741939740000,70.465,70.465,70.44,70.44,0.002095
1741939800000,70.435,70.445,70.425,70.425,0.001796
1741939860000,70.435,70.465,70.43,70.445,0.001696
1741939920000,70.455,70.455,70.435,70.435,0.001341
1741939980000,70.44,70.46,70.435,70.46,0.001782
1741940040000,70.465,70.475,70.455,70.465,0.001876
1741940100000,70.46,70.48,70.455,70.465,0.002173
1741940160000,70.475,70.475,70.425,70.425,0.002114
1741940220000,70.43,70.465,70.425,70.455,0.002421
1741940280000,70.46,70.465,70.455,70.46,0.001026
1741940340000,70.465,70.495,70.445,70.455,0.002977
1741940400000,70.445,70.475,70.445,70.475,0.001749
1741940460000,70.47,70.495,70.465,70.475,0.002155
1741940520000,70.485,70.515,70.455,70.515,0.002491
1741940580000,70.525,70.525,70.475,70.485,0.002247
1741940640000,70.475,70.48,70.455,70.455,0.002657
1741940700000,70.45,70.485,70.445,70.445,0.003495
1741940760000,70.455,70.455,70.435,70.445,0.003343
1741940820000,70.455,70.455,70.435,70.435,0.004402
1741940880000,70.425,70.455,70.425,70.455,0.005461
1741940940000,70.45,70.545,70.45,70.495,0.009999
1741941000000,70.505,70.565,70.485,70.535,0.007442
1741941060000,70.53,70.535,70.475,70.505,0.004185
1741941120000,70.495,70.515,70.485,70.485,0.002649
1741941180000,70.475,70.475,70.445,70.455,0.001223
1741941240000,70.465,70.485,70.455,70.485,0.001954
1741941300000,70.495,70.565,70.485,70.565,0.001886
1741941360000,70.575,70.615,70.555,70.59,0.001988
1741941420000,70.585,70.685,70.585,70.675,0.004447
1741941480000,70.685,70.705,70.665,70.675,0.001624
1741941540000,70.685,70.685,70.655,70.655,0.001633
1741941600000,70.645,70.685,70.645,70.685,0.001093
1741941660000,70.675,70.675,70.645,70.655,0.001039
1741941720000,70.665,70.685,70.66,70.66,0.001858
1741941780000,70.655,70.675,70.655,70.675,0.000432
1741941840000,70.68,70.695,70.675,70.695,0.001084
1741941900000,70.685,70.705,70.675,70.685,0.00128
1741941960000,70.69,70.695,70.67,70.675,0.001147
1741942020000,70.68,70.705,70.675,70.685,0.001821
1741942080000,70.695,70.695,70.685,70.685,0.001092
1741942140000,70.705,70.715,70.695,70.705,0.001699
1741942200000,70.7,70.725,70.7,70.705,0.002496
1741942260000,70.715,70.725,70.715,70.715,0.000445
1741942320000,70.705,70.715,70.705,70.715,0.001564
1741942380000,70.725,70.725,70.705,70.705,0.002306
1741942440000,70.715,70.725,70.715,70.725,0.0004
1741942500000,70.715,70.725,70.71,70.715,0.000837
1741942560000,70.705,70.715,70.695,70.705,0.002212
1741942620000,70.715,70.715,70.705,70.705,0.001066
1741942680000,70.715,70.715,70.705,70.715,0.000873
1741942740000,70.705,70.705,70.695,70.695,0.00027
1741942800000,70.7,70.705,70.655,70.655,0.002859
1741942860000,70.65,70.665,70.635,70.635,0.002391
1741942920000,70.63,70.67,70.63,70.655,0.001363
1741942980000,70.66,70.675,70.635,70.635,0.001485
1741943040000,70.645,70.645,70.595,70.605,0.001241
1741943100000,70.615,70.625,70.605,70.615,0.001098
1741943160000,70.625,70.625,70.595,70.595,0.001044
1741943220000,70.6,70.605,70.555,70.565,0.001794
1741943280000,70.575,70.61,70.565,70.605,0.000792
1741943340000,70.61,70.625,70.605,70.62,0.002963
1741943400000,70.615,70.625,70.595,70.625,0.001071
1741943460000,70.615,70.625,70.615,70.625,0.000616
1741943520000,70.62,70.625,70.605,70.605,0.001655
1741943580000,70.595,70.595,70.585,70.595,0.000836
1741943640000,70.6,70.6,70.585,70.59,0.000648
1741943700000,70.585,70.6,70.585,70.595,0.000527
1741943760000,70.6,70.6,70.535,70.545,0.001578
1741943820000,70.555,70.575,70.545,70.565,0.001022
1741943880000,70.56,70.56,70.525,70.525,0.00196
1741943940000,70.515,70.515,70.485,70.5,0.002693
1741944000000,70.495,70.51,70.49,70.495,0.001228
1741944060000,70.485,70.505,70.485,70.505,0.001175
1741944120000,70.495,70.495,70.485,70.485,0.001766
1741944180000,70.495,70.495,70.455,70.485,0.002625
1741944240000,70.495,70.535,70.495,70.535,0.00121
1741944300000,70.54,70.585,70.535,70.565,0.001917
1741944360000,70.545,70.555,70.535,70.555,0.000522
1741944420000,70.56,70.56,70.535,70.535,0.001129
1741944480000,70.515,70.515,70.495,70.495,0.000427
1741944540000,70.505,70.515,70.495,70.515,0.001152
1741944600000,70.52,70.535,70.5,70.515,0.002304
1741944660000,70.51,70.52,70.505,70.515,0.000877
1741944720000,70.52,70.525,70.52,70.525,0.000122
1741944780000,70.51,70.515,70.475,70.49,0.001475
1741944840000,70.475,70.505,70.465,70.505,0.001057
1741944900000,70.495,70.545,70.495,70.545,0.000608
1741944960000,70.55,70.575,70.53,70.565,0.001175
1741945020000,70.56,70.56,70.515,70.515,0.000693
1741945080000,70.52,70.52,70.505,70.505,0.000338
1741945140000,70.51,70.515,70.505,70.505,0.000837
1741945200000,70.495,70.505,70.485,70.495,0.002259
1741945260000,70.485,70.505,70.455,70.505,0.001885
1741945320000,70.51,70.515,70.495,70.515,0.00086
1741945380000,70.51,70.52,70.49,70.505,0.001296
1741945440000,70.51,70.51,70.48,70.485,0.001349
1741945500000,70.475,70.505,70.475,70.505,0.000473
1741945560000,70.51,70.515,70.475,70.485,0.001192
1741945620000,70.495,70.515,70.485,70.505,0.00116
1741945680000,70.495,70.495,70.475,70.485,0.000495
1741945740000,70.475,70.485,70.455,70.455,0.002451
1741945800000,70.465,70.495,70.465,70.495,0.001121
1741945860000,70.5,70.5,70.495,70.495,0.000788
1741945920000,70.485,70.505,70.475,70.505,0.000932
1741945980000,70.515,70.525,70.515,70.525,0.000108
1741946040000,70.535,70.57,70.535,70.565,0.001443
1741946100000,70.555,70.615,70.555,70.615,0.00295
1741946160000,70.61,70.625,70.605,70.615,0.001062
1741946220000,70.605,70.615,70.59,70.595,0.001656
1741946280000,70.6,70.615,70.595,70.61,0.00135
1741946340000,70.605,70.625,70.595,70.615,0.001331
1741946400000,70.605,70.605,70.545,70.545,0.003665
1741946460000,70.535,70.55,70.53,70.545,0.001143
1741946520000,70.55,70.555,70.475,70.505,0.005487
1741946580000,70.485,70.485,70.465,70.475,0.001174
1741946640000,70.485,70.495,70.485,70.485,0.000783
1741946700000,70.475,70.505,70.475,70.505,0.000701
1741946760000,70.515,70.58,70.515,70.58,0.001659
1741946820000,70.575,70.61,70.565,70.595,0.002731
1741946880000,70.585,70.585,70.545,70.55,0.002956
1741946940000,70.555,70.555,70.545,70.555,0.001839
1741947000000,70.55,70.555,70.545,70.55,0.001106
1741947060000,70.54,70.55,70.52,70.55,0.002591
1741947120000,70.555,70.555,70.535,70.545,0.001026
1741947180000,70.555,70.565,70.545,70.56,0.00144
1741947240000,70.555,70.565,70.555,70.555,0.000234
1741947300000,70.56,70.56,70.545,70.545,0.00081
1741947360000,70.555,70.575,70.545,70.55,0.002781
1741947420000,70.545,70.565,70.545,70.565,0.000455
1741947480000,70.57,70.585,70.57,70.58,0.002123
1741947540000,70.575,70.575,70.565,70.565,0.001938
1741947600000,70.575,70.625,70.575,70.625,0.001188
1741947660000,70.62,70.62,70.58,70.58,0.001885
1741947720000,70.585,70.595,70.575,70.595,0.001146
1741947780000,70.59,70.6,70.575,70.6,0.001578
1741947840000,70.595,70.605,70.585,70.595,0.001511
1741947900000,70.605,70.61,70.59,70.605,0.001214
1741947960000,70.6,70.605,70.595,70.6,0.001374
1741948020000,70.595,70.61,70.555,70.56,0.008048
1741948080000,70.565,70.575,70.535,70.535,0.003049
1741948140000,70.525,70.535,70.515,70.515,0.0012
1741948200000,70.505,70.525,70.495,70.515,0.002672
1741948260000,70.505,70.505,70.505,70.505,0.000202
1741948320000,70.495,70.525,70.495,70.505,0.001478
1741948380000,70.5,70.505,70.465,70.505,0.003034
1741948440000,70.515,70.515,70.505,70.505,0.000688
1741948500000,70.5,70.515,70.49,70.515,0.00178
1741948560000,70.505,70.515,70.5,70.505,0.001712
1741948620000,70.5,70.505,70.465,70.465,0.002485
1741948680000,70.47,70.485,70.425,70.43,0.002578
1741948740000,70.425,70.45,70.425,70.43,0.003554
1741948800000,70.435,70.445,70.425,70.435,0.002334
1741948860000,70.43,70.445,70.425,70.44,0.002591
1741948920000,70.445,70.445,70.385,70.405,0.002629
1741948980000,70.415,70.435,70.375,70.435,0.002913
1741949040000,70.44,70.445,70.39,70.395,0.003607
1741949100000,70.39,70.435,70.38,70.435,0.002496
1741949160000,70.425,70.455,70.425,70.45,0.001146
1741949220000,70.445,70.445,70.405,70.435,0.002101
1741949280000,70.44,70.445,70.425,70.425,0.00129
1741949340000,70.42,70.435,70.42,70.425,0.001263
1741949400000,70.435,70.445,70.435,70.445,0.000566
1741949460000,70.435,70.445,70.42,70.425,0.001799
1741949520000,70.43,70.435,70.415,70.425,0.001052
1741949580000,70.42,70.435,70.405,70.435,0.001624
1741949640000,70.44,70.445,70.415,70.425,0.002393
1741949700000,70.42,70.425,70.405,70.405,0.000796
1741949760000,70.395,70.41,70.375,70.405,0.002158
1741949820000,70.415,70.425,70.405,70.415,0.000756
1741949880000,70.405,70.405,70.405,70.405,0.000135
1741949940000,70.4,70.425,70.385,70.425,0.003077
1741950000000,70.43,70.445,70.425,70.445,0.001485
1741950060000,70.435,70.44,70.415,70.44,0.000693
1741950120000,70.435,70.485,70.435,70.485,0.00162
1741950180000,70.47,70.515,70.465,70.515,0.003563
1741950240000,70.525,70.535,70.505,70.515,0.0041
1741950300000,70.525,70.525,70.5,70.505,0.001767
1741950360000,70.495,70.51,70.48,70.495,0.002258
1741950420000,70.5,70.505,70.48,70.485,0.002281
1741950480000,70.475,70.475,70.455,70.475,0.001493
1741950540000,70.48,70.5,70.475,70.49,0.0026
1741950600000,70.495,70.5,70.485,70.495,0.0012
1741950660000,70.49,70.505,70.49,70.495,0.003154
1741950720000,70.485,70.515,70.485,70.51,0.001507
1741950780000,70.505,70.535,70.505,70.53,0.0005
1741950840000,70.525,70.555,70.525,70.55,0.002277
1741950900000,70.555,70.555,70.525,70.545,0.002548
1741950960000,70.535,70.54,70.525,70.535,0.00112
1741951020000,70.53,70.55,70.525,70.55,0.001038
1741951080000,70.555,70.555,70.525,70.525,0.00334
1741951140000,70.535,70.535,70.51,70.525,0.001429
1741951200000,70.535,70.575,70.53,70.575,0.003197
1741951260000,70.565,70.575,70.55,70.57,0.003197
1741951320000,70.575,70.585,70.565,70.565,0.001597
1741951380000,70.57,70.57,70.555,70.555,0.002051
1741951440000,70.55,70.55,70.535,70.54,0.001065
1741951500000,70.535,70.54,70.495,70.495,0.001507
1741951560000,70.49,70.505,70.485,70.495,0.00143
1741951620000,70.505,70.515,70.495,70.505,0.000535
1741951680000,70.515,70.515,70.505,70.505,0.00151
1741951740000,70.495,70.515,70.49,70.51,0.001331
1741951800000,70.515,70.515,70.495,70.505,0.001308
1741951860000,70.5,70.5,70.465,70.485,0.001817
1741951920000,70.49,70.495,70.465,70.485,0.002568
1741951980000,70.49,70.49,70.415,70.415,0.002487
1741952040000,70.42,70.425,70.38,70.385,0.001664
1741952100000,70.38,70.38,70.355,70.355,0.001377
1741952160000,70.34,70.37,70.335,70.365,0.00143
1741952220000,70.36,70.375,70.335,70.375,0.003899
1741952280000,70.38,70.395,70.355,70.365,0.002577
1741952340000,70.355,70.365,70.315,70.335,0.004078
1741952400000,70.325,70.395,70.325,70.365,0.003467
1741952460000,70.355,70.4,70.345,70.395,0.001835
1741952520000,70.405,70.415,70.405,70.41,0.00116
1741952580000,70.415,70.415,70.405,70.405,0.000122
1741952640000,70.4,70.415,70.395,70.41,0.003326
1741952700000,70.405,70.42,70.385,70.39,0.001223
1741952760000,70.385,70.41,70.385,70.41,0.00178
1741952820000,70.415,70.445,70.4,70.405,0.002102
1741952880000,70.415,70.425,70.365,70.37,0.002235
1741952940000,70.365,70.395,70.345,70.385,0.00265
1741953000000,70.38,70.38,70.355,70.355,0.001732
1741953060000,70.345,70.365,70.335,70.335,0.001206
1741953120000,70.345,70.355,70.32,70.325,0.002375
1741953180000,70.335,70.335,70.275,70.285,0.003202
1741953240000,70.275,70.285,70.265,70.275,0.000823
1741953300000,70.28,70.295,70.265,70.295,0.002031
1741953360000,70.305,70.305,70.275,70.275,0.002076
1741953420000,70.285,70.295,70.285,70.295,0.000108
1741953480000,70.305,70.315,70.295,70.315,0.001458
1741953540000,70.305,70.335,70.305,70.325,0.00171
1741953600000,70.32,70.355,70.32,70.35,0.002711
1741953660000,70.355,70.385,70.35,70.365,0.002707
1741953720000,70.36,70.405,70.36,70.405,0.001651
1741953780000,70.41,70.415,70.385,70.385,0.000941
1741953840000,70.375,70.375,70.345,70.375,0.002111
1741953900000,70.38,70.385,70.37,70.385,0.001251
1741953960000,70.395,70.395,70.375,70.39,0.001584
1741954020000,70.395,70.395,70.375,70.385,0.000486
1741954080000,70.39,70.4,70.375,70.375,0.00197
1741954140000,70.385,70.395,70.365,70.395,0.004652
1741954200000,70.385,70.4,70.365,70.4,0.002596
1741954260000,70.395,70.41,70.395,70.405,0.003574
1741954320000,70.4,70.425,70.385,70.405,0.003637
1741954380000,70.4,70.42,70.39,70.395,0.003953
1741954440000,70.405,70.455,70.39,70.425,0.004781
1741954500000,70.415,70.445,70.415,70.44,0.001259
1741954560000,70.435,70.435,70.41,70.425,0.003598
1741954620000,70.43,70.455,70.415,70.445,0.003693
1741954680000,70.45,70.465,70.425,70.455,0.007285
1741954740000,70.46,70.465,70.455,70.465,0.003967
1741954800000,70.47,70.475,70.435,70.435,0.003384
1741954860000,70.425,70.46,70.425,70.445,0.003569
1741954920000,70.45,70.465,70.445,70.455,0.00368
1741954980000,70.46,70.465,70.435,70.445,0.001314
1741955040000,70.455,70.475,70.455,70.475,0.001996
1741955100000,70.485,70.505,70.475,70.485,0.004289
1741955160000,70.49,70.505,70.475,70.475,0.003561
1741955220000,70.46,70.48,70.435,70.435,0.002657
1741955280000,70.445,70.455,70.425,70.455,0.005702
1741955340000,70.46,70.465,70.44,70.45,0.003125
1741955400000,70.455,70.465,70.435,70.465,0.005962
1741955460000,70.46,70.46,70.44,70.44,0.003634
1741955520000,70.435,70.47,70.435,70.46,0.005816
1741955580000,70.465,70.475,70.445,70.465,0.004369
1741955640000,70.47,70.485,70.465,70.465,0.001667
1741955700000,70.46,70.47,70.445,70.47,0.003501
1741955760000,70.465,70.47,70.455,70.455,0.00256
1741955820000,70.46,70.475,70.455,70.475,0.001281
1741955880000,70.485,70.525,70.485,70.515,0.001416
1741955940000,70.505,70.56,70.505,70.545,0.005434
1741956000000,70.535,70.555,70.535,70.555,0.004192
1741956060000,70.55,70.555,70.525,70.54,0.00415
1741956120000,70.545,70.565,70.525,70.555,0.005339
1741956180000,70.545,70.55,70.515,70.515,0.006582
1741956240000,70.52,70.545,70.515,70.545,0.002844
1741956300000,70.55,70.555,70.525,70.525,0.002452
1741956360000,70.52,70.53,70.51,70.515,0.003035
1741956420000,70.52,70.535,70.505,70.535,0.001834
1741956480000,70.54,70.54,70.515,70.515,0.001699
1741956540000,70.52,70.535,70.515,70.52,0.00159
1741956600000,70.515,70.515,70.505,70.515,0.00481
1741956660000,70.525,70.535,70.515,70.515,0.00216
1741956720000,70.51,70.51,70.475,70.485,0.002455
1741956780000,70.49,70.495,70.46,70.47,0.004045
1741956840000,70.475,70.505,70.465,70.505,0.002645
1741956900000,70.51,70.515,70.485,70.51,0.003569
1741956960000,70.505,70.515,70.485,70.515,0.003762
1741957020000,70.52,70.54,70.51,70.51,0.003704
1741957080000,70.515,70.525,70.515,70.525,0.002452
1741957140000,70.535,70.545,70.495,70.495,0.005495
1741957200000,70.49,70.49,70.385,70.415,0.013851
1741957260000,70.425,70.435,70.335,70.345,0.007709
1741957320000,70.34,70.345,70.235,70.275,0.011285
1741957380000,70.265,70.265,70.195,70.205,0.011024
1741957440000,70.21,70.26,70.205,70.26,0.011652
1741957500000,70.265,70.305,70.245,70.275,0.006916
1741957560000,70.28,70.295,70.24,70.255,0.004878
1741957620000,70.26,70.26,70.165,70.175,0.010704
1741957680000,70.185,70.195,70.155,70.195,0.006148
1741957740000,70.205,70.215,70.175,70.21,0.005742
1741957800000,70.215,70.215,70.145,70.165,0.009288
1741957860000,70.16,70.255,70.155,70.255,0.004221
1741957920000,70.245,70.28,70.245,70.25,0.007657
1741957980000,70.255,70.26,70.195,70.195,0.006404
1741958040000,70.185,70.195,70.14,70.14,0.003693
1741958100000,70.145,70.175,70.115,70.14,0.005632
1741958160000,70.145,70.145,70.065,70.075,0.009802
1741958220000,70.08,70.115,70.075,70.105,0.005031
1741958280000,70.115,70.125,70.085,70.09,0.005152
1741958340000,70.085,70.13,70.08,70.12,0.003481
1741958400000,70.115,70.14,70.105,70.105,0.005296
1741958460000,70.11,70.125,70.09,70.125,0.005645
1741958520000,70.13,70.135,70.105,70.125,0.004655
1741958580000,70.14,70.145,70.07,70.07,0.008494
1741958640000,70.065,70.115,70.055,70.095,0.004736
1741958700000,70.1,70.125,70.085,70.085,0.004637
1741958760000,70.08,70.125,70.065,70.12,0.003143
1741958820000,70.115,70.115,70.085,70.105,0.004507
1741958880000,70.095,70.14,70.095,70.125,0.003813
1741958940000,70.13,70.135,70.095,70.105,0.003161
1741959000000,70.12,70.145,70.055,70.065,0.010492
1741959060000,70.06,70.125,70.025,70.125,0.009016
1741959120000,70.12,70.145,70.055,70.07,0.011254
1741959180000,70.06,70.07,69.945,69.965,0.014884
1741959240000,69.975,70.055,69.955,70.04,0.01492
1741959300000,70.035,70.12,70.01,70.11,0.009622
1741959360000,70.115,70.125,70.055,70.055,0.006496
1741959420000,70.045,70.045,69.985,69.995,0.006754
1741959480000,69.985,70.005,69.955,69.985,0.007148
1741959540000,69.975,70.015,69.97,70,0.005526
1741959600000,70.005,70.115,70.005,70.08,0.006799
1741959660000,70.09,70.11,70.065,70.08,0.005035
1741959720000,70.075,70.11,70.075,70.095,0.00531
1741959780000,70.09,70.105,70.07,70.095,0.006037
1741959840000,70.085,70.105,70.055,70.055,0.00614
1741959900000,70.06,70.155,70.055,70.125,0.00681
1741959960000,70.135,70.165,70.13,70.135,0.005463
1741960020000,70.13,70.135,70.095,70.105,0.005615
1741960080000,70.115,70.165,70.095,70.165,0.00391
1741960140000,70.17,70.205,70.165,70.205,0.008898
1741960200000,70.215,70.245,70.2,70.215,0.005934
1741960260000,70.205,70.265,70.205,70.245,0.005171
1741960320000,70.25,70.255,70.205,70.235,0.004459
1741960380000,70.23,70.295,70.225,70.295,0.007628
1741960440000,70.29,70.305,70.265,70.285,0.004359
1741960500000,70.295,70.295,70.235,70.265,0.005237
1741960560000,70.27,70.29,70.235,70.24,0.006522
1741960620000,70.235,70.255,70.235,70.24,0.003409
1741960680000,70.235,70.275,70.225,70.275,0.002994
1741960740000,70.265,70.305,70.265,70.295,0.00331
1741960800000,70.28,70.28,70.19,70.2,0.008734
1741960860000,70.195,70.215,70.075,70.08,0.0129
1741960920000,70.075,70.12,70.075,70.085,0.007013
1741960980000,70.095,70.15,70.09,70.135,0.008425
1741961040000,70.145,70.15,70.11,70.14,0.00522
1741961100000,70.135,70.155,70.085,70.085,0.007802
1741961160000,70.075,70.125,70.075,70.115,0.006208
1741961220000,70.12,70.12,70.075,70.095,0.003646
1741961280000,70.085,70.105,70.075,70.085,0.005662
1741961340000,70.08,70.125,70.075,70.11,0.005216
1741961400000,70.115,70.195,70.105,70.17,0.006502
1741961460000,70.15,70.175,70.14,70.145,0.004727
1741961520000,70.14,70.14,70.09,70.095,0.006186
1741961580000,70.09,70.095,70.03,70.075,0.008664
1741961640000,70.08,70.08,70.025,70.05,0.006343
1741961700000,70.045,70.055,70.015,70.055,0.008641
1741961760000,70.05,70.08,70.045,70.075,0.002751
1741961820000,70.085,70.09,69.995,70.005,0.007347
1741961880000,70.01,70.025,70.005,70.025,0.004192
1741961940000,70.015,70.045,70.005,70.025,0.00442
1741962000000,70.03,70.045,70.015,70.045,0.005038
1741962060000,70.055,70.105,70.035,70.065,0.004866
1741962120000,70.07,70.085,70.045,70.065,0.005713
1741962180000,70.07,70.07,70.035,70.055,0.004064
1741962240000,70.06,70.075,70.04,70.07,0.00295
1741962300000,70.075,70.105,70.055,70.09,0.006593
1741962360000,70.085,70.09,70.035,70.04,0.00452
1741962420000,70.035,70.045,70.02,70.035,0.002793
1741962480000,70.04,70.045,70.025,70.045,0.002821
1741962540000,70.035,70.035,70.005,70.015,0.003421
1741962600000,70.01,70.025,69.985,70.005,0.005318
1741962660000,70,70.035,69.975,69.98,0.004601
1741962720000,69.975,70.035,69.925,70.025,0.008604
1741962780000,70.03,70.065,69.95,69.955,0.0092
1741962840000,69.95,69.99,69.945,69.955,0.005644
1741962900000,69.945,69.98,69.945,69.945,0.005154
1741962960000,69.965,69.965,69.915,69.965,0.005114
1741963020000,69.97,70.015,69.965,69.985,0.00472
1741963080000,69.995,70.025,69.985,70.01,0.006121
1741963140000,70.015,70.065,70.01,70.055,0.005163
1741963200000,70.045,70.105,70.045,70.1,0.006234
1741963260000,70.105,70.12,70.075,70.095,0.004907
1741963320000,70.085,70.095,70.065,70.065,0.003751
1741963380000,70.075,70.085,70.045,70.08,0.006363
1741963440000,70.075,70.145,70.075,70.125,0.003856
1741963500000,70.135,70.155,70.125,70.135,0.002856
1741963560000,70.14,70.165,70.085,70.095,0.004125
1741963620000,70.1,70.115,70.085,70.095,0.003993
1741963680000,70.085,70.105,70.075,70.1,0.004005
1741963740000,70.105,70.105,70.065,70.07,0.004563
1741963800000,70.065,70.155,70.055,70.15,0.008373
1741963860000,70.155,70.18,70.14,70.15,0.004248
1741963920000,70.155,70.195,70.155,70.19,0.004219
1741963980000,70.185,70.225,70.185,70.205,0.004659
1741964040000,70.2,70.275,70.195,70.255,0.001913
1741964100000,70.25,70.275,70.225,70.265,0.005387
1741964160000,70.275,70.275,70.235,70.27,0.006287
1741964220000,70.275,70.275,70.255,70.255,0.005054
1741964280000,70.265,70.275,70.245,70.275,0.008214
1741964340000,70.27,70.275,70.235,70.255,0.008105
1741964400000,70.26,70.265,70.235,70.245,0.007951
1741964460000,70.25,70.255,70.235,70.255,0.006864
1741964520000,70.25,70.3,70.245,70.295,0.005916
1741964580000,70.3,70.305,70.245,70.245,0.009809
1741964640000,70.255,70.295,70.245,70.29,0.006187
1741964700000,70.295,70.345,70.29,70.345,0.004688
1741964760000,70.35,70.365,70.325,70.34,0.006816
1741964820000,70.335,70.34,70.315,70.315,0.004176
1741964880000,70.32,70.32,70.305,70.305,0.00148
1741964940000,70.315,70.33,70.285,70.285,0.002934
1741965000000,70.28,70.285,70.235,70.275,0.005601
1741965060000,70.285,70.345,70.285,70.32,0.003992
1741965120000,70.325,70.345,70.315,70.335,0.004807
1741965180000,70.33,70.335,70.285,70.305,0.005595
1741965240000,70.3,70.305,70.275,70.285,0.005369
1741965300000,70.28,70.28,70.235,70.265,0.00584
1741965360000,70.25,70.265,70.235,70.265,0.004196
1741965420000,70.27,70.275,70.25,70.265,0.002245
1741965480000,70.255,70.255,70.225,70.235,0.00348
1741965540000,70.245,70.255,70.225,70.255,0.004152
1741965600000,70.26,70.265,70.25,70.255,0.003548
1741965660000,70.265,70.295,70.265,70.28,0.004021
1741965720000,70.275,70.285,70.245,70.27,0.003414
1741965780000,70.265,70.295,70.265,70.295,0.001915
1741965840000,70.305,70.325,70.305,70.325,0.002051
1741965900000,70.33,70.335,70.315,70.32,0.004035
1741965960000,70.325,70.325,70.295,70.295,0.004262
1741966020000,70.285,70.295,70.255,70.275,0.002415
1741966080000,70.265,70.27,70.195,70.205,0.003838
1741966140000,70.21,70.215,70.175,70.19,0.002851
1741966200000,70.195,70.235,70.185,70.195,0.005422
1741966260000,70.205,70.235,70.195,70.2,0.00357
1741966320000,70.195,70.205,70.175,70.185,0.003853
1741966380000,70.18,70.18,70.165,70.18,0.002644
1741966440000,70.19,70.205,70.165,70.17,0.004029
1741966500000,70.165,70.185,70.16,70.175,0.002617
1741966560000,70.185,70.185,70.135,70.135,0.005066
1741966620000,70.145,70.185,70.135,70.185,0.001727
1741966680000,70.195,70.235,70.195,70.22,0.002172
1741966740000,70.225,70.245,70.215,70.225,0.002374
1741966800000,70.245,70.265,70.245,70.245,0.004181
1741966860000,70.25,70.275,70.245,70.275,0.002133
1741966920000,70.27,70.29,70.265,70.285,0.002573
1741966980000,70.275,70.28,70.255,70.255,0.005552
1741967040000,70.25,70.255,70.235,70.245,0.002615
1741967100000,70.25,70.25,70.215,70.22,0.004566
1741967160000,70.215,70.255,70.215,70.255,0.00232
1741967220000,70.26,70.285,70.255,70.285,0.002878
1741967280000,70.275,70.325,70.275,70.315,0.005402
1741967340000,70.32,70.365,70.32,70.355,0.001434
1741967400000,70.35,70.35,70.305,70.325,0.002616
1741967460000,70.335,70.335,70.315,70.33,0.004014
1741967520000,70.335,70.34,70.325,70.33,0.003412
1741967580000,70.335,70.355,70.315,70.355,0.002513
1741967640000,70.345,70.35,70.315,70.345,0.003337
1741967700000,70.335,70.35,70.33,70.335,0.002964
1741967760000,70.345,70.355,70.335,70.34,0.002213
1741967820000,70.335,70.35,70.315,70.335,0.003913
1741967880000,70.325,70.335,70.295,70.295,0.002227
1741967940000,70.305,70.32,70.305,70.315,0.00122
1741968000000,70.305,70.325,70.275,70.275,0.00457
1741968060000,70.27,70.31,70.27,70.295,0.006198
1741968120000,70.29,70.305,70.265,70.275,0.002487
1741968180000,70.27,70.3,70.27,70.295,0.000702
1741968240000,70.3,70.35,70.3,70.335,0.001795
1741968300000,70.33,70.335,70.255,70.285,0.004403
1741968360000,70.275,70.29,70.265,70.265,0.001861
1741968420000,70.275,70.305,70.255,70.305,0.001593
1741968480000,70.31,70.325,70.295,70.295,0.002574
1741968540000,70.285,70.315,70.28,70.3,0.002563
1741968600000,70.305,70.365,70.3,70.365,0.002932
1741968660000,70.355,70.365,70.305,70.305,0.001444
1741968720000,70.32,70.325,70.3,70.325,0.003081
1741968780000,70.32,70.365,70.275,70.365,0.004953
1741968840000,70.355,70.375,70.335,70.365,0.004561
1741968900000,70.355,70.355,70.325,70.345,0.003657
1741968960000,70.35,70.365,70.345,70.345,0.00219
1741969020000,70.34,70.375,70.34,70.375,0.003269
1741969080000,70.37,70.375,70.345,70.345,0.004276
1741969140000,70.35,70.365,70.345,70.365,0.001431
1741969200000,70.37,70.375,70.345,70.375,0.002491
1741969260000,70.365,70.395,70.365,70.39,0.002558
1741969320000,70.395,70.405,70.345,70.345,0.004398
1741969380000,70.34,70.37,70.325,70.355,0.003844
1741969440000,70.35,70.375,70.345,70.355,0.004465
1741969500000,70.345,70.345,70.3,70.325,0.002506
1741969560000,70.315,70.315,70.275,70.275,0.003687
1741969620000,70.27,70.285,70.265,70.275,0.002375
1741969680000,70.265,70.315,70.26,70.315,0.007404
1741969740000,70.31,70.335,70.295,70.335,0.010275
1741969800000,70.34,70.385,70.335,70.37,0.007553
1741969860000,70.375,70.425,70.375,70.395,0.005316
1741969920000,70.39,70.395,70.355,70.355,0.007669
1741969980000,70.365,70.375,70.335,70.355,0.005175
1741970040000,70.36,70.395,70.36,70.385,0.003584
1741970100000,70.395,70.415,70.385,70.415,0.004168
1741970160000,70.41,70.42,70.385,70.39,0.007458
1741970220000,70.395,70.4,70.37,70.37,0.006542
1741970280000,70.375,70.385,70.36,70.375,0.005339
1741970340000,70.38,70.395,70.365,70.39,0.004229
1741970400000,70.395,70.395,70.345,70.36,0.006102
1741970460000,70.365,70.365,70.345,70.365,0.004345
1741970520000,70.37,70.395,70.365,70.39,0.004044
1741970580000,70.395,70.395,70.35,70.365,0.00424
1741970640000,70.36,70.365,70.345,70.355,0.004115
1741970700000,70.345,70.365,70.345,70.355,0.003872
1741970760000,70.35,70.37,70.35,70.365,0.00139
1741970820000,70.36,70.385,70.355,70.375,0.004231
1741970880000,70.37,70.415,70.37,70.415,0.00317
1741970940000,70.41,70.415,70.39,70.405,0.003141
1741971000000,70.4,70.405,70.39,70.395,0.004114
1741971060000,70.39,70.415,70.39,70.41,0.005786
1741971120000,70.405,70.425,70.395,70.415,0.005703
1741971180000,70.405,70.42,70.385,70.415,0.004124
1741971240000,70.41,70.425,70.405,70.425,0.003386
1741971300000,70.42,70.42,70.39,70.395,0.00375
1741971360000,70.4,70.41,70.385,70.395,0.00439
1741971420000,70.4,70.425,70.4,70.425,0.005138
1741971480000,70.43,70.435,70.415,70.425,0.003534
1741971540000,70.43,70.445,70.415,70.415,0.004274
1741971600000,70.42,70.425,70.4,70.425,0.003331
1741971660000,70.445,70.485,70.425,70.475,0.003129
1741971720000,70.485,70.565,70.475,70.565,0.00328
1741971780000,70.575,70.595,70.545,70.585,0.00643
1741971840000,70.58,70.595,70.575,70.585,0.004379
1741971900000,70.575,70.595,70.565,70.575,0.003624
1741971960000,70.58,70.615,70.575,70.575,0.005459
1741972020000,70.58,70.6,70.56,70.595,0.003508
1741972080000,70.605,70.615,70.59,70.595,0.003047
1741972140000,70.59,70.605,70.585,70.605,0.002173
1741972200000,70.615,70.625,70.6,70.6,0.000993
1741972260000,70.605,70.605,70.565,70.575,0.003691
1741972320000,70.565,70.575,70.56,70.57,0.002819
1741972380000,70.575,70.595,70.57,70.575,0.003506
1741972440000,70.585,70.595,70.565,70.59,0.003352
1741972500000,70.585,70.605,70.575,70.595,0.002104
1741972560000,70.6,70.605,70.59,70.595,0.00253
1741972620000,70.59,70.595,70.575,70.595,0.003748
1741972680000,70.585,70.595,70.565,70.575,0.00213
1741972740000,70.57,70.575,70.555,70.565,0.00263
1741972800000,70.56,70.575,70.555,70.57,0.002953
1741972860000,70.575,70.575,70.515,70.52,0.004222
1741972920000,70.515,70.515,70.465,70.48,0.004287
1741972980000,70.485,70.505,70.485,70.495,0.003735
1741973040000,70.5,70.505,70.465,70.485,0.004502
1741973100000,70.475,70.505,70.475,70.5,0.002506
1741973160000,70.505,70.515,70.485,70.505,0.005403
1741973220000,70.515,70.555,70.515,70.545,0.001494
1741973280000,70.54,70.575,70.54,70.55,0.001605
1741973340000,70.555,70.575,70.555,70.565,0.00219
1741973400000,70.575,70.575,70.54,70.54,0.003467
1741973460000,70.545,70.555,70.525,70.545,0.004368
1741973520000,70.535,70.545,70.495,70.495,0.004
1741973580000,70.5,70.505,70.495,70.5,0.003299
1741973640000,70.505,70.505,70.485,70.485,0.002815
1741973700000,70.49,70.51,70.485,70.505,0.003476
1741973760000,70.495,70.5,70.435,70.465,0.004626
1741973820000,70.475,70.485,70.45,70.455,0.001565
1741973880000,70.46,70.465,70.445,70.45,0.002585
1741973940000,70.455,70.495,70.455,70.495,0.002455
1741974000000,70.485,70.51,70.48,70.495,0.002701
1741974060000,70.485,70.495,70.485,70.485,0.001659
1741974120000,70.49,70.51,70.49,70.505,0.00222
1741974180000,70.5,70.505,70.475,70.49,0.003628
1741974240000,70.485,70.49,70.455,70.465,0.003408
1741974300000,70.475,70.475,70.455,70.46,0.001106
1741974360000,70.465,70.465,70.455,70.465,0.002726
1741974420000,70.46,70.465,70.445,70.455,0.001376
1741974480000,70.445,70.46,70.44,70.46,0.002575
1741974540000,70.465,70.475,70.455,70.46,0.001753
1741974600000,70.465,70.475,70.455,70.475,0.002157
1741974660000,70.48,70.495,70.445,70.455,0.003088
1741974720000,70.45,70.47,70.395,70.405,0.004192
1741974780000,70.395,70.41,70.37,70.405,0.005218
1741974840000,70.41,70.425,70.41,70.415,0.00219
1741974900000,70.42,70.445,70.42,70.44,0.002168
1741974960000,70.445,70.445,70.425,70.435,0.003583
1741975020000,70.44,70.445,70.43,70.435,0.002023
1741975080000,70.43,70.435,70.425,70.435,0.00089
1741975140000,70.43,70.435,70.43,70.435,0.001092
1741975200000,70.425,70.465,70.425,70.465,0.002859
1741975260000,70.47,70.495,70.465,70.49,0.002656
1741975320000,70.495,70.495,70.465,70.475,0.002644
1741975380000,70.485,70.49,70.47,70.475,0.002537
1741975440000,70.48,70.495,70.475,70.485,0.001588
1741975500000,70.475,70.485,70.475,70.475,0.002387
1741975560000,70.48,70.48,70.455,70.465,0.002912
1741975620000,70.46,70.465,70.455,70.455,0.001779
1741975680000,70.465,70.48,70.455,70.46,0.002901
1741975740000,70.465,70.465,70.45,70.455,0.00274
1741975800000,70.45,70.465,70.445,70.465,0.000971
1741975860000,70.47,70.485,70.47,70.485,0.000661
1741975920000,70.475,70.485,70.465,70.475,0.001106
1741975980000,70.48,70.485,70.475,70.485,0.001605
1741976040000,70.495,70.515,70.49,70.515,0.001794
1741976100000,70.51,70.525,70.505,70.515,0.004675
1741976160000,70.51,70.52,70.485,70.505,0.002629
1741976220000,70.51,70.515,70.505,70.515,0.002373
1741976280000,70.52,70.52,70.475,70.475,0.003142
1741976340000,70.48,70.505,70.475,70.505,0.001578
1741976400000,70.495,70.515,70.485,70.495,0.004195
1741976460000,70.505,70.515,70.5,70.505,0.00294
1741976520000,70.51,70.525,70.51,70.525,0.00031
1741976580000,70.515,70.525,70.505,70.505,0.004275
1741976640000,70.51,70.525,70.485,70.505,0.007753
1741976700000,70.495,70.555,70.495,70.555,0.004607
1741976760000,70.545,70.555,70.515,70.545,0.005126
1741976820000,70.555,70.575,70.555,70.565,0.009995
1741976880000,70.55,70.575,70.535,70.565,0.00847
1741976940000,70.56,70.565,70.545,70.555,0.011042
1741977000000,70.55,70.575,70.55,70.575,0.005938
1741977060000,70.595,70.605,70.58,70.6,0.005058
1741977120000,70.605,70.62,70.605,70.615,0.002995
1741977180000,70.62,70.625,70.615,70.615,0.003521
1741977240000,70.625,70.625,70.605,70.61,0.004599
1741977300000,70.605,70.61,70.585,70.585,0.001956
1741977360000,70.59,70.615,70.59,70.595,0.003304
1741977420000,70.605,70.605,70.595,70.595,0.001538
1741977480000,70.6,70.605,70.585,70.6,0.002132
1741977540000,70.595,70.615,70.595,70.605,0.00085
1741977600000,70.595,70.595,70.585,70.595,0.001322
1741977660000,70.585,70.605,70.585,70.605,0.004236
1741977720000,70.6,70.62,70.595,70.615,0.001579
1741977780000,70.62,70.625,70.615,70.625,0.001794
1741977840000,70.615,70.625,70.615,70.625,0.002739
1741977900000,70.595,70.61,70.585,70.605,0.003117
1741977960000,70.6,70.62,70.6,70.61,0.002442
1741978020000,70.615,70.62,70.61,70.615,0.001376
1741978080000,70.61,70.615,70.595,70.6,0.003165
1741978140000,70.595,70.595,70.575,70.575,0.001237
1741978200000,70.58,70.585,70.575,70.575,0.001268
1741978260000,70.565,70.57,70.545,70.55,0.001417
1741978320000,70.555,70.555,70.525,70.535,0.002858
1741978380000,70.54,70.555,70.535,70.555,0.002496
1741978440000,70.56,70.56,70.545,70.545,0.00108
1741978500000,70.55,70.57,70.545,70.57,0.001997
1741978560000,70.565,70.57,70.54,70.545,0.002603
1741978620000,70.54,70.54,70.515,70.535,0.002659
1741978680000,70.54,70.545,70.535,70.545,0.002288
1741978740000,70.54,70.565,70.54,70.56,0.002495
1741978800000,70.565,70.565,70.55,70.565,0.004466
1741978860000,70.565,70.565,70.565,70.565,0
1741978920000,70.57,70.57,70.555,70.565,0.001132
1741978980000,70.56,70.56,70.535,70.555,0.004682
1741979040000,70.57,70.57,70.565,70.565,0.00027
1741979100000,70.57,70.595,70.57,70.59,0.00348
1741979160000,70.595,70.595,70.585,70.585,0.000458
1741979220000,70.59,70.595,70.585,70.59,0.00158
1741979280000,70.595,70.605,70.59,70.595,0.001228
1741979340000,70.6,70.61,70.595,70.61,0.001456
1741979400000,70.615,70.615,70.605,70.61,0.001782
1741979460000,70.605,70.61,70.605,70.605,0.000675
1741979520000,70.6,70.605,70.595,70.605,0.001725
1741979580000,70.595,70.605,70.585,70.59,0.001749
1741979640000,70.595,70.595,70.595,70.595,0.000054
1741979700000,70.59,70.59,70.57,70.57,0.001592
1741979760000,70.575,70.575,70.565,70.575,0.000755
1741979820000,70.57,70.575,70.57,70.575,0.000512
1741979880000,70.58,70.585,70.575,70.575,0.001548
1741979940000,70.57,70.57,70.555,70.555,0.000986
1741980000000,70.56,70.565,70.555,70.555,0.000796
1741980060000,70.56,70.565,70.555,70.565,0.000729
1741980120000,70.56,70.56,70.55,70.55,0.000809
1741980180000,70.545,70.55,70.54,70.545,0.000728
1741980240000,70.54,70.55,70.54,70.545,0.001201
1741980300000,70.54,70.56,70.54,70.56,0.001632
1741980360000,70.555,70.57,70.555,70.57,0.00093
1741980420000,70.575,70.575,70.565,70.565,0.00077
1741980480000,70.56,70.56,70.535,70.535,0.002005
1741980540000,70.545,70.555,70.545,70.55,0.000836
1741980600000,70.545,70.555,70.545,70.555,0.000836
1741980660000,70.56,70.565,70.55,70.555,0.00151
1741980720000,70.55,70.55,70.545,70.545,0.00081
1741980780000,70.55,70.555,70.545,70.555,0.001534
1741980840000,70.55,70.555,70.545,70.55,0.001845
1741980900000,70.545,70.555,70.545,70.55,0.00163
1741980960000,70.555,70.555,70.545,70.55,0.001267
1741981020000,70.555,70.56,70.55,70.555,0.000648
1741981080000,70.55,70.555,70.55,70.55,0.001242
1741981140000,70.555,70.555,70.545,70.55,0.000728
1741981200000,70.555,70.555,70.545,70.545,0.001578
1741981260000,70.535,70.535,70.53,70.535,0.000414
1741981320000,70.53,70.535,70.52,70.53,0.002374
1741981380000,70.535,70.545,70.525,70.525,0.002419
1741981440000,70.52,70.52,70.495,70.515,0.002468
1741981500000,70.525,70.525,70.51,70.51,0.0017
1741981560000,70.515,70.515,70.51,70.515,0.00031
1741981620000,70.52,70.535,70.52,70.53,0.001052
1741981680000,70.535,70.54,70.53,70.535,0.000904
1741981740000,70.545,70.56,70.535,70.555,0.001618
1741981800000,70.565,70.565,70.545,70.555,0.001807
1741981860000,70.55,70.57,70.55,70.565,0.001053
1741981920000,70.56,70.565,70.555,70.555,0.001254
1741981980000,70.56,70.565,70.56,70.565,0.000256
1741982040000,70.56,70.565,70.555,70.56,0.001659
1741982100000,70.555,70.565,70.555,70.555,0.001983
1741982160000,70.545,70.565,70.545,70.555,0.003265
1741982220000,70.545,70.545,70.525,70.535,0.001983
1741982280000,70.53,70.535,70.525,70.525,0.002048
1741982340000,70.53,70.53,70.515,70.52,0.001577
1741982400000,70.515,70.515,70.475,70.475,0.001901
1741982460000,70.48,70.495,70.48,70.49,0.002452
1741982520000,70.495,70.495,70.48,70.48,0.000513
1741982580000,70.475,70.485,70.475,70.485,0.000122
1741982640000,70.485,70.485,70.485,70.485,0
1741982700000,70.495,70.505,70.495,70.5,0.000378
1741982760000,70.505,70.515,70.5,70.505,0.000981
1741982820000,70.5,70.515,70.5,70.505,0.000499
1741982880000,70.5,70.505,70.5,70.5,0.000391
1741982940000,70.495,70.495,70.49,70.495,0.000594
1741983000000,70.5,70.51,70.5,70.505,0.00104
1741983060000,70.5,70.505,70.5,70.505,0.000959
1741983120000,70.51,70.515,70.505,70.51,0.000783
1741983180000,70.505,70.505,70.505,70.505,0.000135
1741983240000,70.51,70.52,70.51,70.52,0.000324
1741983300000,70.515,70.525,70.515,70.52,0.000392
1741983360000,70.525,70.525,70.52,70.52,0.000378
1741983420000,70.525,70.525,70.52,70.52,0.000378
1741983480000,70.515,70.52,70.51,70.52,0.000459
1741983540000,70.525,70.525,70.515,70.515,0.000702
1741983600000,70.525,70.525,70.52,70.525,0.000243
1741983660000,70.52,70.52,70.52,70.52,0.000135
1741983720000,70.515,70.515,70.51,70.51,0.000189
1741983780000,70.515,70.515,70.505,70.505,0.000621
1741983840000,70.515,70.525,70.515,70.52,0.000648
1741983900000,70.525,70.535,70.525,70.53,0.000567
1741983960000,70.535,70.535,70.525,70.525,0.000603
1741984020000,70.53,70.53,70.525,70.525,0.00027
1741984080000,70.52,70.525,70.52,70.525,0.000445
1741984140000,70.53,70.53,70.525,70.525,0.00054
1741984200000,70.52,70.535,70.52,70.535,0.000243
1741984260000,70.53,70.535,70.53,70.53,0.000324
1741984320000,70.525,70.53,70.525,70.525,0.00036
1741984380000,70.52,70.525,70.52,70.525,0.000256
1741984440000,70.53,70.53,70.525,70.525,0.000203
1741984500000,70.525,70.525,70.525,70.525,0
1741984560000,70.53,70.535,70.525,70.535,0.000459
1741984620000,70.53,70.545,70.53,70.535,0.001134
1741984680000,70.54,70.545,70.54,70.54,0.000702
1741984740000,70.535,70.545,70.535,70.54,0.000392
1741984800000,70.545,70.545,70.54,70.54,0.000945
1741984860000,70.535,70.535,70.53,70.53,0.000225
1741984920000,70.525,70.555,70.525,70.555,0.001269
1741984980000,70.55,70.55,70.53,70.53,0.000513
1741985040000,70.535,70.535,70.515,70.515,0.000927
1741985100000,70.51,70.51,70.5,70.505,0.000851
1741985160000,70.5,70.505,70.49,70.495,0.000778
1741985220000,70.505,70.505,70.495,70.5,0.000414
1741985280000,70.495,70.505,70.495,70.505,0.000311
1741985340000,70.5,70.505,70.49,70.49,0.001106
1741985400000,70.495,70.51,70.49,70.51,0.001713
1741985460000,70.505,70.535,70.505,70.53,0.000288
1741985520000,70.535,70.535,70.535,70.535,0.000054
1741985580000,70.545,70.545,70.545,70.545,0.000054
1741985640000,70.54,70.54,70.535,70.54,0.000455
1741985700000,70.535,70.54,70.53,70.53,0.000243
1741985760000,70.525,70.525,70.515,70.52,0.001035
1741985820000,70.515,70.515,70.51,70.51,0.000756
1741985880000,70.515,70.525,70.51,70.525,0.000297
1741985940000,70.53,70.575,70.525,70.575,0.001445
1742169600000,71.032,71.042,71.002,71.002,0.001328
1742169660000,71.007,71.037,71.007,71.037,0.000414
1742169720000,71.032,71.082,71.032,71.082,0.000536
1742169780000,71.062,71.127,71.062,71.127,0.001013
1742169840000,71.117,71.127,71.102,71.127,0.001031
1742169900000,71.132,71.192,71.122,71.147,0.001737
1742169960000,71.162,71.207,71.162,71.202,0.001269
1742170020000,71.207,71.237,71.202,71.212,0.001904
1742170080000,71.222,71.222,71.197,71.212,0.000981
1742170140000,71.222,71.227,71.212,71.212,0.000441
1742170200000,71.217,71.232,71.202,71.232,0.000914
1742170260000,71.237,71.237,71.232,71.232,0.000158
1742170320000,71.222,71.232,71.222,71.227,0.000459
1742170380000,71.232,71.232,71.222,71.222,0.000365
1742170440000,71.242,71.262,71.237,71.257,0.001012
1742170500000,71.262,71.272,71.242,71.272,0.000338
1742170560000,71.282,71.282,71.262,71.262,0.001179
1742170620000,71.257,71.262,71.242,71.242,0.000797
1742170680000,71.252,71.272,71.252,71.262,0.000351
1742170740000,71.272,71.272,71.262,71.272,0.000365
1742170800000,71.262,71.282,71.252,71.282,0.000441
1742170860000,71.272,71.307,71.272,71.302,0.000423
1742170920000,71.307,71.312,71.292,71.302,0.001004
1742170980000,71.292,71.297,71.282,71.282,0.001264
1742171040000,71.277,71.292,71.272,71.282,0.000581
1742171100000,71.292,71.292,71.292,71.292,0.000054
1742171160000,71.287,71.292,71.282,71.287,0.0005
1742171220000,71.282,71.282,71.242,71.247,0.004346
1742171280000,71.252,71.272,71.247,71.272,0.000792
1742171340000,71.282,71.282,71.272,71.277,0.001371
1742171400000,71.272,71.282,71.272,71.272,0.000986
1742171460000,71.262,71.272,71.262,71.262,0.000593
1742171520000,71.252,71.262,71.252,71.252,0.001187
1742171580000,71.247,71.262,71.242,71.262,0.001172
1742171640000,71.267,71.267,71.232,71.232,0.001876
1742171700000,71.232,71.232,71.232,71.232,0
1742171760000,71.237,71.237,71.232,71.237,0.00036
1742171820000,71.242,71.242,71.212,71.242,0.00112
1742171880000,71.237,71.242,71.232,71.242,0.000783
1742171940000,71.237,71.242,71.222,71.227,0.001498
1742172000000,71.232,71.252,71.222,71.252,0.001364
1742172060000,71.262,71.262,71.247,71.247,0.001107
1742172120000,71.252,71.252,71.242,71.242,0.000189
1742172180000,71.252,71.252,71.242,71.247,0.000513
1742172240000,71.242,71.252,71.242,71.247,0.000243
1742172300000,71.252,71.252,71.242,71.252,0.000198
1742172360000,71.257,71.272,71.257,71.272,0.000243
1742172420000,71.282,71.282,71.272,71.277,0.001107
1742172480000,71.272,71.282,71.272,71.277,0.000459
1742172540000,71.272,71.282,71.272,71.282,0.000648
1742172600000,71.272,71.282,71.272,71.282,0.000512
1742172660000,71.292,71.302,71.282,71.302,0.001011
1742172720000,71.307,71.322,71.302,71.302,0.001186
1742172780000,71.292,71.292,71.287,71.292,0.0009
1742172840000,71.302,71.302,71.297,71.302,0.00031
1742172900000,71.307,71.307,71.302,71.302,0.00027
1742172960000,71.312,71.312,71.307,71.312,0.000499
1742173020000,71.332,71.332,71.322,71.332,0.000243
1742173080000,71.337,71.342,71.327,71.332,0.000621
1742173140000,71.327,71.332,71.312,71.322,0.001314
1742173200000,71.335,71.545,71.335,71.545,0.010074
1742173260000,71.54,71.775,71.535,71.765,0.016798
1742173320000,71.76,71.775,71.72,71.72,0.01106
1742173380000,71.725,71.725,71.685,71.69,0.010173
1742173440000,71.695,71.745,71.685,71.72,0.007112
1742173500000,71.725,71.745,71.715,71.715,0.006908
1742173560000,71.705,71.705,71.66,71.68,0.004588
1742173620000,71.675,71.695,71.59,71.59,0.00621
1742173680000,71.595,71.605,71.585,71.605,0.003375
1742173740000,71.6,71.605,71.555,71.575,0.00426
1742173800000,71.585,71.635,71.585,71.625,0.003344
1742173860000,71.63,71.645,71.575,71.575,0.002745
1742173920000,71.565,71.565,71.535,71.54,0.002995
1742173980000,71.545,71.58,71.545,71.565,0.00359
1742174040000,71.56,71.585,71.56,71.565,0.002178
1742174100000,71.555,71.575,71.555,71.555,0.00153
1742174160000,71.55,71.565,71.535,71.54,0.001503
1742174220000,71.535,71.56,71.535,71.555,0.002187
1742174280000,71.55,71.565,71.53,71.535,0.001687
1742174340000,71.53,71.545,71.5,71.545,0.003364
1742174400000,71.54,71.56,71.525,71.545,0.002299
1742174460000,71.54,71.545,71.495,71.51,0.003299
1742174520000,71.515,71.515,71.48,71.485,0.002536
1742174580000,71.495,71.5,71.485,71.49,0.001049
1742174640000,71.485,71.51,71.48,71.505,0.002482
1742174700000,71.5,71.5,71.485,71.495,0.00158
1742174760000,71.5,71.5,71.485,71.49,0.002003
1742174820000,71.495,71.505,71.465,71.465,0.001417
1742174880000,71.455,71.5,71.455,71.49,0.003055
1742174940000,71.485,71.49,71.485,71.485,0.001125
1742175000000,71.49,71.49,71.425,71.425,0.0018
1742175060000,71.415,71.415,71.395,71.405,0.001503
1742175120000,71.41,71.41,71.36,71.375,0.003596
1742175180000,71.38,71.385,71.375,71.385,0.001494
1742175240000,71.375,71.375,71.355,71.355,0.00041
1742175300000,71.35,71.365,71.345,71.35,0.001238
1742175360000,71.345,71.345,71.335,71.345,0.000644
1742175420000,71.34,71.34,71.28,71.305,0.002325
1742175480000,71.31,71.31,71.275,71.285,0.001557
1742175540000,71.28,71.3,71.28,71.295,0.000477
1742175600000,71.285,71.295,71.275,71.295,0.002457
1742175660000,71.3,71.315,71.295,71.315,0.000666
1742175720000,71.31,71.315,71.285,71.29,0.001917
1742175780000,71.295,71.315,71.29,71.315,0.000774
1742175840000,71.305,71.305,71.29,71.29,0.001093
1742175900000,71.295,71.305,71.285,71.3,0.000729
1742175960000,71.295,71.295,71.275,71.28,0.000648
1742176020000,71.285,71.34,71.28,71.34,0.00288
1742176080000,71.345,71.345,71.31,71.33,0.00283
1742176140000,71.325,71.325,71.315,71.32,0.00108
1742176200000,71.325,71.335,71.315,71.325,0.002025
1742176260000,71.33,71.34,71.325,71.335,0.000828
1742176320000,71.325,71.335,71.295,71.315,0.001805
1742176380000,71.325,71.325,71.31,71.315,0.001336
1742176440000,71.31,71.325,71.305,71.325,0.000486
1742176500000,71.32,71.33,71.295,71.33,0.001404
1742176560000,71.335,71.335,71.315,71.315,0.00126
1742176620000,71.31,71.335,71.31,71.335,0.000932
1742176680000,71.34,71.355,71.335,71.345,0.001436
1742176740000,71.335,71.345,71.325,71.34,0.001328
1742176800000,71.345,71.345,71.305,71.325,0.002285
1742176860000,71.335,71.335,71.315,71.325,0.001508
1742176920000,71.33,71.35,71.27,71.275,0.001795
1742176980000,71.27,71.275,71.245,71.275,0.001031
1742177040000,71.27,71.29,71.265,71.265,0.0009
1742177100000,71.26,71.275,71.255,71.27,0.001427
1742177160000,71.275,71.275,71.26,71.265,0.000621
1742177220000,71.275,71.285,71.265,71.28,0.000522
1742177280000,71.285,71.285,71.265,71.27,0.000725
1742177340000,71.265,71.265,71.245,71.255,0.000994
1742177400000,71.265,71.265,71.255,71.265,0.000657
1742177460000,71.255,71.27,71.255,71.265,0.00113
1742177520000,71.26,71.265,71.255,71.26,0.001814
1742177580000,71.265,71.265,71.225,71.235,0.00095
1742177640000,71.23,71.235,71.185,71.225,0.005206
1742177700000,71.23,71.255,71.225,71.245,0.000994
1742177760000,71.255,71.255,71.24,71.245,0.000432
1742177820000,71.255,71.275,71.255,71.275,0.000486
1742177880000,71.28,71.28,71.275,71.275,0.000135
1742177940000,71.275,71.275,71.275,71.275,0
1742178000000,71.27,71.275,71.265,71.265,0.000257
1742178060000,71.255,71.255,71.235,71.24,0.000998
1742178120000,71.235,71.255,71.23,71.255,0.001322
1742178180000,71.275,71.285,71.265,71.265,0.00023
1742178240000,71.255,71.265,71.255,71.265,0.000144
1742178300000,71.275,71.275,71.255,71.265,0.000566
1742178360000,71.26,71.26,71.24,71.24,0.001458
1742178420000,71.245,71.255,71.245,71.255,0.000297
1742178480000,71.26,71.265,71.255,71.265,0.000378
1742178540000,71.26,71.265,71.255,71.265,0.000324
1742178600000,71.26,71.265,71.2,71.205,0.003212
1742178660000,71.2,71.225,71.2,71.225,0.000576
1742178720000,71.215,71.225,71.2,71.205,0.001539
1742178780000,71.215,71.215,71.205,71.215,0.000455
1742178840000,71.21,71.235,71.205,71.235,0.00095
1742178900000,71.23,71.23,71.215,71.215,0.000824
1742178960000,71.21,71.21,71.195,71.205,0.000941
1742179020000,71.2,71.205,71.2,71.2,0.000513
1742179080000,71.19,71.205,71.19,71.205,0.000837
1742179140000,71.2,71.215,71.2,71.21,0.00124
1742179200000,71.205,71.205,71.205,71.205,0.000202
1742179260000,71.19,71.195,71.19,71.19,0.000458
1742179320000,71.195,71.195,71.155,71.155,0.000886
1742179380000,71.15,71.175,71.145,71.17,0.001606
1742179440000,71.18,71.185,71.17,71.17,0.001309
1742179500000,71.175,71.175,71.165,71.165,0.00124
1742179560000,71.175,71.185,71.175,71.185,0.000972
1742179620000,71.18,71.18,71.125,71.14,0.00205
1742179680000,71.135,71.145,71.095,71.095,0.001817
1742179740000,71.09,71.115,71.085,71.095,0.002721
1742179800000,71.09,71.115,71.085,71.105,0.001524
1742179860000,71.115,71.115,71.105,71.105,0.001263
1742179920000,71.1,71.125,71.1,71.105,0.001309
1742179980000,71.11,71.11,71.085,71.09,0.001808
1742180040000,71.095,71.105,71.09,71.105,0.000688
1742180100000,71.095,71.095,71.085,71.085,0.000742
1742180160000,71.09,71.095,71.065,71.075,0.002159
1742180220000,71.08,71.095,71.07,71.09,0.001282
1742180280000,71.095,71.1,71.08,71.095,0.001026
1742180340000,71.09,71.095,71.085,71.085,0.000459
1742180400000,71.08,71.08,71.065,71.07,0.000998
1742180460000,71.075,71.075,71.035,71.035,0.003043
1742180520000,71.03,71.03,70.995,71.015,0.003211
1742180580000,71.01,71.01,70.995,70.995,0.002177
1742180640000,70.99,71.01,70.99,70.995,0.001557
1742180700000,70.99,71,70.98,70.985,0.001893
1742180760000,70.975,70.985,70.97,70.97,0.001429
1742180820000,70.975,71.02,70.975,71.005,0.003839
1742180880000,71.015,71.02,71.005,71.005,0.000594
1742180940000,71.015,71.015,71.005,71.01,0.002589
1742181000000,71.005,71.005,71.005,71.005,0.000135
1742181060000,71.01,71.01,70.99,70.995,0.000795
1742181120000,70.985,70.995,70.985,70.985,0.001363
1742181180000,70.98,70.995,70.955,70.955,0.001376
1742181240000,70.965,70.985,70.965,70.985,0.000418
1742181300000,70.975,70.975,70.955,70.975,0.001151
1742181360000,70.97,70.975,70.965,70.975,0.000927
1742181420000,70.965,70.965,70.94,70.945,0.002006
1742181480000,70.94,70.945,70.94,70.945,0.000823
1742181540000,70.94,70.955,70.935,70.95,0.000986
1742181600000,70.945,70.965,70.945,70.965,0.000981
1742181660000,70.975,70.985,70.965,70.985,0.0005
1742181720000,70.995,71.01,70.995,71.005,0.000576
1742181780000,71.01,71.01,71,71.005,0.000446
1742181840000,71.015,71.025,71.01,71.025,0.00023
1742181900000,71.015,71.025,71.005,71.025,0.00086
1742181960000,71.02,71.035,71.015,71.025,0.002105
1742182020000,71.02,71.025,71.01,71.02,0.001466
1742182080000,71.025,71.025,71.005,71.01,0.001053
1742182140000,71.005,71.015,71.005,71.015,0.000594
1742182200000,71.005,71.005,70.975,70.975,0.000594
1742182260000,70.97,70.975,70.955,70.955,0.000986
1742182320000,70.95,70.965,70.945,70.96,0.000864
1742182380000,70.955,70.955,70.935,70.935,0.000945
1742182440000,70.925,70.945,70.915,70.94,0.002388
1742182500000,70.935,70.955,70.935,70.955,0.000567
1742182560000,70.96,70.97,70.955,70.965,0.000729
1742182620000,70.97,70.99,70.97,70.98,0.001412
1742182680000,70.975,70.98,70.955,70.96,0.001197
1742182740000,70.955,70.96,70.95,70.955,0.000495
1742182800000,70.96,70.96,70.945,70.96,0.000617
1742182860000,70.955,70.96,70.95,70.95,0.000873
1742182920000,70.945,70.965,70.945,70.965,0.000635
1742182980000,70.97,70.985,70.965,70.985,0.000378
1742183040000,70.98,70.985,70.975,70.98,0.000783
1742183100000,70.985,70.99,70.98,70.99,0.000311
1742183160000,70.985,70.995,70.985,70.995,0.000356
1742183220000,71,71.005,70.995,70.995,0.000536
1742183280000,71.005,71.005,71.005,71.005,0.000054
1742183340000,71.01,71.01,70.985,70.985,0.000572
1742183400000,70.98,70.99,70.975,70.99,0.001004
1742183460000,70.995,70.995,70.99,70.99,0.000189
1742183520000,70.995,71.005,70.99,71.005,0.000513
1742183580000,71.005,71.005,71.005,71.005,0
1742183640000,71.005,71.005,71.005,71.005,0
1742183700000,71.005,71.005,71.005,71.005,0
1742183760000,71.005,71.005,71.005,71.005,0
1742183820000,71.015,71.015,71.005,71.005,0.000347
1742183880000,71.005,71.005,71.005,71.005,0
1742183940000,71.005,71.005,71.005,71.005,0
1742184000000,71.01,71.05,71.01,71.045,0.001116
1742184060000,71.055,71.065,71.045,71.045,0.000693
1742184120000,71.055,71.075,71.055,71.075,0.000702
1742184180000,71.08,71.085,71.065,71.085,0.001688
1742184240000,71.075,71.095,71.07,71.07,0.00122
1742184300000,71.065,71.075,71.05,71.07,0.001026
1742184360000,71.075,71.08,71.065,71.065,0.002102
1742184420000,71.07,71.07,71.065,71.07,0.000225
1742184480000,71.065,71.065,71.045,71.045,0.000477
1742184540000,71.04,71.055,71.04,71.05,0.001233
1742184600000,71.055,71.07,71.055,71.065,0.000455
1742184660000,71.07,71.07,71.065,71.07,0.00036
1742184720000,71.065,71.075,71.065,71.065,0.000311
1742184780000,71.055,71.055,71.05,71.055,0.000189
1742184840000,71.06,71.075,71.06,71.075,0.000333
1742184900000,71.07,71.075,71.065,71.07,0.000662
1742184960000,71.07,71.07,71.07,71.07,0
1742185020000,71.065,71.065,71.065,71.065,0.00009
1742185080000,71.07,71.085,71.07,71.08,0.0005
1742185140000,71.075,71.075,71.07,71.07,0.000144
1742185200000,71.075,71.075,71.07,71.07,0.000144
1742185260000,71.075,71.075,71.075,71.075,0.000068
1742185320000,71.085,71.095,71.085,71.095,0.000108
1742185380000,71.1,71.105,71.095,71.105,0.000324
1742185440000,71.115,71.125,71.105,71.11,0.000486
1742185500000,71.115,71.115,71.105,71.115,0.000243
1742185560000,71.105,71.105,71.09,71.095,0.000333
1742185620000,71.09,71.095,71.08,71.08,0.000527
1742185680000,71.085,71.085,71.065,71.065,0.000189
1742185740000,71.07,71.075,71.07,71.075,0.000189
1742185800000,71.08,71.095,71.08,71.09,0.000446
1742185860000,71.085,71.085,71.08,71.085,0.000279
1742185920000,71.09,71.095,71.09,71.095,0.000189
1742185980000,71.09,71.09,71.085,71.085,0.000158
1742186040000,71.09,71.095,71.09,71.095,0.000122
1742186100000,71.09,71.105,71.085,71.085,0.000725
1742186160000,71.085,71.085,71.085,71.085,0
1742186220000,71.085,71.085,71.085,71.085,0
1742186280000,71.095,71.105,71.095,71.105,0.000243
1742186340000,71.095,71.095,71.09,71.09,0.000203
1742186400000,71.085,71.095,71.085,71.085,0.000266
1742186460000,71.085,71.085,71.085,71.085,0
1742186520000,71.085,71.085,71.085,71.085,0
1742186580000,71.085,71.085,71.085,71.085,0
1742186640000,71.065,71.085,71.065,71.085,0.000666
1742186700000,71.09,71.09,71.075,71.085,0.000378
1742186760000,71.085,71.085,71.085,71.085,0
1742186820000,71.085,71.085,71.085,71.085,0
1742186880000,71.09,71.095,71.09,71.095,0.000122
1742186940000,71.1,71.105,71.1,71.105,0.000189
1742187000000,71.115,71.115,71.105,71.105,0.000257
1742187060000,71.1,71.1,71.1,71.1,0.000068
1742187120000,71.095,71.095,71.095,71.095,0.00009
1742187180000,71.09,71.095,71.085,71.09,0.000437
1742187240000,71.095,71.095,71.09,71.095,0.000432
1742187300000,71.085,71.095,71.085,71.095,0.000189
1742187360000,71.09,71.09,71.075,71.075,0.000401
1742187420000,71.07,71.085,71.07,71.085,0.000279
1742187480000,71.09,71.095,71.09,71.09,0.000356
1742187540000,71.085,71.095,71.085,71.085,0.000527
1742187600000,71.095,71.115,71.095,71.1,0.000869
1742187660000,71.105,71.105,71.095,71.1,0.000725
1742187720000,71.105,71.11,71.105,71.105,0.000248
1742187780000,71.1,71.105,71.095,71.1,0.000527
1742187840000,71.105,71.115,71.105,71.105,0.000378
1742187900000,71.1,71.1,71.075,71.075,0.00063
1742187960000,71.08,71.08,71.075,71.075,0.00027
1742188020000,71.09,71.095,71.085,71.09,0.000446
1742188080000,71.095,71.095,71.085,71.085,0.000324
1742188140000,71.038,71.09,71.038,71.085,0.003303
1742188200000,71.095,71.115,71.095,71.115,0.000297
1742188260000,71.125,71.13,71.11,71.11,0.00086
1742188320000,71.115,71.115,71.09,71.09,0.000446
1742188380000,71.095,71.095,71.085,71.085,0.000279
1742188440000,71.09,71.095,71.085,71.09,0.000738
1742188500000,71.085,71.095,71.085,71.095,0.000234
1742188560000,71.105,71.105,71.08,71.08,0.001458
1742188620000,71.085,71.09,71.085,71.09,0.000189
1742188680000,71.095,71.095,71.08,71.08,0.000486
1742188740000,71.075,71.095,71.075,71.095,0.00059
1742188800000,71.105,71.105,71.09,71.09,0.000567
1742188860000,71.095,71.1,71.095,71.1,0.000414
1742188920000,71.105,71.105,71.095,71.095,0.000311
1742188980000,71.09,71.095,71.085,71.09,0.000549
1742189040000,71.095,71.095,71.09,71.095,0.000243
1742189100000,71.1,71.105,71.095,71.095,0.000392
1742189160000,71.095,71.095,71.095,71.095,0
1742189220000,71.095,71.095,71.095,71.095,0
1742189280000,71.1,71.1,71.085,71.09,0.000495
1742189340000,71.095,71.1,71.08,71.08,0.000639
1742189400000,71.085,71.105,71.065,71.09,0.002696
1742189460000,71.085,71.09,71.075,71.085,0.001053
1742189520000,71.09,71.135,71.09,71.125,0.001908
1742189580000,71.115,71.135,71.115,71.125,0.000873
1742189640000,71.13,71.155,71.125,71.145,0.000869
1742189700000,71.155,71.16,71.145,71.145,0.000549
1742189760000,71.15,71.155,71.145,71.15,0.000572
1742189820000,71.155,71.175,71.15,71.175,0.00063
1742189880000,71.185,71.185,71.165,71.165,0.000342
1742189940000,71.175,71.18,71.155,71.16,0.001683
1742190000000,71.155,71.165,71.15,71.155,0.000954
1742190060000,71.165,71.17,71.155,71.165,0.001089
1742190120000,71.175,71.175,71.165,71.175,0.000176
1742190180000,71.165,71.175,71.165,71.175,0.000122
1742190240000,71.185,71.185,71.165,71.165,0.000815
1742190300000,71.16,71.165,71.155,71.16,0.000729
1742190360000,71.155,71.165,71.155,71.165,0.000891
1742190420000,71.16,71.16,71.15,71.155,0.000792
1742190480000,71.165,71.165,71.155,71.155,0.000468
1742190540000,71.14,71.14,71.115,71.125,0.000846
1742190600000,71.12,71.12,71.075,71.08,0.002586
1742190660000,71.075,71.08,71.035,71.045,0.00261
1742190720000,71.035,71.04,71.03,71.04,0.000392
1742190780000,71.035,71.04,71.035,71.035,0.00095
1742190840000,71.03,71.03,71.025,71.03,0.000833
1742190900000,71.025,71.035,71.025,71.03,0.000657
1742190960000,71.035,71.035,71.03,71.03,0.000225
1742191020000,71.035,71.06,71.035,71.055,0.000455
1742191080000,71.06,71.065,71.05,71.05,0.000468
1742191140000,71.045,71.045,71.035,71.035,0.000135
1742191200000,71.015,71.045,71,71.045,0.001499
1742191260000,71.035,71.045,71.035,71.045,0.000108
1742191320000,71.055,71.055,71.035,71.035,0.000797
1742191380000,71.04,71.045,71.035,71.035,0.000243
1742191440000,71.025,71.025,71.005,71.015,0.001139
1742191500000,71.02,71.02,71.015,71.015,0.000558
1742191560000,71.02,71.03,71.015,71.025,0.00104
1742191620000,71.03,71.03,70.985,70.995,0.001529
1742191680000,71,71.005,70.98,70.98,0.0013
1742191740000,70.985,70.985,70.98,70.98,0.001296
1742191800000,70.985,70.995,70.985,70.995,0.000567
1742191860000,71.005,71.005,70.985,70.995,0.000477
1742191920000,71,71.005,70.975,70.99,0.001283
1742191980000,70.985,71.015,70.975,71.01,0.001917
1742192040000,71.005,71.01,70.995,71,0.000967
1742192100000,70.995,71.005,70.985,71.005,0.000756
1742192160000,71.01,71.02,71.005,71.005,0.000486
1742192220000,70.995,71.005,70.995,70.995,0.000779
1742192280000,71.005,71.005,70.985,70.995,0.000971
1742192340000,70.99,70.995,70.99,70.995,0.000256
1742192400000,70.99,70.99,70.965,70.965,0.000756
1742192460000,70.97,70.975,70.965,70.97,0.000774
1742192520000,70.965,70.975,70.95,70.965,0.001362
1742192580000,70.975,70.98,70.975,70.975,0.000378
1742192640000,70.97,70.975,70.965,70.965,0.000743
1742192700000,70.97,70.99,70.97,70.99,0.000702
1742192760000,70.985,70.995,70.985,70.995,0.000279
1742192820000,70.985,70.985,70.96,70.965,0.001206
1742192880000,70.97,70.97,70.945,70.945,0.000932
1742192940000,70.955,70.955,70.95,70.955,0.000554
1742193000000,70.95,70.965,70.95,70.965,0.001256
1742193060000,70.975,70.975,70.965,70.97,0.000626
1742193120000,70.965,70.97,70.96,70.96,0.000954
1742193180000,70.965,70.965,70.955,70.955,0.001269
1742193240000,70.965,70.965,70.955,70.955,0.000594
1742193300000,70.955,70.955,70.955,70.955,0
1742193360000,70.96,70.965,70.955,70.965,0.001876
1742193420000,70.955,70.965,70.955,70.955,0.001728
1742193480000,70.96,70.97,70.955,70.965,0.001255
1742193540000,70.965,70.965,70.965,70.965,0
1742193600000,70.96,70.965,70.955,70.965,0.001546
1742193660000,70.96,70.965,70.96,70.965,0.000391
1742193720000,70.96,70.965,70.955,70.96,0.002222
1742193780000,70.965,70.965,70.955,70.96,0.001309
1742193840000,70.965,70.965,70.96,70.965,0.001093
1742193900000,70.97,71.015,70.97,71.005,0.001978
1742193960000,71.01,71.025,71.005,71.015,0.004752
1742194020000,71.025,71.025,71.015,71.025,0.002079
1742194080000,71.005,71.005,70.995,71.005,0.001256
1742194140000,71,71.015,70.985,71.01,0.001836
1742194200000,71.015,71.025,71.01,71.02,0.000792
1742194260000,71.015,71.035,71.015,71.035,0.000927
1742194320000,71.045,71.045,71.03,71.035,0.001551
1742194380000,71.03,71.045,71.03,71.045,0.001241
1742194440000,71.035,71.045,71.035,71.045,0.001226
1742194500000,71.05,71.085,71.045,71.08,0.00189
1742194560000,71.085,71.095,71.065,71.09,0.001161
1742194620000,71.095,71.125,71.095,71.125,0.001093
1742194680000,71.13,71.135,71.09,71.095,0.002578
1742194740000,71.09,71.105,71.09,71.1,0.002304
1742194800000,71.105,71.135,71.105,71.135,0.00193
1742194860000,71.125,71.175,71.125,71.175,0.00151
1742194920000,71.19,71.195,71.175,71.18,0.002023
1742194980000,71.175,71.18,71.16,71.175,0.001952
1742195040000,71.18,71.18,71.155,71.165,0.001166
1742195100000,71.155,71.18,71.15,71.165,0.002115
1742195160000,71.155,71.16,71.145,71.145,0.001034
1742195220000,71.135,71.165,71.135,71.145,0.001381
1742195280000,71.15,71.165,71.15,71.165,0.000836
1742195340000,71.16,71.16,71.14,71.14,0.000783
1742195400000,71.135,71.145,71.125,71.135,0.001116
1742195460000,71.145,71.15,71.105,71.115,0.001269
1742195520000,71.105,71.125,71.095,71.105,0.001038
1742195580000,71.115,71.115,71.105,71.105,0.000724
1742195640000,71.11,71.115,71.105,71.105,0.000715
1742195700000,71.115,71.14,71.105,71.135,0.000635
1742195760000,71.14,71.14,71.115,71.125,0.000581
1742195820000,71.13,71.135,71.115,71.115,0.001066
1742195880000,71.125,71.13,71.115,71.115,0.000414
1742195940000,71.105,71.105,71.105,71.105,0.000135
1742196000000,71.095,71.095,71.085,71.085,0.000482
1742196060000,71.075,71.075,71.045,71.065,0.000783
1742196120000,71.055,71.055,71.035,71.035,0.001398
1742196180000,71.04,71.095,71.035,71.065,0.002091
1742196240000,71.075,71.085,71.065,71.085,0.001336
1742196300000,71.075,71.075,71.065,71.075,0.000458
1742196360000,71.065,71.085,71.065,71.085,0.000279
1742196420000,71.075,71.095,71.075,71.095,0.000904
1742196480000,71.085,71.095,71.065,71.075,0.001843
1742196540000,71.065,71.075,71.065,71.065,0.00031
1742196600000,71.05,71.095,71.05,71.085,0.000917
1742196660000,71.075,71.075,71.025,71.045,0.001269
1742196720000,71.05,71.055,71.035,71.035,0.00166
1742196780000,71.045,71.055,71.015,71.055,0.003262
1742196840000,71.065,71.065,71.055,71.065,0.00097
1742196900000,71.075,71.115,71.075,71.115,0.001809
1742196960000,71.105,71.115,71.085,71.085,0.003059
1742197020000,71.09,71.09,71.075,71.085,0.000864
1742197080000,71.09,71.095,71.07,71.075,0.000904
1742197140000,71.085,71.095,71.07,71.095,0.00108
1742197200000,71.085,71.095,71.08,71.085,0.001106
1742197260000,71.1,71.11,71.1,71.105,0.001537
1742197320000,71.11,71.125,71.105,71.115,0.001619
1742197380000,71.125,71.125,71.125,71.125,0.000054
1742197440000,71.115,71.115,71.105,71.105,0.000337
1742197500000,71.1,71.1,71.085,71.085,0.000714
1742197560000,71.085,71.085,71.085,71.085,0
1742197620000,71.105,71.105,71.085,71.085,0.000391
1742197680000,71.09,71.095,71.085,71.095,0.001092
1742197740000,71.1,71.105,71.095,71.105,0.001308
1742197800000,71.095,71.125,71.095,71.125,0.001928
1742197860000,71.125,71.125,71.125,71.125,0
1742197920000,71.115,71.115,71.08,71.085,0.001599
1742197980000,71.08,71.095,71.075,71.085,0.002104
1742198040000,71.095,71.165,71.095,71.165,0.001849
1742198100000,71.16,71.165,71.14,71.145,0.001497
1742198160000,71.135,71.145,71.115,71.115,0.002047
1742198220000,71.105,71.125,71.105,71.105,0.000675
1742198280000,71.095,71.095,71.08,71.09,0.001469
1742198340000,71.095,71.125,71.095,71.115,0.001322
1742198400000,71.11,71.135,71.065,71.125,0.003055
1742198460000,71.12,71.13,71.095,71.115,0.001445
1742198520000,71.125,71.135,71.125,71.135,0.000743
1742198580000,71.145,71.165,71.125,71.155,0.002775
1742198640000,71.165,71.165,71.13,71.135,0.002069
1742198700000,71.13,71.165,71.125,71.155,0.000959
1742198760000,71.15,71.175,71.145,71.16,0.003695
1742198820000,71.165,71.175,71.155,71.155,0.001361
1742198880000,71.145,71.145,71.135,71.135,0.000459
1742198940000,71.125,71.125,71.1,71.105,0.001538
1742199000000,71.1,71.105,71.065,71.085,0.001304
1742199060000,71.07,71.115,71.07,71.115,0.001066
1742199120000,71.105,71.135,71.085,71.135,0.003195
1742199180000,71.13,71.135,71.095,71.1,0.002894
1742199240000,71.095,71.125,71.085,71.115,0.002545
1742199300000,71.11,71.135,71.105,71.115,0.001754
1742199360000,71.11,71.11,71.065,71.065,0.002829
1742199420000,71.05,71.085,71.05,71.065,0.00197
1742199480000,71.055,71.055,71.005,71.005,0.002301
1742199540000,71.015,71.015,70.96,70.965,0.003437
1742199600000,70.975,71.02,70.965,71.015,0.006137
1742199660000,71.025,71.025,71.005,71.015,0.001026
1742199720000,71.005,71.01,70.98,70.99,0.004537
1742199780000,70.995,70.995,70.965,70.985,0.001767
1742199840000,70.995,70.995,70.955,70.985,0.004275
1742199900000,71.005,71.005,70.965,71.005,0.002702
1742199960000,71.015,71.015,70.985,70.995,0.001443
1742200020000,70.985,70.995,70.96,70.965,0.005169
1742200080000,70.975,70.975,70.94,70.945,0.004219
1742200140000,70.94,71.035,70.935,71.035,0.015067
1742200200000,71.025,71.025,70.985,71.015,0.008585
1742200260000,71.025,71.025,70.975,71.005,0.003214
1742200320000,71.015,71.025,71.005,71.005,0.002832
1742200380000,70.995,71.005,70.975,71,0.004452
1742200440000,70.995,70.995,70.965,70.965,0.001267
1742200500000,70.975,70.995,70.965,70.985,0.002496
1742200560000,70.99,71.085,70.975,71.08,0.004829
1742200620000,71.075,71.075,71.045,71.065,0.003152
1742200680000,71.07,71.115,71.045,71.115,0.002454
1742200740000,71.125,71.145,71.115,71.145,0.001282
1742200800000,71.155,71.155,71.085,71.095,0.003858
1742200860000,71.085,71.085,71.065,71.085,0.001754
1742200920000,71.075,71.085,71.065,71.085,0.001971
1742200980000,71.075,71.085,71.065,71.075,0.00182
1742201040000,71.085,71.115,71.085,71.115,0.003317
1742201100000,71.105,71.125,71.105,71.105,0.003379
1742201160000,71.11,71.145,71.1,71.145,0.002536
1742201220000,71.15,71.17,71.145,71.145,0.004198
1742201280000,71.15,71.185,71.145,71.185,0.001722
1742201340000,71.175,71.205,71.175,71.185,0.00189
1742201400000,71.19,71.195,71.155,71.155,0.002657
1742201460000,71.165,71.17,71.105,71.105,0.003966
1742201520000,71.12,71.155,71.12,71.135,0.002955
1742201580000,71.145,71.155,71.14,71.145,0.001809
1742201640000,71.14,71.165,71.125,71.155,0.002408
1742201700000,71.165,71.165,71.145,71.145,0.001323
1742201760000,71.135,71.155,71.125,71.145,0.001524
1742201820000,71.14,71.165,71.14,71.145,0.001875
1742201880000,71.15,71.155,71.125,71.14,0.001714
1742201940000,71.135,71.175,71.125,71.125,0.003396
1742202000000,71.13,71.175,71.105,71.155,0.008127
1742202060000,71.165,71.175,71.135,71.135,0.003408
1742202120000,71.125,71.155,71.12,71.135,0.001719
1742202180000,71.125,71.165,71.125,71.135,0.00259
1742202240000,71.13,71.135,71.115,71.125,0.00085
1742202300000,71.135,71.135,71.04,71.045,0.002381
1742202360000,71.055,71.16,71.05,71.155,0.001112
1742202420000,71.145,71.16,71.125,71.155,0.001683
1742202480000,71.165,71.17,71.165,71.17,0.000333
1742202540000,71.165,71.205,71.145,71.205,0.002273
1742202600000,71.195,71.225,71.195,71.225,0.001296
1742202660000,71.235,71.235,71.215,71.235,0.00126
1742202720000,71.225,71.24,71.205,71.235,0.003889
1742202780000,71.24,71.27,71.23,71.265,0.002051
1742202840000,71.275,71.285,71.255,71.275,0.00113
1742202900000,71.285,71.315,71.285,71.285,0.002833
1742202960000,71.275,71.285,71.265,71.285,0.001498
1742203020000,71.275,71.305,71.275,71.285,0.00166
1742203080000,71.275,71.305,71.27,71.295,0.001862
1742203140000,71.285,71.315,71.275,71.305,0.001942
1742203200000,71.295,71.315,71.295,71.305,0.002144
1742203260000,71.315,71.325,71.3,71.31,0.002099
1742203320000,71.305,71.305,71.275,71.285,0.001309
1742203380000,71.28,71.28,71.265,71.265,0.002138
1742203440000,71.275,71.285,71.275,71.285,0.000468
1742203500000,71.275,71.275,71.265,71.27,0.001209
1742203560000,71.275,71.285,71.255,71.285,0.003546
1742203620000,71.28,71.285,71.265,71.275,0.001965
1742203680000,71.285,71.285,71.275,71.285,0.001159
1742203740000,71.305,71.305,71.305,71.305,0.000054
1742203800000,71.32,71.32,71.275,71.315,0.003277
1742203860000,71.305,71.325,71.305,71.315,0.000702
1742203920000,71.32,71.345,71.305,71.345,0.001573
1742203980000,71.335,71.35,71.315,71.335,0.002091
1742204040000,71.325,71.325,71.305,71.305,0.001021
1742204100000,71.295,71.32,71.275,71.295,0.001112
1742204160000,71.285,71.295,71.275,71.285,0.000823
1742204220000,71.265,71.275,71.245,71.245,0.002225
1742204280000,71.235,71.265,71.235,71.265,0.000738
1742204340000,71.255,71.255,71.175,71.195,0.00282
1742204400000,71.2,71.2,71.155,71.185,0.00361
1742204460000,71.195,71.235,71.195,71.235,0.00104
1742204520000,71.245,71.245,71.185,71.205,0.001709
1742204580000,71.195,71.195,71.165,71.175,0.001237
1742204640000,71.19,71.195,71.19,71.195,0.000256
1742204700000,71.185,71.225,71.165,71.225,0.001292
1742204760000,71.23,71.23,71.175,71.18,0.001152
1742204820000,71.185,71.21,71.185,71.195,0.002092
1742204880000,71.205,71.215,71.185,71.185,0.000495
1742204940000,71.18,71.195,71.175,71.19,0.001458
1742205000000,71.195,71.2,71.175,71.185,0.001169
1742205060000,71.195,71.195,71.145,71.195,0.001314
1742205120000,71.185,71.195,71.175,71.185,0.001493
1742205180000,71.18,71.185,71.175,71.185,0.001349
1742205240000,71.195,71.215,71.195,71.2,0.000936
1742205300000,71.205,71.225,71.195,71.215,0.001598
1742205360000,71.22,71.24,71.215,71.225,0.001548
1742205420000,71.235,71.235,71.195,71.205,0.002913
1742205480000,71.21,71.285,71.205,71.285,0.002448
1742205540000,71.275,71.285,71.245,71.28,0.004349
1742205600000,71.285,71.3,71.265,71.27,0.003108
1742205660000,71.265,71.275,71.235,71.245,0.002361
1742205720000,71.235,71.235,71.215,71.215,0.001187
1742205780000,71.205,71.205,71.185,71.185,0.001843
1742205840000,71.175,71.195,71.16,71.16,0.002422
1742205900000,71.155,71.185,71.145,71.185,0.002265
1742205960000,71.195,71.205,71.165,71.205,0.001726
1742206020000,71.215,71.215,71.195,71.205,0.002009
1742206080000,71.195,71.21,71.185,71.205,0.00174
1742206140000,71.21,71.21,71.185,71.195,0.000931
1742206200000,71.185,71.235,71.185,71.23,0.00155
1742206260000,71.235,71.275,71.225,71.265,0.00085
1742206320000,71.275,71.275,71.235,71.235,0.003327
1742206380000,71.23,71.265,71.225,71.265,0.002386
1742206440000,71.275,71.305,71.265,71.305,0.003275
1742206500000,71.3,71.32,71.295,71.295,0.001947
1742206560000,71.275,71.285,71.275,71.285,0.002118
1742206620000,71.275,71.285,71.275,71.285,0.000783
1742206680000,71.295,71.325,71.295,71.305,0.000477
1742206740000,71.315,71.315,71.285,71.295,0.001454
1742206800000,71.3,71.305,71.275,71.29,0.001116
1742206860000,71.285,71.295,71.275,71.275,0.001242
1742206920000,71.285,71.305,71.275,71.3,0.00213
1742206980000,71.305,71.305,71.275,71.285,0.001107
1742207040000,71.275,71.275,71.205,71.215,0.002807
1742207100000,71.205,71.245,71.205,71.235,0.002218
1742207160000,71.24,71.245,71.225,71.235,0.000536
1742207220000,71.245,71.265,71.235,71.265,0.000576
1742207280000,71.245,71.25,71.235,71.235,0.000774
1742207340000,71.23,71.235,71.215,71.235,0.001912
1742207400000,71.225,71.23,71.215,71.215,0.000513
1742207460000,71.22,71.22,71.205,71.215,0.001471
1742207520000,71.22,71.225,71.205,71.215,0.001093
1742207580000,71.225,71.245,71.225,71.245,0.000351
1742207640000,71.24,71.26,71.235,71.24,0.002696
1742207700000,71.245,71.245,71.215,71.225,0.002082
1742207760000,71.22,71.27,71.215,71.27,0.00202
1742207820000,71.275,71.285,71.265,71.275,0.000459
1742207880000,71.26,71.275,71.245,71.265,0.001506
1742207940000,71.26,71.295,71.255,71.295,0.001402
1742208000000,71.305,71.305,71.275,71.295,0.001664
1742208060000,71.3,71.325,71.295,71.295,0.001708
1742208120000,71.3,71.365,71.295,71.365,0.001592
1742208180000,71.375,71.4,71.375,71.395,0.001133
1742208240000,71.39,71.395,71.385,71.385,0.003236
1742208300000,71.395,71.405,71.395,71.405,0.000468
1742208360000,71.39,71.425,71.39,71.425,0.002631
1742208420000,71.415,71.425,71.385,71.39,0.002297
1742208480000,71.385,71.425,71.375,71.42,0.003279
1742208540000,71.415,71.445,71.405,71.425,0.002145
1742208600000,71.415,71.415,71.385,71.385,0.000648
1742208660000,71.39,71.425,71.39,71.405,0.002339
1742208720000,71.415,71.425,71.405,71.415,0.000702
1742208780000,71.41,71.415,71.405,71.405,0.000917
1742208840000,71.415,71.435,71.405,71.405,0.002289
1742208900000,71.415,71.425,71.415,71.415,0.000333
1742208960000,71.405,71.415,71.405,71.415,0.000782
1742209020000,71.425,71.455,71.425,71.455,0.002676
1742209080000,71.445,71.45,71.425,71.435,0.002267
1742209140000,71.445,71.445,71.435,71.44,0.000909
1742209200000,71.435,71.465,71.435,71.465,0.001484
1742209260000,71.455,71.465,71.455,71.455,0.001955
1742209320000,71.46,71.465,71.455,71.465,0.001443
1742209380000,71.46,71.465,71.455,71.465,0.001195
1742209440000,71.455,71.47,71.445,71.445,0.0012
1742209500000,71.44,71.455,71.4,71.405,0.001318
1742209560000,71.425,71.435,71.415,71.435,0.002226
1742209620000,71.445,71.445,71.42,71.425,0.00135
1742209680000,71.435,71.435,71.415,71.425,0.001588
1742209740000,71.42,71.435,71.42,71.425,0.001228
1742209800000,71.415,71.415,71.373,71.373,0.005083
1742209860000,71.415,71.425,71.415,71.425,0.001267
1742209920000,71.435,71.435,71.405,71.415,0.001227
1742209980000,71.41,71.415,71.395,71.405,0.001466
1742210040000,71.415,71.455,71.415,71.455,0.001604
1742210100000,71.465,71.515,71.455,71.495,0.001201
1742210160000,71.505,71.525,71.505,71.51,0.004127
1742210220000,71.515,71.535,71.505,71.515,0.001134
1742210280000,71.51,71.515,71.505,71.515,0.001577
1742210340000,71.51,71.515,71.505,71.505,0.000647
1742210400000,71.495,71.495,71.475,71.485,0.003063
1742210460000,71.495,71.505,71.49,71.495,0.001172
1742210520000,71.49,71.5,71.48,71.5,0.0016
1742210580000,71.505,71.515,71.505,71.505,0.001724
1742210640000,71.515,71.525,71.505,71.515,0.002516
1742210700000,71.505,71.535,71.505,71.515,0.002938
1742210760000,71.525,71.535,71.515,71.525,0.002077
1742210820000,71.535,71.545,71.52,71.535,0.002846
1742210880000,71.525,71.53,71.515,71.515,0.001983
1742210940000,71.505,71.525,71.505,71.52,0.001937
1742211000000,71.525,71.545,71.515,71.545,0.002577
1742211060000,71.555,71.555,71.545,71.555,0.001308
1742211120000,71.545,71.555,71.535,71.545,0.002537
1742211180000,71.535,71.545,71.505,71.525,0.00209
1742211240000,71.515,71.525,71.515,71.525,0.000189
1742211300000,71.51,71.53,71.485,71.525,0.004071
1742211360000,71.53,71.545,71.525,71.545,0.000499
1742211420000,71.53,71.535,71.525,71.535,0.00058
1742211480000,71.53,71.535,71.525,71.525,0.00093
1742211540000,71.515,71.525,71.51,71.51,0.001843
1742211600000,71.515,71.525,71.505,71.525,0.000544
1742211660000,71.51,71.525,71.51,71.515,0.000765
1742211720000,71.51,71.515,71.505,71.515,0.001187
1742211780000,71.525,71.525,71.515,71.515,0.001336
1742211840000,71.52,71.525,71.515,71.525,0.000458
1742211900000,71.515,71.515,71.505,71.515,0.001105
1742211960000,71.525,71.545,71.515,71.54,0.000737
1742212020000,71.545,71.575,71.535,71.565,0.001321
1742212080000,71.555,71.56,71.525,71.535,0.002184
1742212140000,71.54,71.545,71.54,71.545,0.000256
1742212200000,71.55,71.555,71.515,71.525,0.001551
1742212260000,71.535,71.545,71.535,71.535,0.000643
1742212320000,71.53,71.53,71.515,71.515,0.001065
1742212380000,71.51,71.515,71.505,71.505,0.00182
1742212440000,71.515,71.525,71.505,71.505,0.002967
1742212500000,71.515,71.515,71.485,71.485,0.001376
1742212560000,71.475,71.495,71.475,71.485,0.00151
1742212620000,71.49,71.495,71.475,71.495,0.002239
1742212680000,71.485,71.495,71.465,71.475,0.002305
1742212740000,71.48,71.485,71.465,71.475,0.001362
1742212800000,71.465,71.495,71.455,71.475,0.002441
1742212860000,71.485,71.495,71.445,71.445,0.0014
1742212920000,71.45,71.455,71.435,71.435,0.002104
1742212980000,71.425,71.435,71.405,71.41,0.004262
1742213040000,71.405,71.435,71.405,71.435,0.002668
1742213100000,71.43,71.455,71.425,71.445,0.001238
1742213160000,71.435,71.435,71.415,71.435,0.001484
1742213220000,71.425,71.445,71.415,71.435,0.000837
1742213280000,71.425,71.43,71.415,71.425,0.001187
1742213340000,71.43,71.44,71.425,71.435,0.001228
1742213400000,71.445,71.46,71.435,71.46,0.00089
1742213460000,71.455,71.455,71.425,71.43,0.000661
1742213520000,71.435,71.44,71.425,71.425,0.004061
1742213580000,71.43,71.44,71.415,71.44,0.002723
1742213640000,71.445,71.445,71.415,71.42,0.002537
1742213700000,71.415,71.425,71.405,71.415,0.002212
1742213760000,71.41,71.425,71.41,71.415,0.001552
1742213820000,71.425,71.425,71.4,71.405,0.001496
1742213880000,71.41,71.415,71.375,71.385,0.002043
1742213940000,71.375,71.375,71.365,71.365,0.000741
1742214000000,71.36,71.375,71.345,71.375,0.002104
1742214060000,71.385,71.405,71.365,71.405,0.001672
1742214120000,71.41,71.415,71.395,71.41,0.00186
1742214180000,71.415,71.425,71.405,71.415,0.000499
1742214240000,71.42,71.425,71.405,71.405,0.001253
1742214300000,71.395,71.425,71.395,71.42,0.001563
1742214360000,71.415,71.445,71.415,71.415,0.001471
1742214420000,71.41,71.415,71.405,71.415,0.00155
1742214480000,71.405,71.405,71.385,71.385,0.000432
1742214540000,71.38,71.385,71.375,71.375,0.002278
1742214600000,71.37,71.415,71.35,71.365,0.003946
1742214660000,71.375,71.415,71.365,71.415,0.00334
1742214720000,71.41,71.425,71.395,71.395,0.003563
1742214780000,71.39,71.415,71.385,71.415,0.003776
1742214840000,71.405,71.415,71.385,71.385,0.003767
1742214900000,71.39,71.405,71.385,71.395,0.002857
1742214960000,71.39,71.425,71.39,71.395,0.002657
1742215020000,71.4,71.405,71.385,71.405,0.002064
1742215080000,71.4,71.415,71.395,71.41,0.00116
1742215140000,71.415,71.435,71.415,71.43,0.003169
1742215200000,71.435,71.435,71.415,71.415,0.002751
1742215260000,71.405,71.415,71.405,71.405,0.001672
1742215320000,71.395,71.425,71.395,71.425,0.000553
1742215380000,71.415,71.43,71.4,71.415,0.002249
1742215440000,71.405,71.415,71.385,71.395,0.002979
1742215500000,71.385,71.385,71.37,71.385,0.00124
1742215560000,71.395,71.395,71.365,71.395,0.003223
1742215620000,71.39,71.415,71.375,71.405,0.001943
1742215680000,71.41,71.415,71.375,71.385,0.002735
1742215740000,71.375,71.385,71.355,71.37,0.0026
1742215800000,71.365,71.39,71.365,71.385,0.00229
1742215860000,71.39,71.435,71.385,71.43,0.002258
1742215920000,71.425,71.425,71.405,71.425,0.001781
1742215980000,71.43,71.43,71.415,71.42,0.001348
1742216040000,71.415,71.445,71.415,71.445,0.002009
1742216100000,71.455,71.475,71.445,71.475,0.002104
1742216160000,71.47,71.475,71.465,71.47,0.00295
1742216220000,71.475,71.475,71.445,71.445,0.001914
1742216280000,71.455,71.475,71.455,71.475,0.001404
1742216340000,71.465,71.475,71.45,71.455,0.006921
1742216400000,71.465,71.475,71.365,71.395,0.016149
1742216460000,71.39,71.42,71.335,71.335,0.012905
1742216520000,71.34,71.345,71.26,71.265,0.011896
1742216580000,71.26,71.275,71.23,71.245,0.013244
1742216640000,71.25,71.265,71.225,71.24,0.006351
1742216700000,71.245,71.265,71.235,71.245,0.006965
1742216760000,71.25,71.275,71.235,71.275,0.004383
1742216820000,71.285,71.325,71.285,71.32,0.004203
1742216880000,71.315,71.325,71.29,71.29,0.007357
1742216940000,71.295,71.33,71.295,71.325,0.005029
1742217000000,71.335,71.365,71.335,71.355,0.004868
1742217060000,71.35,71.375,71.305,71.315,0.006617
1742217120000,71.325,71.335,71.305,71.315,0.004297
1742217180000,71.32,71.345,71.315,71.325,0.00453
1742217240000,71.32,71.34,71.295,71.295,0.004363
1742217300000,71.3,71.315,71.205,71.21,0.006532
1742217360000,71.205,71.225,71.205,71.22,0.005679
1742217420000,71.225,71.245,71.21,71.245,0.004517
1742217480000,71.25,71.26,71.235,71.235,0.004475
1742217540000,71.24,71.26,71.235,71.235,0.003613
1742217600000,71.23,71.255,71.215,71.25,0.002682
1742217660000,71.245,71.255,71.205,71.205,0.00403
1742217720000,71.21,71.23,71.195,71.225,0.005476
1742217780000,71.215,71.225,71.195,71.195,0.004398
1742217840000,71.19,71.225,71.155,71.165,0.005983
1742217900000,71.155,71.165,71.12,71.125,0.005861
1742217960000,71.105,71.195,71.105,71.19,0.008262
1742218020000,71.185,71.225,71.175,71.175,0.005424
1742218080000,71.185,71.185,71.16,71.16,0.003764
1742218140000,71.165,71.175,71.155,71.155,0.004128
1742218200000,71.165,71.245,71.16,71.225,0.004575
1742218260000,71.235,71.245,71.21,71.235,0.005409
1742218320000,71.24,71.275,71.215,71.275,0.00677
1742218380000,71.28,71.285,71.265,71.28,0.003065
1742218440000,71.275,71.325,71.265,71.295,0.008
1742218500000,71.3,71.31,71.265,71.305,0.006845
1742218560000,71.31,71.335,71.31,71.325,0.003063
1742218620000,71.32,71.325,71.29,71.3,0.006136
1742218680000,71.295,71.305,71.28,71.285,0.00512
1742218740000,71.295,71.315,71.295,71.295,0.002871
1742218800000,71.285,71.315,71.285,71.305,0.002978
1742218860000,71.31,71.325,71.31,71.315,0.001494
1742218920000,71.305,71.315,71.275,71.285,0.003904
1742218980000,71.29,71.295,71.25,71.255,0.003412
1742219040000,71.265,71.295,71.255,71.275,0.003927
1742219100000,71.285,71.315,71.265,71.28,0.009576
1742219160000,71.275,71.295,71.255,71.27,0.006689
1742219220000,71.275,71.325,71.27,71.295,0.00605
1742219280000,71.3,71.3,71.245,71.25,0.007956
1742219340000,71.245,71.275,71.235,71.245,0.006511
1742219400000,71.25,71.27,71.235,71.245,0.006701
1742219460000,71.235,71.285,71.225,71.285,0.005746
1742219520000,71.28,71.29,71.245,71.25,0.013081
1742219580000,71.255,71.265,71.24,71.255,0.004438
1742219640000,71.26,71.295,71.26,71.28,0.002846
1742219700000,71.275,71.295,71.27,71.295,0.004726
1742219760000,71.3,71.315,71.285,71.295,0.006273
1742219820000,71.285,71.305,71.275,71.28,0.005833
1742219880000,71.275,71.275,71.25,71.255,0.001255
1742219940000,71.26,71.275,71.255,71.26,0.00431
1742220000000,71.265,71.265,71.175,71.235,0.009059
1742220060000,71.245,71.245,71.165,71.18,0.00713
1742220120000,71.175,71.2,71.175,71.2,0.005049
1742220180000,71.195,71.205,71.175,71.185,0.006881
1742220240000,71.19,71.215,71.185,71.205,0.004158
1742220300000,71.21,71.255,71.205,71.235,0.005355
1742220360000,71.22,71.22,71.195,71.205,0.00491
1742220420000,71.2,71.205,71.135,71.135,0.003676
1742220480000,71.145,71.165,71.115,71.125,0.004175
1742220540000,71.115,71.175,71.105,71.17,0.006191
1742220600000,71.175,71.235,71.165,71.225,0.004535
1742220660000,71.235,71.235,71.17,71.225,0.006417
1742220720000,71.22,71.245,71.215,71.235,0.005208
1742220780000,71.245,71.265,71.23,71.265,0.003912
1742220840000,71.26,71.275,71.22,71.235,0.004316
1742220900000,71.245,71.28,71.235,71.26,0.004498
1742220960000,71.265,71.265,71.215,71.22,0.005259
1742221020000,71.205,71.23,71.205,71.205,0.004482
1742221080000,71.21,71.245,71.21,71.215,0.00369
1742221140000,71.22,71.24,71.2,71.215,0.005541
1742221200000,71.225,71.225,71.185,71.195,0.005526
1742221260000,71.19,71.21,71.165,71.17,0.005355
1742221320000,71.175,71.175,71.125,71.165,0.006021
1742221380000,71.175,71.21,71.175,71.185,0.004494
1742221440000,71.175,71.175,71.15,71.17,0.004056
1742221500000,71.165,71.17,71.095,71.125,0.005227
1742221560000,71.13,71.13,71.075,71.105,0.006054
1742221620000,71.11,71.145,71.105,71.11,0.006078
1742221680000,71.115,71.13,71.1,71.125,0.003343
1742221740000,71.12,71.125,71.095,71.1,0.004127
1742221800000,71.095,71.115,71.065,71.105,0.010041
1742221860000,71.11,71.16,71.105,71.135,0.006422
1742221920000,71.14,71.165,71.115,71.115,0.005968
1742221980000,71.12,71.125,71.105,71.115,0.004714
1742222040000,71.1,71.115,70.975,71.005,0.011754
1742222100000,71.015,71.05,70.99,71.025,0.008577
1742222160000,71.035,71.035,70.875,70.925,0.006696
1742222220000,70.93,70.94,70.905,70.915,0.004796
1742222280000,70.905,71.007,70.9,70.995,0.006108
1742222340000,71,71.005,70.945,70.965,0.005808
1742222400000,70.96,70.965,70.925,70.935,0.004858
1742222460000,70.945,70.965,70.91,70.935,0.004011
1742222520000,70.93,70.94,70.905,70.905,0.003032
1742222580000,70.91,70.94,70.895,70.935,0.003167
1742222640000,70.94,70.945,70.905,70.92,0.00248
1742222700000,70.915,70.925,70.885,70.915,0.004462
1742222760000,70.93,70.95,70.915,70.945,0.002924
1742222820000,70.95,70.965,70.915,70.925,0.002846
1742222880000,70.92,70.925,70.9,70.925,0.003165
1742222940000,70.93,70.93,70.895,70.905,0.003559
1742223000000,70.915,70.915,70.895,70.895,0.000414
1742223060000,70.905,70.905,70.815,70.825,0.008158
1742223120000,70.815,70.845,70.81,70.815,0.005364
1742223180000,70.82,70.85,70.815,70.845,0.006012
1742223240000,70.85,70.85,70.815,70.835,0.004735
1742223300000,70.825,70.835,70.815,70.82,0.003474
1742223360000,70.825,70.825,70.805,70.815,0.004746
1742223420000,70.82,70.875,70.82,70.845,0.005371
1742223480000,70.835,70.845,70.805,70.825,0.002614
1742223540000,70.82,70.855,70.815,70.835,0.006122
1742223600000,70.84,70.885,70.83,70.85,0.010144
1742223660000,70.855,70.865,70.745,70.77,0.012026
1742223720000,70.765,70.765,70.675,70.7,0.008002
1742223780000,70.695,70.745,70.695,70.715,0.004825
1742223840000,70.71,70.745,70.675,70.745,0.007564
1742223900000,70.74,70.785,70.74,70.775,0.006886
1742223960000,70.785,70.805,70.735,70.765,0.005476
1742224020000,70.775,70.815,70.765,70.785,0.00391
1742224080000,70.79,70.815,70.765,70.805,0.006191
1742224140000,70.81,70.81,70.75,70.75,0.006117
1742224200000,70.745,70.755,70.715,70.755,0.00485
1742224260000,70.745,70.79,70.745,70.79,0.002592
1742224320000,70.795,70.815,70.785,70.805,0.004024
1742224380000,70.81,70.81,70.77,70.775,0.005092
1742224440000,70.78,70.785,70.755,70.755,0.001984
1742224500000,70.75,70.795,70.745,70.765,0.005131
1742224560000,70.775,70.785,70.76,70.775,0.004529
1742224620000,70.785,70.825,70.775,70.815,0.005889
1742224680000,70.825,70.85,70.825,70.835,0.005214
1742224740000,70.84,70.85,70.815,70.82,0.00445
1742224800000,70.815,70.83,70.785,70.82,0.004639
1742224860000,70.825,70.835,70.795,70.825,0.005963
1742224920000,70.83,70.845,70.815,70.845,0.00233
1742224980000,70.84,70.845,70.815,70.835,0.002131
1742225040000,70.83,70.835,70.815,70.825,0.0026
1742225100000,70.83,70.84,70.805,70.805,0.003225
1742225160000,70.795,70.83,70.795,70.815,0.002603
1742225220000,70.805,70.815,70.785,70.815,0.002383
1742225280000,70.81,70.845,70.81,70.815,0.004127
1742225340000,70.82,70.89,70.763,70.89,0.010121
1742225400000,70.895,71.045,70.845,70.895,0.020842
1742225460000,70.88,70.915,70.845,70.885,0.009831
1742225520000,70.89,70.895,70.795,70.875,0.009916
1742225580000,70.87,71,70.865,70.975,0.011722
1742225640000,70.965,71.06,70.965,71.05,0.01686
1742225700000,71.055,71.065,71.005,71.035,0.01011
1742225760000,71.05,71.135,71.05,71.115,0.008307
1742225820000,71.11,71.115,71.045,71.045,0.007019
1742225880000,71.035,71.075,71.035,71.045,0.006663
1742225940000,71.055,71.055,70.985,71.015,0.009903
1742226000000,71.01,71.065,71.01,71.035,0.003747
1742226060000,71.045,71.085,71.035,71.08,0.007116
1742226120000,71.085,71.095,71.05,71.055,0.005201
1742226180000,71.065,71.075,71.045,71.075,0.004421
1742226240000,71.08,71.1,71.075,71.08,0.007064
1742226300000,71.085,71.095,71.065,71.065,0.009817
1742226360000,71.07,71.095,71.005,71.025,0.006294
1742226420000,71.035,71.065,71.005,71.02,0.005442
1742226480000,71.025,71.035,70.995,71.01,0.00425
1742226540000,71.015,71.025,70.995,71.005,0.004881
1742226600000,70.995,71.02,70.985,71,0.002608
1742226660000,70.995,71.025,70.995,71.025,0.0026
1742226720000,71.015,71.025,71.005,71.005,0.003854
1742226780000,71.02,71.035,71.01,71.015,0.003501
1742226840000,71.01,71.035,71.01,71.035,0.00249
1742226900000,71.03,71.035,70.995,71.005,0.002885
1742226960000,71,71,70.94,70.945,0.003261
1742227020000,70.94,70.995,70.935,70.995,0.004841
1742227080000,71.005,71.04,71.005,71.005,0.005646
1742227140000,71.01,71.065,71.005,71.04,0.007171
1742227200000,71.045,71.055,71.01,71.015,0.006136
1742227260000,71.01,71.03,70.975,71.025,0.006612
1742227320000,71.02,71.025,70.995,71.015,0.002267
1742227380000,71.02,71.025,71,71.005,0.002922
1742227440000,71.015,71.02,70.99,70.995,0.004579
1742227500000,71,71,70.955,70.985,0.003054
1742227560000,70.995,70.995,70.945,70.99,0.00386
1742227620000,70.995,71.03,70.985,71.025,0.002219
1742227680000,71.03,71.045,71.015,71.015,0.002996
1742227740000,71.02,71.035,71.005,71.015,0.003233
1742227800000,71.005,71.025,70.99,71.02,0.003985
1742227860000,71.015,71.055,71.005,71.055,0.002393
1742227920000,71.065,71.095,71.055,71.095,0.004735
1742227980000,71.105,71.115,71.085,71.1,0.004719
1742228040000,71.105,71.125,71.095,71.105,0.002263
1742228100000,71.095,71.11,71.075,71.09,0.004669
1742228160000,71.085,71.115,71.075,71.105,0.003289
1742228220000,71.11,71.125,71.105,71.125,0.003965
1742228280000,71.12,71.125,71.085,71.09,0.005739
1742228340000,71.085,71.095,71.055,71.065,0.008352
1742228400000,71.07,71.085,71.06,71.065,0.002966
1742228460000,71.06,71.085,71.06,71.075,0.003546
1742228520000,71.065,71.075,71.045,71.06,0.005491
1742228580000,71.055,71.06,71.035,71.035,0.0092
1742228640000,71.04,71.07,71.035,71.06,0.004598
1742228700000,71.065,71.065,70.995,71.005,0.004614
1742228760000,70.995,71.04,70.985,71.035,0.003234
1742228820000,71.04,71.055,71.025,71.045,0.003384
1742228880000,71.04,71.055,71.015,71.045,0.006002
1742228940000,70.998,71.075,70.998,71.055,0.011138
1742229000000,71.065,71.065,71.035,71.045,0.009149
1742229060000,71.04,71.065,71.035,71.035,0.005741
1742229120000,71.04,71.045,70.995,71.025,0.004362
1742229180000,71.015,71.085,71.01,71.025,0.006074
1742229240000,71.015,71.025,70.95,70.95,0.00241
1742229300000,70.945,70.955,70.905,70.955,0.004705
1742229360000,70.935,70.975,70.93,70.95,0.00372
1742229420000,70.945,70.965,70.925,70.925,0.003922
1742229480000,70.92,70.92,70.875,70.875,0.005387
1742229540000,70.865,70.875,70.845,70.86,0.005341
1742229600000,70.865,70.885,70.855,70.875,0.005585
1742229660000,70.885,70.895,70.865,70.875,0.003247
1742229720000,70.88,70.915,70.88,70.905,0.002518
1742229780000,70.91,70.915,70.885,70.885,0.001632
1742229840000,70.89,70.895,70.865,70.88,0.00375
1742229900000,70.875,70.915,70.865,70.915,0.003243
1742229960000,70.92,70.92,70.895,70.905,0.001686
1742230020000,70.915,70.935,70.915,70.915,0.001699
1742230080000,70.925,70.935,70.915,70.935,0.001592
1742230140000,70.945,70.955,70.915,70.915,0.0027
1742230200000,70.91,70.915,70.895,70.895,0.001457
1742230260000,70.9,70.935,70.9,70.91,0.002037
1742230320000,70.905,70.92,70.875,70.885,0.003939
1742230380000,70.895,70.935,70.885,70.925,0.002853
1742230440000,70.935,70.945,70.915,70.945,0.002402
1742230500000,70.965,70.975,70.94,70.97,0.004167
1742230560000,70.975,70.98,70.945,70.965,0.002847
1742230620000,70.97,70.97,70.95,70.96,0.004846
1742230680000,70.965,70.975,70.945,70.97,0.001944
1742230740000,70.975,70.985,70.965,70.97,0.001295
1742230800000,70.975,71.005,70.965,70.995,0.002211
1742230860000,70.985,70.985,70.955,70.965,0.001039
1742230920000,70.975,71.005,70.965,70.99,0.002522
1742230980000,70.995,70.995,70.94,70.965,0.003178
1742231040000,70.97,70.985,70.96,70.97,0.004226
1742231100000,70.975,70.995,70.975,70.985,0.001146
1742231160000,70.995,71.01,70.985,71.005,0.002845
1742231220000,71.015,71.015,70.975,70.975,0.004597
1742231280000,70.97,70.975,70.965,70.97,0.005555
1742231340000,70.975,70.985,70.945,70.965,0.002882
1742231400000,70.97,70.975,70.955,70.955,0.002792
1742231460000,70.96,70.995,70.955,70.985,0.005759
1742231520000,70.975,71.025,70.955,71.025,0.005421
1742231580000,71.035,71.045,71.01,71.015,0.002962
1742231640000,71.005,71.005,70.99,71.005,0.003843
1742231700000,70.995,71.01,70.985,71.005,0.002713
1742231760000,70.995,71.025,70.985,71.025,0.001862
1742231820000,71.03,71.065,71.025,71.055,0.004303
1742231880000,71.06,71.065,71.04,71.045,0.006336
1742231940000,71.04,71.045,71.01,71.015,0.003332
1742232000000,71.02,71.025,71.005,71.025,0.001659
1742232060000,71.03,71.065,71.025,71.05,0.002745
1742232120000,71.055,71.075,71.05,71.055,0.002546
1742232180000,71.065,71.065,71.05,71.06,0.003732
1742232240000,71.065,71.065,71.035,71.045,0.00352
1742232300000,71.05,71.055,71.045,71.05,0.003345
1742232360000,71.055,71.065,71.045,71.055,0.003543
1742232420000,71.05,71.075,71.05,71.075,0.003177
1742232480000,71.08,71.095,71.075,71.095,0.003627
1742232540000,71.085,71.1,71.075,71.095,0.00206
1742232600000,71.1,71.115,71.095,71.105,0.002495
1742232660000,71.095,71.095,71.085,71.095,0.000648
1742232720000,71.085,71.095,71.07,71.07,0.001699
1742232780000,71.075,71.085,71.065,71.075,0.002448
1742232840000,71.08,71.085,71.055,71.075,0.003415
1742232900000,71.07,71.08,71.055,71.06,0.003703
1742232960000,71.055,71.095,71.055,71.085,0.002494
1742233020000,71.09,71.095,71.07,71.075,0.004869
1742233080000,71.08,71.095,71.075,71.095,0.002226
1742233140000,71.085,71.105,71.085,71.095,0.002172
1742233200000,71.09,71.1,71.085,71.09,0.003522
1742233260000,71.095,71.095,71.08,71.085,0.002226
1742233320000,71.09,71.115,71.09,71.115,0.002966
1742233380000,71.105,71.115,71.1,71.115,0.002224
1742233440000,71.11,71.11,71.105,71.105,0.000876
1742233500000,71.11,71.11,71.085,71.085,0.003964
1742233560000,71.095,71.095,71.075,71.085,0.002628
1742233620000,71.1,71.145,71.095,71.145,0.004787
1742233680000,71.14,71.145,71.14,71.145,0.00089
1742233740000,71.14,71.155,71.135,71.155,0.003748
1742233800000,71.16,71.165,71.155,71.16,0.003922
1742233860000,71.165,71.165,71.135,71.145,0.001303
1742233920000,71.135,71.18,71.135,71.175,0.00279
1742233980000,71.17,71.185,71.165,71.185,0.003625
1742234040000,71.18,71.185,71.17,71.185,0.001187
1742234100000,71.195,71.215,71.185,71.215,0.003261
1742234160000,71.21,71.225,71.21,71.225,0.001592
1742234220000,71.23,71.23,71.195,71.215,0.004299
1742234280000,71.21,71.215,71.195,71.205,0.001834
1742234340000,71.21,71.215,71.195,71.205,0.002523
1742234400000,71.2,71.305,71.03,71.305,0.014621
1742234460000,71.3,71.305,71.255,71.265,0.004275
1742234520000,71.255,71.285,71.255,71.265,0.00493
1742234580000,71.26,71.265,71.185,71.185,0.007191
1742234640000,71.18,71.215,71.175,71.195,0.001988
1742234700000,71.205,71.215,71.175,71.2,0.002858
1742234760000,71.205,71.235,71.205,71.225,0.001944
1742234820000,71.22,71.225,71.175,71.185,0.003085
1742234880000,71.18,71.19,71.165,71.175,0.002231
1742234940000,71.17,71.215,71.165,71.2,0.002671
1742235000000,71.205,71.23,71.195,71.225,0.004202
1742235060000,71.21,71.225,71.135,71.165,0.005421
1742235120000,71.16,71.175,71.155,71.155,0.004107
1742235180000,71.16,71.175,71.145,71.15,0.003063
1742235240000,71.137,71.145,71.12,71.135,0.003944
1742235300000,71.13,71.165,71.115,71.155,0.003603
1742235360000,71.16,71.16,71.095,71.1,0.004193
1742235420000,71.105,71.115,71.095,71.095,0.003251
1742235480000,71.09,71.095,71.045,71.055,0.004334
1742235540000,71.06,71.08,71.055,71.065,0.001708
1742235600000,71.07,71.095,71.065,71.095,0.001958
1742235660000,71.09,71.095,71.05,71.055,0.002563
1742235720000,71.065,71.085,71.065,71.085,0.00306
1742235780000,71.075,71.075,71.045,71.055,0.004166
1742235840000,71.06,71.115,71.045,71.045,0.003567
1742235900000,71.05,71.065,71.035,71.06,0.00359
1742235960000,71.065,71.11,71.065,71.095,0.004521
1742236020000,71.09,71.105,71.045,71.075,0.005103
1742236080000,71.085,71.09,71.035,71.045,0.018904
1742236140000,71.055,71.065,71.045,71.055,0.008179
1742236200000,71.065,71.08,71.035,71.035,0.005812
1742236260000,71.025,71.045,70.995,70.995,0.003671
1742236320000,71.005,71.015,70.995,71.005,0.001012
1742236380000,71.025,71.055,71.025,71.055,0.001727
1742236440000,71.06,71.085,71.05,71.085,0.001115
1742236500000,71.095,71.095,71.025,71.025,0.002236
1742236560000,71.03,71.055,71.015,71.04,0.001471
1742236620000,71.045,71.045,71.035,71.035,0.001741
1742236680000,71.025,71.06,71.025,71.06,0.001452
1742236740000,71.065,71.065,71.045,71.05,0.00121
1742236800000,71.045,71.055,71.045,71.055,0.000684
1742236860000,71.045,71.045,71.045,71.045,0.000135
1742236920000,71.035,71.035,71.025,71.03,0.002386
1742236980000,71.025,71.03,71.005,71.025,0.001106
1742237040000,71.03,71.035,71.025,71.035,0.001507
1742237100000,71.045,71.065,71.035,71.065,0.001553
1742237160000,71.07,71.07,71.065,71.065,0.000473
1742237220000,71.07,71.07,71.055,71.06,0.000684
1742237280000,71.055,71.06,71.045,71.06,0.000783
1742237340000,71.065,71.07,71.055,71.065,0.000873
1742237400000,71.055,71.055,71.035,71.04,0.002881
1742237460000,71.035,71.035,71.03,71.03,0.000256
1742237520000,71.025,71.025,70.995,71.01,0.00254
1742237580000,71.015,71.015,71.005,71.005,0.00085
1742237640000,71,71,70.975,71,0.001713
1742237700000,71.005,71.015,70.995,71.005,0.001807
1742237760000,71,71.005,70.995,71.005,0.001065
1742237820000,70.995,71,70.985,70.985,0.000764
1742237880000,70.99,71.005,70.99,70.995,0.001995
1742237940000,70.99,70.995,70.985,70.995,0.001955
1742238000000,70.99,70.995,70.99,70.995,0.001296
1742238060000,71.005,71.015,70.995,71.015,0.001026
1742238120000,71.02,71.025,71.015,71.025,0.001322
1742238180000,71.03,71.035,71,71,0.002077
1742238240000,70.995,71.005,70.99,70.99,0.001442
1742238300000,70.995,71.005,70.99,71.005,0.000566
1742238360000,71,71.02,70.995,71.02,0.00159
1742238420000,71.015,71.045,71.015,71.045,0.001429
1742238480000,71.05,71.05,71.045,71.045,0.000562
1742238540000,71.05,71.05,71.035,71.045,0.001141
1742238600000,71.04,71.045,71.035,71.045,0.00066
1742238660000,71.055,71.075,71.055,71.065,0.002549
1742238720000,71.07,71.075,71.05,71.05,0.0012
1742238780000,71.045,71.05,71.045,71.05,0.000404
1742238840000,71.04,71.055,71.035,71.055,0.001822
1742238900000,71.06,71.065,71.045,71.06,0.001186
1742238960000,71.065,71.07,71.06,71.06,0.000864
1742239020000,71.065,71.07,71.065,71.065,0.000391
1742239080000,71.075,71.09,71.075,71.085,0.001728
1742239140000,71.09,71.095,71.085,71.095,0.000984
1742239200000,71.085,71.085,71.055,71.055,0.005616
1742239260000,71.05,71.05,71.005,71.015,0.004074
1742239320000,71.01,71.025,71.005,71.01,0.00213
1742239380000,71.015,71.025,70.995,71.015,0.002572
1742239440000,71.02,71.035,71.015,71.025,0.001915
1742239500000,71.03,71.035,71.025,71.03,0.001066
1742239560000,71.035,71.035,71.015,71.015,0.001511
1742239620000,71.01,71.015,71.01,71.01,0.000918
1742239680000,71.015,71.025,71.015,71.025,0.000364
1742239740000,71.02,71.025,71.015,71.015,0.000445
1742239800000,71.025,71.035,71.015,71.02,0.00197
1742239860000,71.015,71.015,70.995,70.995,0.001604
1742239920000,70.99,70.99,70.965,70.965,0.002195
1742239980000,70.975,70.985,70.975,70.98,0.001442
1742240040000,70.985,70.99,70.975,70.985,0.001268
1742240100000,70.98,70.99,70.975,70.99,0.001119
1742240160000,70.995,71.005,70.995,70.995,0.001714
1742240220000,71.005,71.015,70.995,70.995,0.000701
1742240280000,70.99,70.995,70.985,70.985,0.000459
1742240340000,70.975,70.975,70.975,70.975,0.000054
1742240400000,70.97,70.985,70.97,70.98,0.00128
1742240460000,70.985,70.995,70.985,70.995,0.000108
1742240520000,70.99,70.995,70.985,70.995,0.001105
1742240580000,70.99,70.995,70.985,70.985,0.000849
1742240640000,70.99,70.995,70.985,70.985,0.001024
1742240700000,70.99,71,70.985,71,0.000864
1742240760000,70.995,71.01,70.995,71.01,0.001269
1742240820000,71.005,71.01,71.005,71.01,0.00045
1742240880000,71.015,71.04,71.015,71.04,0.000567
1742240940000,71.035,71.04,71.015,71.02,0.001187
1742241000000,71.015,71.02,71.005,71.02,0.001097
1742241060000,71.015,71.02,71.005,71.015,0.000819
1742241120000,71.025,71.03,71.015,71.02,0.001547
1742241180000,71.025,71.035,71.025,71.025,0.002186
1742241240000,71.03,71.035,71.01,71.015,0.001564
1742241300000,71.01,71.025,71.005,71.01,0.002483
1742241360000,71.005,71.005,70.99,70.995,0.001349
1742241420000,71,71.015,71,71,0.001753
1742241480000,70.995,71,70.985,70.985,0.00147
1742241540000,70.98,70.985,70.975,70.98,0.001646
1742241600000,70.975,70.98,70.975,70.975,0.000606
1742241660000,70.965,70.965,70.965,70.965,0.000202
1742241720000,70.97,70.97,70.965,70.965,0.000472
1742241780000,70.96,70.97,70.96,70.97,0.000458
1742241840000,70.965,70.975,70.965,70.975,0.000714
1742241900000,70.975,70.975,70.975,70.975,0
1742241960000,70.98,70.985,70.975,70.98,0.000795
1742242020000,70.985,71.005,70.985,71,0.00085
1742242080000,71.005,71.01,70.995,71.01,0.000904
1742242140000,71.005,71.005,70.995,71.005,0.000526
1742242200000,71,71,70.985,70.985,0.000539
1742242260000,70.985,70.985,70.985,70.985,0
1742242320000,70.99,70.99,70.99,70.99,0.000202
1742242380000,70.985,71.005,70.985,71,0.001165
1742242440000,70.995,71.025,70.995,71.025,0.000657
1742242500000,71.015,71.015,71.01,71.01,0.000392
1742242560000,71.005,71.005,70.995,70.995,0.000382
1742242620000,70.99,70.995,70.985,70.995,0.000917
1742242680000,71,71,70.995,70.995,0.000203
1742242740000,70.995,70.995,70.995,70.995,0
1742242800000,71.005,71.005,70.995,71,0.000558
1742242860000,71.005,71.005,71.005,71.005,0.000054
1742242920000,71,71,71,71,0.000135
1742242980000,70.995,71.005,70.995,71.005,0.000243
1742243040000,71.01,71.015,70.995,70.995,0.000549
1742243100000,71,71.015,71,71.015,0.000243
1742243160000,71.01,71.015,71.01,71.015,0.000256
1742243220000,71.01,71.01,71.005,71.005,0.00027
1742243280000,71.01,71.01,71,71.005,0.000414
1742243340000,71.005,71.005,71.005,71.005,0
1742243400000,71.015,71.02,71.015,71.02,0.000122
1742243460000,71.025,71.025,71.02,71.025,0.000243
1742243520000,71.03,71.03,71.03,71.03,0.000135
1742243580000,71.035,71.035,71.025,71.03,0.000324
1742243640000,71.035,71.035,71.035,71.035,0.000054
1742243700000,71.035,71.035,71.035,71.035,0
1742243760000,71.04,71.04,71.04,71.04,0.000135
1742243820000,71.035,71.045,71.035,71.035,0.001134
1742243880000,71.035,71.035,71.035,71.035,0
1742243940000,71.03,71.03,71.03,71.03,0.000135
1742244000000,71.025,71.025,71.01,71.01,0.000917
1742244060000,71.015,71.015,71.01,71.01,0.001024
1742244120000,71.015,71.015,71.01,71.01,0.000189
1742244180000,71.005,71.005,71.005,71.005,0.000202
1742244240000,70.995,71,70.99,71,0.000378
1742244300000,70.995,70.995,70.985,70.99,0.000526
1742244360000,70.985,70.985,70.98,70.985,0.000858
1742244420000,70.99,70.99,70.975,70.975,0.000539
1742244480000,70.98,70.985,70.97,70.98,0.001182
1742244540000,70.975,70.98,70.97,70.97,0.00112
1742244600000,70.965,70.975,70.965,70.965,0.000594
1742244660000,70.97,70.97,70.97,70.97,0.000135
1742244720000,70.975,70.98,70.965,70.965,0.000855
1742244780000,70.97,70.975,70.965,70.97,0.000594
1742244840000,70.965,70.975,70.965,70.97,0.000526
1742244900000,70.975,70.975,70.965,70.965,0.000513
1742244960000,70.975,70.98,70.975,70.975,0.000324
1742245020000,70.98,70.98,70.965,70.97,0.00108
1742245080000,70.965,70.97,70.955,70.97,0.001413
1742245140000,70.965,70.975,70.95,70.955,0.001832
1742342400000,70.427,70.457,70.407,70.412,0.001134
1742342460000,70.417,70.422,70.372,70.397,0.001814
1742342520000,70.407,70.422,70.407,70.422,0.000441
1742342580000,70.412,70.417,70.397,70.402,0.000887
1742342640000,70.397,70.397,70.382,70.387,0.000841
1742342700000,70.382,70.397,70.382,70.392,0.000594
1742342760000,70.397,70.402,70.397,70.402,0.000158
1742342820000,70.407,70.407,70.362,70.367,0.000635
1742342880000,70.357,70.367,70.357,70.362,0.000725
1742342940000,70.367,70.372,70.352,70.357,0.000837
1742343000000,70.352,70.357,70.347,70.352,0.000792
1742343060000,70.357,70.367,70.347,70.367,0.000864
1742343120000,70.362,70.372,70.357,70.357,0.000365
1742343180000,70.352,70.367,70.347,70.367,0.00063
1742343240000,70.362,70.382,70.362,70.382,0.000333
1742343300000,70.377,70.412,70.377,70.412,0.000441
1742343360000,70.402,70.432,70.402,70.432,0.000455
1742343420000,70.437,70.437,70.392,70.392,0.000864
1742343480000,70.397,70.397,70.372,70.377,0.000549
1742343540000,70.382,70.382,70.377,70.382,0.000432
1742343600000,70.387,70.392,70.387,70.392,0.000311
1742343660000,70.397,70.402,70.382,70.397,0.000581
1742343720000,70.402,70.402,70.397,70.402,0.000257
1742343780000,70.397,70.402,70.397,70.397,0.000324
1742343840000,70.402,70.402,70.382,70.382,0.000324
1742343900000,70.387,70.387,70.357,70.367,0.001175
1742343960000,70.372,70.372,70.367,70.372,0.000432
1742344020000,70.367,70.392,70.367,70.382,0.000635
1742344080000,70.387,70.387,70.387,70.387,0.000135
1742344140000,70.382,70.382,70.372,70.372,0.000108
1742344200000,70.367,70.372,70.367,70.372,0.000701
1742344260000,70.377,70.377,70.367,70.367,0.000324
1742344320000,70.362,70.362,70.352,70.352,0.000324
1742344380000,70.362,70.367,70.352,70.362,0.000486
1742344440000,70.367,70.377,70.362,70.377,0.000374
1742344500000,70.382,70.412,70.382,70.402,0.000473
1742344560000,70.407,70.432,70.407,70.432,0.000522
1742344620000,70.432,70.432,70.432,70.432,0
1742344680000,70.422,70.422,70.422,70.422,0.000054
1742344740000,70.432,70.432,70.432,70.432,0.000054
1742344800000,70.427,70.432,70.422,70.422,0.000279
1742344860000,70.432,70.452,70.432,70.452,0.00023
1742344920000,70.462,70.467,70.452,70.457,0.000621
1742344980000,70.447,70.452,70.427,70.432,0.000702
1742345040000,70.422,70.432,70.422,70.422,0.000324
1742345100000,70.427,70.427,70.407,70.407,0.000459
1742345160000,70.402,70.427,70.397,70.427,0.000972
1742345220000,70.432,70.437,70.422,70.422,0.000558
1742345280000,70.417,70.417,70.397,70.402,0.000936
1742345340000,70.397,70.397,70.387,70.387,0.000527
1742345400000,70.397,70.407,70.397,70.407,0.00036
1742345460000,70.412,70.437,70.412,70.432,0.001269
1742345520000,70.437,70.442,70.417,70.417,0.001965
1742345580000,70.422,70.422,70.402,70.412,0.000809
1742345640000,70.422,70.422,70.412,70.417,0.000419
1742345700000,70.422,70.422,70.422,70.422,0.000054
1742345760000,70.432,70.452,70.432,70.452,0.000162
1742345820000,70.442,70.452,70.432,70.437,0.000536
1742345880000,70.442,70.462,70.442,70.462,0.00054
1742345940000,70.457,70.457,70.442,70.442,0.000257
1742346000000,70.432,70.455,70.355,70.375,0.009571
1742346060000,70.38,70.395,70.36,70.395,0.003636
1742346120000,70.39,70.44,70.39,70.405,0.00401
1742346180000,70.415,70.43,70.4,70.405,0.002142
1742346240000,70.4,70.4,70.245,70.265,0.010862
1742346300000,70.255,70.295,70.25,70.29,0.003545
1742346360000,70.285,70.29,70.265,70.265,0.001634
1742346420000,70.27,70.27,70.235,70.235,0.01048
1742346480000,70.225,70.235,70.22,70.225,0.003536
1742346540000,70.22,70.25,70.215,70.25,0.002859
1742346600000,70.245,70.245,70.215,70.245,0.002964
1742346660000,70.235,70.255,70.23,70.235,0.002394
1742346720000,70.24,70.245,70.225,70.24,0.001454
1742346780000,70.235,70.25,70.235,70.235,0.00095
1742346840000,70.23,70.255,70.23,70.24,0.001372
1742346900000,70.235,70.255,70.23,70.25,0.002317
1742346960000,70.255,70.255,70.235,70.235,0.000716
1742347020000,70.24,70.24,70.235,70.235,0.00027
1742347080000,70.245,70.245,70.215,70.245,0.001965
1742347140000,70.25,70.255,70.245,70.255,0.000994
1742347200000,70.25,70.255,70.245,70.255,0.000715
1742347260000,70.265,70.265,70.24,70.245,0.000585
1742347320000,70.24,70.245,70.235,70.24,0.00085
1742347380000,70.235,70.245,70.235,70.24,0.001107
1742347440000,70.245,70.265,70.245,70.255,0.002535
1742347500000,70.26,70.26,70.25,70.25,0.000728
1742347560000,70.245,70.255,70.245,70.255,0.00085
1742347620000,70.265,70.295,70.265,70.29,0.000932
1742347680000,70.285,70.305,70.275,70.305,0.000887
1742347740000,70.31,70.31,70.285,70.3,0.001526
1742347800000,70.295,70.295,70.28,70.285,0.001139
1742347860000,70.28,70.335,70.28,70.315,0.001391
1742347920000,70.325,70.345,70.315,70.345,0.001134
1742347980000,70.34,70.35,70.325,70.335,0.001962
1742348040000,70.33,70.375,70.33,70.375,0.002195
1742348100000,70.385,70.385,70.345,70.355,0.002753
1742348160000,70.345,70.375,70.345,70.375,0.001795
1742348220000,70.37,70.38,70.355,70.355,0.00238
1742348280000,70.355,70.355,70.355,70.355,0
1742348340000,70.35,70.35,70.325,70.33,0.001857
1742348400000,70.335,70.335,70.3,70.305,0.002076
1742348460000,70.3,70.305,70.275,70.275,0.000886
1742348520000,70.285,70.3,70.28,70.3,0.001929
1742348580000,70.295,70.295,70.29,70.29,0.000904
1742348640000,70.285,70.3,70.275,70.295,0.000918
1742348700000,70.29,70.315,70.28,70.305,0.001726
1742348760000,70.31,70.315,70.3,70.315,0.001025
1742348820000,70.31,70.325,70.305,70.325,0.001242
1742348880000,70.33,70.33,70.305,70.31,0.000707
1742348940000,70.315,70.32,70.315,70.32,0.000108
1742349000000,70.315,70.315,70.29,70.29,0.001409
1742349060000,70.295,70.295,70.28,70.29,0.001143
1742349120000,70.275,70.28,70.255,70.27,0.001156
1742349180000,70.275,70.28,70.265,70.27,0.000698
1742349240000,70.275,70.275,70.26,70.26,0.000414
1742349300000,70.265,70.265,70.225,70.23,0.002232
1742349360000,70.225,70.235,70.215,70.225,0.001661
1742349420000,70.235,70.245,70.23,70.245,0.000603
1742349480000,70.255,70.255,70.235,70.245,0.001103
1742349540000,70.24,70.24,70.225,70.23,0.000464
1742349600000,70.225,70.265,70.225,70.265,0.000846
1742349660000,70.26,70.29,70.26,70.29,0.000644
1742349720000,70.285,70.33,70.285,70.325,0.001942
1742349780000,70.33,70.33,70.3,70.305,0.001853
1742349840000,70.3,70.325,70.3,70.315,0.001395
1742349900000,70.31,70.325,70.31,70.315,0.000756
1742349960000,70.325,70.325,70.315,70.315,0.000108
1742350020000,70.32,70.335,70.315,70.335,0.001314
1742350080000,70.34,70.34,70.325,70.325,0.000756
1742350140000,70.32,70.325,70.315,70.325,0.001067
1742350200000,70.33,70.335,70.32,70.335,0.000869
1742350260000,70.33,70.36,70.32,70.345,0.001355
1742350320000,70.35,70.36,70.33,70.36,0.001148
1742350380000,70.355,70.355,70.33,70.33,0.001175
1742350440000,70.335,70.34,70.32,70.325,0.000914
1742350500000,70.32,70.325,70.315,70.325,0.000567
1742350560000,70.32,70.335,70.315,70.335,0.000536
1742350620000,70.335,70.335,70.335,70.335,0
1742350680000,70.335,70.335,70.335,70.335,0
1742350740000,70.34,70.345,70.325,70.33,0.000581
1742350800000,70.325,70.335,70.32,70.325,0.001452
1742350860000,70.335,70.335,70.32,70.32,0.000414
1742350920000,70.325,70.335,70.325,70.33,0.000176
1742350980000,70.325,70.325,70.32,70.325,0.000877
1742351040000,70.33,70.34,70.325,70.34,0.0005
1742351100000,70.335,70.365,70.335,70.36,0.000945
1742351160000,70.355,70.355,70.345,70.345,0.000122
1742351220000,70.34,70.35,70.34,70.35,0.000324
1742351280000,70.355,70.36,70.355,70.355,0.000212
1742351340000,70.35,70.355,70.35,70.355,0.000189
1742351400000,70.365,70.4,70.355,70.4,0.001598
1742351460000,70.405,70.405,70.38,70.395,0.001975
1742351520000,70.385,70.41,70.385,70.405,0.001215
1742351580000,70.395,70.395,70.375,70.375,0.000657
1742351640000,70.38,70.38,70.37,70.375,0.000216
1742351700000,70.37,70.37,70.35,70.355,0.001242
1742351760000,70.355,70.355,70.355,70.355,0
1742351820000,70.375,70.385,70.365,70.365,0.000801
1742351880000,70.375,70.375,70.375,70.375,0.000054
1742351940000,70.37,70.37,70.36,70.36,0.000819
1742352000000,70.355,70.385,70.355,70.38,0.001571
1742352060000,70.385,70.395,70.375,70.38,0.001328
1742352120000,70.385,70.385,70.365,70.375,0.000558
1742352180000,70.38,70.38,70.37,70.375,0.000257
1742352240000,70.38,70.385,70.375,70.385,0.002403
1742352300000,70.38,70.405,70.365,70.395,0.00099
1742352360000,70.405,70.405,70.395,70.395,0.000716
1742352420000,70.38,70.38,70.37,70.375,0.000612
1742352480000,70.38,70.39,70.37,70.37,0.000666
1742352540000,70.365,70.385,70.355,70.36,0.001598
1742352600000,70.365,70.37,70.355,70.36,0.001089
1742352660000,70.365,70.375,70.355,70.36,0.000918
1742352720000,70.365,70.365,70.355,70.36,0.001174
1742352780000,70.355,70.37,70.355,70.355,0.001445
1742352840000,70.36,70.365,70.355,70.36,0.000931
1742352900000,70.355,70.365,70.355,70.365,0.000324
1742352960000,70.365,70.365,70.365,70.365,0
1742353020000,70.37,70.385,70.35,70.38,0.001912
1742353080000,70.385,70.385,70.375,70.375,0.000427
1742353140000,70.37,70.37,70.35,70.355,0.001133
1742353200000,70.35,70.355,70.325,70.335,0.002065
1742353260000,70.345,70.355,70.33,70.335,0.002182
1742353320000,70.33,70.34,70.33,70.33,0.002118
1742353380000,70.335,70.335,70.325,70.325,0.000862
1742353440000,70.35,70.365,70.345,70.345,0.001362
1742353500000,70.35,70.405,70.35,70.405,0.001431
1742353560000,70.4,70.405,70.385,70.395,0.000635
1742353620000,70.4,70.4,70.385,70.395,0.000824
1742353680000,70.4,70.415,70.4,70.405,0.000567
1742353740000,70.4,70.41,70.395,70.41,0.000909
1742353800000,70.405,70.41,70.4,70.405,0.000527
1742353860000,70.395,70.395,70.36,70.36,0.001983
1742353920000,70.365,70.365,70.355,70.355,0.00085
1742353980000,70.365,70.365,70.36,70.36,0.001079
1742354040000,70.365,70.365,70.35,70.355,0.001187
1742354100000,70.35,70.365,70.345,70.355,0.001253
1742354160000,70.35,70.35,70.335,70.335,0.000405
1742354220000,70.33,70.335,70.33,70.335,0.000324
1742354280000,70.33,70.345,70.325,70.34,0.001255
1742354340000,70.335,70.335,70.325,70.325,0.002304
1742354400000,70.315,70.34,70.315,70.335,0.00106
1742354460000,70.33,70.335,70.325,70.325,0.000823
1742354520000,70.33,70.335,70.325,70.33,0.000752
1742354580000,70.325,70.35,70.325,70.345,0.001062
1742354640000,70.35,70.375,70.345,70.36,0.002547
1742354700000,70.355,70.355,70.335,70.345,0.001022
1742354760000,70.35,70.355,70.335,70.35,0.0016
1742354820000,70.355,70.385,70.355,70.38,0.00244
1742354880000,70.385,70.385,70.355,70.365,0.001715
1742354940000,70.36,70.365,70.345,70.35,0.002091
1742355000000,70.36,70.375,70.355,70.37,0.000441
1742355060000,70.365,70.37,70.355,70.365,0.001508
1742355120000,70.355,70.36,70.345,70.355,0.000657
1742355180000,70.35,70.36,70.35,70.35,0.000792
1742355240000,70.355,70.355,70.335,70.335,0.000302
1742355300000,70.33,70.33,70.315,70.32,0.000806
1742355360000,70.315,70.325,70.315,70.325,0.000333
1742355420000,70.32,70.335,70.315,70.33,0.001085
1742355480000,70.325,70.34,70.32,70.335,0.00098
1742355540000,70.33,70.335,70.33,70.335,0.000225
1742355600000,70.335,70.335,70.335,70.335,0
1742355660000,70.335,70.335,70.335,70.335,0
1742355720000,70.34,70.355,70.34,70.355,0.000432
1742355780000,70.35,70.35,70.35,70.35,0.000135
1742355840000,70.355,70.355,70.345,70.35,0.000324
1742355900000,70.355,70.365,70.355,70.365,0.000297
1742355960000,70.37,70.385,70.355,70.36,0.001215
1742356020000,70.355,70.355,70.345,70.35,0.00086
1742356080000,70.355,70.355,70.35,70.355,0.000243
1742356140000,70.355,70.355,70.355,70.355,0
1742356200000,70.355,70.355,70.355,70.355,0
1742356260000,70.36,70.36,70.36,70.36,0.000068
1742356320000,70.365,70.365,70.35,70.35,0.000401
1742356380000,70.35,70.35,70.35,70.35,0
1742356440000,70.355,70.355,70.35,70.35,0.000189
1742356500000,70.355,70.36,70.35,70.36,0.000311
1742356560000,70.365,70.365,70.36,70.36,0.000122
1742356620000,70.365,70.365,70.36,70.365,0.000621
1742356680000,70.36,70.36,70.355,70.355,0.000225
1742356740000,70.355,70.355,70.355,70.355,0
1742356800000,70.36,70.36,70.355,70.355,0.000122
1742356860000,70.345,70.35,70.345,70.345,0.000212
1742356920000,70.35,70.35,70.345,70.345,0.000189
1742356980000,70.35,70.355,70.35,70.355,0.000333
1742357040000,70.35,70.35,70.34,70.345,0.000927
1742357100000,70.335,70.335,70.335,70.335,0.00009
1742357160000,70.34,70.34,70.335,70.335,0.00099
1742357220000,70.34,70.345,70.335,70.345,0.000257
1742357280000,70.345,70.345,70.345,70.345,0
1742357340000,70.345,70.345,70.345,70.345,0
1742357400000,70.335,70.335,70.335,70.335,0.000135
1742357460000,70.335,70.335,70.335,70.335,0
1742357520000,70.335,70.335,70.335,70.335,0
1742357580000,70.34,70.34,70.315,70.335,0.00077
1742357640000,70.33,70.355,70.33,70.35,0.001107
1742357700000,70.345,70.35,70.34,70.35,0.000414
1742357760000,70.345,70.35,70.335,70.34,0.000806
1742357820000,70.335,70.355,70.335,70.355,0.000243
1742357880000,70.35,70.36,70.345,70.36,0.000617
1742357940000,70.355,70.375,70.355,70.365,0.000491
1742358000000,70.37,70.37,70.345,70.345,0.000585
1742358060000,70.35,70.35,70.335,70.335,0.000797
1742358120000,70.33,70.33,70.33,70.33,0.000135
1742358180000,70.325,70.33,70.315,70.33,0.000549
1742358240000,70.335,70.335,70.335,70.335,0.000054
1742358300000,70.288,70.325,70.288,70.315,0.003559
1742358360000,70.305,70.305,70.3,70.3,0.000648
1742358420000,70.295,70.295,70.285,70.29,0.001524
1742358480000,70.295,70.295,70.295,70.295,0.000054
1742358540000,70.29,70.295,70.29,70.295,0.000256
1742358600000,70.305,70.315,70.305,70.305,0.000216
1742358660000,70.31,70.31,70.3,70.305,0.000369
1742358720000,70.31,70.315,70.31,70.315,0.000378
1742358780000,70.268,70.268,70.268,70.268,0.0031
1742358840000,70.315,70.315,70.3,70.3,0.000279
1742358900000,70.295,70.295,70.295,70.295,0.00009
1742358960000,70.248,70.248,70.248,70.248,0.0031
1742359020000,70.29,70.295,70.29,70.295,0.000324
1742359080000,70.248,70.305,70.248,70.295,0.003447
1742359140000,70.29,70.315,70.29,70.305,0.000486
1742359200000,70.3,70.305,70.3,70.3,0.000795
1742359260000,70.295,70.305,70.295,70.305,0.000256
1742359320000,70.305,70.305,70.305,70.305,0
1742359380000,70.258,70.258,70.258,70.258,0.0031
1742359440000,70.258,70.258,70.258,70.258,0
1742359500000,70.305,70.305,70.3,70.3,0.000189
1742359560000,70.295,70.295,70.285,70.285,0.000607
1742359620000,70.285,70.285,70.285,70.285,0
1742359680000,70.238,70.305,70.238,70.305,0.003666
1742359740000,70.315,70.315,70.315,70.315,0.000054
1742359800000,70.31,70.335,70.3,70.335,0.000728
1742359860000,70.36,70.37,70.355,70.37,0.000648
1742359920000,70.375,70.375,70.345,70.345,0.00175
1742359980000,70.355,70.355,70.335,70.335,0.001157
1742360040000,70.345,70.345,70.335,70.335,0.000391
1742360100000,70.33,70.345,70.33,70.34,0.000526
1742360160000,70.335,70.335,70.315,70.32,0.000472
1742360220000,70.325,70.325,70.315,70.315,0.000458
1742360280000,70.325,70.325,70.32,70.32,0.000256
1742360340000,70.315,70.315,70.3,70.3,0.001118
1742360400000,70.305,70.305,70.3,70.3,0.000768
1742360460000,70.295,70.295,70.285,70.285,0.00108
1742360520000,70.238,70.238,70.238,70.238,0.0031
1742360580000,70.295,70.3,70.29,70.29,0.001983
1742360640000,70.295,70.3,70.285,70.285,0.001119
1742360700000,70.29,70.3,70.29,70.295,0.00063
1742360760000,70.29,70.295,70.285,70.295,0.000832
1742360820000,70.3,70.3,70.295,70.295,0.000808
1742360880000,70.248,70.3,70.248,70.295,0.003504
1742360940000,70.285,70.295,70.285,70.295,0.000526
1742361000000,70.305,70.305,70.29,70.295,0.000378
1742361060000,70.3,70.305,70.295,70.305,0.000997
1742361120000,70.31,70.315,70.31,70.31,0.000391
1742361180000,70.305,70.305,70.305,70.305,0.000202
1742361240000,70.3,70.3,70.3,70.3,0.000202
1742361300000,70.295,70.31,70.295,70.31,0.001236
1742361360000,70.315,70.315,70.31,70.31,0.00058
1742361420000,70.305,70.325,70.305,70.315,0.000971
1742361480000,70.315,70.315,70.315,70.315,0
1742361540000,70.32,70.32,70.31,70.315,0.000661
1742361600000,70.315,70.315,70.315,70.315,0
1742361660000,70.315,70.315,70.315,70.315,0
1742361720000,70.305,70.325,70.3,70.315,0.001774
1742361780000,70.31,70.31,70.305,70.305,0.000404
1742361840000,70.315,70.315,70.31,70.31,0.000256
1742361900000,70.305,70.305,70.29,70.29,0.001741
1742361960000,70.295,70.295,70.285,70.285,0.002862
1742362020000,70.238,70.285,70.238,70.285,0.003775
1742362080000,70.29,70.295,70.285,70.29,0.001665
1742362140000,70.295,70.305,70.29,70.295,0.001928
1742362200000,70.29,70.32,70.265,70.31,0.008412
1742362260000,70.315,70.325,70.31,70.315,0.003086
1742362320000,70.31,70.315,70.31,70.31,0.00097
1742362380000,70.315,70.315,70.305,70.31,0.00209
1742362440000,70.305,70.315,70.29,70.3,0.002618
1742362500000,70.305,70.315,70.295,70.315,0.000755
1742362560000,70.31,70.315,70.285,70.285,0.002023
1742362620000,70.28,70.295,70.28,70.29,0.001738
1742362680000,70.295,70.295,70.27,70.27,0.000917
1742362740000,70.275,70.275,70.255,70.255,0.000999
1742362800000,70.26,70.26,70.255,70.26,0.00063
1742362860000,70.265,70.27,70.245,70.245,0.001134
1742362920000,70.25,70.255,70.24,70.25,0.000783
1742362980000,70.255,70.255,70.235,70.24,0.001277
1742363040000,70.235,70.25,70.235,70.25,0.000792
1742363100000,70.255,70.255,70.235,70.245,0.001107
1742363160000,70.25,70.25,70.235,70.24,0.00081
1742363220000,70.235,70.235,70.21,70.215,0.001259
1742363280000,70.205,70.215,70.185,70.185,0.002286
1742363340000,70.19,70.205,70.185,70.195,0.001354
1742363400000,70.2,70.215,70.2,70.21,0.00153
1742363460000,70.205,70.22,70.205,70.215,0.001004
1742363520000,70.22,70.23,70.215,70.225,0.000581
1742363580000,70.235,70.235,70.22,70.225,0.001294
1742363640000,70.23,70.245,70.23,70.245,0.000779
1742363700000,70.235,70.235,70.215,70.215,0.000486
1742363760000,70.21,70.21,70.205,70.205,0.000337
1742363820000,70.21,70.235,70.205,70.23,0.001134
1742363880000,70.225,70.23,70.215,70.215,0.001089
1742363940000,70.225,70.225,70.215,70.22,0.000769
1742364000000,70.225,70.225,70.205,70.205,0.000526
1742364060000,70.195,70.205,70.195,70.195,0.000963
1742364120000,70.2,70.205,70.185,70.185,0.001152
1742364180000,70.19,70.205,70.19,70.195,0.000657
1742364240000,70.2,70.205,70.185,70.2,0.002129
1742364300000,70.205,70.205,70.19,70.195,0.000932
1742364360000,70.2,70.2,70.185,70.185,0.0014
1742364420000,70.165,70.175,70.16,70.175,0.001363
1742364480000,70.18,70.185,70.175,70.18,0.00085
1742364540000,70.185,70.19,70.175,70.185,0.000508
1742364600000,70.175,70.205,70.175,70.205,0.001323
1742364660000,70.2,70.215,70.195,70.215,0.001688
1742364720000,70.21,70.215,70.195,70.2,0.000882
1742364780000,70.195,70.205,70.195,70.205,0.001035
1742364840000,70.215,70.215,70.215,70.215,0.000054
1742364900000,70.215,70.215,70.215,70.215,0
1742364960000,70.21,70.215,70.205,70.205,0.000302
1742365020000,70.195,70.195,70.175,70.175,0.000392
1742365080000,70.17,70.185,70.165,70.185,0.000657
1742365140000,70.175,70.175,70.175,70.175,0.000068
1742365200000,70.185,70.195,70.175,70.175,0.000513
1742365260000,70.185,70.185,70.17,70.18,0.001767
1742365320000,70.175,70.185,70.175,70.175,0.000904
1742365380000,70.17,70.185,70.165,70.185,0.00089
1742365440000,70.18,70.18,70.17,70.175,0.001657
1742365500000,70.165,70.17,70.155,70.155,0.001012
1742365560000,70.16,70.16,70.135,70.155,0.001254
1742365620000,70.165,70.165,70.15,70.15,0.00095
1742365680000,70.155,70.155,70.135,70.135,0.00135
1742365740000,70.13,70.145,70.125,70.145,0.001557
1742365800000,70.135,70.135,70.135,70.135,0.000054
1742365860000,70.125,70.125,70.105,70.115,0.001049
1742365920000,70.11,70.115,70.095,70.095,0.001255
1742365980000,70.1,70.115,70.095,70.115,0.000324
1742366040000,70.105,70.105,70.095,70.105,0.000648
1742366100000,70.1,70.125,70.095,70.115,0.001341
1742366160000,70.11,70.115,70.105,70.115,0.000661
1742366220000,70.105,70.115,70.095,70.095,0.001614
1742366280000,70.085,70.095,70.085,70.095,0.004437
1742366340000,70.1,70.105,70.1,70.105,0.000122
1742366400000,70.11,70.115,70.1,70.115,0.001202
1742366460000,70.105,70.105,70.065,70.085,0.004113
1742366520000,70.09,70.095,70.08,70.095,0.001489
1742366580000,70.09,70.1,70.085,70.09,0.001142
1742366640000,70.095,70.105,70.095,70.105,0.000855
1742366700000,70.115,70.115,70.065,70.065,0.001287
1742366760000,70.075,70.075,70.055,70.055,0.001007
1742366820000,70.045,70.045,70.035,70.04,0.000863
1742366880000,70.045,70.045,70.035,70.035,0.000971
1742366940000,70.025,70.045,70.025,70.035,0.000324
1742367000000,70.025,70.035,70.025,70.035,0.00066
1742367060000,70.045,70.045,70.025,70.025,0.000972
1742367120000,70.035,70.035,70.025,70.025,0.000859
1742367180000,70.015,70.025,70,70,0.000604
1742367240000,70.005,70.03,70,70.03,0.000879
1742367300000,70.025,70.045,70.025,70.045,0.000311
1742367360000,70.035,70.065,70.035,70.06,0.000756
1742367420000,70.065,70.065,70.055,70.06,0.001606
1742367480000,70.065,70.075,70.055,70.075,0.000823
1742367540000,70.08,70.095,70.075,70.095,0.00149
1742367600000,70.105,70.155,70.1,70.145,0.001967
1742367660000,70.135,70.135,70.095,70.12,0.002686
1742367720000,70.125,70.165,70.115,70.16,0.002966
1742367780000,70.165,70.17,70.155,70.165,0.0014
1742367840000,70.16,70.17,70.145,70.16,0.001112
1742367900000,70.165,70.165,70.135,70.165,0.002646
1742367960000,70.155,70.155,70.145,70.145,0.000337
1742368020000,70.135,70.165,70.135,70.165,0.000365
1742368080000,70.175,70.2,70.165,70.165,0.001458
1742368140000,70.175,70.245,70.175,70.235,0.002173
1742368200000,70.24,70.255,70.24,70.245,0.00144
1742368260000,70.24,70.245,70.24,70.245,0.000256
1742368320000,70.235,70.255,70.235,70.25,0.00251
1742368380000,70.245,70.295,70.245,70.27,0.002637
1742368440000,70.275,70.315,70.27,70.305,0.002289
1742368500000,70.295,70.325,70.285,70.285,0.002078
1742368560000,70.29,70.305,70.285,70.305,0.001147
1742368620000,70.295,70.305,70.29,70.305,0.001781
1742368680000,70.295,70.315,70.295,70.315,0.001458
1742368740000,70.305,70.315,70.3,70.3,0.001317
1742368800000,70.305,70.315,70.29,70.305,0.001537
1742368860000,70.3,70.325,70.295,70.305,0.004625
1742368920000,70.31,70.325,70.3,70.32,0.001457
1742368980000,70.315,70.315,70.29,70.305,0.001996
1742369040000,70.315,70.315,70.315,70.315,0.000054
1742369100000,70.325,70.325,70.305,70.315,0.000535
1742369160000,70.3,70.305,70.285,70.295,0.001952
1742369220000,70.3,70.305,70.295,70.305,0.00095
1742369280000,70.315,70.315,70.305,70.31,0.001227
1742369340000,70.315,70.32,70.295,70.305,0.001574
1742369400000,70.315,70.315,70.285,70.295,0.001939
1742369460000,70.305,70.325,70.305,70.325,0.000634
1742369520000,70.335,70.355,70.325,70.335,0.001818
1742369580000,70.33,70.33,70.3,70.305,0.001749
1742369640000,70.3,70.305,70.285,70.295,0.001254
1742369700000,70.305,70.325,70.305,70.325,0.000297
1742369760000,70.32,70.325,70.305,70.305,0.001861
1742369820000,70.32,70.325,70.275,70.275,0.002184
1742369880000,70.265,70.295,70.265,70.285,0.001629
1742369940000,70.295,70.295,70.275,70.29,0.002184
1742370000000,70.295,70.305,70.295,70.295,0.000634
1742370060000,70.275,70.275,70.265,70.265,0.001309
1742370120000,70.275,70.29,70.265,70.28,0.002119
1742370180000,70.275,70.285,70.265,70.27,0.002306
1742370240000,70.265,70.295,70.265,70.29,0.001807
1742370300000,70.295,70.295,70.27,70.27,0.001646
1742370360000,70.275,70.295,70.275,70.295,0.000634
1742370420000,70.29,70.295,70.275,70.285,0.00112
1742370480000,70.295,70.305,70.285,70.3,0.001398
1742370540000,70.305,70.305,70.285,70.305,0.001412
1742370600000,70.31,70.325,70.31,70.325,0.000513
1742370660000,70.33,70.335,70.275,70.3,0.003844
1742370720000,70.295,70.295,70.275,70.275,0.002744
1742370780000,70.285,70.295,70.27,70.275,0.00135
1742370840000,70.28,70.315,70.28,70.31,0.001403
1742370900000,70.305,70.315,70.275,70.275,0.001039
1742370960000,70.27,70.305,70.265,70.285,0.003007
1742371020000,70.275,70.285,70.275,70.28,0.000512
1742371080000,70.275,70.275,70.225,70.235,0.001884
1742371140000,70.225,70.245,70.22,70.245,0.001835
1742371200000,70.255,70.335,70.245,70.255,0.007612
1742371260000,70.265,70.295,70.265,70.275,0.000846
1742371320000,70.265,70.265,70.205,70.235,0.002891
1742371380000,70.24,70.245,70.195,70.205,0.00278
1742371440000,70.22,70.25,70.205,70.235,0.00237
1742371500000,70.245,70.29,70.225,70.29,0.003787
1742371560000,70.295,70.35,70.285,70.345,0.003832
1742371620000,70.34,70.345,70.31,70.325,0.00353
1742371680000,70.33,70.355,70.325,70.35,0.001507
1742371740000,70.345,70.375,70.33,70.355,0.004108
1742371800000,70.365,70.38,70.335,70.335,0.004728
1742371860000,70.325,70.345,70.325,70.335,0.001618
1742371920000,70.325,70.34,70.295,70.325,0.003386
1742371980000,70.335,70.335,70.315,70.33,0.002775
1742372040000,70.335,70.375,70.325,70.375,0.001121
1742372100000,70.365,70.385,70.365,70.37,0.004547
1742372160000,70.375,70.385,70.365,70.385,0.000702
1742372220000,70.375,70.39,70.375,70.385,0.002424
1742372280000,70.39,70.405,70.39,70.405,0.001403
1742372340000,70.395,70.395,70.345,70.355,0.002285
1742372400000,70.345,70.355,70.34,70.35,0.002669
1742372460000,70.355,70.375,70.355,70.37,0.002173
1742372520000,70.375,70.38,70.345,70.355,0.001309
1742372580000,70.35,70.355,70.335,70.34,0.002628
1742372640000,70.335,70.345,70.335,70.345,0.003184
1742372700000,70.355,70.375,70.335,70.355,0.002806
1742372760000,70.365,70.365,70.315,70.345,0.002216
1742372820000,70.35,70.365,70.335,70.355,0.002638
1742372880000,70.345,70.36,70.315,70.335,0.005202
1742372940000,70.345,70.345,70.235,70.235,0.015067
1742373000000,70.245,70.275,70.23,70.24,0.007904
1742373060000,70.235,70.25,70.215,70.215,0.004357
1742373120000,70.205,70.265,70.19,70.2,0.006739
1742373180000,70.205,70.205,70.075,70.135,0.008048
1742373240000,70.14,70.155,70.075,70.085,0.004216
1742373300000,70.095,70.095,70.045,70.05,0.003521
1742373360000,70.045,70.06,69.995,70,0.004359
1742373420000,70,70,69.935,69.945,0.001097
1742373480000,69.935,69.99,69.925,69.99,0.004696
1742373540000,69.995,70.015,69.965,69.995,0.002983
1742373600000,69.985,70.025,69.975,70.025,0.001633
1742373660000,70.035,70.075,70.035,70.07,0.004342
1742373720000,70.075,70.11,70.065,70.065,0.004372
1742373780000,70.055,70.105,70.055,70.105,0.002699
1742373840000,70.095,70.105,70.075,70.105,0.003049
1742373900000,70.11,70.12,70.055,70.07,0.002797
1742373960000,70.065,70.105,70.065,70.095,0.001763
1742374020000,70.105,70.125,70.095,70.095,0.000824
1742374080000,70.105,70.125,70.095,70.1,0.003184
1742374140000,70.095,70.1,70.015,70.015,0.005881
1742374200000,70.005,70.045,69.995,70.025,0.002866
1742374260000,70.02,70.055,70.01,70.015,0.003145
1742374320000,70.02,70.085,70.005,70.085,0.003202
1742374380000,70.075,70.085,70.035,70.06,0.005097
1742374440000,70.055,70.085,70.05,70.065,0.005339
1742374500000,70.055,70.065,70.055,70.055,0.001093
1742374560000,70.05,70.055,70.025,70.035,0.002746
1742374620000,70.025,70.025,69.955,69.97,0.005071
1742374680000,69.965,69.985,69.945,69.98,0.003881
1742374740000,69.975,69.975,69.895,69.905,0.004953
1742374800000,69.915,69.915,69.885,69.895,0.007414
1742374860000,69.905,69.945,69.895,69.925,0.005068
1742374920000,69.93,69.965,69.925,69.965,0.002384
1742374980000,69.955,69.965,69.93,69.96,0.003622
1742375040000,69.965,69.965,69.925,69.935,0.004276
1742375100000,69.925,69.975,69.925,69.975,0.002888
1742375160000,69.985,70.005,69.97,69.975,0.001781
1742375220000,69.985,70.025,69.985,69.99,0.004656
1742375280000,69.995,70.015,69.99,69.99,0.001969
1742375340000,69.995,69.995,69.975,69.975,0.001601
1742375400000,69.985,70.015,69.975,69.99,0.002305
1742375460000,69.985,69.995,69.965,69.965,0.002112
1742375520000,69.955,69.955,69.915,69.915,0.002845
1742375580000,69.91,69.925,69.9,69.905,0.003883
1742375640000,69.895,69.925,69.895,69.91,0.003222
1742375700000,69.915,69.935,69.905,69.935,0.002119
1742375760000,69.945,69.945,69.925,69.945,0.001497
1742375820000,69.925,69.925,69.905,69.915,0.004238
1742375880000,69.91,69.915,69.895,69.91,0.00412
1742375940000,69.915,69.955,69.905,69.955,0.002738
1742376000000,69.95,69.975,69.945,69.965,0.004405
1742376060000,69.97,69.975,69.955,69.965,0.001578
1742376120000,69.97,69.985,69.955,69.965,0.001201
1742376180000,69.955,69.96,69.945,69.955,0.002549
1742376240000,69.95,69.955,69.945,69.955,0.00093
1742376300000,69.945,69.955,69.935,69.935,0.002995
1742376360000,69.93,69.945,69.92,69.945,0.003413
1742376420000,69.925,69.925,69.905,69.915,0.001398
1742376480000,69.905,69.925,69.905,69.905,0.004021
1742376540000,69.91,69.915,69.905,69.905,0.001861
1742376600000,69.895,69.925,69.895,69.895,0.00255
1742376660000,69.885,69.895,69.885,69.89,0.003022
1742376720000,69.895,69.945,69.895,69.945,0.002022
1742376780000,69.935,70,69.935,69.985,0.003178
1742376840000,69.995,70.005,69.985,70.005,0.002212
1742376900000,70.015,70.035,70,70.035,0.002968
1742376960000,70.03,70.035,70.005,70.025,0.004383
1742377020000,70.035,70.055,70.015,70.015,0.002685
1742377080000,70.005,70.015,69.99,69.995,0.003399
1742377140000,70,70.01,69.995,70.005,0.002319
1742377200000,70,70,69.965,69.965,0.002823
1742377260000,69.985,69.985,69.96,69.965,0.002764
1742377320000,69.96,69.965,69.945,69.955,0.002275
1742377380000,69.95,69.955,69.945,69.955,0.002612
1742377440000,69.945,69.945,69.945,69.945,0.000135
1742377500000,69.955,69.955,69.945,69.945,0.000189
1742377560000,69.955,69.99,69.955,69.985,0.00182
1742377620000,69.995,70.005,69.975,70.005,0.001209
1742377680000,69.995,70.025,69.985,70.025,0.001219
1742377740000,70.03,70.05,70.015,70.05,0.00206
1742377800000,70.045,70.135,70.035,70.135,0.00396
1742377860000,70.145,70.145,70.115,70.135,0.004626
1742377920000,70.13,70.145,70.115,70.125,0.002059
1742377980000,70.135,70.135,70.11,70.135,0.002477
1742378040000,70.13,70.135,70.095,70.105,0.002548
1742378100000,70.115,70.125,70.105,70.11,0.00168
1742378160000,70.105,70.135,70.095,70.105,0.003004
1742378220000,70.115,70.145,70.115,70.115,0.003484
1742378280000,70.12,70.165,70.105,70.16,0.003236
1742378340000,70.155,70.175,70.15,70.15,0.003763
1742378400000,70.145,70.175,70.145,70.175,0.004302
1742378460000,70.185,70.185,70.155,70.165,0.002303
1742378520000,70.17,70.175,70.13,70.145,0.005788
1742378580000,70.16,70.165,70.145,70.165,0.003751
1742378640000,70.175,70.205,70.155,70.205,0.001174
1742378700000,70.195,70.215,70.185,70.195,0.003507
1742378760000,70.205,70.205,70.135,70.165,0.003763
1742378820000,70.175,70.185,70.145,70.155,0.00337
1742378880000,70.165,70.165,70.145,70.16,0.001134
1742378940000,70.155,70.165,70.155,70.155,0.001767
1742379000000,70.165,70.195,70.155,70.165,0.003215
1742379060000,70.155,70.185,70.155,70.175,0.002145
1742379120000,70.165,70.175,70.155,70.155,0.003367
1742379180000,70.165,70.215,70.15,70.195,0.002955
1742379240000,70.2,70.255,70.175,70.185,0.008529
1742379300000,70.195,70.215,70.17,70.205,0.003859
1742379360000,70.215,70.255,70.215,70.245,0.003953
1742379420000,70.255,70.265,70.235,70.245,0.002771
1742379480000,70.25,70.275,70.25,70.265,0.001938
1742379540000,70.27,70.305,70.255,70.305,0.003661
1742379600000,70.295,70.295,70.285,70.295,0.000675
1742379660000,70.285,70.315,70.285,70.315,0.001498
1742379720000,70.32,70.32,70.29,70.31,0.002316
1742379780000,70.315,70.345,70.315,70.32,0.001883
1742379840000,70.325,70.335,70.325,70.335,0.001712
1742379900000,70.33,70.33,70.295,70.315,0.003462
1742379960000,70.31,70.325,70.31,70.325,0.001344
1742380020000,70.335,70.335,70.265,70.265,0.007055
1742380080000,70.255,70.265,70.24,70.245,0.003502
1742380140000,70.25,70.255,70.235,70.245,0.001186
1742380200000,70.24,70.3,70.235,70.3,0.004821
1742380260000,70.305,70.315,70.305,70.305,0.002224
1742380320000,70.3,70.305,70.285,70.305,0.002225
1742380380000,70.295,70.325,70.285,70.305,0.002185
1742380440000,70.315,70.325,70.305,70.305,0.000805
1742380500000,70.295,70.335,70.295,70.325,0.001245
1742380560000,70.315,70.335,70.315,70.335,0.00081
1742380620000,70.33,70.335,70.33,70.335,0.000324
1742380680000,70.325,70.335,70.315,70.315,0.000715
1742380740000,70.305,70.335,70.305,70.325,0.00255
1742380800000,70.33,70.335,70.305,70.325,0.003061
1742380860000,70.33,70.335,70.325,70.33,0.001712
1742380920000,70.325,70.335,70.315,70.315,0.002666
1742380980000,70.305,70.375,70.3,70.375,0.003467
1742381040000,70.385,70.395,70.365,70.37,0.00326
1742381100000,70.365,70.365,70.345,70.345,0.001133
1742381160000,70.35,70.35,70.325,70.35,0.002198
1742381220000,70.355,70.365,70.34,70.355,0.003142
1742381280000,70.36,70.365,70.36,70.365,0.000836
1742381340000,70.355,70.355,70.345,70.345,0.001201
1742381400000,70.355,70.355,70.345,70.345,0.00085
1742381460000,70.35,70.35,70.335,70.345,0.003441
1742381520000,70.355,70.365,70.345,70.35,0.000656
1742381580000,70.355,70.355,70.335,70.355,0.002361
1742381640000,70.365,70.365,70.335,70.335,0.000683
1742381700000,70.325,70.335,70.315,70.335,0.001767
1742381760000,70.34,70.38,70.34,70.365,0.000728
1742381820000,70.355,70.365,70.345,70.355,0.001448
1742381880000,70.345,70.345,70.345,70.345,0.000202
1742381940000,70.355,70.375,70.355,70.375,0.001213
1742382000000,70.365,70.375,70.355,70.375,0.000715
1742382060000,70.365,70.375,70.355,70.375,0.001925
1742382120000,70.365,70.385,70.365,70.365,0.002119
1742382180000,70.36,70.365,70.345,70.345,0.002238
1742382240000,70.355,70.365,70.345,70.365,0.003049
1742382300000,70.36,70.365,70.36,70.365,0.000324
1742382360000,70.375,70.385,70.365,70.385,0.001673
1742382420000,70.375,70.395,70.37,70.39,0.001968
1742382480000,70.385,70.415,70.385,70.395,0.001569
1742382540000,70.405,70.415,70.4,70.41,0.001318
1742382600000,70.415,70.435,70.405,70.415,0.0017
1742382660000,70.425,70.435,70.405,70.415,0.000859
1742382720000,70.425,70.425,70.415,70.415,0.000917
1742382780000,70.42,70.465,70.415,70.435,0.005535
1742382840000,70.445,70.475,70.445,70.475,0.002239
1742382900000,70.47,70.485,70.455,70.485,0.005044
1742382960000,70.475,70.49,70.47,70.48,0.00186
1742383020000,70.465,70.475,70.455,70.46,0.001835
1742383080000,70.47,70.485,70.455,70.455,0.003678
1742383140000,70.45,70.455,70.445,70.455,0.00151
1742383200000,70.45,70.455,70.445,70.455,0.002038
1742383260000,70.46,70.46,70.435,70.435,0.001213
1742383320000,70.44,70.445,70.425,70.445,0.002307
1742383380000,70.455,70.465,70.455,70.46,0.002103
1742383440000,70.455,70.465,70.445,70.46,0.002924
1742383500000,70.455,70.455,70.425,70.425,0.003488
1742383560000,70.435,70.445,70.405,70.405,0.002651
1742383620000,70.395,70.415,70.395,70.415,0.000522
1742383680000,70.425,70.425,70.385,70.385,0.000873
1742383740000,70.395,70.445,70.385,70.445,0.002319
1742383800000,70.44,70.445,70.415,70.425,0.002572
1742383860000,70.43,70.455,70.43,70.435,0.001641
1742383920000,70.425,70.43,70.405,70.415,0.002428
1742383980000,70.41,70.415,70.395,70.405,0.000904
1742384040000,70.415,70.435,70.415,70.415,0.000827
1742384100000,70.425,70.43,70.405,70.43,0.003667
1742384160000,70.425,70.43,70.415,70.425,0.001929
1742384220000,70.42,70.445,70.42,70.425,0.0017
1742384280000,70.415,70.415,70.4,70.4,0.002264
1742384340000,70.405,70.41,70.395,70.4,0.004342
1742384400000,70.395,70.405,70.38,70.385,0.003561
1742384460000,70.375,70.41,70.375,70.41,0.001483
1742384520000,70.405,70.435,70.405,70.425,0.000603
1742384580000,70.42,70.465,70.42,70.465,0.001214
1742384640000,70.475,70.475,70.465,70.47,0.001377
1742384700000,70.465,70.51,70.465,70.485,0.002284
1742384760000,70.49,70.495,70.485,70.49,0.000797
1742384820000,70.485,70.495,70.485,70.495,0.001336
1742384880000,70.485,70.505,70.475,70.505,0.000522
1742384940000,70.5,70.515,70.475,70.48,0.002114
1742385000000,70.475,70.475,70.455,70.465,0.001753
1742385060000,70.455,70.48,70.455,70.465,0.001457
1742385120000,70.455,70.475,70.455,70.475,0.000499
1742385180000,70.495,70.51,70.495,70.495,0.001308
1742385240000,70.505,70.51,70.495,70.495,0.001148
1742385300000,70.5,70.515,70.5,70.515,0.001574
1742385360000,70.505,70.525,70.463,70.5,0.013371
1742385420000,70.495,70.535,70.485,70.53,0.003342
1742385480000,70.525,70.535,70.525,70.535,0.00309
1742385540000,70.53,70.55,70.525,70.535,0.003022
1742385600000,70.525,70.545,70.515,70.545,0.003437
1742385660000,70.55,70.575,70.505,70.54,0.004842
1742385720000,70.535,70.545,70.515,70.525,0.002276
1742385780000,70.52,70.56,70.52,70.53,0.002626
1742385840000,70.525,70.545,70.525,70.535,0.001097
1742385900000,70.525,70.555,70.525,70.555,0.000981
1742385960000,70.55,70.565,70.55,70.55,0.002577
1742386020000,70.555,70.555,70.535,70.54,0.001439
1742386080000,70.545,70.545,70.515,70.525,0.001926
1742386140000,70.52,70.535,70.515,70.525,0.00268
1742386200000,70.52,70.555,70.52,70.55,0.003091
1742386260000,70.545,70.545,70.495,70.515,0.003998
1742386320000,70.51,70.52,70.485,70.515,0.002954
1742386380000,70.52,70.545,70.515,70.545,0.002333
1742386440000,70.54,70.545,70.525,70.535,0.002158
1742386500000,70.525,70.54,70.525,70.525,0.000742
1742386560000,70.515,70.525,70.495,70.505,0.001525
1742386620000,70.495,70.505,70.455,70.465,0.003426
1742386680000,70.46,70.465,70.395,70.445,0.005827
1742386740000,70.45,70.455,70.395,70.405,0.003068
1742386800000,70.395,70.405,70.365,70.385,0.004627
1742386860000,70.38,70.41,70.375,70.41,0.003531
1742386920000,70.415,70.435,70.405,70.42,0.004208
1742386980000,70.425,70.425,70.405,70.415,0.002091
1742387040000,70.425,70.44,70.42,70.435,0.002873
1742387100000,70.44,70.455,70.435,70.455,0.000512
1742387160000,70.46,70.515,70.46,70.505,0.003659
1742387220000,70.495,70.495,70.475,70.475,0.001808
1742387280000,70.465,70.465,70.455,70.455,0.001659
1742387340000,70.445,70.475,70.445,70.475,0.00179
1742387400000,70.465,70.475,70.455,70.47,0.003317
1742387460000,70.475,70.495,70.475,70.475,0.001304
1742387520000,70.465,70.475,70.45,70.465,0.002384
1742387580000,70.47,70.485,70.465,70.475,0.003385
1742387640000,70.485,70.495,70.48,70.485,0.002225
1742387700000,70.475,70.485,70.455,70.455,0.002996
1742387760000,70.465,70.495,70.465,70.485,0.003453
1742387820000,70.49,70.495,70.49,70.495,0.001024
1742387880000,70.5,70.515,70.485,70.515,0.005333
1742387940000,70.51,70.515,70.485,70.495,0.00336
1742388000000,70.485,70.505,70.485,70.5,0.003262
1742388060000,70.505,70.55,70.488,70.535,0.0089
1742388120000,70.545,70.575,70.545,70.565,0.001808
1742388180000,70.56,70.575,70.545,70.555,0.003059
1742388240000,70.545,70.565,70.545,70.56,0.002603
1742388300000,70.565,70.575,70.55,70.555,0.004285
1742388360000,70.565,70.565,70.555,70.555,0.001511
1742388420000,70.56,70.575,70.555,70.555,0.003212
1742388480000,70.545,70.56,70.535,70.535,0.002951
1742388540000,70.545,70.555,70.545,70.545,0.002847
1742388600000,70.555,70.565,70.53,70.535,0.003638
1742388660000,70.525,70.525,70.505,70.505,0.001983
1742388720000,70.515,70.525,70.515,70.515,0.001227
1742388780000,70.525,70.525,70.515,70.515,0.000661
1742388840000,70.525,70.525,70.485,70.505,0.003897
1742388900000,70.515,70.515,70.475,70.485,0.00569
1742388960000,70.49,70.49,70.465,70.475,0.003897
1742389020000,70.485,70.51,70.475,70.505,0.00228
1742389080000,70.51,70.575,70.51,70.565,0.003763
1742389140000,70.575,70.575,70.565,70.575,0.004021
1742389200000,70.585,70.585,70.495,70.515,0.016535
1742389260000,70.505,70.57,70.475,70.545,0.010293
1742389320000,70.55,70.555,70.525,70.535,0.007683
1742389380000,70.545,70.585,70.535,70.585,0.006093
1742389440000,70.58,70.595,70.555,70.565,0.005324
1742389500000,70.575,70.585,70.555,70.565,0.004794
1742389560000,70.575,70.625,70.56,70.625,0.007329
1742389620000,70.635,70.695,70.625,70.665,0.010839
1742389680000,70.655,70.695,70.655,70.685,0.004383
1742389740000,70.69,70.695,70.655,70.675,0.006327
1742389800000,70.665,70.68,70.645,70.665,0.004839
1742389860000,70.67,70.695,70.655,70.675,0.004579
1742389920000,70.685,70.685,70.64,70.645,0.004827
1742389980000,70.65,70.65,70.615,70.64,0.008082
1742390040000,70.63,70.66,70.625,70.635,0.005926
1742390100000,70.64,70.64,70.595,70.6,0.007643
1742390160000,70.595,70.635,70.595,70.62,0.0059
1742390220000,70.615,70.635,70.615,70.635,0.004452
1742390280000,70.63,70.655,70.625,70.645,0.005351
1742390340000,70.65,70.665,70.645,70.65,0.004436
1742390400000,70.645,70.645,70.615,70.625,0.005238
1742390460000,70.63,70.65,70.62,70.625,0.004141
1742390520000,70.635,70.635,70.565,70.625,0.005421
1742390580000,70.635,70.655,70.61,70.61,0.002222
1742390640000,70.615,70.625,70.6,70.605,0.002366
1742390700000,70.595,70.625,70.585,70.585,0.002518
1742390760000,70.58,70.58,70.555,70.555,0.004668
1742390820000,70.545,70.565,70.535,70.545,0.002747
1742390880000,70.555,70.555,70.525,70.525,0.003156
1742390940000,70.515,70.52,70.475,70.485,0.003934
1742391000000,70.49,70.545,70.485,70.535,0.003838
1742391060000,70.53,70.53,70.49,70.495,0.005394
1742391120000,70.49,70.535,70.485,70.5,0.004111
1742391180000,70.495,70.505,70.465,70.475,0.004227
1742391240000,70.48,70.495,70.42,70.425,0.009291
1742391300000,70.43,70.465,70.415,70.425,0.007458
1742391360000,70.415,70.415,70.35,70.395,0.006155
1742391420000,70.405,70.435,70.385,70.405,0.005585
1742391480000,70.415,70.445,70.4,70.445,0.00357
1742391540000,70.44,70.49,70.425,70.475,0.006525
1742391600000,70.485,70.495,70.455,70.455,0.004987
1742391660000,70.445,70.46,70.415,70.415,0.002736
1742391720000,70.425,70.465,70.425,70.435,0.002277
1742391780000,70.43,70.445,70.395,70.41,0.003445
1742391840000,70.405,70.415,70.395,70.395,0.001588
1742391900000,70.405,70.43,70.385,70.405,0.006534
1742391960000,70.415,70.445,70.395,70.415,0.005914
1742392020000,70.41,70.425,70.395,70.415,0.0052
1742392080000,70.42,70.445,70.405,70.425,0.003826
1742392140000,70.43,70.445,70.415,70.43,0.005909
1742392200000,70.435,70.445,70.39,70.395,0.007796
1742392260000,70.385,70.44,70.38,70.43,0.0053
1742392320000,70.435,70.455,70.42,70.44,0.005504
1742392380000,70.435,70.485,70.435,70.485,0.004128
1742392440000,70.49,70.535,70.49,70.5,0.005769
1742392500000,70.495,70.505,70.465,70.495,0.003651
1742392560000,70.505,70.53,70.5,70.515,0.003521
1742392620000,70.525,70.595,70.515,70.585,0.004964
1742392680000,70.575,70.58,70.515,70.575,0.007215
1742392740000,70.57,70.575,70.54,70.54,0.005251
1742392800000,70.545,70.55,70.47,70.505,0.013009
1742392860000,70.5,70.515,70.475,70.495,0.0053
1742392920000,70.505,70.525,70.49,70.505,0.004447
1742392980000,70.515,70.535,70.5,70.535,0.004552
1742393040000,70.545,70.565,70.52,70.535,0.003447
1742393100000,70.54,70.545,70.52,70.525,0.003065
1742393160000,70.515,70.545,70.515,70.53,0.003167
1742393220000,70.535,70.565,70.535,70.535,0.004743
1742393280000,70.54,70.565,70.535,70.545,0.003003
1742393340000,70.535,70.555,70.525,70.545,0.004513
1742393400000,70.535,70.545,70.515,70.535,0.004006
1742393460000,70.53,70.575,70.53,70.56,0.005405
1742393520000,70.555,70.57,70.535,70.535,0.008348
1742393580000,70.53,70.555,70.525,70.53,0.005624
1742393640000,70.535,70.575,70.525,70.565,0.003324
1742393700000,70.57,70.575,70.545,70.57,0.002226
1742393760000,70.565,70.575,70.54,70.57,0.003867
1742393820000,70.575,70.575,70.545,70.56,0.002369
1742393880000,70.565,70.575,70.55,70.56,0.003558
1742393940000,70.565,70.605,70.555,70.57,0.003732
1742394000000,70.575,70.595,70.565,70.575,0.001337
1742394060000,70.565,70.595,70.56,70.595,0.003383
1742394120000,70.6,70.625,70.595,70.625,0.004068
1742394180000,70.615,70.62,70.585,70.605,0.003404
1742394240000,70.61,70.625,70.595,70.61,0.003922
1742394300000,70.605,70.615,70.585,70.59,0.00366
1742394360000,70.595,70.61,70.585,70.59,0.001476
1742394420000,70.595,70.595,70.53,70.54,0.002222
1742394480000,70.545,70.555,70.545,70.55,0.001881
1742394540000,70.555,70.585,70.555,70.58,0.001535
1742394600000,70.575,70.737,70.5,70.705,0.011744
1742394660000,70.71,70.795,70.685,70.795,0.009793
1742394720000,70.79,70.805,70.73,70.735,0.012183
1742394780000,70.74,70.765,70.705,70.755,0.005731
1742394840000,70.76,70.81,70.76,70.775,0.010355
1742394900000,70.78,70.815,70.745,70.775,0.007858
1742394960000,70.78,70.785,70.74,70.755,0.006447
1742395020000,70.75,70.825,70.74,70.815,0.006656
1742395080000,70.825,70.835,70.775,70.78,0.006345
1742395140000,70.775,70.81,70.765,70.805,0.005582
1742395200000,70.81,70.815,70.745,70.775,0.004091
1742395260000,70.77,70.805,70.765,70.77,0.003689
1742395320000,70.775,70.775,70.725,70.745,0.003908
1742395380000,70.75,70.755,70.695,70.695,0.004116
1742395440000,70.69,70.725,70.595,70.665,0.009965
1742395500000,70.66,70.67,70.585,70.585,0.008422
1742395560000,70.595,70.625,70.54,70.62,0.005919
1742395620000,70.63,70.635,70.565,70.605,0.005286
1742395680000,70.6,70.645,70.595,70.625,0.006053
1742395740000,70.62,70.65,70.615,70.615,0.003995
1742395800000,70.62,70.685,70.62,70.665,0.006549
1742395860000,70.67,70.715,70.65,70.665,0.005535
1742395920000,70.67,70.695,70.645,70.695,0.00775
1742395980000,70.69,70.74,70.69,70.73,0.003007
1742396040000,70.735,70.755,70.725,70.725,0.006075
1742396100000,70.72,70.725,70.695,70.71,0.003873
1742396160000,70.715,70.725,70.7,70.72,0.003941
1742396220000,70.715,70.73,70.71,70.725,0.003449
1742396280000,70.715,70.755,70.715,70.745,0.00444
1742396340000,70.74,70.765,70.735,70.755,0.002263
1742396400000,70.765,70.815,70.75,70.805,0.003294
1742396460000,70.795,70.855,70.795,70.815,0.005235
1742396520000,70.82,70.845,70.795,70.84,0.004385
1742396580000,70.845,70.855,70.825,70.835,0.00603
1742396640000,70.83,70.86,70.825,70.86,0.005606
1742396700000,70.865,70.935,70.86,70.925,0.007293
1742396760000,70.935,70.945,70.91,70.945,0.006139
1742396820000,70.935,70.945,70.93,70.935,0.003522
1742396880000,70.945,70.975,70.935,70.965,0.004233
1742396940000,70.975,70.985,70.965,70.98,0.009006
1742397000000,70.975,70.985,70.95,70.975,0.007248
1742397060000,70.98,71.005,70.975,70.985,0.005636
1742397120000,70.99,70.995,70.975,70.98,0.004458
1742397180000,70.985,71.005,70.985,71.005,0.002618
1742397240000,71.015,71.055,70.99,71.03,0.004702
1742397300000,71.025,71.035,71.005,71.025,0.004754
1742397360000,71.015,71.045,71.015,71.025,0.005054
1742397420000,71.035,71.04,70.985,70.995,0.006986
1742397480000,71,71.035,71,71,0.003654
1742397540000,71.005,71.015,70.995,71.015,0.003488
1742397600000,71.025,71.045,71.015,71.03,0.0041
1742397660000,71.035,71.04,71.005,71.005,0.002253
1742397720000,71.015,71.035,70.995,70.995,0.005715
1742397780000,71.005,71.015,70.995,71.015,0.002585
1742397840000,71.02,71.03,70.995,71.015,0.003785
1742397900000,71.01,71.035,71.005,71.035,0.001236
1742397960000,71.04,71.055,71.015,71.055,0.003291
1742398020000,71.065,71.125,71.065,71.095,0.008089
1742398080000,71.105,71.105,71.06,71.06,0.009117
1742398140000,71.065,71.085,71.055,71.065,0.002975
1742398200000,71.075,71.08,71.045,71.045,0.004514
1742398260000,71.035,71.045,70.995,71.025,0.00326
1742398320000,71.035,71.055,71.025,71.025,0.003494
1742398380000,71.015,71.045,71.01,71.04,0.002346
1742398440000,71.045,71.075,71.03,71.045,0.005485
1742398500000,71.05,71.05,70.995,70.995,0.004897
1742398560000,71.005,71.01,70.975,70.985,0.002764
1742398620000,70.98,70.995,70.945,70.955,0.00287
1742398680000,70.965,70.975,70.925,70.945,0.005525
1742398740000,70.95,70.955,70.92,70.925,0.003983
1742398800000,70.93,70.975,70.915,70.955,0.004153
1742398860000,70.945,70.97,70.935,70.97,0.002168
1742398920000,70.955,70.975,70.945,70.955,0.003601
1742398980000,70.95,70.955,70.935,70.955,0.003102
1742399040000,70.935,70.96,70.93,70.955,0.003813
1742399100000,70.96,70.96,70.895,70.895,0.006461
1742399160000,70.885,70.895,70.835,70.835,0.004684
1742399220000,70.845,70.875,70.825,70.835,0.004214
1742399280000,70.84,70.845,70.805,70.805,0.003267
1742399340000,70.81,70.845,70.775,70.8,0.006353
1742399400000,70.805,70.86,70.805,70.83,0.005691
1742399460000,70.835,70.855,70.82,70.835,0.004264
1742399520000,70.83,70.835,70.815,70.835,0.000644
1742399580000,70.825,70.825,70.8,70.81,0.001336
1742399640000,70.805,70.83,70.805,70.805,0.005038
1742399700000,70.815,70.815,70.78,70.805,0.002275
1742399760000,70.815,70.835,70.815,70.835,0.001831
1742399820000,70.845,70.845,70.815,70.825,0.00438
1742399880000,70.83,70.845,70.83,70.84,0.001887
1742399940000,70.835,70.85,70.825,70.85,0.003687
1742400000000,70.845,70.855,70.795,70.855,0.00663
1742400060000,70.86,70.92,70.855,70.915,0.006676
1742400120000,70.905,70.92,70.905,70.915,0.002435
1742400180000,70.905,70.915,70.895,70.915,0.003641
1742400240000,70.91,70.955,70.91,70.955,0.002308
1742400300000,70.96,70.97,70.95,70.965,0.003374
1742400360000,70.97,70.975,70.965,70.975,0.001323
1742400420000,70.965,71.01,70.905,70.925,0.008229
1742400480000,70.93,70.935,70.87,70.89,0.008684
1742400540000,70.885,70.915,70.885,70.895,0.004874
1742400600000,70.9,70.915,70.865,70.865,0.003648
1742400660000,70.855,70.895,70.85,70.855,0.003298
1742400720000,70.85,70.865,70.775,70.785,0.003775
1742400780000,70.775,70.81,70.775,70.805,0.00292
1742400840000,70.795,70.805,70.775,70.795,0.004381
1742400900000,70.8,70.81,70.78,70.795,0.003091
1742400960000,70.785,70.785,70.745,70.755,0.00207
1742401020000,70.76,70.76,70.705,70.735,0.003823
1742401080000,70.725,70.755,70.725,70.735,0.002366
1742401140000,70.74,70.765,70.735,70.735,0.002043
1742401200000,70.74,70.775,70.705,70.775,0.002986
1742401260000,70.765,70.805,70.75,70.795,0.002232
1742401320000,70.805,70.845,70.785,70.845,0.00413
1742401380000,70.85,70.85,70.815,70.835,0.002181
1742401440000,70.83,70.835,70.78,70.785,0.005833
1742401500000,70.775,70.775,70.695,70.715,0.003719
1742401560000,70.71,70.765,70.7,70.755,0.003384
1742401620000,70.76,70.865,70.74,70.795,0.009488
1742401680000,70.785,70.87,70.785,70.815,0.011419
1742401740000,70.805,70.815,70.725,70.765,0.012846
1742401800000,70.75,70.785,70.725,70.745,0.007671
1742401860000,70.735,70.735,70.665,70.695,0.00523
1742401920000,70.69,70.73,70.69,70.72,0.00642
1742401980000,70.725,70.745,70.715,70.725,0.003374
1742402040000,70.74,70.815,70.74,70.8,0.005026
1742402100000,70.795,70.825,70.795,70.805,0.002727
1742402160000,70.79,70.835,70.79,70.835,0.004434
1742402220000,70.825,70.835,70.82,70.82,0.001115
1742402280000,70.825,70.86,70.825,70.855,0.003479
1742402340000,70.86,70.885,70.845,70.88,0.004355
1742402400000,70.875,70.965,70.875,70.965,0.004518
1742402460000,70.97,71,70.965,70.995,0.007525
1742402520000,70.99,70.995,70.965,70.975,0.003168
1742402580000,70.985,71.015,70.975,71.005,0.003144
1742402640000,71.01,71.045,71.005,71.035,0.003195
1742402700000,71.025,71.045,71.025,71.035,0.00183
1742402760000,71.045,71.055,71.03,71.045,0.002415
1742402820000,71.055,71.19,71.055,71.115,0.009197
1742402880000,71.12,71.165,71.12,71.125,0.007333
1742402940000,71.13,71.145,71.115,71.125,0.005125
1742403000000,71.135,71.145,71.115,71.135,0.003762
1742403060000,71.125,71.145,71.115,71.13,0.006234
1742403120000,71.135,71.145,71.115,71.135,0.003493
1742403180000,71.145,71.165,71.145,71.16,0.003614
1742403240000,71.165,71.21,71.155,71.205,0.002909
1742403300000,71.21,71.21,71.165,71.175,0.003935
1742403360000,71.17,71.2,71.155,71.185,0.005953
1742403420000,71.175,71.175,71.145,71.155,0.003102
1742403480000,71.145,71.165,71.125,71.135,0.005777
1742403540000,71.12,71.145,71.105,71.13,0.006443
1742403600000,71.125,71.18,71.058,71.155,0.010839
1742403660000,71.16,71.19,71.16,71.175,0.002501
1742403720000,71.155,71.175,71.115,71.125,0.004222
1742403780000,71.115,71.145,71.115,71.135,0.000378
1742403840000,71.14,71.175,71.125,71.17,0.004378
1742403900000,71.175,71.175,71.15,71.15,0.002644
1742403960000,71.145,71.17,71.14,71.155,0.002218
1742404020000,71.16,71.17,71.135,71.165,0.003912
1742404080000,71.155,71.16,71.115,71.115,0.003629
1742404140000,71.125,71.135,71.105,71.12,0.002967
1742404200000,71.115,71.115,71.095,71.095,0.00174
1742404260000,71.085,71.14,71.075,71.125,0.003183
1742404320000,71.13,71.135,71.085,71.085,0.003882
1742404380000,71.09,71.11,71.09,71.09,0.003301
1742404440000,71.085,71.095,71.06,71.07,0.003504
1742404500000,71.065,71.08,71.045,71.05,0.003604
1742404560000,71.055,71.075,71.015,71.025,0.003575
1742404620000,71.03,71.03,70.96,70.975,0.00573
1742404680000,70.965,70.985,70.92,70.93,0.008545
1742404740000,70.915,70.935,70.91,70.93,0.00392
1742404800000,70.925,70.935,70.88,70.895,0.00375
1742404860000,70.9,70.905,70.865,70.885,0.003259
1742404920000,70.89,70.925,70.885,70.905,0.002914
1742404980000,70.915,70.915,70.895,70.895,0.000837
1742405040000,70.9,70.9,70.865,70.865,0.003152
1742405100000,70.86,70.905,70.855,70.895,0.001268
1742405160000,70.9,70.925,70.895,70.915,0.001957
1742405220000,70.92,70.935,70.915,70.935,0.004412
1742405280000,70.94,70.965,70.935,70.96,0.00826
1742405340000,70.965,70.975,70.955,70.975,0.007294
1742405400000,70.97,70.975,70.955,70.955,0.0034
1742405460000,70.96,70.975,70.955,70.975,0.001375
1742405520000,70.965,70.98,70.955,70.965,0.002128
1742405580000,70.955,70.965,70.955,70.965,0.001107
1742405640000,70.955,70.965,70.95,70.965,0.0004
1742405700000,70.985,71.005,70.975,70.995,0.004055
1742405760000,71,71.015,70.99,70.995,0.002814
1742405820000,70.99,71.015,70.985,70.985,0.001786
1742405880000,70.975,70.995,70.975,70.975,0.002051
1742405940000,70.985,70.995,70.945,70.965,0.001969
1742406000000,70.955,70.985,70.955,70.985,0.000499
1742406060000,70.995,71.035,70.995,71.025,0.00267
1742406120000,71.015,71.02,70.99,70.99,0.004195
1742406180000,70.995,71,70.985,70.985,0.001479
1742406240000,70.995,70.995,70.965,70.97,0.002292
1742406300000,70.975,70.975,70.965,70.975,0.000904
1742406360000,70.965,70.975,70.935,70.965,0.003978
1742406420000,70.96,70.975,70.955,70.96,0.00369
1742406480000,70.965,70.975,70.955,70.965,0.002475
1742406540000,70.96,70.975,70.95,70.965,0.004006
1742406600000,70.97,70.97,70.955,70.97,0.001547
1742406660000,70.965,70.99,70.965,70.985,0.001525
1742406720000,70.975,70.995,70.935,70.935,0.003655
1742406780000,70.925,70.935,70.905,70.92,0.004403
1742406840000,70.925,70.965,70.92,70.945,0.001552
1742406900000,70.94,70.945,70.935,70.935,0.000908
1742406960000,70.93,70.935,70.915,70.915,0.002115
1742407020000,70.91,70.915,70.89,70.89,0.001709
1742407080000,70.895,70.905,70.835,70.84,0.00377
1742407140000,70.83,70.84,70.79,70.82,0.005033
1742407200000,70.805,70.865,70.795,70.82,0.005805
1742407260000,70.815,70.82,70.715,70.725,0.005525
1742407320000,70.745,70.815,70.715,70.775,0.003681
1742407380000,70.765,70.79,70.74,70.755,0.002331
1742407440000,70.76,70.765,70.685,70.69,0.00459
1742407500000,70.685,70.725,70.685,70.7,0.00449
1742407560000,70.695,70.71,70.585,70.585,0.008578
1742407620000,70.595,70.695,70.585,70.685,0.005571
1742407680000,70.695,70.705,70.66,70.685,0.005986
1742407740000,70.68,70.725,70.68,70.68,0.004219
1742407800000,70.675,70.68,70.635,70.655,0.003321
1742407860000,70.665,70.705,70.635,70.64,0.007226
1742407920000,70.645,70.675,70.635,70.665,0.005308
1742407980000,70.66,70.685,70.655,70.66,0.003924
1742408040000,70.665,70.69,70.66,70.66,0.003393
1742408100000,70.665,70.71,70.665,70.68,0.003087
1742408160000,70.685,70.72,70.685,70.695,0.003856
1742408220000,70.705,70.83,70.695,70.805,0.008539
1742408280000,70.81,70.82,70.775,70.795,0.005202
1742408340000,70.79,70.805,70.76,70.76,0.003612
1742408400000,70.765,70.79,70.735,70.735,0.005543
1742408460000,70.73,70.755,70.725,70.73,0.004367
1742408520000,70.735,70.745,70.705,70.715,0.006681
1742408580000,70.705,70.73,70.705,70.725,0.003142
1742408640000,70.72,70.755,70.715,70.725,0.005474
1742408700000,70.72,70.77,70.715,70.76,0.005225
1742408760000,70.755,70.765,70.725,70.745,0.008134
1742408820000,70.75,70.775,70.735,70.745,0.007916
1742408880000,70.74,70.765,70.705,70.765,0.006954
1742408940000,70.755,70.775,70.745,70.755,0.003223
1742409000000,70.765,70.805,70.745,70.805,0.007771
1742409060000,70.81,70.81,70.755,70.775,0.00679
1742409120000,70.78,70.805,70.77,70.795,0.004341
1742409180000,70.8,70.815,70.78,70.78,0.004582
1742409240000,70.785,70.815,70.78,70.815,0.003816
1742409300000,70.82,70.825,70.79,70.795,0.00112
1742409360000,70.805,70.82,70.805,70.81,0.001251
1742409420000,70.815,70.825,70.805,70.815,0.002133
1742409480000,70.82,70.82,70.79,70.805,0.002493
1742409540000,70.8,70.805,70.795,70.8,0.003303
1742409600000,70.805,70.805,70.775,70.775,0.002439
1742409660000,70.785,70.795,70.775,70.79,0.002187
1742409720000,70.785,70.805,70.785,70.805,0.001175
1742409780000,70.81,70.81,70.785,70.795,0.002016
1742409840000,70.8,70.815,70.8,70.81,0.001516
1742409900000,70.805,70.805,70.795,70.795,0.001728
1742409960000,70.79,70.81,70.785,70.81,0.001808
1742410020000,70.805,70.815,70.8,70.815,0.001071
1742410080000,70.81,70.815,70.805,70.81,0.000783
1742410140000,70.815,70.815,70.805,70.81,0.00153
1742410200000,70.805,70.81,70.795,70.8,0.001975
1742410260000,70.805,70.805,70.785,70.795,0.001817
1742410320000,70.79,70.81,70.785,70.805,0.001939
1742410380000,70.815,70.845,70.815,70.84,0.002889
1742410440000,70.835,70.835,70.825,70.825,0.001989
1742410500000,70.815,70.825,70.805,70.825,0.00144
1742410560000,70.82,70.825,70.8,70.805,0.000963
1742410620000,70.8,70.83,70.8,70.82,0.003762
1742410680000,70.815,70.82,70.795,70.82,0.001754
1742410740000,70.815,70.825,70.815,70.82,0.001413
1742410800000,70.815,70.825,70.815,70.82,0.002953
1742410860000,70.825,70.83,70.815,70.83,0.001834
1742410920000,70.835,70.84,70.815,70.83,0.00243
1742410980000,70.835,70.835,70.825,70.835,0.000513
1742411040000,70.83,70.845,70.83,70.84,0.001255
1742411100000,70.835,70.865,70.835,70.855,0.000963
1742411160000,70.85,70.87,70.85,70.87,0.001768
1742411220000,70.865,70.88,70.865,70.875,0.001899
1742411280000,70.865,70.875,70.865,70.875,0.001255
1742411340000,70.88,70.895,70.875,70.885,0.001746
1742411400000,70.89,70.895,70.87,70.88,0.002032
1742411460000,70.875,70.88,70.865,70.88,0.002164
1742411520000,70.885,70.885,70.865,70.875,0.001881
1742411580000,70.88,70.88,70.865,70.87,0.001039
1742411640000,70.865,70.885,70.865,70.88,0.002014
1742411700000,70.885,70.895,70.88,70.895,0.001628
1742411760000,70.895,70.895,70.895,70.895,0
1742411820000,70.905,70.905,70.9,70.905,0.000702
1742411880000,70.9,70.905,70.865,70.87,0.003534
1742411940000,70.875,70.885,70.87,70.88,0.003105
1742412000000,70.885,70.89,70.855,70.86,0.002765
1742412060000,70.855,70.86,70.845,70.855,0.001457
1742412120000,70.86,70.86,70.845,70.85,0.001021
1742412180000,70.855,70.865,70.85,70.865,0.002131
1742412240000,70.86,70.88,70.845,70.88,0.003002
1742412300000,70.885,70.885,70.875,70.875,0.000823
1742412360000,70.87,70.875,70.86,70.865,0.002171
1742412420000,70.86,70.86,70.845,70.845,0.001479
1742412480000,70.85,70.87,70.85,70.855,0.00158
1742412540000,70.85,70.855,70.835,70.85,0.002564
1742412600000,70.845,70.875,70.845,70.87,0.001619
1742412660000,70.875,70.88,70.865,70.865,0.000954
1742412720000,70.86,70.865,70.85,70.85,0.001744
1742412780000,70.855,70.865,70.855,70.86,0.000701
1742412840000,70.865,70.88,70.865,70.875,0.002375
1742412900000,70.88,70.88,70.835,70.835,0.002531
1742412960000,70.825,70.845,70.825,70.845,0.001066
1742413020000,70.85,70.88,70.85,70.88,0.000724
1742413080000,70.875,70.9,70.875,70.9,0.001444
1742413140000,70.895,70.895,70.89,70.89,0.001038
1742413200000,70.895,70.915,70.895,70.91,0.001526
1742413260000,70.915,70.92,70.905,70.92,0.000918
1742413320000,70.925,70.925,70.915,70.92,0.002033
1742413380000,70.915,70.94,70.915,70.93,0.001525
1742413440000,70.935,70.945,70.935,70.935,0.000783
1742413500000,70.94,70.94,70.92,70.92,0.000765
1742413560000,70.915,70.92,70.915,70.915,0.000697
1742413620000,70.92,70.92,70.915,70.92,0.000293
1742413680000,70.915,70.92,70.915,70.92,0.000675
1742413740000,70.915,70.92,70.915,70.915,0.000608
1742413800000,70.873,70.905,70.863,70.87,0.010191
1742413860000,70.865,70.885,70.865,70.88,0.000837
1742413920000,70.875,70.89,70.875,70.89,0.00077
1742413980000,70.895,70.905,70.89,70.9,0.000567
1742414040000,70.895,70.905,70.895,70.895,0.000896
1742414100000,70.885,70.885,70.87,70.875,0.001376
1742414160000,70.86,70.865,70.855,70.86,0.000795
1742414220000,70.855,70.86,70.85,70.85,0.000877
1742414280000,70.855,70.855,70.845,70.85,0.000971
1742414340000,70.855,70.88,70.855,70.865,0.00293
1742414400000,70.87,70.895,70.87,70.875,0.001134
1742414460000,70.865,70.875,70.86,70.87,0.001128
1742414520000,70.865,70.88,70.865,70.87,0.001251
1742414580000,70.875,70.88,70.865,70.87,0.001322
1742414640000,70.875,70.875,70.845,70.855,0.001107
1742414700000,70.85,70.85,70.845,70.85,0.000423
1742414760000,70.845,70.845,70.84,70.845,0.000432
1742414820000,70.85,70.855,70.85,70.85,0.000279
1742414880000,70.845,70.895,70.845,70.845,0.001156
1742414940000,70.855,70.86,70.845,70.855,0.001431
1742415000000,70.865,70.87,70.865,70.87,0.000189
1742415060000,70.875,70.88,70.87,70.875,0.000635
1742415120000,70.87,70.87,70.86,70.86,0.00036
1742415180000,70.855,70.86,70.85,70.855,0.000819
1742415240000,70.86,70.87,70.855,70.865,0.000693
1742415300000,70.87,70.87,70.87,70.87,0.000135
1742415360000,70.875,70.875,70.865,70.865,0.000122
1742415420000,70.86,70.86,70.86,70.86,0.000135
1742415480000,70.855,70.855,70.85,70.855,0.000212
1742415540000,70.86,70.86,70.86,70.86,0.00009
1742415600000,70.855,70.86,70.855,70.86,0.000144
1742415660000,70.855,70.86,70.855,70.86,0.000527
1742415720000,70.855,70.86,70.855,70.855,0.000189
1742415780000,70.85,70.855,70.845,70.845,0.000986
1742415840000,70.85,70.855,70.85,70.855,0.000333
1742415900000,70.85,70.85,70.84,70.84,0.000405
1742415960000,70.845,70.86,70.845,70.855,0.000297
1742416020000,70.87,70.87,70.85,70.85,0.000819
1742416080000,70.86,70.865,70.85,70.865,0.000621
1742416140000,70.86,70.86,70.855,70.855,0.000108
1742416200000,70.85,70.865,70.85,70.86,0.000455
1742416260000,70.85,70.855,70.845,70.85,0.000392
1742416320000,70.855,70.86,70.83,70.835,0.000621
1742416380000,70.84,70.855,70.84,70.855,0.000567
1742416440000,70.86,70.865,70.855,70.865,0.000279
1742416500000,70.865,70.865,70.865,70.865,0
1742416560000,70.865,70.865,70.865,70.865,0
1742416620000,70.86,70.865,70.855,70.855,0.000581
1742416680000,70.86,70.89,70.86,70.89,0.000279
1742416740000,70.885,70.885,70.865,70.865,0.000459
1742416800000,70.87,70.87,70.86,70.86,0.000324
1742416860000,70.855,70.855,70.845,70.85,0.000459
1742416920000,70.855,70.86,70.855,70.86,0.000122
1742416980000,70.855,70.855,70.845,70.845,0.000122
1742417040000,70.85,70.855,70.85,70.855,0.000445
1742417100000,70.85,70.855,70.84,70.84,0.000549
1742417160000,70.845,70.845,70.84,70.84,0.000512
1742417220000,70.793,70.793,70.793,70.793,0.0031
1742417280000,70.845,70.845,70.845,70.845,0.000054
1742417340000,70.835,70.835,70.81,70.82,0.002222
1742417400000,70.815,70.825,70.81,70.825,0.000769
1742417460000,70.84,70.855,70.84,70.85,0.000446
1742417520000,70.855,70.865,70.855,70.855,0.000701
1742417580000,70.86,70.865,70.86,70.86,0.000324
1742417640000,70.865,70.875,70.865,70.87,0.000576
1742417700000,70.865,70.875,70.865,70.865,0.000986
1742417760000,70.86,70.865,70.855,70.865,0.000459
1742417820000,70.86,70.88,70.86,70.88,0.001125
1742417880000,70.885,70.895,70.875,70.885,0.000657
1742417940000,70.88,70.895,70.88,70.89,0.000824
1742774400000,72.232,72.242,72.227,72.227,0.000216
1742774460000,72.222,72.227,72.212,72.222,0.000792
1742774520000,72.232,72.242,72.232,72.242,0.000243
1742774580000,72.252,72.262,72.252,72.257,0.000603
1742774640000,72.252,72.252,72.247,72.252,0.000176
1742774700000,72.257,72.262,72.257,72.262,0.000486
1742774760000,72.267,72.267,72.257,72.257,0.000351
1742774820000,72.262,72.267,72.247,72.252,0.000486
1742774880000,72.257,72.257,72.247,72.247,0.000437
1742774940000,72.242,72.247,72.237,72.247,0.000297
1742775000000,72.237,72.237,72.227,72.227,0.000512
1742775060000,72.232,72.232,72.222,72.227,0.000378
1742775120000,72.222,72.222,72.212,72.217,0.000549
1742775180000,72.207,72.217,72.202,72.202,0.000783
1742775240000,72.192,72.202,72.192,72.197,0.000985
1742775300000,72.202,72.202,72.197,72.202,0.00031
1742775360000,72.207,72.207,72.167,72.177,0.000864
1742775420000,72.172,72.177,72.142,72.142,0.000945
1742775480000,72.137,72.137,72.132,72.137,0.000499
1742775540000,72.132,72.132,72.112,72.127,0.000675
1742775600000,72.132,72.132,72.122,72.127,0.000432
1742775660000,72.132,72.137,72.127,72.132,0.000311
1742775720000,72.127,72.132,72.117,72.122,0.000689
1742775780000,72.117,72.117,72.112,72.112,0.000144
1742775840000,72.122,72.127,72.122,72.127,0.000108
1742775900000,72.132,72.132,72.127,72.127,0.000122
1742775960000,72.132,72.142,72.132,72.137,0.000608
1742776020000,72.132,72.132,72.122,72.122,0.000162
1742776080000,72.127,72.127,72.122,72.127,0.000162
1742776140000,72.103,72.132,72.103,72.132,0.003208
1742776200000,72.137,72.137,72.122,72.122,0.000252
1742776260000,72.112,72.122,72.112,72.122,0.000216
1742776320000,72.122,72.122,72.122,72.122,0
1742776380000,72.112,72.112,72.112,72.112,0.000054
1742776440000,72.102,72.112,72.102,72.107,0.000252
1742776500000,72.102,72.102,72.097,72.097,0.000144
1742776560000,72.102,72.102,72.077,72.077,0.000698
1742776620000,72.082,72.082,72.077,72.077,0.000567
1742776680000,72.082,72.082,72.082,72.082,0.000054
1742776740000,72.077,72.077,72.067,72.067,0.00036
1742776800000,72.072,72.072,72.067,72.067,0.000189
1742776860000,72.072,72.072,72.032,72.032,0.001346
1742776920000,72.032,72.032,72.032,72.032,0
1742776980000,72.032,72.032,72.032,72.032,0
1742777040000,72.027,72.027,72.027,72.027,0.000135
1742777100000,72.003,72.032,72.003,72.032,0.003154
1742777160000,72.032,72.032,72.032,72.032,0
1742777220000,72.027,72.027,72.022,72.022,0.000225
1742777280000,72.032,72.032,72.032,72.032,0.000054
1742777340000,72.008,72.032,72.003,72.032,0.006344
1742777400000,72.027,72.027,72.027,72.027,0.000135
1742777460000,72.032,72.057,72.032,72.057,0.000779
1742777520000,72.062,72.062,72.042,72.047,0.000644
1742777580000,72.042,72.042,72.032,72.032,0.00041
1742777640000,72.022,72.032,72.022,72.027,0.000176
1742777700000,72.022,72.022,72.017,72.022,0.000243
1742777760000,72.017,72.032,72.007,72.007,0.003501
1742777820000,72.002,72.002,72.002,72.002,0.000054
1742777880000,72.007,72.012,72.007,72.012,0.000144
1742777940000,72.007,72.007,71.982,71.992,0.000966
1742778000000,72.015,72.045,72.015,72.025,0.006484
1742778060000,72.035,72.05,72.015,72.045,0.002322
1742778120000,72.05,72.095,72.035,72.09,0.002079
1742778180000,72.085,72.13,72.085,72.125,0.001508
1742778240000,72.13,72.16,72.125,72.14,0.002669
1742778300000,72.145,72.175,72.145,72.175,0.001314
1742778360000,72.185,72.23,72.185,72.2,0.003015
1742778420000,72.195,72.2,72.17,72.17,0.001098
1742778480000,72.175,72.175,72.155,72.155,0.000567
1742778540000,72.145,72.15,72.125,72.145,0.001926
1742778600000,72.15,72.155,72.14,72.14,0.000549
1742778660000,72.135,72.135,72.115,72.115,0.000788
1742778720000,72.12,72.12,72.06,72.06,0.002109
1742778780000,72.055,72.08,72.055,72.08,0.00184
1742778840000,72.075,72.08,72.07,72.075,0.000765
1742778900000,72.07,72.08,72.045,72.05,0.001845
1742778960000,72.045,72.045,72.035,72.035,0.000414
1742779020000,72.025,72.025,72.005,72.005,0.000742
1742779080000,71.995,72.035,71.995,72.035,0.001863
1742779140000,72.03,72.035,72.025,72.035,0.000441
1742779200000,72.03,72.03,71.995,72,0.001341
1742779260000,72.005,72.02,71.995,72.01,0.00162
1742779320000,72.005,72.01,71.995,72.01,0.00072
1742779380000,72.005,72.015,72.005,72.01,0.000986
1742779440000,72.015,72.015,71.975,72,0.001035
1742779500000,71.995,71.995,71.965,71.965,0.000932
1742779560000,71.96,71.97,71.955,71.97,0.000932
1742779620000,71.965,71.97,71.945,71.95,0.00122
1742779680000,71.955,71.97,71.955,71.965,0.001715
1742779740000,71.96,71.96,71.925,71.945,0.00198
1742779800000,71.95,71.97,71.945,71.945,0.001526
1742779860000,71.95,71.95,71.925,71.925,0.000513
1742779920000,71.93,71.945,71.905,71.92,0.001413
1742779980000,71.93,71.94,71.92,71.92,0.000648
1742780040000,71.925,71.925,71.915,71.915,0.001364
1742780100000,71.92,71.935,71.915,71.935,0.00077
1742780160000,71.93,71.935,71.92,71.93,0.000621
1742780220000,71.925,71.945,71.92,71.935,0.00063
1742780280000,71.93,71.935,71.925,71.935,0.000504
1742780340000,71.93,71.935,71.915,71.915,0.000554
1742780400000,71.91,71.915,71.9,71.9,0.001458
1742780460000,71.905,71.905,71.88,71.895,0.005202
1742780520000,71.89,71.895,71.865,71.885,0.00144
1742780580000,71.88,71.885,71.85,71.855,0.001827
1742780640000,71.85,71.87,71.84,71.87,0.000886
1742780700000,71.875,71.885,71.87,71.88,0.001305
1742780760000,71.885,71.895,71.85,71.865,0.002363
1742780820000,71.87,71.88,71.855,71.855,0.001836
1742780880000,71.86,71.86,71.835,71.85,0.001353
1742780940000,71.84,71.86,71.84,71.855,0.000905
1742781000000,71.86,71.865,71.84,71.84,0.001125
1742781060000,71.845,71.845,71.825,71.83,0.00098
1742781120000,71.825,71.825,71.8,71.8,0.000887
1742781180000,71.805,71.805,71.795,71.8,0.001305
1742781240000,71.805,71.825,71.8,71.825,0.001565
1742781300000,71.82,71.825,71.81,71.81,0.002088
1742781360000,71.815,71.82,71.81,71.82,0.00062
1742781420000,71.815,71.825,71.81,71.825,0.000917
1742781480000,71.82,71.835,71.815,71.82,0.000815
1742781540000,71.825,71.825,71.81,71.815,0.001218
1742781600000,71.81,71.815,71.795,71.8,0.001965
1742781660000,71.805,71.82,71.8,71.82,0.001098
1742781720000,71.825,71.825,71.815,71.815,0.00023
1742781780000,71.82,71.825,71.815,71.815,0.001314
1742781840000,71.82,71.85,71.815,71.85,0.001346
1742781900000,71.855,71.88,71.855,71.875,0.000716
1742781960000,71.88,71.895,71.88,71.895,0.000599
1742782020000,71.9,71.905,71.875,71.885,0.00171
1742782080000,71.88,71.89,71.875,71.885,0.000698
1742782140000,71.89,71.895,71.885,71.895,0.001148
1742782200000,71.9,71.905,71.895,71.9,0.001544
1742782260000,71.895,71.905,71.885,71.885,0.001076
1742782320000,71.88,71.885,71.865,71.875,0.001247
1742782380000,71.87,71.89,71.865,71.89,0.000806
1742782440000,71.895,71.895,71.88,71.885,0.000657
1742782500000,71.88,71.885,71.875,71.88,0.000297
1742782560000,71.885,71.885,71.87,71.87,0.000486
1742782620000,71.88,71.885,71.875,71.885,0.000761
1742782680000,71.89,71.895,71.87,71.87,0.001132
1742782740000,71.875,71.875,71.865,71.875,0.000702
1742782800000,71.88,71.885,71.88,71.885,0.000189
1742782860000,71.895,71.895,71.885,71.885,0.000144
1742782920000,71.905,71.915,71.905,71.915,0.001049
1742782980000,71.91,71.915,71.895,71.905,0.000666
1742783040000,71.91,71.925,71.905,71.925,0.000725
1742783100000,71.93,71.935,71.925,71.925,0.000459
1742783160000,71.92,71.925,71.915,71.925,0.000536
1742783220000,71.935,71.94,71.93,71.94,0.000365
1742783280000,71.935,71.945,71.93,71.945,0.000977
1742783340000,71.898,71.898,71.898,71.898,0.0031
1742783400000,71.95,71.985,71.95,71.965,0.001544
1742783460000,71.96,71.975,71.955,71.955,0.000657
1742783520000,71.945,71.955,71.925,71.93,0.001013
1742783580000,71.925,71.925,71.905,71.905,0.000612
1742783640000,71.91,71.91,71.905,71.905,0.000468
1742783700000,71.91,71.91,71.905,71.905,0.000216
1742783760000,71.91,71.91,71.905,71.905,0.000324
1742783820000,71.915,71.925,71.915,71.925,0.000108
1742783880000,71.92,71.925,71.91,71.91,0.000297
1742783940000,71.915,71.92,71.91,71.915,0.000536
1742784000000,71.91,71.93,71.905,71.93,0.000554
1742784060000,71.925,71.95,71.925,71.95,0.000378
1742784120000,71.955,71.96,71.94,71.94,0.000513
1742784180000,71.935,71.95,71.935,71.95,0.00027
1742784240000,71.945,71.95,71.945,71.945,0.000162
1742784300000,71.95,71.96,71.945,71.96,0.00054
1742784360000,71.965,71.965,71.95,71.96,0.000482
1742784420000,71.95,71.95,71.945,71.95,0.00027
1742784480000,71.945,71.945,71.945,71.945,0.000054
1742784540000,71.94,71.95,71.935,71.95,0.00027
1742784600000,71.95,71.95,71.95,71.95,0
1742784660000,71.945,71.945,71.92,71.92,0.000473
1742784720000,71.93,71.935,71.915,71.92,0.001008
1742784780000,71.915,71.915,71.895,71.9,0.000635
1742784840000,71.895,71.91,71.895,71.895,0.00054
1742784900000,71.89,71.9,71.89,71.89,0.000608
1742784960000,71.895,71.905,71.885,71.9,0.000432
1742785020000,71.89,71.895,71.885,71.89,0.000711
1742785080000,71.895,71.905,71.895,71.9,0.000446
1742785140000,71.895,71.895,71.885,71.885,0.000198
1742785200000,71.895,71.905,71.88,71.89,0.000932
1742785260000,71.885,71.89,71.885,71.885,0.000162
1742785320000,71.89,71.9,71.885,71.9,0.000648
1742785380000,71.905,71.905,71.83,71.835,0.001319
1742785440000,71.84,71.86,71.835,71.86,0.000716
1742785500000,71.855,71.86,71.85,71.855,0.000608
1742785560000,71.86,71.88,71.86,71.88,0.000806
1742785620000,71.87,71.87,71.84,71.84,0.000689
1742785680000,71.845,71.85,71.845,71.85,0.00054
1742785740000,71.86,71.875,71.86,71.875,0.00131
1742785800000,71.87,71.885,71.87,71.88,0.001116
1742785860000,71.875,71.88,71.875,71.88,0.000108
1742785920000,71.875,71.88,71.875,71.875,0.00027
1742785980000,71.87,71.88,71.87,71.88,0.00027
1742786040000,71.885,71.885,71.865,71.87,0.000698
1742786100000,71.875,71.875,71.855,71.86,0.00045
1742786160000,71.865,71.88,71.855,71.87,0.001346
1742786220000,71.88,71.905,71.87,71.895,0.001818
1742786280000,71.9,71.905,71.875,71.88,0.001395
1742786340000,71.875,71.885,71.87,71.87,0.000778
1742786400000,71.865,71.875,71.865,71.87,0.000963
1742786460000,71.875,71.875,71.85,71.855,0.000891
1742786520000,71.85,71.875,71.85,71.865,0.001764
1742786580000,71.87,71.875,71.865,71.87,0.000378
1742786640000,71.87,71.87,71.87,71.87,0
1742786700000,71.865,71.87,71.865,71.865,0.000387
1742786760000,71.86,71.86,71.84,71.845,0.001215
1742786820000,71.84,71.84,71.79,71.82,0.003606
1742786880000,71.815,71.815,71.785,71.785,0.002141
1742786940000,71.79,71.82,71.79,71.82,0.001103
1742787000000,71.815,71.825,71.81,71.81,0.000986
1742787060000,71.815,71.82,71.815,71.82,0.000216
1742787120000,71.825,71.825,71.82,71.82,0.000108
1742787180000,71.825,71.825,71.815,71.815,0.000176
1742787240000,71.82,71.82,71.805,71.81,0.000378
1742787300000,71.815,71.83,71.815,71.83,0.000621
1742787360000,71.825,71.825,71.825,71.825,0.00027
1742787420000,71.83,71.835,71.825,71.83,0.001458
1742787480000,71.835,71.85,71.83,71.845,0.00054
1742787540000,71.85,71.85,71.845,71.845,0.000324
1742787600000,71.85,71.85,71.845,71.845,0.000122
1742787660000,71.798,71.845,71.798,71.84,0.003384
1742787720000,71.845,71.845,71.84,71.84,0.000288
1742787780000,71.835,71.835,71.83,71.835,0.000702
1742787840000,71.845,71.85,71.845,71.85,0.000108
1742787900000,71.845,71.85,71.845,71.845,0.000162
1742787960000,71.85,71.85,71.845,71.845,0.000108
1742788020000,71.85,71.855,71.85,71.855,0.000108
1742788080000,71.85,71.85,71.845,71.845,0.000189
1742788140000,71.835,71.835,71.835,71.835,0.000054
1742788200000,71.788,71.788,71.788,71.788,0.0031
1742788260000,71.84,71.86,71.84,71.86,0.000698
1742788320000,71.85,71.85,71.84,71.84,0.000189
1742788380000,71.845,71.845,71.835,71.835,0.000108
1742788440000,71.83,71.835,71.83,71.835,0.000391
1742788500000,71.84,71.85,71.835,71.85,0.000306
1742788560000,71.845,71.85,71.845,71.85,0.000144
1742788620000,71.855,71.86,71.855,71.86,0.000122
1742788680000,71.865,71.87,71.865,71.865,0.00027
1742788740000,71.87,71.875,71.87,71.875,0.000585
1742788800000,71.88,71.88,71.865,71.865,0.000378
1742788860000,71.87,71.87,71.865,71.87,0.000162
1742788920000,71.865,71.865,71.86,71.86,0.000266
1742788980000,71.855,71.865,71.855,71.86,0.001089
1742789040000,71.865,71.87,71.86,71.865,0.00032
1742789100000,71.87,71.87,71.86,71.86,0.000351
1742789160000,71.865,71.875,71.865,71.875,0.000306
1742789220000,71.828,71.885,71.828,71.885,0.003154
1742789280000,71.838,71.838,71.838,71.838,0.0031
1742789340000,71.885,71.885,71.88,71.88,0.000216
1742789400000,71.875,71.885,71.875,71.885,0.000162
1742789460000,71.88,71.885,71.88,71.88,0.000212
1742789520000,71.875,71.875,71.875,71.875,0.000054
1742789580000,71.828,71.828,71.828,71.828,0.0031
1742789640000,71.87,71.87,71.87,71.87,0.00009
1742789700000,71.86,71.865,71.85,71.855,0.000522
1742789760000,71.85,71.85,71.85,71.85,0.00009
1742789820000,71.855,71.855,71.855,71.855,0.000054
1742789880000,71.85,71.85,71.845,71.845,0.000189
1742789940000,71.798,71.798,71.798,71.798,0.0031
1742790000000,71.798,71.798,71.798,71.798,0
1742790060000,71.85,71.85,71.85,71.85,0.000054
1742790120000,71.855,71.855,71.845,71.845,0.000162
1742790180000,71.845,71.845,71.845,71.845,0
1742790240000,71.845,71.845,71.845,71.845,0
1742790300000,71.85,71.85,71.845,71.85,0.000162
1742790360000,71.855,71.855,71.855,71.855,0.000054
1742790420000,71.85,71.85,71.85,71.85,0.000054
1742790480000,71.855,71.855,71.855,71.855,0.000054
1742790540000,71.855,71.855,71.855,71.855,0
1742790600000,71.808,71.865,71.808,71.86,0.003298
1742790660000,71.865,71.865,71.865,71.865,0.000054
1742790720000,71.86,71.865,71.86,71.865,0.000144
1742790780000,71.865,71.865,71.865,71.865,0
1742790840000,71.855,71.865,71.855,71.865,0.000284
1742790900000,71.865,71.865,71.865,71.865,0
1742790960000,71.818,71.865,71.818,71.865,0.003154
1742791020000,71.855,71.855,71.85,71.855,0.000243
1742791080000,71.85,71.855,71.85,71.855,0.000311
1742791140000,71.808,71.855,71.808,71.855,0.003154
1742791200000,71.86,71.87,71.86,71.87,0.000162
1742791260000,71.865,71.875,71.865,71.87,0.000351
1742791320000,71.87,71.87,71.87,71.87,0
1742791380000,71.875,71.885,71.875,71.885,0.000198
1742791440000,71.895,71.895,71.885,71.885,0.000266
1742791500000,71.885,71.885,71.885,71.885,0
1742791560000,71.875,71.875,71.87,71.875,0.000279
1742791620000,71.87,71.875,71.87,71.875,0.000122
1742791680000,71.87,71.875,71.87,71.87,0.000324
1742791740000,71.865,71.87,71.865,71.865,0.00045
1742791800000,71.87,71.87,71.87,71.87,0.00009
1742791860000,71.875,71.88,71.865,71.865,0.000401
1742791920000,71.855,71.855,71.85,71.85,0.000378
1742791980000,71.855,71.855,71.85,71.855,0.000243
1742792040000,71.86,71.865,71.86,71.86,0.000212
1742792100000,71.855,71.855,71.855,71.855,0.000054
1742792160000,71.855,71.855,71.855,71.855,0
1742792220000,71.85,71.855,71.85,71.855,0.000311
1742792280000,71.85,71.855,71.845,71.845,0.000715
1742792340000,71.84,71.845,71.835,71.835,0.000392
1742792400000,71.84,71.85,71.84,71.85,0.000356
1742792460000,71.845,71.845,71.835,71.845,0.000252
1742792520000,71.85,71.855,71.845,71.85,0.00032
1742792580000,71.845,71.845,71.84,71.84,0.000144
1742792640000,71.835,71.835,71.835,71.835,0.000054
1742792700000,71.84,71.84,71.84,71.84,0.00009
1742792760000,71.845,71.855,71.845,71.85,0.000333
1742792820000,71.855,71.86,71.845,71.85,0.000567
1742792880000,71.855,71.855,71.85,71.855,0.000243
1742792940000,71.85,71.855,71.85,71.855,0.000189
1742793000000,71.808,71.855,71.808,71.855,0.003154
1742793060000,71.808,71.808,71.808,71.808,0.0031
1742793120000,71.865,71.88,71.865,71.875,0.000405
1742793180000,71.87,71.87,71.87,71.87,0.000068
1742793240000,71.875,71.895,71.87,71.895,0.000504
1742793300000,71.9,71.915,71.895,71.91,0.001089
1742793360000,71.915,71.915,71.89,71.89,0.000801
1742793420000,71.895,71.895,71.885,71.895,0.00032
1742793480000,71.905,71.91,71.905,71.91,0.000351
1742793540000,71.905,71.91,71.905,71.905,0.000162
1742793600000,71.915,71.915,71.905,71.905,0.000351
1742793660000,71.885,71.895,71.885,71.885,0.000702
1742793720000,71.838,71.838,71.838,71.838,0.0031
1742793780000,71.885,71.915,71.885,71.915,0.000216
1742793840000,71.925,71.925,71.915,71.92,0.000306
1742793900000,71.915,71.915,71.905,71.91,0.000297
1742793960000,71.905,71.915,71.905,71.915,0.000162
1742794020000,71.92,71.92,71.915,71.92,0.000162
1742794080000,71.915,71.915,71.915,71.915,0.000054
1742794140000,71.868,71.92,71.868,71.92,0.003262
1742794200000,71.925,71.945,71.915,71.94,0.00238
1742794260000,71.945,71.945,71.925,71.935,0.000419
1742794320000,71.94,71.965,71.935,71.965,0.000446
1742794380000,71.955,71.96,71.955,71.955,0.000378
1742794440000,71.96,71.96,71.955,71.96,0.000594
1742794500000,71.955,71.965,71.93,71.965,0.001256
1742794560000,71.97,71.975,71.965,71.965,0.000756
1742794620000,71.96,71.96,71.945,71.945,0.000774
1742794680000,71.95,71.955,71.945,71.955,0.000527
1742794740000,71.96,71.965,71.955,71.965,0.000522
1742794800000,71.96,71.965,71.955,71.965,0.0005
1742794860000,71.96,71.965,71.955,71.955,0.000338
1742794920000,71.965,71.97,71.965,71.965,0.000162
1742794980000,71.97,71.985,71.965,71.975,0.000446
1742795040000,71.965,71.985,71.965,71.98,0.001026
1742795100000,71.985,71.985,71.95,71.95,0.000891
1742795160000,71.945,71.955,71.935,71.955,0.000536
1742795220000,71.95,71.955,71.95,71.955,0.000122
1742795280000,71.95,71.955,71.95,71.955,0.000122
1742795340000,71.95,71.955,71.945,71.955,0.000297
1742795400000,71.965,71.975,71.96,71.975,0.00023
1742795460000,71.98,71.985,71.97,71.98,0.000864
1742795520000,71.975,71.985,71.975,71.98,0.00023
1742795580000,71.985,71.995,71.975,71.99,0.000837
1742795640000,71.985,71.985,71.98,71.985,0.000243
1742795700000,71.98,72.015,71.98,71.995,0.000716
1742795760000,72,72,71.995,71.995,0.000144
1742795820000,72.005,72.005,71.975,71.975,0.000675
1742795880000,71.98,71.98,71.975,71.975,0.000311
1742795940000,71.985,71.985,71.975,71.98,0.000581
1742796000000,71.975,71.985,71.975,71.98,0.000729
1742796060000,71.985,72.015,71.975,72.015,0.001341
1742796120000,72.01,72.035,72.01,72.03,0.002652
1742796180000,72.035,72.065,72.03,72.03,0.002673
1742796240000,72.025,72.035,72.025,72.035,0.000603
1742796300000,72.04,72.045,72.03,72.045,0.000621
1742796360000,72.04,72.045,72.035,72.04,0.00086
1742796420000,72.03,72.04,72.025,72.035,0.000599
1742796480000,72.03,72.035,72.03,72.03,0.000234
1742796540000,72.025,72.035,72.025,72.035,0.000405
1742796600000,72.03,72.035,72.025,72.025,0.000833
1742796660000,72.035,72.045,72.03,72.035,0.001767
1742796720000,72.03,72.03,72.025,72.025,0.000445
1742796780000,71.983,72.015,71.983,72.015,0.003357
1742796840000,72.01,72.025,72.01,72.025,0.000445
1742796900000,72.035,72.04,72.015,72.02,0.001129
1742796960000,72.025,72.025,72.005,72.01,0.001416
1742797020000,72.005,72.025,72.005,72.02,0.001507
1742797080000,72.025,72.03,72.02,72.03,0.000603
1742797140000,72.025,72.025,72.015,72.025,0.001107
1742797200000,72.02,72.025,72.02,72.025,0.001079
1742797260000,72.02,72.025,72.02,72.025,0.000768
1742797320000,72.035,72.045,72.03,72.035,0.000756
1742797380000,72.03,72.045,72.03,72.045,0.000827
1742797440000,72.04,72.05,72.04,72.04,0.000724
1742797500000,72.045,72.045,72.035,72.035,0.000513
1742797560000,72.04,72.065,72.04,72.065,0.001358
1742797620000,72.06,72.07,72.05,72.05,0.001119
1742797680000,72.055,72.065,72.05,72.055,0.001227
1742797740000,72.06,72.07,72.055,72.07,0.001209
1742797800000,72.075,72.075,72.05,72.065,0.002234
1742797860000,72.07,72.075,72.065,72.07,0.000863
1742797920000,72.075,72.08,72.05,72.055,0.002158
1742797980000,72.06,72.065,72.05,72.05,0.001075
1742798040000,72.045,72.045,72.035,72.04,0.002236
1742798100000,72.035,72.045,72.015,72.025,0.000729
1742798160000,72.02,72.04,72.02,72.025,0.001322
1742798220000,72.02,72.035,72.015,72.03,0.001796
1742798280000,72.025,72.04,72.025,72.04,0.001103
1742798340000,72.035,72.04,72.03,72.035,0.000657
1742798400000,72.04,72.075,72.04,72.075,0.001044
1742798460000,72.08,72.085,72.07,72.075,0.000765
1742798520000,72.07,72.08,72.065,72.07,0.001382
1742798580000,72.065,72.085,72.065,72.075,0.001544
1742798640000,72.07,72.09,72.07,72.085,0.000688
1742798700000,72.08,72.085,72.075,72.08,0.001435
1742798760000,72.075,72.085,72.07,72.085,0.001588
1742798820000,72.09,72.1,72.085,72.085,0.000558
1742798880000,72.09,72.095,72.085,72.095,0.000702
1742798940000,72.1,72.11,72.095,72.105,0.000945
1742799000000,72.11,72.125,72.11,72.115,0.000994
1742799060000,72.11,72.125,72.11,72.125,0.000333
1742799120000,72.12,72.125,72.115,72.125,0.000972
1742799180000,72.12,72.125,72.12,72.125,0.000189
1742799240000,72.12,72.14,72.12,72.135,0.000783
1742799300000,72.13,72.135,72.105,72.105,0.001374
1742799360000,72.085,72.095,72.075,72.085,0.001256
1742799420000,72.043,72.043,72.043,72.043,0.0031
1742799480000,72.095,72.105,72.095,72.095,0.000666
1742799540000,72.1,72.11,72.09,72.105,0.00081
1742799600000,72.11,72.165,72.11,72.16,0.001332
1742799660000,72.165,72.195,72.16,72.17,0.002146
1742799720000,72.165,72.17,72.145,72.155,0.001197
1742799780000,72.15,72.17,72.15,72.155,0.001147
1742799840000,72.15,72.155,72.125,72.13,0.001817
1742799900000,72.135,72.145,72.095,72.1,0.002209
1742799960000,72.095,72.105,72.085,72.105,0.000602
1742800020000,72.12,72.135,72.115,72.135,0.000603
1742800080000,72.13,72.155,72.13,72.145,0.001876
1742800140000,72.14,72.145,72.135,72.14,0.001781
1742800200000,72.145,72.155,72.14,72.155,0.000634
1742800260000,72.145,72.155,72.145,72.155,0.000122
1742800320000,72.175,72.175,72.165,72.17,0.001348
1742800380000,72.175,72.175,72.155,72.155,0.001728
1742800440000,72.16,72.165,72.16,72.165,0.001012
1742800500000,72.17,72.17,72.165,72.165,0.000337
1742800560000,72.17,72.17,72.16,72.165,0.000526
1742800620000,72.165,72.165,72.165,72.165,0
1742800680000,72.155,72.165,72.155,72.165,0.000963
1742800740000,72.16,72.165,72.155,72.165,0.000701
1742800800000,72.175,72.175,72.155,72.16,0.001578
1742800860000,72.155,72.165,72.145,72.155,0.001443
1742800920000,72.145,72.155,72.145,72.155,0.000256
1742800980000,72.15,72.15,72.115,72.125,0.003723
1742801040000,72.135,72.14,72.13,72.135,0.000702
1742801100000,72.13,72.165,72.13,72.15,0.001534
1742801160000,72.155,72.155,72.135,72.135,0.001093
1742801220000,72.14,72.145,72.13,72.14,0.000625
1742801280000,72.135,72.155,72.135,72.155,0.001607
1742801340000,72.15,72.165,72.145,72.165,0.001836
1742801400000,72.16,72.165,72.135,72.145,0.00124
1742801460000,72.15,72.165,72.15,72.165,0.000445
1742801520000,72.16,72.22,72.16,72.21,0.002168
1742801580000,72.215,72.225,72.205,72.205,0.002019
1742801640000,72.21,72.21,72.185,72.185,0.002203
1742801700000,72.19,72.19,72.185,72.185,0.00027
1742801760000,72.18,72.185,72.18,72.185,0.000189
1742801820000,72.195,72.195,72.195,72.195,0.000054
1742801880000,72.19,72.195,72.19,72.195,0.000756
1742801940000,72.19,72.195,72.185,72.195,0.000549
1742802000000,72.2,72.215,72.195,72.2,0.001888
1742802060000,72.205,72.21,72.195,72.2,0.001442
1742802120000,72.205,72.22,72.2,72.215,0.001241
1742802180000,72.215,72.215,72.215,72.215,0
1742802240000,72.225,72.255,72.225,72.245,0.000566
1742802300000,72.255,72.265,72.255,72.26,0.003345
1742802360000,72.255,72.265,72.25,72.26,0.000916
1742802420000,72.265,72.295,72.265,72.295,0.000824
1742802480000,72.305,72.335,72.305,72.33,0.003102
1742802540000,72.32,72.325,72.315,72.325,0.001119
1742802600000,72.315,72.325,72.305,72.325,0.001498
1742802660000,72.315,72.325,72.315,72.325,0.000782
1742802720000,72.335,72.335,72.3,72.305,0.002065
1742802780000,72.295,72.305,72.295,72.305,0.001404
1742802840000,72.315,72.335,72.31,72.33,0.002858
1742802900000,72.325,72.33,72.32,72.325,0.000863
1742802960000,72.32,72.33,72.315,72.325,0.001928
1742803020000,72.335,72.365,72.335,72.335,0.003319
1742803080000,72.315,72.335,72.315,72.325,0.002254
1742803140000,72.335,72.335,72.305,72.315,0.001429
1742803200000,72.31,72.315,72.255,72.255,0.006618
1742803260000,72.26,72.275,72.235,72.265,0.003312
1742803320000,72.26,72.265,72.185,72.195,0.003267
1742803380000,72.205,72.225,72.175,72.21,0.004608
1742803440000,72.205,72.225,72.195,72.195,0.00246
1742803500000,72.205,72.245,72.195,72.245,0.002748
1742803560000,72.24,72.265,72.23,72.26,0.003755
1742803620000,72.265,72.275,72.24,72.245,0.003728
1742803680000,72.25,72.255,72.235,72.235,0.002869
1742803740000,72.24,72.245,72.225,72.225,0.001915
1742803800000,72.235,72.275,72.235,72.27,0.004187
1742803860000,72.265,72.285,72.265,72.28,0.001376
1742803920000,72.275,72.285,72.265,72.265,0.002292
1742803980000,72.26,72.275,72.255,72.255,0.001632
1742804040000,72.245,72.275,72.245,72.265,0.00027
1742804100000,72.275,72.275,72.223,72.255,0.019683
1742804160000,72.245,72.275,72.235,72.235,0.004113
1742804220000,72.25,72.255,72.24,72.245,0.003462
1742804280000,72.25,72.255,72.235,72.24,0.002276
1742804340000,72.225,72.23,72.215,72.215,0.000593
1742804400000,72.21,72.225,72.185,72.215,0.003277
1742804460000,72.21,72.21,72.195,72.195,0.002443
1742804520000,72.19,72.215,72.19,72.205,0.000553
1742804580000,72.215,72.215,72.205,72.215,0.000796
1742804640000,72.205,72.215,72.195,72.195,0.003589
1742804700000,72.205,72.215,72.195,72.215,0.002438
1742804760000,72.205,72.215,72.2,72.215,0.002516
1742804820000,72.21,72.235,72.185,72.215,0.005383
1742804880000,72.21,72.215,72.165,72.175,0.010336
1742804940000,72.17,72.255,72.17,72.255,0.010147
1742805000000,72.265,72.265,72.155,72.175,0.007832
1742805060000,72.185,72.185,72.125,72.145,0.003597
1742805120000,72.155,72.155,72.125,72.13,0.00766
1742805180000,72.135,72.14,72.125,72.135,0.002879
1742805240000,72.13,72.135,72.115,72.125,0.001372
1742805300000,72.12,72.12,71.985,72.04,0.014973
1742805360000,72.035,72.055,71.985,71.985,0.006814
1742805420000,71.975,72.005,71.965,71.995,0.004344
1742805480000,71.985,71.985,71.965,71.975,0.002252
1742805540000,71.965,71.975,71.925,71.935,0.002433
1742805600000,71.925,71.965,71.925,71.965,0.00261
1742805660000,71.96,71.99,71.955,71.97,0.004437
1742805720000,71.965,71.995,71.955,71.985,0.003852
1742805780000,71.995,72.005,71.975,71.985,0.005224
1742805840000,71.975,71.975,71.965,71.97,0.000931
1742805900000,71.965,71.965,71.95,71.955,0.001915
1742805960000,71.95,71.96,71.935,71.955,0.003573
1742806020000,71.965,71.99,71.955,71.975,0.00263
1742806080000,71.97,71.975,71.965,71.965,0.001739
1742806140000,71.96,71.97,71.955,71.96,0.003858
1742806200000,71.955,71.965,71.94,71.945,0.003736
1742806260000,71.96,71.965,71.95,71.955,0.00263
1742806320000,71.965,71.985,71.965,71.985,0.002415
1742806380000,71.98,71.985,71.96,71.96,0.003265
1742806440000,71.965,71.99,71.96,71.985,0.001134
1742806500000,72,72.025,71.985,72.02,0.005616
1742806560000,72.025,72.04,72.005,72.035,0.005253
1742806620000,72.045,72.065,72.025,72.035,0.003574
1742806680000,72.03,72.035,72.01,72.035,0.001997
1742806740000,72.04,72.075,72.04,72.065,0.003832
1742806800000,72.075,72.085,71.965,71.965,0.005115
1742806860000,71.97,72.03,71.97,72.025,0.002829
1742806920000,72.02,72.035,72.005,72.015,0.003553
1742806980000,72.025,72.065,72.015,72.065,0.001893
1742807040000,72.055,72.055,72.035,72.045,0.001968
1742807100000,72.055,72.065,72.035,72.035,0.002186
1742807160000,72.04,72.065,72.035,72.035,0.00313
1742807220000,72.04,72.075,72.035,72.04,0.003778
1742807280000,72.035,72.04,72.025,72.025,0.001897
1742807340000,72.035,72.035,71.985,71.995,0.002861
1742807400000,71.99,72.015,71.965,72.015,0.001888
1742807460000,72.005,72.015,72.005,72.015,0.000324
1742807520000,72.025,72.025,72.015,72.015,0.000458
1742807580000,72.005,72.025,72.005,72.015,0.00143
1742807640000,72.02,72.03,71.995,72.005,0.003462
1742807700000,71.995,72.01,71.995,71.995,0.001753
1742807760000,71.99,71.99,71.965,71.985,0.002477
1742807820000,71.995,72.005,71.965,71.965,0.001116
1742807880000,71.975,72.025,71.96,72.025,0.001768
1742807940000,72.035,72.035,72.025,72.025,0.00058
1742808000000,72.015,72.045,72.015,72.035,0.001758
1742808060000,72.045,72.045,72.015,72.015,0.00244
1742808120000,72.03,72.055,72.03,72.05,0.001093
1742808180000,72.055,72.065,72.035,72.035,0.00201
1742808240000,72.05,72.06,72.05,72.055,0.00112
1742808300000,72.05,72.055,72.035,72.04,0.002037
1742808360000,72.045,72.095,72.045,72.075,0.003644
1742808420000,72.065,72.065,72.055,72.065,0.002117
1742808480000,72.075,72.09,72.075,72.085,0.002927
1742808540000,72.095,72.12,72.085,72.115,0.003399
1742808600000,72.12,72.135,72.105,72.135,0.000877
1742808660000,72.15,72.195,72.145,72.195,0.002618
1742808720000,72.21,72.275,72.195,72.195,0.005643
1742808780000,72.185,72.195,72.175,72.185,0.001975
1742808840000,72.19,72.195,72.14,72.155,0.003291
1742808900000,72.16,72.185,72.155,72.185,0.003201
1742808960000,72.175,72.205,72.175,72.185,0.002744
1742809020000,72.19,72.19,72.165,72.18,0.003962
1742809080000,72.185,72.205,72.175,72.175,0.002046
1742809140000,72.165,72.18,72.155,72.155,0.002967
1742809200000,72.165,72.205,72.155,72.19,0.005926
1742809260000,72.185,72.195,72.165,72.18,0.00329
1742809320000,72.185,72.19,72.18,72.19,0.002198
1742809380000,72.195,72.195,72.175,72.19,0.003415
1742809440000,72.185,72.285,72.185,72.285,0.004584
1742809500000,72.28,72.285,72.275,72.285,0.001911
1742809560000,72.295,72.365,72.295,72.34,0.004251
1742809620000,72.335,72.395,72.335,72.395,0.003752
1742809680000,72.405,72.43,72.395,72.415,0.00495
1742809740000,72.405,72.41,72.365,72.365,0.005599
1742809800000,72.355,72.355,72.345,72.345,0.001641
1742809860000,72.355,72.365,72.355,72.36,0.002374
1742809920000,72.365,72.375,72.355,72.365,0.000823
1742809980000,72.375,72.375,72.35,72.355,0.002595
1742810040000,72.35,72.375,72.35,72.375,0.002078
1742810100000,72.37,72.375,72.345,72.365,0.002213
1742810160000,72.355,72.365,72.345,72.365,0.00139
1742810220000,72.37,72.395,72.365,72.395,0.002658
1742810280000,72.39,72.395,72.375,72.385,0.005085
1742810340000,72.39,72.415,72.385,72.405,0.003303
1742810400000,72.41,72.445,72.395,72.445,0.009087
1742810460000,72.45,72.505,72.445,72.495,0.010202
1742810520000,72.49,72.505,72.485,72.505,0.005424
1742810580000,72.5,72.535,72.495,72.52,0.003885
1742810640000,72.515,72.525,72.505,72.505,0.002536
1742810700000,72.515,72.525,72.505,72.505,0.003367
1742810760000,72.495,72.505,72.475,72.475,0.001673
1742810820000,72.485,72.525,72.485,72.505,0.003754
1742810880000,72.51,72.535,72.505,72.525,0.001983
1742810940000,72.53,72.535,72.515,72.525,0.00178
1742811000000,72.515,72.515,72.5,72.505,0.003938
1742811060000,72.515,72.525,72.515,72.525,0.001714
1742811120000,72.515,72.535,72.505,72.535,0.001713
1742811180000,72.525,72.565,72.525,72.565,0.002802
1742811240000,72.575,72.605,72.565,72.595,0.003271
1742811300000,72.585,72.625,72.585,72.605,0.003225
1742811360000,72.595,72.595,72.55,72.575,0.004991
1742811420000,72.565,72.585,72.555,72.575,0.002064
1742811480000,72.57,72.57,72.525,72.525,0.003311
1742811540000,72.53,72.535,72.52,72.525,0.000904
1742811600000,72.53,72.555,72.53,72.54,0.002292
1742811660000,72.545,72.545,72.505,72.535,0.001408
1742811720000,72.53,72.545,72.525,72.535,0.002226
1742811780000,72.53,72.54,72.525,72.535,0.000671
1742811840000,72.525,72.545,72.505,72.515,0.001686
1742811900000,72.52,72.535,72.515,72.535,0.002495
1742811960000,72.54,72.545,72.535,72.535,0.000593
1742812020000,72.545,72.545,72.545,72.545,0.000054
1742812080000,72.535,72.545,72.535,72.545,0.000346
1742812140000,72.535,72.54,72.505,72.515,0.002453
1742812200000,72.52,72.535,72.5,72.5,0.001736
1742812260000,72.505,72.505,72.455,72.48,0.002793
1742812320000,72.485,72.495,72.475,72.485,0.002293
1742812380000,72.49,72.505,72.475,72.475,0.001143
1742812440000,72.455,72.475,72.455,72.475,0.000566
1742812500000,72.485,72.505,72.455,72.505,0.001538
1742812560000,72.515,72.555,72.515,72.545,0.001264
1742812620000,72.55,72.555,72.525,72.555,0.000917
1742812680000,72.565,72.58,72.565,72.58,0.000468
1742812740000,72.575,72.585,72.575,72.575,0.001143
1742812800000,72.565,72.595,72.565,72.595,0.000324
1742812860000,72.585,72.585,72.555,72.565,0.000896
1742812920000,72.575,72.575,72.575,72.575,0.000054
1742812980000,72.585,72.605,72.575,72.605,0.001453
1742813040000,72.61,72.615,72.595,72.615,0.001458
1742813100000,72.61,72.615,72.605,72.605,0.000324
1742813160000,72.6,72.605,72.595,72.605,0.001254
1742813220000,72.615,72.625,72.615,72.625,0.00174
1742813280000,72.625,72.625,72.625,72.625,0
1742813340000,72.62,72.625,72.615,72.615,0.003615
1742813400000,72.62,72.635,72.605,72.625,0.003103
1742813460000,72.635,72.655,72.63,72.635,0.002759
1742813520000,72.64,72.67,72.635,72.665,0.001978
1742813580000,72.655,72.685,72.655,72.675,0.00209
1742813640000,72.685,72.69,72.685,72.685,0.000458
1742813700000,72.675,72.695,72.675,72.695,0.001173
1742813760000,72.705,72.72,72.705,72.715,0.001766
1742813820000,72.72,72.725,72.715,72.715,0.002185
1742813880000,72.705,72.725,72.705,72.705,0.002703
1742813940000,72.71,72.715,72.705,72.715,0.000648
1742814000000,72.725,72.725,72.685,72.69,0.004787
1742814060000,72.695,72.725,72.695,72.715,0.001875
1742814120000,72.72,72.725,72.72,72.72,0.000954
1742814180000,72.725,72.745,72.72,72.725,0.005137
1742814240000,72.72,72.725,72.7,72.705,0.002893
1742814300000,72.7,72.7,72.67,72.67,0.003295
1742814360000,72.665,72.675,72.63,72.64,0.004491
1742814420000,72.635,72.635,72.615,72.615,0.001659
1742814480000,72.61,72.635,72.605,72.605,0.001408
1742814540000,72.6,72.605,72.58,72.605,0.002491
1742814600000,72.595,72.595,72.565,72.575,0.002315
1742814660000,72.57,72.57,72.535,72.545,0.004399
1742814720000,72.535,72.57,72.525,72.57,0.004264
1742814780000,72.575,72.575,72.555,72.555,0.002103
1742814840000,72.565,72.575,72.555,72.565,0.00112
1742814900000,72.57,72.58,72.565,72.575,0.003356
1742814960000,72.585,72.585,72.555,72.555,0.000917
1742815020000,72.55,72.575,72.535,72.565,0.001183
1742815080000,72.575,72.575,72.555,72.575,0.001283
1742815140000,72.565,72.58,72.565,72.57,0.001377
1742815200000,72.575,72.585,72.575,72.58,0.000782
1742815260000,72.585,72.585,72.55,72.555,0.002361
1742815320000,72.56,72.565,72.535,72.555,0.002303
1742815380000,72.545,72.565,72.545,72.565,0.001455
1742815440000,72.575,72.585,72.575,72.575,0.001766
1742815500000,72.565,72.585,72.555,72.575,0.002711
1742815560000,72.58,72.61,72.575,72.595,0.002222
1742815620000,72.605,72.625,72.605,72.625,0.001846
1742815680000,72.615,72.635,72.615,72.635,0.004584
1742815740000,72.64,72.645,72.635,72.645,0.001254
1742815800000,72.655,72.655,72.635,72.635,0.0012
1742815860000,72.64,72.645,72.635,72.635,0.002681
1742815920000,72.625,72.625,72.61,72.61,0.000499
1742815980000,72.605,72.62,72.605,72.62,0.001652
1742816040000,72.625,72.625,72.595,72.595,0.000414
1742816100000,72.6,72.6,72.565,72.585,0.00193
1742816160000,72.575,72.605,72.575,72.605,0.00125
1742816220000,72.615,72.625,72.605,72.605,0.003158
1742816280000,72.61,72.61,72.595,72.605,0.00147
1742816340000,72.615,72.62,72.61,72.62,0.000836
1742816400000,72.615,72.64,72.615,72.64,0.002739
1742816460000,72.635,72.65,72.635,72.645,0.002063
1742816520000,72.64,72.66,72.635,72.66,0.003396
1742816580000,72.655,72.665,72.65,72.655,0.001241
1742816640000,72.665,72.675,72.645,72.645,0.002873
1742816700000,72.65,72.65,72.635,72.635,0.001807
1742816760000,72.64,72.645,72.635,72.635,0.003266
1742816820000,72.625,72.64,72.625,72.63,0.001916
1742816880000,72.635,72.645,72.615,72.635,0.001309
1742816940000,72.645,72.66,72.635,72.645,0.002929
1742817000000,72.635,72.645,72.635,72.64,0.002604
1742817060000,72.635,72.635,72.615,72.625,0.00117
1742817120000,72.63,72.635,72.625,72.635,0.000728
1742817180000,72.64,72.645,72.625,72.635,0.001241
1742817240000,72.64,72.645,72.61,72.615,0.004114
1742817300000,72.62,72.625,72.605,72.615,0.00112
1742817360000,72.62,72.63,72.615,72.63,0.001254
1742817420000,72.635,72.64,72.625,72.63,0.003883
1742817480000,72.625,72.64,72.605,72.61,0.003184
1742817540000,72.615,72.615,72.575,72.58,0.002683
1742817600000,72.565,72.575,72.545,72.565,0.004362
1742817660000,72.57,72.605,72.565,72.565,0.007811
1742817720000,72.56,72.575,72.55,72.57,0.005111
1742817780000,72.565,72.575,72.545,72.555,0.003939
1742817840000,72.545,72.545,72.515,72.515,0.004883
1742817900000,72.51,72.535,72.475,72.49,0.006054
1742817960000,72.485,72.505,72.475,72.475,0.005118
1742818020000,72.485,72.485,72.445,72.465,0.004211
1742818080000,72.47,72.475,72.455,72.475,0.002736
1742818140000,72.47,72.475,72.45,72.455,0.003737
1742818200000,72.45,72.495,72.445,72.495,0.003076
1742818260000,72.49,72.495,72.475,72.48,0.002852
1742818320000,72.485,72.495,72.475,72.49,0.001995
1742818380000,72.495,72.515,72.495,72.505,0.002948
1742818440000,72.515,72.545,72.515,72.535,0.001268
1742818500000,72.525,72.545,72.505,72.515,0.003706
1742818560000,72.51,72.525,72.505,72.525,0.002604
1742818620000,72.52,72.535,72.515,72.515,0.0017
1742818680000,72.505,72.525,72.505,72.525,0.001565
1742818740000,72.52,72.525,72.505,72.505,0.001659
1742818800000,72.515,72.515,72.495,72.495,0.000414
1742818860000,72.505,72.545,72.505,72.545,0.002416
1742818920000,72.535,72.54,72.505,72.515,0.003061
1742818980000,72.53,72.535,72.515,72.515,0.001914
1742819040000,72.525,72.525,72.515,72.515,0.000756
1742819100000,72.525,72.525,72.51,72.52,0.002725
1742819160000,72.515,72.535,72.495,72.52,0.003234
1742819220000,72.525,72.525,72.505,72.515,0.002875
1742819280000,72.525,72.535,72.52,72.525,0.001129
1742819340000,72.52,72.535,72.515,72.535,0.001038
1742819400000,72.545,72.56,72.525,72.555,0.002737
1742819460000,72.565,72.585,72.565,72.575,0.001754
1742819520000,72.57,72.57,72.545,72.545,0.001011
1742819580000,72.54,72.545,72.525,72.525,0.001848
1742819640000,72.53,72.535,72.475,72.475,0.002275
1742819700000,72.47,72.51,72.465,72.495,0.002861
1742819760000,72.485,72.495,72.475,72.475,0.000859
1742819820000,72.485,72.49,72.465,72.465,0.001915
1742819880000,72.455,72.475,72.455,72.465,0.000311
1742819940000,72.46,72.46,72.445,72.445,0.001129
1742820000000,72.455,72.455,72.435,72.445,0.001914
1742820060000,72.45,72.485,72.445,72.475,0.001564
1742820120000,72.48,72.49,72.475,72.485,0.001268
1742820180000,72.475,72.51,72.475,72.51,0.00151
1742820240000,72.515,72.565,72.515,72.55,0.002877
1742820300000,72.555,72.555,72.505,72.505,0.003062
1742820360000,72.5,72.515,72.5,72.515,0.001296
1742820420000,72.51,72.515,72.49,72.49,0.002271
1742820480000,72.495,72.5,72.485,72.495,0.002281
1742820540000,72.49,72.505,72.485,72.485,0.004297
1742820600000,72.49,72.495,72.465,72.475,0.003669
1742820660000,72.48,72.48,72.455,72.465,0.002805
1742820720000,72.455,72.455,72.385,72.395,0.002321
1742820780000,72.41,72.415,72.39,72.405,0.003786
1742820840000,72.395,72.395,72.37,72.37,0.003105
1742820900000,72.375,72.405,72.36,72.385,0.005356
1742820960000,72.375,72.375,72.295,72.295,0.004077
1742821020000,72.3,72.305,72.25,72.26,0.003698
1742821080000,72.255,72.305,72.255,72.285,0.003285
1742821140000,72.295,72.295,72.265,72.265,0.003629
1742821200000,72.275,72.275,72.215,72.275,0.00761
1742821260000,72.28,72.3,72.25,72.26,0.006485
1742821320000,72.255,72.255,72.14,72.175,0.007798
1742821380000,72.17,72.175,72.12,72.165,0.006276
1742821440000,72.17,72.185,72.135,72.15,0.003285
1742821500000,72.145,72.22,72.145,72.155,0.009173
1742821560000,72.15,72.165,72.125,72.15,0.008899
1742821620000,72.155,72.185,72.135,72.185,0.005773
1742821680000,72.18,72.255,72.175,72.235,0.008553
1742821740000,72.24,72.27,72.235,72.235,0.003809
1742821800000,72.225,72.225,72.2,72.205,0.00224
1742821860000,72.21,72.215,72.165,72.195,0.006135
1742821920000,72.185,72.185,72.155,72.175,0.003455
1742821980000,72.17,72.185,72.16,72.165,0.007998
1742822040000,72.155,72.17,72.13,72.155,0.002056
1742822100000,72.165,72.165,72.145,72.165,0.003418
1742822160000,72.16,72.165,72.14,72.145,0.004732
1742822220000,72.14,72.15,72.125,72.135,0.004295
1742822280000,72.14,72.175,72.14,72.16,0.002662
1742822340000,72.165,72.215,72.16,72.205,0.005112
1742822400000,72.21,72.255,72.21,72.24,0.003704
1742822460000,72.235,72.29,72.215,72.275,0.003293
1742822520000,72.285,72.35,72.285,72.345,0.003364
1742822580000,72.335,72.35,72.325,72.335,0.00248
1742822640000,72.325,72.365,72.315,72.365,0.001975
1742822700000,72.36,72.365,72.325,72.34,0.002191
1742822760000,72.335,72.355,72.315,72.34,0.002547
1742822820000,72.335,72.355,72.335,72.335,0.001597
1742822880000,72.33,72.405,72.33,72.4,0.002955
1742822940000,72.395,72.4,72.375,72.385,0.003629
1742823000000,72.375,72.375,72.33,72.335,0.006654
1742823060000,72.325,72.365,72.285,72.295,0.007109
1742823120000,72.285,72.285,72.23,72.27,0.004899
1742823180000,72.275,72.355,72.275,72.355,0.003096
1742823240000,72.365,72.395,72.36,72.385,0.002406
1742823300000,72.39,72.39,72.31,72.315,0.003671
1742823360000,72.32,72.355,72.32,72.345,0.004901
1742823420000,72.355,72.375,72.345,72.345,0.003291
1742823480000,72.34,72.355,72.32,72.325,0.003346
1742823540000,72.33,72.36,72.325,72.355,0.003993
1742823600000,72.36,72.375,72.35,72.355,0.002224
1742823660000,72.36,72.375,72.355,72.375,0.003735
1742823720000,72.385,72.495,72.38,72.475,0.005704
1742823780000,72.48,72.485,72.44,72.455,0.004705
1742823840000,72.445,72.47,72.435,72.45,0.001575
1742823900000,72.445,72.505,72.43,72.495,0.005068
1742823960000,72.5,72.54,72.49,72.54,0.005336
1742824020000,72.535,72.555,72.525,72.53,0.006164
1742824080000,72.535,72.555,72.53,72.54,0.006193
1742824140000,72.545,72.545,72.52,72.525,0.003813
1742824200000,72.52,72.525,72.475,72.48,0.005477
1742824260000,72.475,72.485,72.45,72.455,0.005851
1742824320000,72.445,72.455,72.435,72.455,0.005488
1742824380000,72.45,72.455,72.41,72.455,0.004231
1742824440000,72.465,72.475,72.445,72.47,0.003782
1742824500000,72.475,72.53,72.455,72.525,0.004802
1742824560000,72.52,72.535,72.51,72.51,0.004552
1742824620000,72.505,72.52,72.5,72.505,0.004226
1742824680000,72.515,72.525,72.495,72.495,0.004007
1742824740000,72.505,72.545,72.495,72.495,0.005014
1742824800000,72.5,72.54,72.485,72.52,0.005005
1742824860000,72.515,72.655,72.515,72.62,0.006888
1742824920000,72.625,72.695,72.585,72.665,0.009236
1742824980000,72.675,72.7,72.645,72.665,0.005099
1742825040000,72.66,72.705,72.645,72.69,0.004952
1742825100000,72.695,72.745,72.69,72.735,0.004956
1742825160000,72.74,72.76,72.725,72.755,0.00736
1742825220000,72.76,72.785,72.755,72.765,0.005229
1742825280000,72.76,72.76,72.735,72.735,0.005234
1742825340000,72.745,72.765,72.74,72.745,0.00415
1742825400000,72.74,72.815,72.735,72.77,0.006362
1742825460000,72.775,72.795,72.765,72.775,0.005706
1742825520000,72.78,72.785,72.735,72.735,0.005134
1742825580000,72.725,72.745,72.715,72.725,0.003387
1742825640000,72.73,72.745,72.715,72.725,0.00487
1742825700000,72.73,72.73,72.665,72.665,0.006758
1742825760000,72.655,72.705,72.655,72.66,0.012023
1742825820000,72.665,72.665,72.62,72.63,0.003047
1742825880000,72.635,72.675,72.635,72.66,0.004806
1742825940000,72.665,72.7,72.66,72.69,0.004902
1742826000000,72.695,72.725,72.695,72.715,0.001659
1742826060000,72.705,72.725,72.695,72.715,0.00232
1742826120000,72.705,72.715,72.655,72.655,0.008455
1742826180000,72.65,72.655,72.625,72.64,0.003207
1742826240000,72.635,72.64,72.615,72.625,0.001809
1742826300000,72.62,72.675,72.34,72.35,0.006411
1742826360000,72.34,72.615,72.34,72.53,0.012557
1742826420000,72.525,72.575,72.525,72.545,0.004887
1742826480000,72.535,72.575,72.53,72.57,0.004463
1742826540000,72.575,72.635,72.565,72.635,0.002331
1742826600000,72.64,72.745,72.615,72.735,0.005081
1742826660000,72.73,72.74,72.705,72.725,0.004084
1742826720000,72.715,72.725,72.64,72.645,0.003591
1742826780000,72.655,72.71,72.655,72.705,0.002313
1742826840000,72.71,72.75,72.685,72.695,0.003141
1742826900000,72.7,72.735,72.675,72.73,0.002219
1742826960000,72.725,72.765,72.705,72.745,0.003857
1742827020000,72.74,72.885,72.73,72.855,0.00767
1742827080000,72.86,72.86,72.705,72.755,0.012348
1742827140000,72.76,72.8,72.735,72.77,0.004802
1742827200000,72.775,72.785,72.735,72.765,0.004622
1742827260000,72.775,72.78,72.755,72.765,0.004165
1742827320000,72.76,72.765,72.71,72.765,0.004197
1742827380000,72.755,72.785,72.74,72.775,0.004645
1742827440000,72.77,72.78,72.705,72.73,0.006188
1742827500000,72.735,72.79,72.725,72.79,0.003891
1742827560000,72.795,72.845,72.795,72.84,0.003532
1742827620000,72.835,72.895,72.825,72.855,0.005739
1742827680000,72.865,72.875,72.825,72.855,0.004282
1742827740000,72.85,72.875,72.835,72.865,0.00291
1742827800000,72.875,72.91,72.85,72.895,0.005079
1742827860000,72.905,72.92,72.885,72.905,0.004395
1742827920000,72.895,72.915,72.855,72.875,0.006394
1742827980000,72.88,72.885,72.845,72.855,0.003669
1742828040000,72.865,72.905,72.865,72.9,0.002884
1742828100000,72.89,72.905,72.85,72.855,0.002789
1742828160000,72.85,72.885,72.845,72.885,0.002946
1742828220000,72.87,72.87,72.79,72.805,0.003855
1742828280000,72.8,72.835,72.795,72.815,0.003864
1742828340000,72.825,72.845,72.815,72.82,0.003339
1742828400000,72.815,72.82,72.745,72.785,0.006406
1742828460000,72.795,72.815,72.785,72.795,0.004243
1742828520000,72.805,72.825,72.795,72.815,0.002897
1742828580000,72.825,72.845,72.825,72.835,0.005459
1742828640000,72.83,72.845,72.805,72.845,0.004501
1742828700000,72.855,72.865,72.825,72.855,0.005623
1742828760000,72.85,72.85,72.825,72.85,0.004303
1742828820000,72.845,72.845,72.815,72.84,0.005868
1742828880000,72.835,72.84,72.805,72.825,0.005472
1742828940000,72.83,72.845,72.82,72.835,0.005303
1742829000000,72.83,72.845,72.825,72.825,0.003629
1742829060000,72.835,72.855,72.83,72.835,0.00221
1742829120000,72.825,72.835,72.795,72.8,0.005321
1742829180000,72.805,72.815,72.795,72.805,0.005869
1742829240000,72.8,72.815,72.795,72.8,0.004004
1742829300000,72.805,72.805,72.785,72.795,0.003728
1742829360000,72.8,72.825,72.795,72.825,0.003561
1742829420000,72.83,72.84,72.825,72.835,0.003319
1742829480000,72.84,72.845,72.835,72.845,0.005846
1742829540000,72.84,72.845,72.815,72.815,0.005354
1742829600000,72.805,72.825,72.805,72.815,0.002118
1742829660000,72.805,72.815,72.755,72.785,0.006754
1742829720000,72.775,72.81,72.775,72.805,0.005661
1742829780000,72.81,72.825,72.8,72.82,0.003224
1742829840000,72.825,72.835,72.815,72.815,0.002361
1742829900000,72.8,72.805,72.785,72.795,0.002316
1742829960000,72.8,72.825,72.795,72.825,0.002967
1742830020000,72.815,72.815,72.785,72.785,0.002796
1742830080000,72.795,72.795,72.765,72.775,0.003589
1742830140000,72.765,72.805,72.765,72.795,0.005736
1742830200000,72.8,72.875,72.8,72.865,0.006517
1742830260000,72.87,72.925,72.865,72.92,0.005152
1742830320000,72.915,72.925,72.9,72.925,0.003371
1742830380000,72.92,72.975,72.915,72.955,0.006449
1742830440000,72.945,72.975,72.945,72.955,0.008335
1742830500000,72.965,73.005,72.945,72.945,0.006971
1742830560000,72.955,72.985,72.935,72.96,0.007527
1742830620000,72.955,72.975,72.945,72.965,0.005983
1742830680000,72.97,73.005,72.97,73.005,0.006529
1742830740000,72.995,73.015,72.985,73.005,0.003475
1742830800000,72.995,73,72.965,72.975,0.00364
1742830860000,72.965,72.995,72.965,72.985,0.002314
1742830920000,72.995,73,72.965,72.975,0.003896
1742830980000,72.98,72.985,72.965,72.975,0.00143
1742831040000,72.97,72.975,72.965,72.975,0.003223
1742831100000,72.97,72.985,72.965,72.985,0.004139
1742831160000,72.995,73.005,72.97,72.97,0.002806
1742831220000,72.975,72.99,72.965,72.985,0.006496
1742831280000,72.99,73.005,72.985,72.995,0.005725
1742831340000,72.99,72.995,72.98,72.995,0.001979
1742831400000,72.985,73.015,72.985,72.995,0.004302
1742831460000,73.005,73.005,72.975,72.975,0.003697
1742831520000,72.97,73.03,72.965,73.03,0.005207
1742831580000,73.025,73.035,73.025,73.035,0.001377
1742831640000,73.045,73.045,73.025,73.03,0.001713
1742831700000,73.035,73.045,73.005,73.015,0.004368
1742831760000,73.02,73.025,72.97,73.005,0.005625
1742831820000,72.995,72.995,72.975,72.99,0.003589
1742831880000,72.995,73.015,72.985,73.015,0.005462
1742831940000,73.005,73.015,72.995,73.005,0.005071
1742832000000,73.01,73.025,72.975,73.015,0.004574
1742832060000,73.01,73.035,73.01,73.025,0.00406
1742832120000,73.03,73.045,73.025,73.03,0.005099
1742832180000,73.035,73.055,73.035,73.045,0.002725
1742832240000,73.035,73.125,73.035,73.115,0.004339
1742832300000,73.11,73.125,73.085,73.085,0.009298
1742832360000,73.075,73.105,73.065,73.105,0.003494
1742832420000,73.115,73.135,73.095,73.105,0.005898
1742832480000,73.115,73.135,73.11,73.135,0.002448
1742832540000,73.13,73.135,73.1,73.115,0.002847
1742832600000,73.12,73.135,73.1,73.105,0.002518
1742832660000,73.115,73.125,73.105,73.115,0.001308
1742832720000,73.105,73.105,73.065,73.085,0.002568
1742832780000,73.075,73.1,73.075,73.095,0.002051
1742832840000,73.1,73.105,73.075,73.075,0.002375
1742832900000,73.08,73.11,73.065,73.085,0.003723
1742832960000,73.09,73.095,73.075,73.075,0.001806
1742833020000,73.085,73.105,73.085,73.085,0.003509
1742833080000,73.09,73.105,73.08,73.085,0.007947
1742833140000,73.09,73.095,73.075,73.085,0.005519
1742833200000,73.095,73.125,73.085,73.115,0.003345
1742833260000,73.125,73.135,73.115,73.115,0.002753
1742833320000,73.11,73.115,73.065,73.065,0.009545
1742833380000,73.06,73.085,73.06,73.085,0.002765
1742833440000,73.075,73.085,73.055,73.075,0.007191
1742833500000,73.08,73.105,73.065,73.095,0.002537
1742833560000,73.085,73.095,73.045,73.045,0.007997
1742833620000,73.035,73.065,73.005,73.015,0.006921
1742833680000,73.01,73.04,72.985,73.04,0.009468
1742833740000,73.045,73.045,72.985,73.005,0.018097
1742833800000,73.015,73.05,72.925,72.925,0.01158
1742833860000,72.92,72.96,72.915,72.96,0.005458
1742833920000,72.955,73,72.95,72.965,0.004228
1742833980000,72.975,72.985,72.94,72.945,0.00459
1742834040000,72.935,72.995,72.935,72.985,0.003833
1742834100000,72.98,73.02,72.98,73.005,0.004723
1742834160000,73.01,73.015,72.985,73.015,0.004489
1742834220000,73.01,73.045,72.995,73.025,0.005234
1742834280000,73.03,73.04,73.025,73.04,0.007358
1742834340000,73.035,73.055,73.025,73.025,0.003185
1742834400000,73.02,73.035,72.985,72.985,0.004288
1742834460000,72.975,72.975,72.865,72.865,0.007176
1742834520000,72.87,72.88,72.795,72.845,0.008511
1742834580000,72.85,72.885,72.845,72.875,0.004622
1742834640000,72.865,72.87,72.84,72.855,0.003726
1742834700000,72.85,72.85,72.795,72.8,0.007479
1742834760000,72.795,72.835,72.795,72.835,0.003305
1742834820000,72.845,72.865,72.835,72.855,0.004842
1742834880000,72.865,72.875,72.855,72.865,0.001376
1742834940000,72.86,72.885,72.855,72.88,0.003028
1742835000000,72.875,72.9,72.875,72.885,0.003656
1742835060000,72.89,72.905,72.885,72.89,0.003934
1742835120000,72.895,72.925,72.895,72.925,0.003316
1742835180000,72.915,72.975,72.915,72.96,0.002657
1742835240000,72.955,72.975,72.935,72.945,0.003387
1742835300000,72.94,72.97,72.925,72.965,0.002329
1742835360000,72.955,72.96,72.945,72.955,0.001322
1742835420000,72.96,72.965,72.935,72.95,0.002789
1742835480000,72.945,72.955,72.935,72.945,0.002205
1742835540000,72.95,72.975,72.93,72.965,0.003723
1742835600000,72.96,72.965,72.915,72.925,0.004259
1742835660000,72.92,72.955,72.895,72.945,0.006149
1742835720000,72.93,72.93,72.915,72.925,0.004132
1742835780000,72.92,72.92,72.855,72.895,0.005197
1742835840000,72.89,72.905,72.885,72.905,0.003741
1742835900000,72.9,72.925,72.9,72.915,0.006299
1742835960000,72.92,72.92,72.875,72.88,0.004301
1742836020000,72.875,72.88,72.805,72.815,0.005823
1742836080000,72.805,72.815,72.74,72.75,0.006648
1742836140000,72.745,72.825,72.745,72.795,0.005829
1742836200000,72.785,72.785,72.735,72.785,0.00468
1742836260000,72.78,72.785,72.755,72.755,0.005059
1742836320000,72.75,72.75,72.735,72.75,0.008741
1742836380000,72.745,72.755,72.735,72.75,0.011431
1742836440000,72.745,72.765,72.735,72.745,0.002604
1742836500000,72.735,72.74,72.705,72.735,0.003033
1742836560000,72.73,72.745,72.705,72.745,0.004527
1742836620000,72.735,72.765,72.725,72.75,0.003615
1742836680000,72.745,72.745,72.705,72.71,0.002615
1742836740000,72.705,72.705,72.675,72.685,0.00517
1742836800000,72.675,72.735,72.675,72.725,0.004579
1742836860000,72.72,72.725,72.705,72.705,0.002797
1742836920000,72.715,72.715,72.685,72.715,0.004842
1742836980000,72.71,72.72,72.685,72.695,0.004194
1742837040000,72.705,72.715,72.695,72.705,0.002938
1742837100000,72.715,72.725,72.695,72.7,0.004611
1742837160000,72.705,72.725,72.705,72.725,0.005436
1742837220000,72.73,72.745,72.715,72.745,0.006679
1742837280000,72.74,72.785,72.73,72.78,0.010591
1742837340000,72.785,72.785,72.755,72.755,0.006854
1742837400000,72.745,72.765,72.745,72.76,0.005055
1742837460000,72.765,72.765,72.725,72.735,0.00557
1742837520000,72.745,72.745,72.73,72.735,0.002896
1742837580000,72.725,72.785,72.725,72.785,0.005005
1742837640000,72.79,72.79,72.765,72.775,0.002992
1742837700000,72.77,72.825,72.765,72.825,0.003236
1742837760000,72.83,72.83,72.805,72.815,0.002185
1742837820000,72.805,72.83,72.795,72.825,0.001781
1742837880000,72.82,72.875,72.82,72.875,0.002665
1742837940000,72.865,72.865,72.855,72.86,0.002008
1742838000000,72.855,72.875,72.845,72.865,0.001992
1742838060000,72.87,72.88,72.845,72.85,0.002845
1742838120000,72.845,72.85,72.8,72.805,0.004185
1742838180000,72.81,72.835,72.81,72.83,0.001052
1742838240000,72.825,72.845,72.825,72.845,0.002616
1742838300000,72.835,72.835,72.795,72.805,0.004046
1742838360000,72.81,72.825,72.805,72.825,0.002645
1742838420000,72.815,72.825,72.815,72.825,0.000382
1742838480000,72.815,72.825,72.815,72.815,0.001134
1742838540000,72.825,72.835,72.815,72.815,0.004008
1742838600000,72.82,72.82,72.805,72.805,0.001268
1742838660000,72.81,72.85,72.795,72.845,0.003009
1742838720000,72.855,72.855,72.835,72.845,0.001833
1742838780000,72.84,72.845,72.825,72.825,0.003399
1742838840000,72.815,72.815,72.805,72.815,0.001309
1742838900000,72.81,72.835,72.81,72.825,0.001903
1742838960000,72.835,72.845,72.825,72.845,0.000688
1742839020000,72.835,72.845,72.835,72.84,0.000796
1742839080000,72.835,72.855,72.835,72.845,0.000796
1742839140000,72.835,72.855,72.835,72.835,0.003695
1742839200000,72.845,72.855,72.825,72.855,0.004829
1742839260000,72.845,72.845,72.83,72.835,0.004685
1742839320000,72.82,72.835,72.815,72.825,0.003371
1742839380000,72.835,72.835,72.81,72.81,0.004735
1742839440000,72.805,72.815,72.795,72.805,0.003763
1742839500000,72.8,72.84,72.795,72.825,0.004689
1742839560000,72.83,72.845,72.825,72.84,0.004469
1742839620000,72.835,72.885,72.835,72.885,0.006032
1742839680000,72.875,72.885,72.865,72.875,0.004254
1742839740000,72.885,72.885,72.855,72.865,0.004678
1742839800000,72.87,72.915,72.865,72.87,0.00414
1742839860000,72.875,72.88,72.865,72.87,0.00407
1742839920000,72.865,72.88,72.865,72.87,0.003345
1742839980000,72.865,72.9,72.86,72.865,0.005503
1742840040000,72.86,72.875,72.85,72.875,0.005449
1742840100000,72.855,72.865,72.825,72.865,0.008546
1742840160000,72.86,72.865,72.825,72.825,0.004877
1742840220000,72.82,72.825,72.785,72.79,0.007539
1742840280000,72.785,72.815,72.77,72.815,0.006535
1742840340000,72.82,72.825,72.79,72.795,0.002401
1742840400000,72.8,72.815,72.79,72.8,0.004262
1742840460000,72.805,72.825,72.805,72.815,0.006809
1742840520000,72.825,72.87,72.825,72.855,0.006018
1742840580000,72.85,72.855,72.825,72.835,0.006759
1742840640000,72.83,72.85,72.825,72.84,0.007104
1742840700000,72.835,72.885,72.825,72.87,0.006974
1742840760000,72.875,72.875,72.85,72.87,0.006242
1742840820000,72.875,72.895,72.875,72.895,0.009153
1742840880000,72.89,73.045,72.875,73.045,0.007431
1742840940000,73.035,73.035,73.005,73.01,0.012007
1742841000000,73.015,73.035,72.995,73.035,0.009217
1742841060000,73.03,73.035,72.985,72.995,0.009792
1742841120000,73,73,72.935,72.935,0.006871
1742841180000,72.94,72.95,72.925,72.925,0.003328
1742841240000,72.92,72.92,72.9,72.905,0.001632
1742841300000,72.9,72.91,72.875,72.895,0.00354
1742841360000,72.885,72.905,72.875,72.895,0.002536
1742841420000,72.885,72.895,72.885,72.895,0.001376
1742841480000,72.9,72.91,72.885,72.885,0.003276
1742841540000,72.89,72.895,72.885,72.885,0.002321
1742841600000,72.88,72.89,72.865,72.885,0.003585
1742841660000,72.895,72.895,72.885,72.895,0.000243
1742841720000,72.89,72.92,72.89,72.915,0.002248
1742841780000,72.92,72.945,72.92,72.945,0.000702
1742841840000,72.955,72.965,72.945,72.95,0.001175
1742841900000,72.955,72.955,72.945,72.945,0.001391
1742841960000,72.955,72.975,72.925,72.975,0.002394
1742842020000,72.965,72.99,72.965,72.98,0.001071
1742842080000,72.985,72.99,72.975,72.99,0.001085
1742842140000,72.985,72.99,72.975,72.975,0.000315
1742842200000,72.975,72.975,72.975,72.975,0
1742842260000,72.975,72.975,72.975,72.975,0
1742842320000,72.97,72.975,72.97,72.975,0.000189
1742842380000,72.97,72.99,72.97,72.99,0.000815
1742842440000,72.985,73.015,72.985,73.015,0.000657
1742842500000,73.005,73.025,73.005,73.015,0.00104
1742842560000,73.02,73.045,73.02,73.035,0.001902
1742842620000,73.04,73.04,73.035,73.035,0.000808
1742842680000,73.04,73.045,73.035,73.04,0.000916
1742842740000,73.035,73.035,73.035,73.035,0.000202
1742842800000,73.045,73.045,73.025,73.035,0.002828
1742842860000,73.04,73.045,73.035,73.045,0.000459
1742842920000,73.05,73.055,73.045,73.055,0.000392
1742842980000,73.06,73.06,73.055,73.055,0.00027
1742843040000,73.06,73.06,73.055,73.06,0.000675
1742843100000,73.065,73.075,73.055,73.075,0.000297
1742843160000,73.095,73.095,73.075,73.08,0.001994
1742843220000,73.075,73.085,73.07,73.075,0.001308
1742843280000,73.08,73.08,73.075,73.075,0.000495
1742843340000,73.08,73.085,73.075,73.085,0.000769
1742843400000,73.075,73.085,73.075,73.085,0.00143
1742843460000,73.075,73.075,73.075,73.075,0.00009
1742843520000,73.065,73.075,73.065,73.065,0.000603
1742843580000,73.075,73.085,73.075,73.085,0.001048
1742843640000,73.08,73.085,73.075,73.075,0.000459
1742843700000,73.07,73.075,73.06,73.075,0.000378
1742843760000,73.08,73.085,73.08,73.085,0.000225
1742843820000,73.095,73.105,73.085,73.095,0.001228
1742843880000,73.1,73.1,73.065,73.065,0.002641
1742843940000,73.07,73.07,73.065,73.065,0.00054
1742844000000,73.07,73.075,73.07,73.075,0.000256
1742844060000,73.065,73.085,73.065,73.085,0.000904
1742844120000,73.08,73.08,73.075,73.08,0.000931
1742844180000,73.085,73.085,73.075,73.08,0.000459
1742844240000,73.075,73.075,73.075,73.075,0.000054
1742844300000,73.08,73.085,73.075,73.08,0.000729
1742844360000,73.075,73.075,73.065,73.075,0.00063
1742844420000,73.08,73.085,73.075,73.075,0.002187
1742844480000,73.07,73.08,73.07,73.075,0.00147
1742844540000,73.08,73.08,73.065,73.065,0.00108
1742844600000,73.075,73.09,73.075,73.08,0.000904
1742844660000,73.085,73.085,73.075,73.075,0.000459
1742844720000,73.08,73.09,73.08,73.085,0.000662
1742844780000,73.095,73.095,73.075,73.085,0.001053
1742844840000,73.075,73.085,73.075,73.085,0.000189
1742844900000,73.08,73.09,73.075,73.085,0.001525
1742844960000,73.09,73.095,73.085,73.095,0.000594
1742845020000,73.095,73.095,73.095,73.095,0
1742845080000,73.095,73.095,73.095,73.095,0
1742845140000,73.095,73.095,73.095,73.095,0
1742845200000,73.1,73.105,73.1,73.105,0.000256
1742845260000,73.1,73.1,73.095,73.095,0.00027
1742845320000,73.105,73.115,73.105,73.115,0.000243
1742845380000,73.115,73.115,73.115,73.115,0
1742845440000,73.11,73.115,73.11,73.11,0.000324
1742845500000,73.115,73.115,73.115,73.115,0.000054
1742845560000,73.11,73.115,73.11,73.115,0.000189
1742845620000,73.125,73.125,73.115,73.115,0.000392
1742845680000,73.12,73.125,73.115,73.125,0.000783
1742845740000,73.145,73.145,73.135,73.145,0.000984
1742845800000,73.135,73.135,73.125,73.125,0.000203
1742845860000,73.13,73.13,73.125,73.125,0.000459
1742845920000,73.115,73.115,73.115,73.115,0.000135
1742845980000,73.095,73.095,73.08,73.085,0.001092
1742846040000,73.09,73.125,73.085,73.125,0.00113
1742846100000,73.12,73.12,73.105,73.12,0.000536
1742846160000,73.125,73.125,73.11,73.115,0.000243
1742846220000,73.12,73.125,73.115,73.12,0.000819
1742846280000,73.115,73.12,73.095,73.105,0.000864
1742846340000,73.1,73.12,73.1,73.1,0.002304
1742846400000,73.095,73.115,73.095,73.11,0.00162
1742846460000,73.115,73.115,73.105,73.11,0.000266
1742846520000,73.105,73.105,73.095,73.095,0.000427
1742846580000,73.095,73.095,73.095,73.095,0
1742846640000,73.09,73.095,73.085,73.095,0.000926
1742846700000,73.09,73.095,73.085,73.095,0.000526
1742846760000,73.1,73.1,73.095,73.095,0.000495
1742846820000,73.105,73.105,73.1,73.1,0.000324
1742846880000,73.105,73.105,73.08,73.085,0.002158
1742846940000,73.09,73.095,73.085,73.085,0.00058
1742847000000,73.08,73.085,73.075,73.085,0.000688
1742847060000,73.085,73.085,73.085,73.085,0
1742847120000,73.09,73.095,73.085,73.085,0.000617
1742847180000,73.075,73.095,73.075,73.095,0.000122
1742847240000,73.09,73.09,73.08,73.085,0.000266
1742847300000,73.08,73.085,73.075,73.075,0.000162
1742847360000,73.08,73.08,73.08,73.08,0.000068
1742847420000,73.075,73.08,73.075,73.075,0.00036
1742847480000,73.085,73.085,73.075,73.075,0.000189
1742847540000,73.08,73.08,73.075,73.08,0.000225
1742847600000,73.075,73.08,73.075,73.08,0.000288
1742847660000,73.075,73.08,73.075,73.075,0.000234
1742847720000,73.08,73.08,73.08,73.08,0.000068
1742847780000,73.085,73.085,73.08,73.08,0.000189
1742847840000,73.075,73.085,73.075,73.08,0.000365
1742847900000,73.085,73.085,73.075,73.08,0.000549
1742847960000,73.075,73.075,73.065,73.075,0.000392
1742848020000,73.065,73.075,73.065,73.075,0.000351
1742848080000,73.075,73.075,73.075,73.075,0
1742848140000,73.07,73.075,73.07,73.07,0.000279
1742848200000,73.065,73.065,73.055,73.06,0.0005
1742848260000,73.055,73.055,73.03,73.04,0.000828
1742848320000,73.035,73.045,73.025,73.025,0.001524
1742848380000,73.035,73.035,73.035,73.035,0.000054
1742848440000,73.03,73.03,73.025,73.03,0.000405
1742848500000,73.035,73.035,73.035,73.035,0.000054
1742848560000,73.03,73.035,73.03,73.035,0.000189
1742848620000,73.045,73.045,73.025,73.03,0.000783
1742848680000,73.035,73.035,73.025,73.03,0.000729
1742848740000,73.035,73.035,73.03,73.035,0.000499
1742848800000,73.03,73.03,73.015,73.015,0.000796
1742848860000,73.02,73.03,73.02,73.025,0.000459
1742848920000,73.02,73.025,73.02,73.02,0.000391
1742848980000,73.025,73.025,73.025,73.025,0.000054
1742849040000,73.02,73.025,73.02,73.025,0.000782
1742849100000,73.02,73.025,73.02,73.025,0.000512
1742849160000,73.03,73.035,73.03,73.03,0.000324
1742849220000,73.035,73.035,73.03,73.035,0.000243
1742849280000,73.03,73.04,73.03,73.035,0.000432
1742849340000,73.04,73.055,73.035,73.045,0.000671
1742849400000,73.04,73.045,73.025,73.03,0.003038
1742849460000,73.025,73.03,73.015,73.02,0.00059
1742849520000,73.025,73.025,73.02,73.025,0.000554
1742849580000,73.03,73.035,73.025,73.025,0.000212
1742849640000,73.03,73.03,73.025,73.025,0.000122
1742849700000,73.02,73.03,73.02,73.03,0.000567
1742849760000,73.035,73.05,73.03,73.05,0.000999
1742849820000,73.045,73.05,73.035,73.04,0.000468
1742849880000,73.035,73.035,73.03,73.03,0.000378
1742849940000,73.025,73.035,73.025,73.035,0.000162
1742947200000,73.237,73.252,73.237,73.252,0.001107
1742947260000,73.247,73.267,73.212,73.212,0.000994
1742947320000,73.217,73.217,73.187,73.187,0.001553
1742947380000,73.192,73.197,73.187,73.197,0.000378
1742947440000,73.192,73.222,73.187,73.217,0.00135
1742947500000,73.212,73.217,73.212,73.217,0.000108
1742947560000,73.227,73.227,73.217,73.217,0.000108
1742947620000,73.207,73.217,73.207,73.212,0.000252
1742947680000,73.207,73.227,73.207,73.227,0.000279
1742947740000,73.232,73.232,73.227,73.227,0.000266
1742947800000,73.222,73.227,73.222,73.227,0.000108
1742947860000,73.222,73.222,73.222,73.222,0.000054
1742947920000,73.227,73.227,73.217,73.227,0.000837
1742947980000,73.237,73.237,73.237,73.237,0.000054
1742948040000,73.227,73.232,73.227,73.227,0.000279
1742948100000,73.227,73.227,73.227,73.227,0
1742948160000,73.237,73.247,73.237,73.237,0.000252
1742948220000,73.237,73.237,73.237,73.237,0
1742948280000,73.237,73.237,73.237,73.237,0
1742948340000,73.242,73.242,73.227,73.227,0.000378
1742948400000,73.232,73.232,73.232,73.232,0.000054
1742948460000,73.227,73.227,73.227,73.227,0.000135
1742948520000,73.237,73.242,73.237,73.237,0.000257
1742948580000,73.247,73.247,73.247,73.247,0.000135
1742948640000,73.247,73.247,73.247,73.247,0
1742948700000,73.247,73.247,73.247,73.247,0
1742948760000,73.247,73.247,73.247,73.247,0
1742948820000,73.247,73.247,73.237,73.237,0.00027
1742948880000,73.247,73.247,73.247,73.247,0.000068
1742948940000,73.242,73.242,73.242,73.242,0.000054
1742949000000,73.237,73.237,73.227,73.232,0.001616
1742949060000,73.227,73.232,73.227,73.227,0.001269
1742949120000,73.212,73.217,73.207,73.207,0.000427
1742949180000,73.217,73.217,73.217,73.217,0.000068
1742949240000,73.227,73.227,73.217,73.227,0.000419
1742949300000,73.237,73.237,73.237,73.237,0.000054
1742949360000,73.247,73.247,73.237,73.237,0.000256
1742949420000,73.237,73.237,73.237,73.237,0
1742949480000,73.237,73.237,73.237,73.237,0
1742949540000,73.227,73.237,73.227,73.227,0.000445
1742949600000,73.227,73.227,73.227,73.227,0
1742949660000,73.227,73.227,73.227,73.227,0
1742949720000,73.227,73.237,73.227,73.237,0.000256
1742949780000,73.232,73.237,73.227,73.237,0.000243
1742949840000,73.232,73.232,73.227,73.227,0.000256
1742949900000,73.237,73.237,73.227,73.237,0.000364
1742949960000,73.232,73.232,73.232,73.232,0.000054
1742950020000,73.227,73.237,73.227,73.232,0.00058
1742950080000,73.237,73.237,73.237,73.237,0.000054
1742950140000,73.237,73.237,73.237,73.237,0
1742950200000,73.232,73.232,73.232,73.232,0.000054
1742950260000,73.222,73.227,73.222,73.227,0.000108
1742950320000,73.227,73.227,73.227,73.227,0
1742950380000,73.222,73.222,73.217,73.217,0.000256
1742950440000,73.217,73.217,73.217,73.217,0
1742950500000,73.222,73.227,73.217,73.227,0.000311
1742950560000,73.222,73.227,73.222,73.222,0.000162
1742950620000,73.227,73.247,73.222,73.242,0.000545
1742950680000,73.247,73.247,73.247,73.247,0.000068
1742950740000,73.252,73.252,73.247,73.247,0.000256
1742950800000,73.257,73.27,73.235,73.235,0.002182
1742950860000,73.23,73.23,73.195,73.195,0.00179
1742950920000,73.19,73.205,73.185,73.2,0.000972
1742950980000,73.19,73.2,73.19,73.19,0.001348
1742951040000,73.2,73.21,73.2,73.21,0.000176
1742951100000,73.215,73.22,73.21,73.22,0.000351
1742951160000,73.225,73.225,73.195,73.2,0.001026
1742951220000,73.205,73.205,73.18,73.18,0.000837
1742951280000,73.185,73.2,73.165,73.19,0.000715
1742951340000,73.195,73.195,73.17,73.17,0.000876
1742951400000,73.175,73.185,73.17,73.185,0.001577
1742951460000,73.18,73.18,73.18,73.18,0.000054
1742951520000,73.175,73.18,73.175,73.18,0.000189
1742951580000,73.19,73.2,73.18,73.2,0.000644
1742951640000,73.205,73.205,73.2,73.2,0.000378
1742951700000,73.205,73.22,73.205,73.22,0.000441
1742951760000,73.23,73.235,73.225,73.23,0.000333
1742951820000,73.24,73.25,73.23,73.25,0.000405
1742951880000,73.24,73.27,73.24,73.255,0.001571
1742951940000,73.26,73.27,73.255,73.26,0.000675
1742952000000,73.265,73.265,73.26,73.26,0.000243
1742952060000,73.27,73.27,73.26,73.26,0.000144
1742952120000,73.25,73.26,73.24,73.25,0.000554
1742952180000,73.265,73.27,73.26,73.26,0.000297
1742952240000,73.255,73.27,73.255,73.26,0.000351
1742952300000,73.265,73.27,73.26,73.26,0.000378
1742952360000,73.27,73.27,73.255,73.26,0.000252
1742952420000,73.255,73.275,73.255,73.275,0.000486
1742952480000,73.28,73.28,73.275,73.28,0.000333
1742952540000,73.285,73.31,73.285,73.295,0.00081
1742952600000,73.305,73.31,73.295,73.3,0.001012
1742952660000,73.305,73.305,73.3,73.3,0.000567
1742952720000,73.31,73.31,73.305,73.31,0.000257
1742952780000,73.3,73.315,73.3,73.315,0.000513
1742952840000,73.31,73.315,73.31,73.315,0.000108
1742952900000,73.31,73.315,73.31,73.31,0.000499
1742952960000,73.305,73.31,73.305,73.305,0.00085
1742953020000,73.31,73.31,73.305,73.305,0.000864
1742953080000,73.31,73.315,73.305,73.31,0.000284
1742953140000,73.315,73.315,73.305,73.305,0.000486
1742953200000,73.3,73.3,73.285,73.3,0.000774
1742953260000,73.295,73.305,73.29,73.295,0.000419
1742953320000,73.29,73.29,73.29,73.29,0.000135
1742953380000,73.295,73.295,73.29,73.295,0.000243
1742953440000,73.3,73.3,73.295,73.3,0.000378
1742953500000,73.305,73.305,73.3,73.3,0.000144
1742953560000,73.305,73.305,73.29,73.29,0.000553
1742953620000,73.29,73.29,73.29,73.29,0
1742953680000,73.3,73.31,73.295,73.3,0.000608
1742953740000,73.295,73.31,73.295,73.305,0.000554
1742953800000,73.3,73.34,73.3,73.335,0.002592
1742953860000,73.32,73.34,73.32,73.34,0.0005
1742953920000,73.345,73.345,73.335,73.335,0.000387
1742953980000,73.34,73.34,73.34,73.34,0.00009
1742954040000,73.335,73.34,73.33,73.34,0.000445
1742954100000,73.345,73.345,73.33,73.335,0.000858
1742954160000,73.33,73.355,73.33,73.34,0.001214
1742954220000,73.345,73.345,73.33,73.335,0.000342
1742954280000,73.33,73.335,73.33,73.335,0.000256
1742954340000,73.34,73.34,73.325,73.325,0.001753
1742954400000,73.33,73.33,73.32,73.33,0.000792
1742954460000,73.335,73.34,73.31,73.315,0.00161
1742954520000,73.32,73.32,73.305,73.305,0.000526
1742954580000,73.3,73.3,73.285,73.29,0.00081
1742954640000,73.285,73.29,73.285,73.29,0.000338
1742954700000,73.295,73.31,73.295,73.3,0.000477
1742954760000,73.295,73.295,73.29,73.295,0.00031
1742954820000,73.29,73.3,73.285,73.285,0.000701
1742954880000,73.29,73.3,73.29,73.29,0.000405
1742954940000,73.285,73.285,73.275,73.28,0.000243
1742955000000,73.285,73.285,73.28,73.28,0.000189
1742955060000,73.27,73.27,73.265,73.27,0.000243
1742955120000,73.275,73.28,73.265,73.28,0.000819
1742955180000,73.275,73.29,73.275,73.275,0.00063
1742955240000,73.28,73.29,73.275,73.28,0.000724
1742955300000,73.275,73.275,73.275,73.275,0.000054
1742955360000,73.265,73.265,73.265,73.265,0.000054
1742955420000,73.26,73.265,73.26,73.265,0.000324
1742955480000,73.25,73.25,73.235,73.235,0.000324
1742955540000,73.23,73.24,73.225,73.24,0.000603
1742955600000,73.245,73.25,73.245,73.25,0.000108
1742955660000,73.255,73.26,73.25,73.26,0.000324
1742955720000,73.265,73.27,73.265,73.27,0.000108
1742955780000,73.265,73.265,73.26,73.26,0.000189
1742955840000,73.255,73.255,73.24,73.24,0.000378
1742955900000,73.235,73.24,73.235,73.235,0.000306
1742955960000,73.24,73.24,73.235,73.235,0.000108
1742956020000,73.24,73.24,73.23,73.23,0.000445
1742956080000,73.235,73.25,73.23,73.25,0.001093
1742956140000,73.245,73.25,73.24,73.25,0.000364
1742956200000,73.255,73.255,73.25,73.25,0.000189
1742956260000,73.255,73.28,73.255,73.275,0.000783
1742956320000,73.27,73.275,73.265,73.27,0.000432
1742956380000,73.265,73.28,73.26,73.275,0.000459
1742956440000,73.28,73.28,73.28,73.28,0.000054
1742956500000,73.285,73.29,73.285,73.285,0.000162
1742956560000,73.29,73.295,73.29,73.295,0.000108
1742956620000,73.29,73.295,73.29,73.29,0.000189
1742956680000,73.295,73.31,73.295,73.295,0.000634
1742956740000,73.29,73.32,73.285,73.31,0.000837
1742956800000,73.305,73.32,73.3,73.315,0.000414
1742956860000,73.32,73.325,73.315,73.325,0.000662
1742956920000,73.32,73.32,73.315,73.315,0.00036
1742956980000,73.31,73.33,73.31,73.33,0.000378
1742957040000,73.325,73.345,73.325,73.345,0.000688
1742957100000,73.34,73.345,73.33,73.33,0.000445
1742957160000,73.335,73.34,73.33,73.335,0.000526
1742957220000,73.345,73.345,73.34,73.34,0.000144
1742957280000,73.335,73.34,73.33,73.33,0.000549
1742957340000,73.325,73.345,73.325,73.325,0.000617
1742957400000,73.33,73.335,73.33,73.33,0.000212
1742957460000,73.335,73.34,73.335,73.335,0.00027
1742957520000,73.34,73.34,73.33,73.335,0.000675
1742957580000,73.335,73.335,73.335,73.335,0
1742957640000,73.33,73.33,73.31,73.31,0.000688
1742957700000,73.315,73.315,73.31,73.31,0.000378
1742957760000,73.305,73.305,73.29,73.3,0.001012
1742957820000,73.305,73.315,73.305,73.315,0.000621
1742957880000,73.315,73.315,73.315,73.315,0
1742957940000,73.31,73.31,73.305,73.305,0.000256
1742958000000,73.295,73.295,73.275,73.285,0.000526
1742958060000,73.28,73.285,73.28,73.285,0.000256
1742958120000,73.28,73.28,73.275,73.275,0.000256
1742958180000,73.27,73.275,73.27,73.275,0.001024
1742958240000,73.27,73.275,73.27,73.275,0.000256
1742958300000,73.28,73.29,73.28,73.29,0.000256
1742958360000,73.295,73.295,73.29,73.29,0.000189
1742958420000,73.295,73.295,73.29,73.29,0.000108
1742958480000,73.295,73.295,73.28,73.285,0.000567
1742958540000,73.28,73.29,73.28,73.29,0.000324
1742958600000,73.285,73.295,73.285,73.295,0.00031
1742958660000,73.3,73.31,73.3,73.305,0.000661
1742958720000,73.3,73.3,73.29,73.29,0.00027
1742958780000,73.295,73.295,73.29,73.29,0.000256
1742958840000,73.285,73.285,73.28,73.28,0.000337
1742958900000,73.285,73.295,73.285,73.29,0.000823
1742958960000,73.285,73.285,73.25,73.255,0.000958
1742959020000,73.27,73.27,73.26,73.26,0.000558
1742959080000,73.265,73.265,73.25,73.25,0.000796
1742959140000,73.255,73.255,73.245,73.245,0.000634
1742959200000,73.25,73.25,73.245,73.245,0.000378
1742959260000,73.25,73.26,73.24,73.245,0.002548
1742959320000,73.24,73.245,73.24,73.24,0.001174
1742959380000,73.25,73.26,73.25,73.25,0.000913
1742959440000,73.245,73.25,73.245,73.25,0.000374
1742959500000,73.255,73.255,73.25,73.25,0.000445
1742959560000,73.245,73.25,73.245,73.25,0.000144
1742959620000,73.24,73.25,73.235,73.24,0.000796
1742959680000,73.245,73.255,73.245,73.245,0.000562
1742959740000,73.24,73.25,73.24,73.25,0.00186
1742959800000,73.245,73.25,73.225,73.23,0.00125
1742959860000,73.225,73.23,73.195,73.2,0.000778
1742959920000,73.195,73.21,73.195,73.205,0.000311
1742959980000,73.21,73.21,73.195,73.205,0.000581
1742960040000,73.2,73.22,73.195,73.22,0.000855
1742960100000,73.22,73.22,73.22,73.22,0
1742960160000,73.225,73.225,73.215,73.215,0.000189
1742960220000,73.22,73.225,73.22,73.22,0.000342
1742960280000,73.215,73.22,73.18,73.19,0.000387
1742960340000,73.165,73.185,73.165,73.185,0.000378
1742960400000,73.19,73.19,73.185,73.19,0.00027
1742960460000,73.19,73.19,73.19,73.19,0
1742960520000,73.185,73.195,73.185,73.185,0.000401
1742960580000,73.185,73.185,73.185,73.185,0
1742960640000,73.19,73.19,73.19,73.19,0.000054
1742960700000,73.195,73.195,73.19,73.19,0.000189
1742960760000,73.185,73.19,73.185,73.19,0.000203
1742960820000,73.195,73.195,73.185,73.185,0.000108
1742960880000,73.19,73.19,73.19,73.19,0.00009
1742960940000,73.195,73.2,73.195,73.2,0.000108
1742961000000,73.195,73.195,73.195,73.195,0.000054
1742961060000,73.2,73.21,73.2,73.21,0.000257
1742961120000,73.205,73.21,73.205,73.205,0.000162
1742961180000,73.21,73.21,73.205,73.205,0.000108
1742961240000,73.205,73.205,73.205,73.205,0
1742961300000,73.19,73.19,73.185,73.185,0.000189
1742961360000,73.175,73.175,73.155,73.165,0.000527
1742961420000,73.17,73.175,73.165,73.17,0.000365
1742961480000,73.175,73.175,73.17,73.175,0.000243
1742961540000,73.17,73.175,73.17,73.175,0.000189
1742961600000,73.18,73.195,73.18,73.195,0.000432
1742961660000,73.2,73.2,73.2,73.2,0.000054
1742961720000,73.2,73.2,73.2,73.2,0
1742961780000,73.205,73.21,73.205,73.205,0.000162
1742961840000,73.2,73.2,73.195,73.2,0.000437
1742961900000,73.205,73.205,73.165,73.165,0.000864
1742961960000,73.17,73.175,73.17,73.175,0.000297
1742962020000,73.18,73.18,73.17,73.17,0.000279
1742962080000,73.165,73.165,73.16,73.16,0.000256
1742962140000,73.165,73.17,73.165,73.17,0.000108
1742962200000,73.165,73.175,73.165,73.17,0.000324
1742962260000,73.175,73.175,73.17,73.17,0.000189
1742962320000,73.17,73.17,73.17,73.17,0
1742962380000,73.175,73.18,73.175,73.18,0.000108
1742962440000,73.175,73.18,73.175,73.18,0.000108
1742962500000,73.185,73.19,73.175,73.175,0.000418
1742962560000,73.175,73.175,73.175,73.175,0
1742962620000,73.16,73.17,73.16,73.17,0.000364
1742962680000,73.17,73.17,73.17,73.17,0
1742962740000,73.17,73.17,73.17,73.17,0
1742962800000,73.17,73.17,73.17,73.17,0
1742962860000,73.175,73.175,73.175,73.175,0.000054
1742962920000,73.17,73.17,73.155,73.16,0.000338
1742962980000,73.165,73.17,73.165,73.165,0.000162
1742963040000,73.17,73.17,73.17,73.17,0.000054
1742963100000,73.165,73.165,73.16,73.165,0.000243
1742963160000,73.175,73.185,73.17,73.17,0.000405
1742963220000,73.175,73.185,73.175,73.18,0.000324
1742963280000,73.185,73.205,73.18,73.2,0.00081
1742963340000,73.2,73.2,73.2,73.2,0
1742963400000,73.195,73.195,73.195,73.195,0.000068
1742963460000,73.19,73.19,73.18,73.18,0.000458
1742963520000,73.175,73.18,73.17,73.17,0.000311
1742963580000,73.17,73.17,73.17,73.17,0
1742963640000,73.17,73.17,73.17,73.17,0
1742963700000,73.175,73.175,73.17,73.17,0.000256
1742963760000,73.17,73.17,73.17,73.17,0
1742963820000,73.17,73.17,73.17,73.17,0
1742963880000,73.17,73.17,73.17,73.17,0
1742963940000,73.175,73.175,73.175,73.175,0.000054
1742964000000,73.17,73.17,73.17,73.17,0.00009
1742964060000,73.165,73.165,73.16,73.16,0.000256
1742964120000,73.16,73.16,73.16,73.16,0
1742964180000,73.16,73.16,73.16,73.16,0
1742964240000,73.165,73.165,73.16,73.16,0.000189
1742964300000,73.16,73.16,73.16,73.16,0
1742964360000,73.16,73.16,73.16,73.16,0
1742964420000,73.155,73.155,73.145,73.15,0.000639
1742964480000,73.145,73.145,73.14,73.14,0.000189
1742964540000,73.135,73.14,73.135,73.14,0.000144
1742964600000,73.135,73.135,73.135,73.135,0.000054
1742964660000,73.13,73.135,73.125,73.135,0.000252
1742964720000,73.13,73.13,73.125,73.13,0.000243
1742964780000,73.13,73.13,73.13,73.13,0
1742964840000,73.125,73.135,73.125,73.135,0.000198
1742964900000,73.13,73.13,73.13,73.13,0.000135
1742964960000,73.125,73.125,73.125,73.125,0.000068
1742965020000,73.125,73.125,73.125,73.125,0
1742965080000,73.125,73.125,73.125,73.125,0
1742965140000,73.12,73.13,73.12,73.13,0.000122
1742965200000,73.135,73.14,73.13,73.135,0.000284
1742965260000,73.13,73.13,73.12,73.13,0.000284
1742965320000,73.14,73.14,73.14,73.14,0.000054
1742965380000,73.145,73.145,73.14,73.14,0.000189
1742965440000,73.14,73.14,73.14,73.14,0
1742965500000,73.14,73.15,73.14,73.15,0.000243
1742965560000,73.14,73.16,73.14,73.16,0.000387
1742965620000,73.155,73.155,73.15,73.15,0.000189
1742965680000,73.155,73.16,73.15,73.155,0.000284
1742965740000,73.16,73.165,73.16,73.16,0.000243
1742965800000,73.155,73.155,73.155,73.155,0.000054
1742965860000,73.15,73.16,73.15,73.155,0.000405
1742965920000,73.16,73.17,73.155,73.17,0.000252
1742965980000,73.175,73.175,73.17,73.175,0.000243
1742966040000,73.175,73.175,73.175,73.175,0
1742966100000,73.175,73.175,73.17,73.17,0.000144
1742966160000,73.175,73.185,73.175,73.18,0.000243
1742966220000,73.18,73.18,73.18,73.18,0
1742966280000,73.185,73.185,73.185,73.185,0.000054
1742966340000,73.18,73.185,73.18,73.18,0.000189
1742966400000,73.185,73.185,73.18,73.185,0.00032
1742966460000,73.18,73.185,73.18,73.185,0.000144
1742966520000,73.18,73.18,73.18,73.18,0.000135
1742966580000,73.175,73.18,73.175,73.18,0.000122
1742966640000,73.18,73.18,73.18,73.18,0
1742966700000,73.185,73.185,73.175,73.175,0.000243
1742966760000,73.165,73.17,73.165,73.17,0.000338
1742966820000,73.165,73.165,73.16,73.165,0.000387
1742966880000,73.16,73.165,73.16,73.165,0.000189
1742966940000,73.16,73.165,73.16,73.165,0.000599
1742967000000,73.175,73.175,73.16,73.165,0.000994
1742967060000,73.16,73.175,73.16,73.175,0.000648
1742967120000,73.18,73.185,73.18,73.185,0.000788
1742967180000,73.18,73.21,73.18,73.21,0.000549
1742967240000,73.215,73.225,73.215,73.225,0.000729
1742967300000,73.22,73.225,73.21,73.21,0.000338
1742967360000,73.22,73.245,73.215,73.24,0.000392
1742967420000,73.245,73.245,73.235,73.235,0.000594
1742967480000,73.24,73.245,73.235,73.24,0.000365
1742967540000,73.235,73.24,73.235,73.24,0.000216
1742967600000,73.235,73.24,73.23,73.24,0.000554
1742967660000,73.22,73.23,73.215,73.225,0.000968
1742967720000,73.23,73.23,73.22,73.23,0.000284
1742967780000,73.225,73.23,73.22,73.22,0.000441
1742967840000,73.23,73.23,73.22,73.225,0.00089
1742967900000,73.22,73.225,73.21,73.22,0.00089
1742967960000,73.225,73.225,73.22,73.225,0.000243
1742968020000,73.23,73.24,73.23,73.24,0.000486
1742968080000,73.235,73.24,73.23,73.24,0.000369
1742968140000,73.23,73.23,73.23,73.23,0.000135
1742968200000,73.235,73.24,73.23,73.24,0.000486
1742968260000,73.245,73.29,73.245,73.29,0.00054
1742968320000,73.295,73.295,73.27,73.27,0.000972
1742968380000,73.275,73.285,73.27,73.28,0.000945
1742968440000,73.275,73.28,73.265,73.265,0.000675
1742968500000,73.26,73.26,73.25,73.255,0.00023
1742968560000,73.25,73.255,73.25,73.255,0.000756
1742968620000,73.26,73.275,73.26,73.265,0.000455
1742968680000,73.27,73.275,73.245,73.245,0.001156
1742968740000,73.26,73.26,73.25,73.26,0.001254
1742968800000,73.255,73.27,73.25,73.26,0.001197
1742968860000,73.255,73.265,73.255,73.265,0.000432
1742968920000,73.27,73.275,73.265,73.265,0.001134
1742968980000,73.27,73.275,73.265,73.27,0.000432
1742969040000,73.265,73.265,73.255,73.265,0.000297
1742969100000,73.265,73.265,73.265,73.265,0
1742969160000,73.255,73.255,73.24,73.25,0.001128
1742969220000,73.255,73.26,73.25,73.26,0.000697
1742969280000,73.27,73.27,73.26,73.27,0.00089
1742969340000,73.275,73.275,73.265,73.265,0.00031
1742969400000,73.26,73.27,73.26,73.26,0.000729
1742969460000,73.265,73.265,73.26,73.26,0.000634
1742969520000,73.27,73.27,73.25,73.25,0.000607
1742969580000,73.255,73.26,73.255,73.26,0.000432
1742969640000,73.245,73.245,73.22,73.225,0.001403
1742969700000,73.23,73.23,73.21,73.23,0.001278
1742969760000,73.24,73.245,73.24,73.24,0.000162
1742969820000,73.235,73.24,73.235,73.24,0.000108
1742969880000,73.23,73.23,73.215,73.22,0.000391
1742969940000,73.225,73.225,73.21,73.21,0.000513
1742970000000,73.2,73.225,73.2,73.225,0.000936
1742970060000,73.23,73.235,73.22,73.225,0.000702
1742970120000,73.22,73.235,73.22,73.22,0.000644
1742970180000,73.215,73.22,73.205,73.22,0.000338
1742970240000,73.23,73.255,73.23,73.25,0.000558
1742970300000,73.255,73.265,73.255,73.26,0.000441
1742970360000,73.255,73.28,73.255,73.28,0.000909
1742970420000,73.275,73.28,73.27,73.28,0.000333
1742970480000,73.27,73.285,73.27,73.28,0.000674
1742970540000,73.275,73.275,73.265,73.27,0.001098
1742970600000,73.265,73.27,73.255,73.255,0.000917
1742970660000,73.25,73.25,73.25,73.25,0.00009
1742970720000,73.245,73.255,73.245,73.255,0.000513
1742970780000,73.265,73.265,73.26,73.26,0.000512
1742970840000,73.255,73.255,73.255,73.255,0.000068
1742970900000,73.26,73.29,73.255,73.29,0.002046
1742970960000,73.295,73.295,73.265,73.27,0.001492
1742971020000,73.275,73.285,73.275,73.28,0.000567
1742971080000,73.27,73.28,73.27,73.28,0.00058
1742971140000,73.285,73.305,73.28,73.295,0.001088
1742971200000,73.305,73.305,73.29,73.3,0.001672
1742971260000,73.295,73.3,73.295,73.3,0.000189
1742971320000,73.305,73.31,73.3,73.31,0.000806
1742971380000,73.3,73.3,73.3,73.3,0.000202
1742971440000,73.305,73.305,73.3,73.3,0.000512
1742971500000,73.305,73.305,73.295,73.3,0.000522
1742971560000,73.295,73.305,73.295,73.3,0.000701
1742971620000,73.295,73.32,73.29,73.32,0.001578
1742971680000,73.33,73.33,73.31,73.31,0.001146
1742971740000,73.315,73.315,73.31,73.31,0.00106
1742971800000,73.315,73.315,73.3,73.3,0.000904
1742971860000,73.295,73.295,73.28,73.285,0.001075
1742971920000,73.285,73.285,73.285,73.285,0
1742971980000,73.29,73.29,73.275,73.28,0.000468
1742972040000,73.275,73.28,73.27,73.275,0.00023
1742972100000,73.27,73.29,73.27,73.29,0.000351
1742972160000,73.285,73.3,73.285,73.3,0.001673
1742972220000,73.295,73.32,73.29,73.32,0.001533
1742972280000,73.315,73.315,73.285,73.285,0.002059
1742972340000,73.305,73.315,73.295,73.3,0.002185
1742972400000,73.295,73.325,73.285,73.31,0.002286
1742972460000,73.315,73.325,73.315,73.325,0.000162
1742972520000,73.33,73.34,73.33,73.335,0.001386
1742972580000,73.34,73.34,73.315,73.33,0.001314
1742972640000,73.34,73.34,73.325,73.33,0.00129
1742972700000,73.335,73.335,73.315,73.315,0.001386
1742972760000,73.325,73.345,73.325,73.325,0.001301
1742972820000,73.33,73.335,73.315,73.315,0.001255
1742972880000,73.32,73.33,73.32,73.32,0.000698
1742972940000,73.325,73.335,73.315,73.33,0.000914
1742973000000,73.325,73.345,73.32,73.345,0.000877
1742973060000,73.32,73.32,73.315,73.32,0.000243
1742973120000,73.325,73.335,73.32,73.335,0.000508
1742973180000,73.33,73.335,73.295,73.3,0.001007
1742973240000,73.305,73.305,73.295,73.3,0.000864
1742973300000,73.29,73.29,73.285,73.285,0.000256
1742973360000,73.295,73.295,73.28,73.28,0.000809
1742973420000,73.275,73.28,73.225,73.225,0.001304
1742973480000,73.21,73.21,73.175,73.205,0.001278
1742973540000,73.21,73.235,73.205,73.235,0.000943
1742973600000,73.24,73.245,73.225,73.225,0.00232
1742973660000,73.215,73.215,73.205,73.205,0.00027
1742973720000,73.195,73.205,73.145,73.145,0.001375
1742973780000,73.135,73.145,73.1,73.14,0.003613
1742973840000,73.135,73.165,73.12,73.165,0.003114
1742973900000,73.17,73.17,73.1,73.125,0.003228
1742973960000,73.135,73.145,73.115,73.125,0.004476
1742974020000,73.135,73.135,73.1,73.105,0.001516
1742974080000,73.1,73.115,73.09,73.095,0.000675
1742974140000,73.09,73.13,73.085,73.13,0.001458
1742974200000,73.125,73.14,73.115,73.135,0.001269
1742974260000,73.14,73.15,73.125,73.135,0.001538
1742974320000,73.13,73.135,73.095,73.095,0.001102
1742974380000,73.1,73.105,73.08,73.085,0.001956
1742974440000,73.09,73.1,73.09,73.095,0.000702
1742974500000,73.09,73.09,73.08,73.09,0.00068
1742974560000,73.095,73.105,73.09,73.105,0.00135
1742974620000,73.1,73.115,73.09,73.1,0.003536
1742974680000,73.095,73.1,73.095,73.1,0.000518
1742974740000,73.105,73.105,73.1,73.105,0.000554
1742974800000,73.1,73.105,73.095,73.105,0.000913
1742974860000,73.09,73.095,73.09,73.095,0.000715
1742974920000,73.1,73.1,73.09,73.09,0.001287
1742974980000,73.095,73.095,73.085,73.09,0.000459
1742975040000,73.095,73.095,73.085,73.09,0.000436
1742975100000,73.095,73.12,73.095,73.115,0.000914
1742975160000,73.125,73.155,73.125,73.155,0.001467
1742975220000,73.15,73.165,73.135,73.145,0.001309
1742975280000,73.14,73.155,73.115,73.15,0.001431
1742975340000,73.155,73.155,73.115,73.125,0.001701
1742975400000,73.13,73.13,73.1,73.1,0.001574
1742975460000,73.11,73.16,73.11,73.145,0.002357
1742975520000,73.15,73.155,73.13,73.13,0.00126
1742975580000,73.135,73.145,73.13,73.14,0.001458
1742975640000,73.15,73.17,73.15,73.155,0.00116
1742975700000,73.15,73.15,73.13,73.14,0.001083
1742975760000,73.135,73.135,73.13,73.13,0.000338
1742975820000,73.125,73.125,73.11,73.115,0.000791
1742975880000,73.11,73.12,73.08,73.115,0.002717
1742975940000,73.12,73.12,73.105,73.115,0.001295
1742976000000,73.12,73.155,73.115,73.155,0.002173
1742976060000,73.145,73.15,73.135,73.135,0.00063
1742976120000,73.13,73.145,73.13,73.135,0.000756
1742976180000,73.115,73.135,73.115,73.135,0.001012
1742976240000,73.13,73.14,73.115,73.12,0.002006
1742976300000,73.125,73.135,73.125,73.135,0.000445
1742976360000,73.145,73.185,73.125,73.18,0.002344
1742976420000,73.175,73.175,73.13,73.135,0.002118
1742976480000,73.145,73.145,73.105,73.115,0.002776
1742976540000,73.12,73.12,73.1,73.1,0.004063
1742976600000,73.105,73.125,73.105,73.12,0.001701
1742976660000,73.125,73.15,73.115,73.14,0.002942
1742976720000,73.135,73.135,73.105,73.12,0.003965
1742976780000,73.125,73.16,73.125,73.16,0.001628
1742976840000,73.165,73.17,73.15,73.16,0.002227
1742976900000,73.165,73.17,73.155,73.17,0.002088
1742976960000,73.18,73.205,73.165,73.175,0.001898
1742977020000,73.185,73.185,73.155,73.175,0.002959
1742977080000,73.165,73.17,73.155,73.16,0.001008
1742977140000,73.155,73.155,73.135,73.145,0.000441
1742977200000,73.135,73.145,73.125,73.135,0.00234
1742977260000,73.14,73.145,73.125,73.125,0.000634
1742977320000,73.12,73.125,73.115,73.125,0.003114
1742977380000,73.13,73.16,73.13,73.16,0.001902
1742977440000,73.165,73.205,73.165,73.195,0.000931
1742977500000,73.205,73.25,73.205,73.215,0.005085
1742977560000,73.21,73.235,73.205,73.205,0.00425
1742977620000,73.22,73.245,73.205,73.205,0.004435
1742977680000,73.21,73.21,73.165,73.19,0.008821
1742977740000,73.2,73.205,73.14,73.14,0.019154
1742977800000,73.135,73.235,73.135,73.21,0.008775
1742977860000,73.215,73.225,73.195,73.205,0.005024
1742977920000,73.2,73.255,73.2,73.255,0.005517
1742977980000,73.265,73.275,73.255,73.26,0.003102
1742978040000,73.275,73.28,73.265,73.265,0.001822
1742978100000,73.275,73.285,73.265,73.27,0.004002
1742978160000,73.265,73.285,73.225,73.235,0.005151
1742978220000,73.225,73.255,73.225,73.255,0.002815
1742978280000,73.25,73.295,73.245,73.29,0.001929
1742978340000,73.285,73.29,73.28,73.29,0.001753
1742978400000,73.285,73.29,73.275,73.275,0.001267
1742978460000,73.27,73.285,73.27,73.28,0.002131
1742978520000,73.285,73.315,73.28,73.305,0.003251
1742978580000,73.315,73.315,73.3,73.315,0.000824
1742978640000,73.325,73.335,73.315,73.32,0.00089
1742978700000,73.325,73.33,73.325,73.325,0.000702
1742978760000,73.33,73.35,73.33,73.33,0.001232
1742978820000,73.325,73.345,73.315,73.33,0.001741
1742978880000,73.325,73.325,73.305,73.305,0.002632
1742978940000,73.295,73.315,73.285,73.315,0.002563
1742979000000,73.33,73.33,73.315,73.325,0.001771
1742979060000,73.335,73.375,73.335,73.355,0.003264
1742979120000,73.36,73.365,73.35,73.35,0.002185
1742979180000,73.355,73.36,73.35,73.36,0.001034
1742979240000,73.365,73.375,73.36,73.37,0.002009
1742979300000,73.375,73.375,73.36,73.36,0.001457
1742979360000,73.365,73.365,73.36,73.365,0.000526
1742979420000,73.37,73.375,73.355,73.355,0.001983
1742979480000,73.36,73.365,73.32,73.325,0.004803
1742979540000,73.335,73.335,73.325,73.325,0.000378
1742979600000,73.335,73.365,73.335,73.355,0.002841
1742979660000,73.36,73.385,73.355,73.365,0.00215
1742979720000,73.37,73.385,73.365,73.385,0.001431
1742979780000,73.38,73.39,73.38,73.385,0.001503
1742979840000,73.38,73.415,73.375,73.41,0.001847
1742979900000,73.415,73.445,73.4,73.435,0.002914
1742979960000,73.44,73.455,73.435,73.45,0.002429
1742980020000,73.445,73.455,73.435,73.435,0.002083
1742980080000,73.43,73.43,73.405,73.425,0.002873
1742980140000,73.43,73.43,73.4,73.405,0.002747
1742980200000,73.41,73.41,73.385,73.39,0.001997
1742980260000,73.385,73.395,73.365,73.375,0.002185
1742980320000,73.365,73.38,73.365,73.375,0.000729
1742980380000,73.385,73.42,73.385,73.415,0.002628
1742980440000,73.41,73.43,73.395,73.4,0.001987
1742980500000,73.395,73.415,73.38,73.415,0.001605
1742980560000,73.42,73.43,73.405,73.42,0.001332
1742980620000,73.415,73.42,73.39,73.39,0.00166
1742980680000,73.395,73.395,73.35,73.35,0.001938
1742980740000,73.355,73.365,73.345,73.355,0.001309
1742980800000,73.35,73.35,73.325,73.325,0.001308
1742980860000,73.33,73.33,73.215,73.23,0.003584
1742980920000,73.225,73.26,73.225,73.25,0.001358
1742980980000,73.255,73.265,73.235,73.26,0.00272
1742981040000,73.255,73.29,73.255,73.29,0.001463
1742981100000,73.295,73.315,73.28,73.31,0.003132
1742981160000,73.315,73.33,73.305,73.33,0.001475
1742981220000,73.325,73.335,73.325,73.335,0.000212
1742981280000,73.325,73.34,73.325,73.33,0.000932
1742981340000,73.335,73.34,73.325,73.34,0.000634
1742981400000,73.335,73.37,73.335,73.365,0.002529
1742981460000,73.37,73.4,73.37,73.395,0.000891
1742981520000,73.385,73.385,73.375,73.375,0.000446
1742981580000,73.385,73.44,73.385,73.4,0.002349
1742981640000,73.405,73.425,73.405,73.415,0.00126
1742981700000,73.425,73.425,73.405,73.425,0.001607
1742981760000,73.415,73.43,73.41,73.41,0.001209
1742981820000,73.415,73.425,73.405,73.425,0.000697
1742981880000,73.43,73.43,73.42,73.42,0.000404
1742981940000,73.425,73.43,73.405,73.405,0.001066
1742982000000,73.41,73.41,73.4,73.4,0.000513
1742982060000,73.405,73.405,73.395,73.395,0.000715
1742982120000,73.39,73.395,73.375,73.385,0.001956
1742982180000,73.395,73.405,73.395,73.405,0.000387
1742982240000,73.415,73.415,73.395,73.405,0.001187
1742982300000,73.41,73.415,73.365,73.39,0.001624
1742982360000,73.385,73.43,73.385,73.43,0.001498
1742982420000,73.425,73.435,73.425,73.425,0.000765
1742982480000,73.435,73.435,73.425,73.43,0.000648
1742982540000,73.435,73.495,73.435,73.49,0.001214
1742982600000,73.485,73.51,73.48,73.505,0.001812
1742982660000,73.51,73.535,73.51,73.515,0.003647
1742982720000,73.52,73.54,73.52,73.535,0.00193
1742982780000,73.545,73.545,73.515,73.515,0.002953
1742982840000,73.525,73.525,73.52,73.525,0.000243
1742982900000,73.52,73.525,73.485,73.5,0.001884
1742982960000,73.495,73.495,73.465,73.495,0.00205
1742983020000,73.485,73.49,73.48,73.48,0.000997
1742983080000,73.475,73.495,73.475,73.495,0.000674
1742983140000,73.49,73.495,73.485,73.49,0.001402
1742983200000,73.485,73.485,73.45,73.46,0.003282
1742983260000,73.455,73.47,73.445,73.46,0.004142
1742983320000,73.455,73.455,73.4,73.425,0.003511
1742983380000,73.43,73.435,73.415,73.435,0.002667
1742983440000,73.44,73.455,73.44,73.455,0.002301
1742983500000,73.45,73.455,73.43,73.43,0.002428
1742983560000,73.425,73.435,73.42,73.425,0.001106
1742983620000,73.43,73.435,73.41,73.415,0.002118
1742983680000,73.42,73.43,73.42,73.43,0.002254
1742983740000,73.435,73.435,73.425,73.435,0.001552
1742983800000,73.425,73.43,73.415,73.425,0.002608
1742983860000,73.43,73.43,73.425,73.43,0.000458
1742983920000,73.425,73.435,73.425,73.435,0.000346
1742983980000,73.43,73.44,73.425,73.44,0.001862
1742984040000,73.445,73.45,73.435,73.44,0.002308
1742984100000,73.445,73.45,73.415,73.43,0.002987
1742984160000,73.435,73.445,73.4,73.4,0.00327
1742984220000,73.395,73.4,73.385,73.385,0.002153
1742984280000,73.39,73.415,73.39,73.41,0.001115
1742984340000,73.405,73.445,73.405,73.415,0.002383
1742984400000,73.405,73.455,73.405,73.455,0.000927
1742984460000,73.45,73.455,73.435,73.455,0.000985
1742984520000,73.455,73.455,73.455,73.455,0
1742984580000,73.465,73.465,73.45,73.46,0.001124
1742984640000,73.455,73.475,73.455,73.46,0.001633
1742984700000,73.455,73.47,73.455,73.465,0.000684
1742984760000,73.47,73.5,73.47,73.475,0.002895
1742984820000,73.48,73.485,73.475,73.475,0.003101
1742984880000,73.48,73.48,73.44,73.465,0.003299
1742984940000,73.475,73.48,73.475,73.48,0.000378
1742985000000,73.485,73.53,73.485,73.53,0.002247
1742985060000,73.525,73.545,73.525,73.545,0.001376
1742985120000,73.555,73.575,73.555,73.56,0.003424
1742985180000,73.565,73.575,73.565,73.565,0.00085
1742985240000,73.575,73.59,73.575,73.585,0.000684
1742985300000,73.58,73.605,73.58,73.605,0.000918
1742985360000,73.6,73.615,73.6,73.61,0.00124
1742985420000,73.615,73.615,73.595,73.595,0.003376
1742985480000,73.6,73.605,73.595,73.605,0.000931
1742985540000,73.61,73.615,73.605,73.61,0.003022
1742985600000,73.605,73.625,73.605,73.615,0.004293
1742985660000,73.62,73.625,73.605,73.625,0.00301
1742985720000,73.62,73.625,73.615,73.62,0.002725
1742985780000,73.625,73.655,73.615,73.65,0.001309
1742985840000,73.645,73.675,73.635,73.67,0.005301
1742985900000,73.675,73.68,73.67,73.675,0.002727
1742985960000,73.68,73.685,73.675,73.68,0.002762
1742986020000,73.685,73.705,73.68,73.7,0.002817
1742986080000,73.705,73.705,73.665,73.675,0.003915
1742986140000,73.68,73.695,73.675,73.695,0.003519
1742986200000,73.69,73.695,73.685,73.685,0.000796
1742986260000,73.69,73.695,73.685,73.685,0.001624
1742986320000,73.68,73.7,73.675,73.7,0.002184
1742986380000,73.695,73.705,73.695,73.7,0.001106
1742986440000,73.695,73.7,73.685,73.685,0.00234
1742986500000,73.695,73.695,73.685,73.695,0.001233
1742986560000,73.69,73.7,73.68,73.685,0.00415
1742986620000,73.675,73.69,73.675,73.68,0.002663
1742986680000,73.675,73.675,73.655,73.665,0.004665
1742986740000,73.655,73.655,73.625,73.63,0.005205
1742986800000,73.635,73.64,73.585,73.605,0.002918
1742986860000,73.61,73.625,73.595,73.615,0.001161
1742986920000,73.61,73.62,73.6,73.61,0.001444
1742986980000,73.615,73.615,73.595,73.6,0.001089
1742987040000,73.595,73.615,73.595,73.6,0.001151
1742987100000,73.605,73.615,73.605,73.61,0.000513
1742987160000,73.605,73.615,73.585,73.585,0.001237
1742987220000,73.59,73.595,73.585,73.585,0.000608
1742987280000,73.59,73.59,73.575,73.58,0.001111
1742987340000,73.585,73.6,73.585,73.585,0.000859
1742987400000,73.59,73.6,73.555,73.555,0.001128
1742987460000,73.56,73.565,73.555,73.565,0.00036
1742987520000,73.575,73.595,73.565,73.595,0.000378
1742987580000,73.605,73.605,73.605,73.605,0.00009
1742987640000,73.595,73.595,73.575,73.585,0.000284
1742987700000,73.595,73.605,73.595,73.605,0.00027
1742987760000,73.615,73.615,73.6,73.615,0.000284
1742987820000,73.625,73.635,73.625,73.635,0.000581
1742987880000,73.63,73.645,73.625,73.645,0.001471
1742987940000,73.65,73.65,73.615,73.635,0.000994
1742988000000,73.625,73.635,73.62,73.625,0.000917
1742988060000,73.635,73.635,73.635,73.635,0.000054
1742988120000,73.645,73.65,73.635,73.645,0.000648
1742988180000,73.65,73.655,73.63,73.635,0.000828
1742988240000,73.64,73.65,73.635,73.635,0.000927
1742988300000,73.66,73.68,73.66,73.68,0.000459
1742988360000,73.69,73.695,73.675,73.685,0.001979
1742988420000,73.675,73.705,73.635,73.65,0.004386
1742988480000,73.655,73.665,73.645,73.665,0.000903
1742988540000,73.655,73.66,73.64,73.655,0.000634
1742988600000,73.665,73.685,73.665,73.675,0.000531
1742988660000,73.685,73.705,73.685,73.69,0.001224
1742988720000,73.685,73.685,73.675,73.685,0.001349
1742988780000,73.68,73.68,73.675,73.675,0.000526
1742988840000,73.68,73.69,73.68,73.685,0.0004
1742988900000,73.69,73.7,73.69,73.695,0.000297
1742988960000,73.7,73.7,73.685,73.685,0.000392
1742989020000,73.68,73.685,73.675,73.675,0.000999
1742989080000,73.665,73.665,73.64,73.645,0.001606
1742989140000,73.64,73.645,73.63,73.645,0.002361
1742989200000,73.64,73.64,73.625,73.64,0.003434
1742989260000,73.645,73.645,73.6,73.605,0.002447
1742989320000,73.6,73.625,73.6,73.615,0.002087
1742989380000,73.62,73.625,73.585,73.595,0.001789
1742989440000,73.615,73.625,73.615,73.615,0.000657
1742989500000,73.605,73.615,73.605,73.61,0.00085
1742989560000,73.615,73.615,73.61,73.615,0.000823
1742989620000,73.605,73.615,73.605,73.615,0.002564
1742989680000,73.61,73.62,73.605,73.615,0.001335
1742989740000,73.625,73.625,73.61,73.625,0.000594
1742989800000,73.63,73.63,73.62,73.62,0.001012
1742989860000,73.625,73.625,73.605,73.61,0.001242
1742989920000,73.615,73.63,73.615,73.63,0.000189
1742989980000,73.635,73.635,73.605,73.615,0.001251
1742990040000,73.625,73.635,73.62,73.635,0.001359
1742990100000,73.63,73.635,73.615,73.615,0.001596
1742990160000,73.61,73.61,73.595,73.61,0.001076
1742990220000,73.615,73.62,73.615,73.62,0.000144
1742990280000,73.625,73.625,73.605,73.605,0.000959
1742990340000,73.6,73.615,73.6,73.61,0.000522
1742990400000,73.605,73.605,73.555,73.585,0.00233
1742990460000,73.59,73.605,73.565,73.605,0.001912
1742990520000,73.595,73.595,73.565,73.57,0.000617
1742990580000,73.575,73.595,73.575,73.59,0.000801
1742990640000,73.595,73.595,73.565,73.585,0.001022
1742990700000,73.58,73.585,73.575,73.575,0.000252
1742990760000,73.585,73.605,73.575,73.58,0.00095
1742990820000,73.585,73.605,73.585,73.605,0.000873
1742990880000,73.615,73.625,73.615,73.62,0.000702
1742990940000,73.625,73.625,73.59,73.605,0.001616
1742991000000,73.595,73.615,73.595,73.615,0.001395
1742991060000,73.625,73.625,73.615,73.615,0.000926
1742991120000,73.625,73.625,73.61,73.625,0.000941
1742991180000,73.64,73.645,73.64,73.645,0.000378
1742991240000,73.64,73.645,73.63,73.63,0.000594
1742991300000,73.625,73.625,73.61,73.615,0.001601
1742991360000,73.605,73.605,73.595,73.605,0.000783
1742991420000,73.615,73.64,73.615,73.64,0.0017
1742991480000,73.635,73.635,73.615,73.62,0.000953
1742991540000,73.615,73.625,73.615,73.625,0.001466
1742991600000,73.63,73.645,73.62,73.64,0.001206
1742991660000,73.615,73.625,73.595,73.6,0.001206
1742991720000,73.595,73.605,73.58,73.605,0.000792
1742991780000,73.615,73.615,73.595,73.595,0.000311
1742991840000,73.59,73.6,73.59,73.6,0.000257
1742991900000,73.605,73.605,73.595,73.605,0.000553
1742991960000,73.61,73.615,73.6,73.605,0.000455
1742992020000,73.595,73.61,73.59,73.595,0.00144
1742992080000,73.6,73.61,73.6,73.605,0.000729
1742992140000,73.595,73.6,73.59,73.59,0.000603
1742992200000,73.595,73.62,73.57,73.575,0.004356
1742992260000,73.565,73.575,73.53,73.555,0.002603
1742992320000,73.56,73.575,73.535,73.57,0.00357
1742992380000,73.575,73.58,73.57,73.575,0.002289
1742992440000,73.58,73.58,73.55,73.55,0.001511
1742992500000,73.555,73.57,73.545,73.545,0.002186
1742992560000,73.55,73.56,73.545,73.545,0.001349
1742992620000,73.55,73.565,73.545,73.555,0.001344
1742992680000,73.565,73.575,73.565,73.57,0.001775
1742992740000,73.575,73.595,73.565,73.595,0.001969
1742992800000,73.605,73.615,73.595,73.6,0.002333
1742992860000,73.605,73.62,73.595,73.61,0.002199
1742992920000,73.615,73.615,73.605,73.605,0.000971
1742992980000,73.61,73.625,73.61,73.615,0.001067
1742993040000,73.625,73.625,73.615,73.625,0.00031
1742993100000,73.63,73.63,73.615,73.615,0.001052
1742993160000,73.625,73.635,73.615,73.63,0.001012
1742993220000,73.635,73.67,73.63,73.66,0.001929
1742993280000,73.665,73.68,73.645,73.675,0.003263
1742993340000,73.68,73.695,73.655,73.665,0.003634
1742993400000,73.66,73.67,73.66,73.66,0.002208
1742993460000,73.655,73.665,73.635,73.635,0.002153
1742993520000,73.645,73.645,73.615,73.645,0.001701
1742993580000,73.655,73.655,73.645,73.645,0.001183
1742993640000,73.635,73.69,73.635,73.685,0.001443
1742993700000,73.68,73.7,73.675,73.68,0.001781
1742993760000,73.675,73.705,73.675,73.675,0.004061
1742993820000,73.685,73.685,73.665,73.675,0.002563
1742993880000,73.68,73.705,73.68,73.7,0.002415
1742993940000,73.705,73.705,73.61,73.63,0.004681
1742994000000,73.635,73.645,73.565,73.59,0.008526
1742994060000,73.585,73.635,73.585,73.61,0.006709
1742994120000,73.615,73.615,73.585,73.6,0.006728
1742994180000,73.595,73.625,73.57,73.625,0.007613
1742994240000,73.62,73.63,73.605,73.61,0.005279
1742994300000,73.605,73.635,73.605,73.635,0.002041
1742994360000,73.645,73.66,73.62,73.645,0.004434
1742994420000,73.65,73.665,73.62,73.62,0.004368
1742994480000,73.625,73.645,73.62,73.635,0.004401
1742994540000,73.64,73.695,73.63,73.69,0.004436
1742994600000,73.695,73.695,73.67,73.68,0.002854
1742994660000,73.685,73.685,73.65,73.655,0.002843
1742994720000,73.66,73.675,73.645,73.67,0.001956
1742994780000,73.675,73.68,73.66,73.675,0.00237
1742994840000,73.68,73.68,73.655,73.66,0.002883
1742994900000,73.665,73.665,73.645,73.645,0.003613
1742994960000,73.65,73.705,73.65,73.705,0.00148
1742995020000,73.7,73.725,73.69,73.72,0.003934
1742995080000,73.725,73.765,73.725,73.74,0.009817
1742995140000,73.745,73.76,73.735,73.75,0.005627
1742995200000,73.755,73.765,73.74,73.74,0.002325
1742995260000,73.735,73.75,73.725,73.735,0.002986
1742995320000,73.725,73.73,73.69,73.695,0.003238
1742995380000,73.69,73.715,73.68,73.71,0.002827
1742995440000,73.715,73.715,73.67,73.675,0.00615
1742995500000,73.68,73.68,73.645,73.68,0.007776
1742995560000,73.675,73.69,73.665,73.69,0.006221
1742995620000,73.695,73.695,73.645,73.645,0.004658
1742995680000,73.635,73.675,73.625,73.66,0.004438
1742995740000,73.655,73.68,73.655,73.67,0.005921
1742995800000,73.675,73.715,73.665,73.7,0.007105
1742995860000,73.705,73.755,73.705,73.75,0.005017
1742995920000,73.755,73.82,73.755,73.82,0.00586
1742995980000,73.815,73.82,73.785,73.805,0.00685
1742996040000,73.815,73.835,73.79,73.815,0.00606
1742996100000,73.825,73.845,73.82,73.83,0.008205
1742996160000,73.825,73.835,73.815,73.82,0.004515
1742996220000,73.815,73.855,73.81,73.85,0.003509
1742996280000,73.855,73.855,73.81,73.825,0.004564
1742996340000,73.82,73.895,73.81,73.895,0.009757
1742996400000,73.885,73.895,73.805,73.805,0.009056
1742996460000,73.8,73.85,73.8,73.84,0.006473
1742996520000,73.845,73.855,73.815,73.83,0.005455
1742996580000,73.835,73.87,73.835,73.865,0.002492
1742996640000,73.87,73.885,73.845,73.86,0.007188
1742996700000,73.865,73.885,73.845,73.845,0.005854
1742996760000,73.855,73.89,73.845,73.865,0.002136
1742996820000,73.86,73.88,73.855,73.865,0.001732
1742996880000,73.86,73.86,73.835,73.845,0.00283
1742996940000,73.84,73.85,73.835,73.85,0.001827
1742997000000,73.86,73.86,73.795,73.81,0.004077
1742997060000,73.815,73.835,73.79,73.795,0.005878
1742997120000,73.79,73.835,73.79,73.835,0.002276
1742997180000,73.84,73.855,73.83,73.85,0.003723
1742997240000,73.855,73.88,73.855,73.88,0.002833
1742997300000,73.875,73.875,73.86,73.87,0.001895
1742997360000,73.865,73.875,73.855,73.86,0.002745
1742997420000,73.855,73.865,73.81,73.865,0.003063
1742997480000,73.855,73.89,73.845,73.89,0.003167
1742997540000,73.885,73.89,73.86,73.87,0.003296
1742997600000,73.86,73.905,73.845,73.905,0.004637
1742997660000,73.9,73.925,73.885,73.92,0.004691
1742997720000,73.925,73.94,73.905,73.94,0.00277
1742997780000,73.93,73.955,73.93,73.945,0.001597
1742997840000,73.935,73.94,73.905,73.93,0.002983
1742997900000,73.925,73.955,73.92,73.945,0.001121
1742997960000,73.935,73.94,73.905,73.915,0.002946
1742998020000,73.91,73.935,73.9,73.92,0.00206
1742998080000,73.925,73.94,73.915,73.935,0.002104
1742998140000,73.93,73.93,73.9,73.905,0.003421
1742998200000,73.91,73.945,73.905,73.945,0.001539
1742998260000,73.95,73.955,73.935,73.945,0.003946
1742998320000,73.95,73.955,73.935,73.94,0.002375
1742998380000,73.945,73.965,73.925,73.94,0.002775
1742998440000,73.945,73.965,73.935,73.96,0.003438
1742998500000,73.965,73.975,73.955,73.955,0.003648
1742998560000,73.96,73.965,73.945,73.945,0.002861
1742998620000,73.94,73.95,73.935,73.935,0.003847
1742998680000,73.94,73.945,73.93,73.945,0.00335
1742998740000,73.935,73.945,73.925,73.925,0.003554
1742998800000,73.93,73.95,73.925,73.945,0.004172
1742998860000,73.94,73.955,73.925,73.925,0.000986
1742998920000,73.93,73.93,73.915,73.915,0.002419
1742998980000,73.91,73.925,73.905,73.925,0.001956
1742999040000,73.915,73.935,73.915,73.93,0.002101
1742999100000,73.925,73.94,73.92,73.935,0.003021
1742999160000,73.93,73.945,73.92,73.945,0.001445
1742999220000,73.935,73.945,73.935,73.94,0.000909
1742999280000,73.935,73.94,73.91,73.92,0.003504
1742999340000,73.915,73.92,73.89,73.907,0.001512
1742999400000,73.915,73.92,73.86,73.875,0.006474
1742999460000,73.87,73.885,73.81,73.83,0.004603
1742999520000,73.835,73.855,73.82,73.84,0.00355
1742999580000,73.855,73.865,73.825,73.845,0.002965
1742999640000,73.85,73.87,73.845,73.86,0.00358
1742999700000,73.855,73.865,73.82,73.825,0.003316
1742999760000,73.82,73.855,73.77,73.81,0.006001
1742999820000,73.815,73.855,73.81,73.84,0.002272
1742999880000,73.845,73.865,73.835,73.86,0.002078
1742999940000,73.865,73.895,73.855,73.885,0.003883
1743000000000,73.88,73.925,73.865,73.905,0.005127
1743000060000,73.895,73.9,73.875,73.9,0.002336
1743000120000,73.895,73.91,73.875,73.885,0.002497
1743000180000,73.88,73.88,73.855,73.855,0.002842
1743000240000,73.86,73.88,73.855,73.87,0.00117
1743000300000,73.875,73.905,73.87,73.885,0.002749
1743000360000,73.875,73.895,73.875,73.895,0.001291
1743000420000,73.89,73.915,73.89,73.9,0.00175
1743000480000,73.895,73.895,73.865,73.865,0.000805
1743000540000,73.87,73.875,73.845,73.865,0.002492
1743000600000,73.875,73.885,73.855,73.875,0.001895
1743000660000,73.87,73.895,73.855,73.89,0.002165
1743000720000,73.895,73.905,73.885,73.905,0.001682
1743000780000,73.9,73.935,73.9,73.915,0.005608
1743000840000,73.91,73.915,73.905,73.905,0.002793
1743000900000,73.915,73.925,73.905,73.915,0.001673
1743000960000,73.925,73.925,73.915,73.915,0.002172
1743001020000,73.92,73.93,73.915,73.93,0.001956
1743001080000,73.925,73.935,73.925,73.925,0.001929
1743001140000,73.92,73.93,73.915,73.925,0.001007
1743001200000,73.935,73.95,73.93,73.945,0.007448
1743001260000,73.95,73.965,73.945,73.96,0.007911
1743001320000,73.965,73.97,73.925,73.97,0.004586
1743001380000,73.965,74.035,73.96,74.035,0.003827
1743001440000,74.04,74.055,74.025,74.035,0.011012
1743001500000,74.04,74.125,74.04,74.125,0.008186
1743001560000,74.12,74.15,74.115,74.12,0.010373
1743001620000,74.125,74.14,74.1,74.1,0.007921
1743001680000,74.09,74.095,74.06,74.065,0.007658
1743001740000,74.07,74.095,74.07,74.09,0.006803
1743001800000,74.085,74.095,74.065,74.075,0.005167
1743001860000,74.08,74.085,74.065,74.085,0.002481
1743001920000,74.09,74.095,74.075,74.075,0.002267
1743001980000,74.08,74.085,74.07,74.075,0.003333
1743002040000,74.07,74.075,74.055,74.065,0.007568
1743002100000,74.055,74.055,73.995,74.025,0.004961
1743002160000,74.03,74.035,73.975,73.985,0.005785
1743002220000,73.98,74.015,73.975,74.01,0.003747
1743002280000,74.005,74.005,73.975,73.975,0.001489
1743002340000,73.985,73.995,73.97,73.985,0.002006
1743002400000,73.98,73.995,73.95,73.955,0.004502
1743002460000,73.95,73.975,73.935,73.975,0.008574
1743002520000,73.985,74,73.97,73.975,0.004304
1743002580000,73.97,73.985,73.96,73.975,0.002317
1743002640000,73.985,73.99,73.915,73.925,0.003059
1743002700000,73.92,73.92,73.835,73.835,0.005343
1743002760000,73.84,73.865,73.825,73.855,0.004215
1743002820000,73.865,73.865,73.85,73.865,0.003427
1743002880000,73.855,73.855,73.715,73.785,0.010021
1743002940000,73.78,73.87,73.755,73.86,0.010562
1743003000000,73.865,73.935,73.865,73.925,0.006272
1743003060000,73.92,73.935,73.905,73.91,0.003153
1743003120000,73.905,73.965,73.9,73.955,0.003229
1743003180000,73.96,73.995,73.955,73.995,0.002115
1743003240000,74,74,73.975,73.975,0.002976
1743003300000,73.97,73.985,73.965,73.975,0.002416
1743003360000,73.965,73.98,73.955,73.975,0.004723
1743003420000,73.98,74.005,73.98,73.995,0.001242
1743003480000,73.99,74,73.985,73.985,0.001336
1743003540000,73.99,74.005,73.99,74.005,0.000378
1743003600000,74.015,74.035,74.015,74.025,0.000752
1743003660000,74.015,74.015,73.99,74.005,0.002051
1743003720000,74.01,74.02,73.995,74.015,0.001376
1743003780000,74.02,74.02,73.985,74.005,0.003098
1743003840000,74.015,74.035,74.015,74.035,0.003167
1743003900000,74.03,74.055,74.025,74.055,0.005153
1743003960000,74.06,74.065,74.055,74.065,0.000729
1743004020000,74.07,74.1,74.065,74.095,0.001219
1743004080000,74.09,74.135,74.09,74.135,0.002909
1743004140000,74.13,74.13,74.105,74.115,0.002914
1743004200000,74.105,74.125,74.105,74.125,0.00197
1743004260000,74.135,74.145,74.13,74.135,0.001983
1743004320000,74.125,74.13,74.115,74.12,0.002545
1743004380000,74.115,74.125,74.1,74.125,0.005166
1743004440000,74.13,74.145,74.125,74.135,0.003008
1743004500000,74.13,74.13,74.115,74.115,0.00425
1743004560000,74.12,74.125,74.095,74.115,0.005162
1743004620000,74.105,74.125,74.095,74.1,0.00648
1743004680000,74.095,74.105,74.075,74.075,0.005463
1743004740000,74.085,74.085,74.065,74.08,0.00189
1743004800000,74.085,74.085,73.985,74.015,0.008159
1743004860000,74.025,74.025,73.93,73.935,0.006248
1743004920000,73.94,73.97,73.925,73.925,0.004389
1743004980000,73.93,73.94,73.87,73.875,0.007464
1743005040000,73.885,73.915,73.875,73.905,0.006773
1743005100000,73.91,73.935,73.895,73.91,0.007991
1743005160000,73.915,73.925,73.855,73.855,0.008408
1743005220000,73.85,73.88,73.835,73.875,0.0068
1743005280000,73.88,73.895,73.855,73.865,0.011288
1743005340000,73.875,73.88,73.815,73.83,0.004762
1743005400000,73.835,73.84,73.815,73.835,0.004146
1743005460000,73.84,73.84,73.785,73.79,0.00554
1743005520000,73.795,73.825,73.785,73.795,0.002758
1743005580000,73.8,73.83,73.79,73.825,0.002021
1743005640000,73.82,73.845,73.815,73.835,0.002223
1743005700000,73.84,73.845,73.82,73.825,0.001687
1743005760000,73.83,73.885,73.83,73.88,0.001633
1743005820000,73.875,73.875,73.835,73.845,0.002051
1743005880000,73.84,73.85,73.835,73.845,0.000868
1743005940000,73.835,73.835,73.795,73.795,0.003535
1743006000000,73.79,73.82,73.765,73.785,0.006305
1743006060000,73.8,73.845,73.795,73.845,0.002722
1743006120000,73.84,73.855,73.835,73.855,0.003624
1743006180000,73.85,73.855,73.815,73.825,0.002279
1743006240000,73.82,73.845,73.805,73.825,0.006464
1743006300000,73.82,73.845,73.82,73.84,0.005654
1743006360000,73.845,73.875,73.845,73.855,0.005806
1743006420000,73.86,73.875,73.845,73.86,0.004018
1743006480000,73.865,73.935,73.855,73.925,0.006844
1743006540000,73.92,73.925,73.89,73.9,0.017464
1743006600000,73.905,73.95,73.895,73.945,0.004924
1743006660000,73.96,74.015,73.96,73.995,0.007619
1743006720000,74,74,73.935,73.95,0.005064
1743006780000,73.945,73.95,73.915,73.945,0.002032
1743006840000,73.955,73.955,73.93,73.93,0.004357
1743006900000,73.935,73.935,73.9,73.915,0.005001
1743006960000,73.925,73.945,73.895,73.895,0.002792
1743007020000,73.9,73.905,73.895,73.895,0.000998
1743007080000,73.905,73.905,73.875,73.895,0.002833
1743007140000,73.885,73.885,73.875,73.875,0.002657
1743007200000,73.865,73.875,73.855,73.875,0.003916
1743007260000,73.89,73.9,73.885,73.895,0.002455
1743007320000,73.905,73.905,73.905,73.905,0.000054
1743007380000,73.915,73.935,73.915,73.935,0.000688
1743007440000,73.93,73.93,73.91,73.92,0.002104
1743007500000,73.915,73.985,73.915,73.98,0.00357
1743007560000,73.975,73.99,73.965,73.965,0.002347
1743007620000,73.975,73.985,73.965,73.975,0.003736
1743007680000,73.98,74.005,73.975,74.005,0.004253
1743007740000,74.01,74.01,73.985,73.995,0.002549
1743007800000,73.99,74,73.985,73.995,0.001178
1743007860000,73.99,74.005,73.985,73.995,0.001722
1743007920000,74,74.01,74,74.005,0.001914
1743007980000,74.01,74.015,73.965,73.965,0.002019
1743008040000,73.96,73.97,73.93,73.93,0.004631
1743008100000,73.925,73.925,73.855,73.855,0.009852
1743008160000,73.86,73.89,73.835,73.835,0.00691
1743008220000,73.83,73.86,73.825,73.855,0.003696
1743008280000,73.865,73.875,73.82,73.825,0.004424
1743008340000,73.83,73.865,73.83,73.855,0.003617
1743008400000,73.85,73.85,73.795,73.8,0.006722
1743008460000,73.795,73.82,73.795,73.82,0.00237
1743008520000,73.825,73.87,73.825,73.86,0.00229
1743008580000,73.855,73.86,73.84,73.85,0.00313
1743008640000,73.845,73.85,73.82,73.83,0.005459
1743008700000,73.825,73.83,73.8,73.805,0.002914
1743008760000,73.81,73.82,73.805,73.82,0.002065
1743008820000,73.815,73.84,73.815,73.825,0.002581
1743008880000,73.82,73.825,73.795,73.795,0.003266
1743008940000,73.8,73.815,73.8,73.8,0.002185
1743009000000,73.795,73.825,73.795,73.81,0.003536
1743009060000,73.815,73.84,73.815,73.835,0.001601
1743009120000,73.825,73.875,73.825,73.87,0.00297
1743009180000,73.875,73.88,73.855,73.86,0.002265
1743009240000,73.855,73.88,73.855,73.87,0.003889
1743009300000,73.865,73.87,73.845,73.845,0.003721
1743009360000,73.84,73.86,73.835,73.855,0.002934
1743009420000,73.845,73.85,73.83,73.835,0.002596
1743009480000,73.83,73.83,73.82,73.83,0.001269
1743009540000,73.825,73.825,73.815,73.82,0.001975
1743009600000,73.825,73.845,73.825,73.84,0.001089
1743009660000,73.83,73.84,73.795,73.81,0.004383
1743009720000,73.815,73.845,73.81,73.82,0.002428
1743009780000,73.81,73.84,73.805,73.825,0.003909
1743009840000,73.83,73.835,73.815,73.815,0.003442
1743009900000,73.81,73.82,73.765,73.765,0.002476
1743009960000,73.76,73.795,73.725,73.79,0.006272
1743010020000,73.785,73.805,73.765,73.805,0.002775
1743010080000,73.8,73.845,73.795,73.845,0.003596
1743010140000,73.84,73.855,73.825,73.825,0.002597
1743010200000,73.82,73.82,73.78,73.78,0.002178
1743010260000,73.775,73.775,73.745,73.755,0.002711
1743010320000,73.76,73.76,73.715,73.735,0.003368
1743010380000,73.73,73.735,73.705,73.705,0.005061
1743010440000,73.695,73.715,73.695,73.715,0.002469
1743010500000,73.72,73.72,73.695,73.695,0.004217
1743010560000,73.69,73.695,73.645,73.655,0.007928
1743010620000,73.645,73.645,73.605,73.61,0.002766
1743010680000,73.605,73.645,73.595,73.645,0.002177
1743010740000,73.64,73.645,73.63,73.645,0.002087
1743010800000,73.635,73.69,73.635,73.675,0.001571
1743010860000,73.665,73.695,73.665,73.675,0.001484
1743010920000,73.67,73.72,73.665,73.695,0.003105
1743010980000,73.7,73.745,73.695,73.725,0.004019
1743011040000,73.72,73.725,73.69,73.715,0.00349
1743011100000,73.73,73.75,73.715,73.73,0.002729
1743011160000,73.72,73.72,73.68,73.68,0.00272
1743011220000,73.675,73.69,73.675,73.675,0.001588
1743011280000,73.67,73.675,73.645,73.65,0.003292
1743011340000,73.655,73.66,73.64,73.66,0.002348
1743011400000,73.655,73.655,73.625,73.645,0.003202
1743011460000,73.635,73.645,73.63,73.635,0.002317
1743011520000,73.625,73.625,73.615,73.615,0.002783
1743011580000,73.595,73.605,73.575,73.585,0.003271
1743011640000,73.59,73.615,73.585,73.585,0.001591
1743011700000,73.595,73.615,73.585,73.61,0.001457
1743011760000,73.605,73.615,73.6,73.6,0.002333
1743011820000,73.605,73.635,73.595,73.615,0.00308
1743011880000,73.62,73.645,73.615,73.63,0.001903
1743011940000,73.625,73.65,73.625,73.65,0.001628
1743012000000,73.645,73.645,73.62,73.625,0.002937
1743012060000,73.615,73.625,73.615,73.62,0.002902
1743012120000,73.625,73.695,73.615,73.69,0.006228
1743012180000,73.695,73.715,73.69,73.705,0.00263
1743012240000,73.7,73.725,73.69,73.715,0.002578
1743012300000,73.72,73.735,73.715,73.72,0.002371
1743012360000,73.715,73.715,73.695,73.715,0.002627
1743012420000,73.705,73.705,73.685,73.695,0.000761
1743012480000,73.685,73.705,73.68,73.705,0.000365
1743012540000,73.71,73.715,73.685,73.695,0.002217
1743012600000,73.7,73.705,73.69,73.695,0.000914
1743012660000,73.7,73.71,73.685,73.71,0.002024
1743012720000,73.705,73.715,73.69,73.695,0.002236
1743012780000,73.69,73.715,73.66,73.665,0.004241
1743012840000,73.66,73.685,73.655,73.68,0.003198
1743012900000,73.675,73.695,73.65,73.695,0.00185
1743012960000,73.705,73.705,73.675,73.675,0.001443
1743013020000,73.665,73.695,73.665,73.685,0.002991
1743013080000,73.69,73.695,73.675,73.695,0.001193
1743013140000,73.69,73.69,73.675,73.685,0.001593
1743013200000,73.68,73.715,73.68,73.715,0.002016
1743013260000,73.705,73.705,73.675,73.675,0.000653
1743013320000,73.68,73.685,73.665,73.685,0.001053
1743013380000,73.695,73.695,73.675,73.68,0.002569
1743013440000,73.675,73.685,73.665,73.675,0.003559
1743013500000,73.665,73.695,73.665,73.675,0.002047
1743013560000,73.67,73.705,73.655,73.695,0.005262
1743013620000,73.7,73.725,73.695,73.725,0.006134
1743013680000,73.705,73.795,73.7,73.785,0.01035
1743013740000,73.79,73.795,73.775,73.785,0.006512
1743013800000,73.775,73.795,73.765,73.78,0.007668
1743013860000,73.785,73.8,73.775,73.775,0.005192
1743013920000,73.77,73.775,73.765,73.775,0.00209
1743013980000,73.785,73.785,73.77,73.78,0.001296
1743014040000,73.785,73.785,73.765,73.77,0.001295
1743014100000,73.765,73.77,73.765,73.765,0.00036
1743014160000,73.77,73.775,73.765,73.765,0.001044
1743014220000,73.775,73.785,73.775,73.78,0.000365
1743014280000,73.775,73.78,73.755,73.755,0.000293
1743014340000,73.765,73.77,73.755,73.755,0.000302
1743014400000,73.765,73.77,73.755,73.755,0.000693
1743014460000,73.76,73.765,73.755,73.755,0.000909
1743014520000,73.76,73.77,73.76,73.77,0.000346
1743014580000,73.775,73.785,73.77,73.785,0.000851
1743014640000,73.785,73.785,73.785,73.785,0
1743014700000,73.79,73.805,73.79,73.8,0.000635
1743014760000,73.795,73.8,73.785,73.785,0.000338
1743014820000,73.785,73.785,73.785,73.785,0
1743014880000,73.785,73.785,73.785,73.785,0
1743014940000,73.785,73.785,73.785,73.785,0
1743015000000,73.775,73.775,73.745,73.745,0.001867
1743015060000,73.735,73.745,73.735,73.735,0.001467
1743015120000,73.745,73.745,73.7,73.7,0.002091
1743015180000,73.705,73.705,73.69,73.695,0.002374
1743015240000,73.705,73.71,73.695,73.705,0.00139
1743015300000,73.695,73.7,73.685,73.695,0.002185
1743015360000,73.705,73.715,73.7,73.71,0.001228
1743015420000,73.715,73.72,73.705,73.705,0.000445
1743015480000,73.705,73.705,73.705,73.705,0
1743015540000,73.695,73.7,73.69,73.69,0.000702
1743015600000,73.685,73.715,73.685,73.715,0.000882
1743015660000,73.71,73.71,73.695,73.705,0.000957
1743015720000,73.71,73.72,73.7,73.7,0.000994
1743015780000,73.705,73.715,73.68,73.685,0.001362
1743015840000,73.695,73.72,73.695,73.72,0.001129
1743015900000,73.725,73.735,73.72,73.735,0.001304
1743015960000,73.73,73.735,73.72,73.72,0.00112
1743016020000,73.725,73.725,73.715,73.715,0.001308
1743016080000,73.72,73.725,73.72,73.725,0.001039
1743016140000,73.745,73.77,73.745,73.765,0.002083
1743016200000,73.77,73.77,73.755,73.755,0.000495
1743016260000,73.76,73.765,73.755,73.755,0.000702
1743016320000,73.76,73.77,73.76,73.77,0.000715
1743016380000,73.765,73.765,73.755,73.755,0.000904
1743016440000,73.765,73.765,73.765,73.765,0.000054
1743016500000,73.775,73.79,73.775,73.78,0.000662
1743016560000,73.775,73.785,73.775,73.78,0.000891
1743016620000,73.785,73.785,73.78,73.78,0.000972
1743016680000,73.775,73.78,73.775,73.78,0.000225
1743016740000,73.785,73.8,73.785,73.8,0.001597
1743016800000,73.795,73.805,73.79,73.805,0.0012
1743016860000,73.8,73.82,73.8,73.815,0.000878
1743016920000,73.81,73.815,73.805,73.81,0.000801
1743016980000,73.825,73.825,73.8,73.8,0.000365
1743017040000,73.805,73.805,73.8,73.8,0.000378
1743017100000,73.805,73.815,73.805,73.81,0.001094
1743017160000,73.815,73.82,73.805,73.805,0.000872
1743017220000,73.81,73.815,73.81,73.815,0.000144
1743017280000,73.82,73.82,73.795,73.8,0.000581
1743017340000,73.795,73.795,73.785,73.79,0.000801
1743017400000,73.795,73.795,73.795,73.795,0.000054
1743017460000,73.8,73.8,73.795,73.795,0.000108
1743017520000,73.785,73.8,73.785,73.785,0.00036
1743017580000,73.795,73.805,73.795,73.795,0.000468
1743017640000,73.805,73.805,73.785,73.785,0.000769
1743017700000,73.795,73.795,73.79,73.79,0.001523
1743017760000,73.785,73.785,73.78,73.785,0.001214
1743017820000,73.78,73.78,73.775,73.775,0.000256
1743017880000,73.78,73.795,73.78,73.795,0.000391
1743017940000,73.79,73.795,73.79,73.79,0.000714
1743018000000,73.78,73.78,73.78,73.78,0.00027
1743018060000,73.785,73.795,73.785,73.79,0.000711
1743018120000,73.785,73.8,73.785,73.8,0.000567
1743018180000,73.805,73.825,73.805,73.82,0.00155
1743018240000,73.815,73.815,73.81,73.81,0.000512
1743018300000,73.815,73.815,73.805,73.81,0.000419
1743018360000,73.815,73.83,73.815,73.825,0.00027
1743018420000,73.835,73.84,73.835,73.835,0.000176
1743018480000,73.845,73.845,73.83,73.835,0.000809
1743018540000,73.83,73.845,73.83,73.845,0.000333
1743018600000,73.84,73.845,73.835,73.835,0.000486
1743018660000,73.84,73.87,73.835,73.85,0.001269
1743018720000,73.845,73.845,73.82,73.82,0.001767
1743018780000,73.815,73.815,73.805,73.815,0.000603
1743018840000,73.81,73.825,73.81,73.82,0.000365
1743018900000,73.825,73.825,73.815,73.815,0.000351
1743018960000,73.82,73.825,73.805,73.805,0.00116
1743019020000,73.81,73.815,73.795,73.795,0.001411
1743019080000,73.79,73.805,73.79,73.795,0.001038
1743019140000,73.805,73.815,73.795,73.81,0.001717
1743019200000,73.815,73.82,73.815,73.82,0.000513
1743019260000,73.825,73.83,73.82,73.825,0.001133
1743019320000,73.82,73.825,73.82,73.82,0.001686
1743019380000,73.825,73.85,73.825,73.85,0.000782
1743019440000,73.855,73.87,73.855,73.865,0.000216
1743019500000,73.87,73.885,73.87,73.885,0.000162
1743019560000,73.88,73.88,73.87,73.87,0.000108
1743019620000,73.875,73.88,73.875,73.88,0.000216
1743019680000,73.87,73.88,73.87,73.88,0.000162
1743019740000,73.89,73.92,73.89,73.91,0.000284
1743019800000,73.9,73.905,73.9,73.905,0.000189
1743019860000,73.905,73.905,73.905,73.905,0
1743019920000,73.91,73.915,73.9,73.9,0.000356
1743019980000,73.905,73.905,73.905,73.905,0.000054
1743020040000,73.91,73.91,73.905,73.905,0.00027
1743020100000,73.905,73.905,73.905,73.905,0
1743020160000,73.9,73.9,73.89,73.895,0.000279
1743020220000,73.895,73.895,73.895,73.895,0.000054
1743020280000,73.9,73.905,73.895,73.9,0.000729
1743020340000,73.895,73.895,73.895,73.895,0.000135
1743020400000,73.9,73.91,73.895,73.905,0.000999
1743020460000,73.91,73.915,73.91,73.91,0.000401
1743020520000,73.915,73.915,73.91,73.915,0.000365
1743020580000,73.91,73.925,73.91,73.92,0.000513
1743020640000,73.925,73.94,73.92,73.94,0.000783
1743020700000,73.935,73.935,73.92,73.93,0.000562
1743020760000,73.925,73.94,73.925,73.94,0.000405
1743020820000,73.945,73.955,73.945,73.955,0.000634
1743020880000,73.965,73.975,73.965,73.97,0.000504
1743020940000,73.965,73.965,73.96,73.96,0.000189
1743021000000,73.955,73.97,73.955,73.97,0.000284
1743021060000,73.98,73.99,73.98,73.985,0.000351
1743021120000,73.99,73.99,73.99,73.99,0.000054
1743021180000,73.985,73.985,73.98,73.985,0.000243
1743021240000,73.99,73.99,73.98,73.98,0.000311
1743021300000,73.975,73.98,73.975,73.975,0.000306
1743021360000,73.985,73.995,73.98,73.995,0.00085
1743021420000,74,74,73.985,74,0.000297
1743021480000,73.995,74.02,73.995,73.995,0.000698
1743021540000,74,74.005,74,74.005,0.000108
1743021600000,74.01,74.04,74.01,74.04,0.000994
1743021660000,74.035,74.05,74.03,74.045,0.000994
1743021720000,74.04,74.04,74.02,74.02,0.000904
1743021780000,74.025,74.025,74.025,74.025,0.000054
1743021840000,74.02,74.025,74.02,74.02,0.000324
1743021900000,74.02,74.02,74.02,74.02,0
1743021960000,74.025,74.035,74.02,74.035,0.000297
1743022020000,74.04,74.04,74.025,74.025,0.000383
1743022080000,74.015,74.015,74.005,74.01,0.000216
1743022140000,74.015,74.015,74.005,74.005,0.000176
1743022200000,74,74,73.995,73.995,0.000144
1743022260000,74.01,74.01,74.005,74.005,0.000108
1743022320000,74.01,74.01,74,74.005,0.000351
1743022380000,74,74.005,74,74,0.000257
1743022440000,73.995,74,73.995,74,0.000122
1743022500000,73.995,74.01,73.995,74.01,0.000455
1743022560000,74.015,74.025,74.01,74.025,0.000518
1743022620000,74.03,74.03,74.01,74.01,0.000189
1743022680000,74.025,74.03,74.02,74.03,0.000351
1743022740000,74.04,74.04,74.025,74.03,0.000864
1743379200000,72.827,72.865,72.827,72.86,0.001188
1743379260000,72.855,72.86,72.835,72.845,0.000486
1743379320000,72.84,72.845,72.835,72.845,0.001103
1743379380000,72.845,72.845,72.845,72.845,0
1743379440000,72.845,72.845,72.845,72.845,0
1743379500000,72.835,72.89,72.835,72.88,0.000603
1743379560000,72.875,72.885,72.84,72.86,0.000752
1743379620000,72.855,72.875,72.81,72.815,0.001008
1743379680000,72.805,72.815,72.79,72.81,0.000752
1743379740000,72.8,72.8,72.79,72.795,0.000374
1743379800000,72.79,72.79,72.775,72.775,0.000396
1743379860000,72.77,72.77,72.75,72.755,0.001562
1743379920000,72.745,72.76,72.745,72.755,0.000608
1743379980000,72.745,72.745,72.715,72.72,0.000986
1743380040000,72.725,72.725,72.71,72.72,0.001049
1743380100000,72.725,72.725,72.71,72.71,0.000266
1743380160000,72.705,72.705,72.695,72.695,0.000486
1743380220000,72.7,72.705,72.695,72.695,0.000756
1743380280000,72.67,72.675,72.6,72.605,0.000878
1743380340000,72.59,72.59,72.535,72.585,0.001967
1743380400000,72.58,72.605,72.58,72.6,0.00099
1743380460000,72.595,72.605,72.585,72.59,0.000626
1743380520000,72.585,72.605,72.585,72.585,0.000716
1743380580000,72.59,72.595,72.585,72.585,0.00036
1743380640000,72.59,72.615,72.59,72.615,0.000747
1743380700000,72.625,72.625,72.605,72.605,0.000824
1743380760000,72.6,72.615,72.595,72.595,0.001521
1743380820000,72.6,72.615,72.565,72.565,0.000999
1743380880000,72.57,72.57,72.515,72.52,0.001283
1743380940000,72.515,72.525,72.475,72.49,0.001283
1743381000000,72.495,72.505,72.45,72.47,0.001481
1743381060000,72.475,72.485,72.405,72.415,0.001472
1743381120000,72.42,72.445,72.42,72.44,0.000468
1743381180000,72.445,72.445,72.425,72.435,0.000824
1743381240000,72.44,72.445,72.367,72.367,0.000822
1743381300000,72.367,72.367,72.255,72.285,0.002114
1743381360000,72.29,72.325,72.285,72.31,0.001715
1743381420000,72.32,72.325,72.295,72.3,0.000378
1743381480000,72.305,72.305,72.26,72.27,0.002565
1743381540000,72.275,72.315,72.275,72.315,0.001503
1743381600000,72.32,72.325,72.315,72.325,0.000864
1743381660000,72.33,72.34,72.32,72.325,0.000743
1743381720000,72.33,72.34,72.325,72.335,0.000783
1743381780000,72.34,72.365,72.335,72.36,0.000662
1743381840000,72.355,72.375,72.35,72.355,0.001346
1743381900000,72.36,72.395,72.36,72.39,0.000918
1743381960000,72.385,72.405,72.38,72.405,0.000414
1743382020000,72.395,72.415,72.39,72.4,0.000405
1743382080000,72.385,72.395,72.38,72.38,0.000306
1743382140000,72.385,72.385,72.37,72.38,0.0009
1743382200000,72.385,72.435,72.385,72.42,0.00077
1743382260000,72.43,72.43,72.405,72.41,0.000428
1743382320000,72.405,72.405,72.375,72.375,0.000554
1743382380000,72.38,72.385,72.375,72.385,0.000878
1743382440000,72.39,72.395,72.35,72.355,0.00081
1743382500000,72.35,72.37,72.345,72.35,0.000972
1743382560000,72.355,72.355,72.32,72.32,0.000432
1743382620000,72.325,72.325,72.285,72.285,0.000648
1743382680000,72.29,72.31,72.29,72.305,0.000306
1743382740000,72.31,72.32,72.305,72.32,0.000491
1743382800000,72.335,72.39,72.315,72.345,0.006305
1743382860000,72.35,72.49,72.345,72.485,0.003182
1743382920000,72.475,72.505,72.385,72.425,0.00279
1743382980000,72.43,72.455,72.415,72.45,0.00104
1743383040000,72.46,72.55,72.455,72.545,0.003555
1743383100000,72.55,72.595,72.53,72.595,0.002421
1743383160000,72.585,72.585,72.53,72.53,0.002115
1743383220000,72.535,72.565,72.515,72.56,0.001175
1743383280000,72.565,72.565,72.525,72.525,0.000716
1743383340000,72.53,72.535,72.505,72.505,0.00108
1743383400000,72.5,72.5,72.475,72.49,0.00104
1743383460000,72.495,72.495,72.465,72.475,0.000702
1743383520000,72.48,72.51,72.48,72.505,0.000756
1743383580000,72.52,72.52,72.505,72.51,0.001193
1743383640000,72.525,72.535,72.515,72.525,0.00081
1743383700000,72.53,72.535,72.52,72.525,0.001026
1743383760000,72.535,72.535,72.495,72.51,0.00194
1743383820000,72.515,72.515,72.495,72.505,0.000594
1743383880000,72.51,72.535,72.495,72.495,0.001733
1743383940000,72.505,72.525,72.5,72.52,0.000954
1743384000000,72.525,72.535,72.525,72.535,0.000252
1743384060000,72.53,72.55,72.525,72.535,0.001332
1743384120000,72.54,72.585,72.535,72.585,0.000891
1743384180000,72.575,72.605,72.575,72.595,0.000918
1743384240000,72.59,72.655,72.585,72.63,0.002003
1743384300000,72.625,72.63,72.585,72.585,0.001224
1743384360000,72.575,72.6,72.575,72.6,0.000311
1743384420000,72.595,72.615,72.59,72.61,0.001553
1743384480000,72.615,72.655,72.615,72.655,0.002723
1743384540000,72.65,72.665,72.64,72.665,0.001265
1743384600000,72.675,72.675,72.62,72.625,0.001989
1743384660000,72.62,72.635,72.615,72.625,0.001413
1743384720000,72.61,72.615,72.545,72.555,0.001112
1743384780000,72.565,72.595,72.56,72.585,0.001256
1743384840000,72.595,72.615,72.595,72.615,0.001431
1743384900000,72.62,72.625,72.585,72.585,0.000896
1743384960000,72.575,72.585,72.535,72.54,0.002021
1743385020000,72.53,72.535,72.485,72.485,0.002741
1743385080000,72.475,72.52,72.475,72.51,0.001818
1743385140000,72.505,72.515,72.48,72.48,0.001467
1743385200000,72.485,72.52,72.48,72.51,0.001314
1743385260000,72.515,72.525,72.505,72.525,0.001454
1743385320000,72.52,72.535,72.515,72.535,0.000936
1743385380000,72.53,72.53,72.505,72.515,0.001301
1743385440000,72.505,72.505,72.495,72.5,0.000716
1743385500000,72.495,72.51,72.47,72.505,0.0018
1743385560000,72.5,72.545,72.5,72.535,0.001593
1743385620000,72.525,72.545,72.52,72.53,0.001962
1743385680000,72.525,72.545,72.515,72.515,0.000968
1743385740000,72.505,72.565,72.495,72.565,0.001733
1743385800000,72.56,72.56,72.535,72.545,0.001125
1743385860000,72.535,72.56,72.53,72.555,0.000657
1743385920000,72.545,72.555,72.535,72.535,0.000878
1743385980000,72.54,72.565,72.54,72.56,0.001328
1743386040000,72.565,72.58,72.565,72.575,0.000594
1743386100000,72.57,72.575,72.555,72.555,0.001224
1743386160000,72.55,72.565,72.535,72.565,0.001836
1743386220000,72.56,72.595,72.56,72.595,0.001805
1743386280000,72.59,72.605,72.575,72.6,0.001728
1743386340000,72.595,72.595,72.57,72.575,0.000783
1743386400000,72.565,72.565,72.535,72.535,0.001742
1743386460000,72.545,72.58,72.545,72.575,0.000851
1743386520000,72.565,72.57,72.515,72.525,0.002156
1743386580000,72.535,72.565,72.535,72.545,0.000914
1743386640000,72.535,72.535,72.475,72.49,0.001238
1743386700000,72.485,72.495,72.455,72.46,0.002597
1743386760000,72.465,72.48,72.455,72.475,0.002075
1743386820000,72.47,72.475,72.415,72.415,0.002295
1743386880000,72.41,72.415,72.395,72.395,0.001092
1743386940000,72.39,72.41,72.37,72.405,0.003985
1743387000000,72.4,72.425,72.395,72.41,0.002273
1743387060000,72.405,72.405,72.355,72.375,0.001296
1743387120000,72.38,72.41,72.38,72.41,0.001427
1743387180000,72.415,72.425,72.405,72.425,0.000684
1743387240000,72.43,72.455,72.425,72.45,0.001247
1743387300000,72.455,72.485,72.455,72.485,0.000923
1743387360000,72.48,72.485,72.47,72.48,0.00104
1743387420000,72.475,72.485,72.475,72.485,0.00054
1743387480000,72.475,72.475,72.445,72.47,0.000545
1743387540000,72.475,72.475,72.465,72.475,0.000162
1743387600000,72.48,72.48,72.465,72.475,0.000306
1743387660000,72.465,72.48,72.465,72.47,0.000549
1743387720000,72.465,72.475,72.465,72.47,0.000266
1743387780000,72.475,72.475,72.465,72.465,0.000765
1743387840000,72.47,72.47,72.455,72.46,0.000702
1743387900000,72.455,72.465,72.455,72.46,0.000567
1743387960000,72.455,72.465,72.455,72.455,0.000473
1743388020000,72.46,72.48,72.46,72.475,0.001197
1743388080000,72.485,72.495,72.465,72.47,0.00072
1743388140000,72.465,72.47,72.465,72.465,0.000608
1743388200000,72.46,72.46,72.435,72.455,0.001633
1743388260000,72.46,72.475,72.45,72.475,0.00162
1743388320000,72.47,72.47,72.455,72.465,0.000968
1743388380000,72.455,72.46,72.455,72.46,0.000419
1743388440000,72.455,72.465,72.455,72.455,0.000968
1743388500000,72.46,72.47,72.455,72.455,0.000549
1743388560000,72.465,72.465,72.445,72.445,0.000788
1743388620000,72.44,72.465,72.435,72.46,0.001098
1743388680000,72.465,72.465,72.455,72.465,0.000918
1743388740000,72.46,72.475,72.46,72.465,0.001166
1743388800000,72.47,72.47,72.435,72.435,0.001764
1743388860000,72.43,72.43,72.405,72.405,0.001026
1743388920000,72.41,72.415,72.395,72.395,0.001008
1743388980000,72.385,72.395,72.385,72.385,0.001269
1743389040000,72.375,72.385,72.37,72.385,0.000945
1743389100000,72.38,72.395,72.365,72.39,0.002744
1743389160000,72.395,72.395,72.365,72.37,0.003639
1743389220000,72.375,72.39,72.37,72.385,0.001579
1743389280000,72.38,72.39,72.375,72.38,0.001998
1743389340000,72.385,72.385,72.37,72.375,0.001313
1743389400000,72.37,72.37,72.345,72.345,0.000795
1743389460000,72.355,72.365,72.35,72.365,0.001133
1743389520000,72.375,72.375,72.355,72.37,0.00104
1743389580000,72.365,72.385,72.36,72.38,0.002041
1743389640000,72.375,72.385,72.375,72.385,0.001224
1743389700000,72.38,72.455,72.38,72.455,0.002874
1743389760000,72.46,72.465,72.445,72.455,0.001773
1743389820000,72.46,72.47,72.455,72.465,0.00134
1743389880000,72.46,72.465,72.455,72.46,0.001269
1743389940000,72.455,72.475,72.455,72.475,0.000756
1743390000000,72.48,72.515,72.47,72.475,0.00364
1743390060000,72.47,72.47,72.425,72.445,0.003216
1743390120000,72.44,72.455,72.435,72.45,0.002375
1743390180000,72.455,72.455,72.425,72.425,0.001344
1743390240000,72.42,72.42,72.415,72.415,0.000292
1743390300000,72.425,72.43,72.42,72.425,0.000468
1743390360000,72.435,72.445,72.425,72.445,0.001539
1743390420000,72.435,72.435,72.425,72.425,0.000459
1743390480000,72.42,72.425,72.415,72.425,0.001215
1743390540000,72.42,72.425,72.415,72.425,0.000729
1743390600000,72.435,72.445,72.425,72.435,0.001061
1743390660000,72.43,72.435,72.425,72.425,0.000347
1743390720000,72.42,72.425,72.415,72.42,0.002309
1743390780000,72.425,72.445,72.425,72.445,0.000738
1743390840000,72.455,72.455,72.435,72.445,0.000972
1743390900000,72.44,72.46,72.44,72.455,0.001092
1743390960000,72.445,72.455,72.425,72.425,0.001007
1743391020000,72.43,72.43,72.415,72.425,0.000819
1743391080000,72.42,72.425,72.415,72.42,0.000594
1743391140000,72.425,72.435,72.41,72.435,0.00054
1743391200000,72.44,72.45,72.435,72.445,0.001035
1743391260000,72.455,72.455,72.455,72.455,0.000054
1743391320000,72.45,72.465,72.445,72.465,0.000791
1743391380000,72.455,72.455,72.455,72.455,0.000135
1743391440000,72.45,72.49,72.445,72.48,0.001601
1743391500000,72.485,72.49,72.455,72.455,0.002133
1743391560000,72.46,72.46,72.435,72.435,0.000994
1743391620000,72.44,72.48,72.435,72.475,0.000774
1743391680000,72.47,72.47,72.455,72.455,0.000756
1743391740000,72.45,72.455,72.44,72.45,0.001804
1743391800000,72.455,72.455,72.435,72.435,0.000918
1743391860000,72.43,72.445,72.43,72.44,0.000949
1743391920000,72.445,72.445,72.435,72.445,0.000558
1743391980000,72.44,72.445,72.44,72.445,0.000189
1743392040000,72.44,72.455,72.44,72.455,0.000243
1743392100000,72.45,72.455,72.45,72.455,0.000256
1743392160000,72.45,72.465,72.45,72.465,0.000256
1743392220000,72.455,72.455,72.44,72.445,0.000801
1743392280000,72.44,72.445,72.44,72.44,0.000702
1743392340000,72.445,72.45,72.445,72.45,0.000243
1743392400000,72.445,72.445,72.425,72.43,0.000837
1743392460000,72.435,72.435,72.425,72.425,0.000513
1743392520000,72.42,72.425,72.42,72.425,0.000512
1743392580000,72.42,72.435,72.42,72.435,0.000378
1743392640000,72.44,72.44,72.44,72.44,0.000135
1743392700000,72.435,72.445,72.435,72.445,0.000108
1743392760000,72.44,72.445,72.44,72.445,0.000634
1743392820000,72.435,72.445,72.435,72.445,0.000257
1743392880000,72.435,72.435,72.425,72.435,0.000891
1743392940000,72.43,72.44,72.425,72.435,0.000918
1743393000000,72.435,72.435,72.435,72.435,0
1743393060000,72.388,72.445,72.388,72.445,0.003658
1743393120000,72.44,72.445,72.435,72.435,0.000904
1743393180000,72.44,72.44,72.44,72.44,0.000135
1743393240000,72.445,72.445,72.44,72.44,0.000189
1743393300000,72.435,72.445,72.425,72.425,0.000939
1743393360000,72.43,72.455,72.43,72.445,0.000949
1743393420000,72.44,72.44,72.435,72.435,0.00027
1743393480000,72.435,72.435,72.435,72.435,0
1743393540000,72.388,72.445,72.388,72.44,0.003424
1743393600000,72.435,72.445,72.43,72.445,0.000364
1743393660000,72.435,72.445,72.435,72.445,0.000257
1743393720000,72.44,72.445,72.425,72.43,0.001241
1743393780000,72.435,72.435,72.435,72.435,0.000054
1743393840000,72.44,72.44,72.435,72.435,0.000203
1743393900000,72.435,72.435,72.435,72.435,0
1743393960000,72.388,72.445,72.388,72.44,0.003289
1743394020000,72.445,72.45,72.445,72.45,0.000189
1743394080000,72.445,72.445,72.425,72.445,0.000581
1743394140000,72.45,72.46,72.45,72.455,0.000324
1743394200000,72.45,72.45,72.435,72.44,0.000896
1743394260000,72.445,72.45,72.44,72.45,0.000491
1743394320000,72.455,72.465,72.455,72.465,0.000297
1743394380000,72.47,72.475,72.47,72.475,0.000144
1743394440000,72.47,72.47,72.46,72.46,0.000513
1743394500000,72.465,72.465,72.455,72.465,0.000455
1743394560000,72.46,72.46,72.455,72.455,0.000315
1743394620000,72.455,72.455,72.455,72.455,0
1743394680000,72.46,72.465,72.455,72.46,0.000527
1743394740000,72.465,72.465,72.46,72.46,0.000311
1743394800000,72.455,72.465,72.455,72.46,0.000459
1743394860000,72.455,72.46,72.44,72.44,0.000917
1743394920000,72.435,72.435,72.43,72.43,0.000337
1743394980000,72.435,72.445,72.435,72.445,0.000684
1743395040000,72.455,72.455,72.45,72.45,0.000189
1743395100000,72.455,72.455,72.445,72.445,0.00059
1743395160000,72.44,72.445,72.44,72.44,0.000458
1743395220000,72.445,72.455,72.445,72.455,0.000701
1743395280000,72.45,72.465,72.45,72.465,0.000823
1743395340000,72.475,72.475,72.475,72.475,0.000054
1743395400000,72.495,72.495,72.475,72.475,0.000602
1743395460000,72.485,72.495,72.485,72.495,0.000432
1743395520000,72.49,72.54,72.485,72.525,0.003071
1743395580000,72.52,72.535,72.52,72.525,0.001793
1743395640000,72.515,72.525,72.515,72.52,0.000761
1743395700000,72.525,72.525,72.515,72.515,0.000387
1743395760000,72.52,72.525,72.505,72.505,0.000882
1743395820000,72.51,72.515,72.505,72.505,0.000311
1743395880000,72.515,72.525,72.515,72.525,0.000108
1743395940000,72.515,72.515,72.515,72.515,0.000135
1743396000000,72.51,72.51,72.485,72.485,0.000617
1743396060000,72.495,72.495,72.475,72.475,0.000684
1743396120000,72.485,72.485,72.475,72.485,0.000392
1743396180000,72.485,72.485,72.485,72.485,0
1743396240000,72.48,72.485,72.48,72.48,0.000769
1743396300000,72.485,72.485,72.485,72.485,0.000054
1743396360000,72.475,72.475,72.475,72.475,0.000135
1743396420000,72.465,72.475,72.465,72.465,0.000441
1743396480000,72.46,72.465,72.455,72.455,0.000603
1743396540000,72.45,72.45,72.445,72.445,0.000225
1743396600000,72.455,72.455,72.445,72.455,0.001195
1743396660000,72.45,72.45,72.45,72.45,0.000202
1743396720000,72.445,72.445,72.435,72.435,0.000189
1743396780000,72.43,72.44,72.43,72.44,0.000458
1743396840000,72.435,72.445,72.435,72.435,0.00058
1743396900000,72.43,72.43,72.43,72.43,0.00027
1743396960000,72.425,72.435,72.425,72.43,0.001455
1743397020000,72.425,72.44,72.425,72.44,0.000593
1743397080000,72.435,72.44,72.43,72.435,0.000795
1743397140000,72.44,72.445,72.435,72.435,0.000593
1743397200000,72.425,72.45,72.425,72.435,0.001052
1743397260000,72.44,72.445,72.435,72.44,0.0009
1743397320000,72.445,72.46,72.445,72.445,0.000401
1743397380000,72.445,72.445,72.445,72.445,0
1743397440000,72.435,72.435,72.435,72.435,0.000054
1743397500000,72.44,72.445,72.435,72.435,0.000999
1743397560000,72.445,72.45,72.44,72.445,0.000836
1743397620000,72.44,72.445,72.435,72.445,0.000931
1743397680000,72.455,72.455,72.445,72.445,0.001106
1743397740000,72.45,72.465,72.45,72.455,0.000617
1743397800000,72.465,72.465,72.445,72.445,0.001579
1743397860000,72.445,72.445,72.445,72.445,0
1743397920000,72.455,72.475,72.445,72.475,0.000783
1743397980000,72.48,72.485,72.48,72.485,0.000701
1743398040000,72.475,72.48,72.475,72.475,0.000405
1743398100000,72.465,72.475,72.465,72.465,0.000459
1743398160000,72.46,72.46,72.45,72.455,0.000459
1743398220000,72.45,72.45,72.435,72.435,0.000473
1743398280000,72.445,72.445,72.44,72.44,0.000189
1743398340000,72.445,72.45,72.435,72.45,0.001074
1743398400000,72.465,72.47,72.46,72.465,0.000684
1743398460000,72.47,72.47,72.455,72.465,0.000459
1743398520000,72.46,72.465,72.45,72.455,0.001008
1743398580000,72.45,72.465,72.45,72.465,0.000752
1743398640000,72.475,72.48,72.475,72.475,0.000198
1743398700000,72.485,72.485,72.465,72.465,0.000387
1743398760000,72.47,72.485,72.465,72.485,0.000927
1743398820000,72.49,72.495,72.485,72.49,0.000873
1743398880000,72.495,72.495,72.475,72.475,0.000288
1743398940000,72.48,72.485,72.475,72.475,0.000527
1743399000000,72.48,72.515,72.48,72.515,0.001656
1743399060000,72.52,72.52,72.485,72.49,0.001139
1743399120000,72.48,72.485,72.465,72.475,0.001674
1743399180000,72.48,72.485,72.465,72.475,0.001205
1743399240000,72.465,72.485,72.465,72.475,0.000365
1743399300000,72.465,72.475,72.455,72.455,0.000851
1743399360000,72.465,72.465,72.445,72.445,0.000738
1743399420000,72.44,72.45,72.435,72.445,0.00107
1743399480000,72.45,72.45,72.425,72.425,0.000653
1743399540000,72.44,72.445,72.43,72.44,0.001875
1743399600000,72.445,72.445,72.425,72.43,0.001052
1743399660000,72.435,72.445,72.425,72.435,0.0017
1743399720000,72.425,72.435,72.425,72.435,0.000189
1743399780000,72.44,72.44,72.43,72.43,0.001451
1743399840000,72.425,72.44,72.425,72.435,0.001618
1743399900000,72.44,72.445,72.43,72.44,0.00116
1743399960000,72.445,72.505,72.445,72.5,0.001292
1743400020000,72.495,72.505,72.495,72.495,0.00117
1743400080000,72.5,72.505,72.495,72.505,0.001157
1743400140000,72.5,72.505,72.495,72.505,0.001724
1743400200000,72.5,72.535,72.495,72.535,0.001224
1743400260000,72.545,72.585,72.545,72.575,0.001742
1743400320000,72.57,72.595,72.565,72.595,0.000599
1743400380000,72.605,72.655,72.595,72.655,0.001395
1743400440000,72.645,72.655,72.625,72.625,0.000468
1743400500000,72.635,72.635,72.605,72.605,0.001418
1743400560000,72.615,72.625,72.605,72.615,0.00027
1743400620000,72.625,72.63,72.615,72.625,0.000572
1743400680000,72.635,72.675,72.63,72.675,0.000873
1743400740000,72.665,72.675,72.665,72.665,0.001053
1743400800000,72.655,72.685,72.64,72.655,0.002673
1743400860000,72.66,72.695,72.66,72.665,0.001508
1743400920000,72.66,72.685,72.66,72.67,0.001121
1743400980000,72.665,72.665,72.635,72.635,0.003002
1743401040000,72.63,72.665,72.63,72.655,0.001318
1743401100000,72.665,72.675,72.665,72.665,0.001462
1743401160000,72.66,72.665,72.635,72.645,0.001076
1743401220000,72.655,72.655,72.625,72.625,0.001031
1743401280000,72.64,72.685,72.635,72.675,0.002024
1743401340000,72.685,72.715,72.68,72.68,0.002492
1743401400000,72.685,72.695,72.675,72.68,0.003288
1743401460000,72.685,72.695,72.675,72.685,0.00167
1743401520000,72.675,72.7,72.675,72.675,0.002043
1743401580000,72.68,72.705,72.675,72.695,0.002223
1743401640000,72.705,72.705,72.695,72.695,0.000144
1743401700000,72.705,72.71,72.695,72.7,0.00167
1743401760000,72.705,72.725,72.705,72.725,0.001553
1743401820000,72.735,72.795,72.735,72.775,0.00194
1743401880000,72.765,72.77,72.74,72.745,0.001877
1743401940000,72.755,72.755,72.735,72.75,0.001422
1743402000000,72.755,72.765,72.735,72.755,0.001049
1743402060000,72.745,72.78,72.745,72.775,0.001058
1743402120000,72.785,72.805,72.785,72.785,0.000851
1743402180000,72.775,72.785,72.775,72.785,0.000189
1743402240000,72.775,72.805,72.775,72.795,0.002069
1743402300000,72.785,72.785,72.765,72.765,0.001566
1743402360000,72.755,72.775,72.755,72.775,0.001661
1743402420000,72.78,72.795,72.775,72.795,0.00166
1743402480000,72.785,72.785,72.775,72.775,0.000918
1743402540000,72.77,72.785,72.765,72.785,0.001264
1743402600000,72.795,72.805,72.765,72.77,0.002786
1743402660000,72.775,72.785,72.755,72.765,0.001116
1743402720000,72.76,72.765,72.755,72.765,0.000513
1743402780000,72.76,72.76,72.745,72.755,0.002246
1743402840000,72.75,72.755,72.745,72.745,0.00124
1743402900000,72.755,72.765,72.755,72.765,0.000108
1743402960000,72.775,72.775,72.765,72.765,0.00058
1743403020000,72.755,72.765,72.755,72.755,0.000459
1743403080000,72.765,72.77,72.755,72.755,0.001897
1743403140000,72.745,72.755,72.705,72.705,0.001768
1743403200000,72.7,72.705,72.695,72.705,0.001671
1743403260000,72.715,72.715,72.705,72.705,0.000144
1743403320000,72.715,72.715,72.675,72.695,0.00129
1743403380000,72.705,72.715,72.705,72.715,0.000468
1743403440000,72.71,72.715,72.7,72.715,0.001565
1743403500000,72.71,72.73,72.7,72.725,0.002319
1743403560000,72.73,72.735,72.705,72.71,0.001418
1743403620000,72.705,72.725,72.705,72.72,0.000657
1743403680000,72.725,72.725,72.71,72.725,0.001732
1743403740000,72.72,72.735,72.715,72.73,0.001417
1743403800000,72.735,72.745,72.73,72.74,0.001506
1743403860000,72.735,72.74,72.705,72.705,0.001624
1743403920000,72.695,72.715,72.69,72.715,0.002752
1743403980000,72.71,72.72,72.7,72.705,0.001875
1743404040000,72.7,72.7,72.685,72.695,0.001159
1743404100000,72.705,72.75,72.7,72.735,0.002047
1743404160000,72.73,72.74,72.705,72.705,0.001924
1743404220000,72.7,72.715,72.7,72.705,0.002804
1743404280000,72.715,72.72,72.71,72.715,0.001147
1743404340000,72.71,72.735,72.705,72.715,0.003304
1743404400000,72.725,72.725,72.665,72.67,0.00328
1743404460000,72.665,72.665,72.58,72.605,0.005707
1743404520000,72.6,72.605,72.585,72.595,0.003025
1743404580000,72.605,72.605,72.535,72.555,0.00314
1743404640000,72.56,72.585,72.56,72.565,0.003251
1743404700000,72.555,72.585,72.555,72.585,0.002294
1743404760000,72.575,72.575,72.535,72.55,0.00201
1743404820000,72.555,72.585,72.545,72.565,0.002436
1743404880000,72.555,72.57,72.51,72.52,0.003763
1743404940000,72.515,72.525,72.485,72.505,0.003464
1743405000000,72.51,72.535,72.505,72.525,0.002024
1743405060000,72.535,72.545,72.525,72.535,0.001425
1743405120000,72.54,72.56,72.525,72.555,0.00225
1743405180000,72.545,72.565,72.535,72.545,0.001923
1743405240000,72.555,72.57,72.545,72.545,0.001983
1743405300000,72.555,72.585,72.555,72.585,0.000674
1743405360000,72.575,72.6,72.565,72.585,0.00495
1743405420000,72.58,72.58,72.545,72.555,0.002672
1743405480000,72.56,72.585,72.545,72.585,0.003073
1743405540000,72.575,72.595,72.565,72.595,0.001485
1743405600000,72.585,72.595,72.575,72.58,0.001885
1743405660000,72.575,72.605,72.545,72.555,0.005191
1743405720000,72.56,72.585,72.555,72.585,0.00176
1743405780000,72.575,72.58,72.56,72.575,0.002924
1743405840000,72.58,72.605,72.575,72.605,0.001692
1743405900000,72.615,72.655,72.605,72.615,0.002848
1743405960000,72.62,72.67,72.615,72.67,0.003375
1743406020000,72.675,72.685,72.645,72.645,0.005637
1743406080000,72.655,72.675,72.655,72.675,0.002164
1743406140000,72.665,72.675,72.655,72.665,0.001399
1743406200000,72.675,72.735,72.645,72.725,0.002856
1743406260000,72.715,72.725,72.675,72.695,0.002352
1743406320000,72.685,72.715,72.685,72.71,0.001668
1743406380000,72.705,72.705,72.685,72.685,0.002357
1743406440000,72.675,72.68,72.665,72.675,0.002173
1743406500000,72.665,72.735,72.665,72.735,0.003088
1743406560000,72.745,72.795,72.74,72.785,0.005666
1743406620000,72.795,72.805,72.785,72.795,0.003656
1743406680000,72.8,72.815,72.75,72.815,0.005282
1743406740000,72.81,72.825,72.795,72.815,0.006758
1743406800000,72.825,72.855,72.805,72.845,0.004068
1743406860000,72.83,72.87,72.825,72.865,0.004068
1743406920000,72.86,72.875,72.84,72.865,0.004532
1743406980000,72.885,72.945,72.875,72.895,0.006175
1743407040000,72.89,72.925,72.885,72.925,0.004276
1743407100000,72.935,72.945,72.925,72.935,0.002144
1743407160000,72.945,72.975,72.925,72.955,0.004553
1743407220000,72.965,72.975,72.955,72.975,0.002746
1743407280000,72.985,73.005,72.975,73,0.005011
1743407340000,73.005,73.055,72.995,73.045,0.003854
1743407400000,73.055,73.055,73.04,73.055,0.00356
1743407460000,73.075,73.125,73.075,73.115,0.006061
1743407520000,73.125,73.155,73.095,73.13,0.002876
1743407580000,73.125,73.135,73.11,73.115,0.001053
1743407640000,73.11,73.12,73.095,73.095,0.003615
1743407700000,73.085,73.11,73.085,73.105,0.002441
1743407760000,73.09,73.115,73.09,73.115,0.001753
1743407820000,73.125,73.165,73.125,73.135,0.002895
1743407880000,73.13,73.135,73.115,73.135,0.00387
1743407940000,73.13,73.255,73.13,73.255,0.004836
1743408000000,73.26,73.325,73.245,73.32,0.009435
1743408060000,73.325,73.355,73.315,73.315,0.004936
1743408120000,73.305,73.315,73.215,73.245,0.005199
1743408180000,73.255,73.315,73.24,73.28,0.002556
1743408240000,73.285,73.285,73.245,73.255,0.002784
1743408300000,73.245,73.275,73.245,73.265,0.00166
1743408360000,73.275,73.315,73.275,73.295,0.004625
1743408420000,73.305,73.465,73.305,73.455,0.006609
1743408480000,73.445,73.475,73.425,73.435,0.004689
1743408540000,73.43,73.475,73.43,73.445,0.006268
1743408600000,73.45,73.485,73.45,73.485,0.001619
1743408660000,73.475,73.525,73.435,73.455,0.007957
1743408720000,73.445,73.495,73.435,73.485,0.001627
1743408780000,73.49,73.525,73.455,73.515,0.007758
1743408840000,73.52,73.53,73.505,73.515,0.002644
1743408900000,73.525,73.525,73.425,73.455,0.004692
1743408960000,73.465,73.465,73.415,73.465,0.002569
1743409020000,73.455,73.455,73.405,73.415,0.003559
1743409080000,73.425,73.435,73.405,73.425,0.001974
1743409140000,73.415,73.415,73.33,73.335,0.005546
1743409200000,73.345,73.365,73.325,73.345,0.004118
1743409260000,73.34,73.345,73.295,73.315,0.003845
1743409320000,73.305,73.335,73.305,73.335,0.001739
1743409380000,73.34,73.345,73.295,73.305,0.001956
1743409440000,73.3,73.33,73.3,73.305,0.002173
1743409500000,73.3,73.305,73.245,73.275,0.0029
1743409560000,73.265,73.265,73.225,73.225,0.001412
1743409620000,73.235,73.245,73.195,73.23,0.003454
1743409680000,73.225,73.245,73.205,73.225,0.007895
1743409740000,73.22,73.245,73.125,73.145,0.018124
1743409800000,73.155,73.165,73.115,73.135,0.005779
1743409860000,73.14,73.165,73.065,73.155,0.003176
1743409920000,73.16,73.185,73.145,73.155,0.004292
1743409980000,73.165,73.225,73.165,73.225,0.001295
1743410040000,73.235,73.24,73.155,73.165,0.00417
1743410100000,73.17,73.205,73.145,73.205,0.003204
1743410160000,73.215,73.215,73.155,73.175,0.002358
1743410220000,73.16,73.165,73.13,73.14,0.003155
1743410280000,73.145,73.165,73.14,73.15,0.002146
1743410340000,73.155,73.165,73.105,73.125,0.002799
1743410400000,73.135,73.145,73.055,73.105,0.004508
1743410460000,73.11,73.135,73.08,73.135,0.002264
1743410520000,73.125,73.125,73.085,73.12,0.002633
1743410580000,73.115,73.14,73.08,73.105,0.003928
1743410640000,73.11,73.17,73.105,73.125,0.003248
1743410700000,73.12,73.195,73.12,73.185,0.004621
1743410760000,73.175,73.185,73.155,73.175,0.001773
1743410820000,73.18,73.245,73.175,73.245,0.001942
1743410880000,73.235,73.245,73.175,73.185,0.001683
1743410940000,73.18,73.215,73.175,73.19,0.002317
1743411000000,73.195,73.225,73.18,73.215,0.001593
1743411060000,73.225,73.265,73.215,73.265,0.003244
1743411120000,73.255,73.275,73.24,73.265,0.002923
1743411180000,73.255,73.255,73.195,73.225,0.00175
1743411240000,73.235,73.265,73.235,73.245,0.002412
1743411300000,73.25,73.265,73.215,73.225,0.001507
1743411360000,73.235,73.275,73.235,73.275,0.001481
1743411420000,73.285,73.295,73.285,73.295,0.001294
1743411480000,73.305,73.315,73.3,73.305,0.000549
1743411540000,73.315,73.315,73.265,73.275,0.002075
1743411600000,73.27,73.3,73.235,73.235,0.003168
1743411660000,73.225,73.225,73.165,73.185,0.003557
1743411720000,73.195,73.215,73.175,73.185,0.003086
1743411780000,73.18,73.185,73.155,73.175,0.001669
1743411840000,73.18,73.19,73.165,73.175,0.002267
1743411900000,73.185,73.185,73.135,73.145,0.002738
1743411960000,73.155,73.185,73.155,73.165,0.003103
1743412020000,73.155,73.175,73.145,73.165,0.002658
1743412080000,73.16,73.185,73.145,73.175,0.002744
1743412140000,73.17,73.195,73.155,73.185,0.003236
1743412200000,73.18,73.215,73.165,73.215,0.001615
1743412260000,73.22,73.255,73.185,73.225,0.002439
1743412320000,73.215,73.215,73.155,73.165,0.003181
1743412380000,73.16,73.175,73.135,73.135,0.004032
1743412440000,73.125,73.135,73.115,73.13,0.002233
1743412500000,73.135,73.155,73.12,73.155,0.001883
1743412560000,73.145,73.175,73.145,73.165,0.000567
1743412620000,73.145,73.145,73.055,73.085,0.004998
1743412680000,73.075,73.115,73.065,73.11,0.002244
1743412740000,73.115,73.175,73.095,73.155,0.002448
1743412800000,73.145,73.155,73.125,73.155,0.003023
1743412860000,73.165,73.165,73.145,73.145,0.001602
1743412920000,73.14,73.145,73.115,73.115,0.001107
1743412980000,73.11,73.11,73.075,73.085,0.002093
1743413040000,73.075,73.105,73.075,73.085,0.001521
1743413100000,73.075,73.085,73.07,73.085,0.001618
1743413160000,73.08,73.08,73.03,73.065,0.002303
1743413220000,73.055,73.065,73.04,73.065,0.001655
1743413280000,73.07,73.07,73.045,73.045,0.001256
1743413340000,73.055,73.125,73.055,73.105,0.003181
1743413400000,73.1,73.125,73.085,73.115,0.002052
1743413460000,73.105,73.125,73.095,73.095,0.000985
1743413520000,73.1,73.105,73.085,73.095,0.002095
1743413580000,73.09,73.095,73.085,73.095,0.002044
1743413640000,73.105,73.125,73.105,73.125,0.002504
1743413700000,73.135,73.145,73.135,73.145,0.001605
1743413760000,73.155,73.205,73.15,73.185,0.001795
1743413820000,73.175,73.175,73.15,73.155,0.000616
1743413880000,73.145,73.155,73.115,73.12,0.001564
1743413940000,73.115,73.115,73.065,73.065,0.00279
1743414000000,73.055,73.055,72.985,73.005,0.003457
1743414060000,72.995,73.005,72.975,72.985,0.002894
1743414120000,72.98,73.025,72.98,73.02,0.002979
1743414180000,73.025,73.03,73,73,0.002803
1743414240000,72.995,72.995,72.945,72.95,0.002885
1743414300000,72.955,72.955,72.885,72.9,0.002114
1743414360000,72.895,72.925,72.885,72.925,0.002538
1743414420000,72.915,72.935,72.905,72.905,0.002144
1743414480000,72.915,72.915,72.895,72.905,0.00089
1743414540000,72.895,72.915,72.885,72.905,0.002801
1743414600000,72.915,72.925,72.905,72.905,0.002059
1743414660000,72.89,72.895,72.885,72.885,0.002184
1743414720000,72.895,72.905,72.895,72.905,0.000634
1743414780000,72.895,72.905,72.885,72.885,0.001659
1743414840000,72.875,72.875,72.825,72.84,0.001442
1743414900000,72.845,72.895,72.845,72.89,0.001619
1743414960000,72.895,72.905,72.865,72.865,0.002274
1743415020000,72.875,72.875,72.865,72.875,0.000176
1743415080000,72.865,72.885,72.865,72.875,0.00067
1743415140000,72.885,72.895,72.885,72.885,0.001694
1743415200000,72.895,72.935,72.885,72.89,0.003273
1743415260000,72.885,72.895,72.855,72.855,0.002072
1743415320000,72.845,72.845,72.825,72.835,0.000863
1743415380000,72.825,72.865,72.825,72.855,0.002803
1743415440000,72.845,72.855,72.835,72.835,0.000764
1743415500000,72.845,72.88,72.835,72.88,0.002911
1743415560000,72.885,72.885,72.845,72.845,0.001268
1743415620000,72.835,72.855,72.825,72.855,0.000576
1743415680000,72.845,72.855,72.845,72.855,0.000872
1743415740000,72.845,72.85,72.825,72.845,0.001335
1743415800000,72.84,72.84,72.815,72.825,0.00112
1743415860000,72.815,72.835,72.805,72.805,0.001282
1743415920000,72.81,72.825,72.81,72.825,0.000378
1743415980000,72.835,72.835,72.815,72.815,0.000257
1743416040000,72.825,72.865,72.825,72.865,0.00093
1743416100000,72.875,72.895,72.865,72.875,0.003248
1743416160000,72.88,72.88,72.85,72.855,0.002046
1743416220000,72.86,72.86,72.845,72.855,0.000459
1743416280000,72.85,72.855,72.835,72.845,0.001119
1743416340000,72.835,72.845,72.825,72.835,0.000647
1743416400000,72.845,72.855,72.835,72.845,0.000724
1743416460000,72.835,72.855,72.835,72.855,0.000553
1743416520000,72.86,72.87,72.855,72.865,0.001007
1743416580000,72.87,72.885,72.865,72.885,0.001034
1743416640000,72.895,72.915,72.89,72.905,0.002588
1743416700000,72.895,72.905,72.885,72.905,0.000787
1743416760000,72.895,72.935,72.895,72.925,0.00116
1743416820000,72.915,72.955,72.915,72.955,0.000913
1743416880000,72.945,72.965,72.935,72.95,0.001507
1743416940000,72.945,72.945,72.935,72.935,0.000337
1743417000000,72.945,72.945,72.935,72.935,0.000634
1743417060000,72.925,72.945,72.91,72.94,0.001196
1743417120000,72.945,72.945,72.925,72.925,0.000701
1743417180000,72.935,72.94,72.925,72.925,0.000984
1743417240000,72.935,72.955,72.935,72.955,0.001497
1743417300000,72.945,72.955,72.935,72.945,0.001241
1743417360000,72.965,72.975,72.96,72.965,0.000768
1743417420000,72.96,72.985,72.955,72.985,0.001618
1743417480000,72.99,72.995,72.985,72.99,0.000917
1743417540000,72.995,73.01,72.995,72.995,0.001092
1743417600000,72.99,73,72.975,72.985,0.002725
1743417660000,72.995,72.995,72.985,72.995,0.000864
1743417720000,72.985,73.01,72.985,73.01,0.003238
1743417780000,73.015,73.035,73.015,73.035,0.002454
1743417840000,73.025,73.025,73.005,73.005,0.002505
1743417900000,73,73.035,73,73.035,0.002335
1743417960000,73.03,73.105,73.025,73.105,0.001843
1743418020000,73.115,73.135,73.115,73.125,0.001579
1743418080000,73.115,73.135,73.105,73.125,0.00108
1743418140000,73.13,73.14,73.115,73.115,0.002103
1743418200000,73.105,73.105,73.095,73.095,0.000918
1743418260000,73.09,73.115,73.085,73.115,0.001214
1743418320000,73.11,73.11,73.035,73.035,0.00213
1743418380000,73.055,73.055,72.965,72.975,0.003426
1743418440000,72.965,72.995,72.965,72.99,0.001767
1743418500000,72.985,72.995,72.955,72.955,0.001411
1743418560000,72.945,72.945,72.94,72.945,0.000593
1743418620000,72.955,72.955,72.925,72.935,0.000999
1743418680000,72.93,72.945,72.915,72.915,0.001052
1743418740000,72.91,72.925,72.905,72.92,0.001119
1743418800000,72.925,72.97,72.925,72.955,0.002964
1743418860000,72.945,72.965,72.935,72.965,0.000486
1743418920000,72.975,72.975,72.935,72.945,0.001161
1743418980000,72.95,72.995,72.95,72.995,0.000729
1743419040000,72.985,72.995,72.965,72.965,0.001556
1743419100000,72.97,72.985,72.955,72.955,0.001597
1743419160000,72.945,72.985,72.945,72.985,0.001214
1743419220000,72.99,72.995,72.99,72.995,0.00027
1743419280000,72.985,73.02,72.985,73.015,0.001237
1743419340000,73.025,73.025,73.005,73.015,0.002063
1743419400000,73.02,73.045,73.02,73.035,0.001412
1743419460000,73.045,73.045,73.04,73.045,0.000346
1743419520000,73.035,73.055,73.01,73.01,0.002436
1743419580000,73.015,73.035,73.005,73.025,0.001929
1743419640000,73.015,73.045,73.015,73.04,0.001889
1743419700000,73.045,73.045,73.035,73.035,0.000647
1743419760000,73.015,73.045,73.005,73.035,0.001699
1743419820000,73.045,73.045,73.01,73.025,0.001308
1743419880000,73.03,73.05,73.025,73.035,0.002644
1743419940000,73.03,73.03,73.015,73.02,0.00103
1743420000000,73.025,73.045,73.02,73.04,0.001794
1743420060000,73.035,73.045,73,73.015,0.003826
1743420120000,73.005,73.005,72.975,72.975,0.002428
1743420180000,72.985,72.985,72.875,72.875,0.003781
1743420240000,72.87,72.875,72.845,72.845,0.004315
1743420300000,72.855,72.865,72.825,72.855,0.001989
1743420360000,72.85,72.86,72.805,72.805,0.003261
1743420420000,72.815,72.865,72.805,72.865,0.001511
1743420480000,72.855,72.865,72.845,72.845,0.000513
1743420540000,72.85,72.865,72.825,72.845,0.005076
1743420600000,72.85,72.895,72.85,72.885,0.000968
1743420660000,72.875,72.885,72.855,72.855,0.001902
1743420720000,72.865,72.875,72.845,72.845,0.000783
1743420780000,72.835,72.87,72.825,72.87,0.002133
1743420840000,72.875,72.885,72.865,72.875,0.002146
1743420900000,72.88,72.895,72.875,72.88,0.002738
1743420960000,72.875,72.925,72.875,72.905,0.001816
1743421020000,72.91,72.92,72.895,72.915,0.001295
1743421080000,72.91,72.945,72.91,72.945,0.002221
1743421140000,72.94,72.955,72.93,72.945,0.001398
1743421200000,72.96,72.985,72.925,72.935,0.00187
1743421260000,72.93,72.935,72.925,72.935,0.002261
1743421320000,72.945,72.945,72.92,72.935,0.000984
1743421380000,72.925,72.935,72.925,72.925,0.001093
1743421440000,72.93,72.935,72.895,72.895,0.001353
1743421500000,72.9,72.905,72.875,72.885,0.001632
1743421560000,72.905,72.905,72.895,72.895,0.00221
1743421620000,72.905,72.965,72.905,72.96,0.001964
1743421680000,72.965,72.975,72.915,72.915,0.001606
1743421740000,72.905,72.925,72.895,72.92,0.00179
1743421800000,72.925,72.955,72.925,72.945,0.001445
1743421860000,72.94,72.985,72.935,72.965,0.000644
1743421920000,72.975,73.005,72.965,72.995,0.000931
1743421980000,72.99,72.995,72.975,72.98,0.001196
1743422040000,72.975,72.985,72.955,72.975,0.001471
1743422100000,72.955,72.995,72.955,72.985,0.001467
1743422160000,72.995,73.015,72.995,73.005,0.00116
1743422220000,73.01,73.015,73.005,73.005,0.000764
1743422280000,72.995,73.005,72.995,73,0.001443
1743422340000,73.005,73.005,72.995,72.995,0.000716
1743422400000,72.985,73.015,72.975,72.975,0.004231
1743422460000,72.965,72.975,72.935,72.965,0.003392
1743422520000,72.96,72.985,72.955,72.97,0.001547
1743422580000,72.965,72.995,72.945,72.995,0.002593
1743422640000,73.005,73.005,72.945,72.955,0.001722
1743422700000,72.945,72.965,72.925,72.925,0.002949
1743422760000,72.935,72.945,72.925,72.925,0.003371
1743422820000,72.915,72.925,72.905,72.915,0.001116
1743422880000,72.92,72.955,72.915,72.945,0.000985
1743422940000,72.935,72.955,72.935,72.945,0.002104
1743423000000,72.955,72.965,72.945,72.955,0.001317
1743423060000,72.945,72.96,72.935,72.955,0.000738
1743423120000,72.965,72.97,72.945,72.965,0.001575
1743423180000,72.975,72.995,72.975,72.985,0.001147
1743423240000,72.98,72.985,72.965,72.985,0.002146
1743423300000,73.015,73.02,72.985,72.985,0.003735
1743423360000,72.99,72.995,72.975,72.985,0.001282
1743423420000,72.995,73.015,72.985,73,0.001942
1743423480000,72.995,73.035,72.995,73.035,0.001681
1743423540000,73.025,73.025,73.005,73.01,0.000809
1743423600000,73.005,73.01,72.975,72.975,0.002612
1743423660000,72.98,72.995,72.865,72.865,0.006576
1743423720000,72.86,72.865,72.795,72.835,0.004299
1743423780000,72.845,72.855,72.805,72.815,0.003509
1743423840000,72.82,72.83,72.805,72.815,0.002819
1743423900000,72.805,72.825,72.795,72.795,0.002693
1743423960000,72.785,72.795,72.785,72.795,0.000782
1743424020000,72.805,72.815,72.785,72.795,0.00273
1743424080000,72.805,72.84,72.8,72.825,0.002083
1743424140000,72.815,72.815,72.795,72.8,0.001849
1743424200000,72.795,72.825,72.795,72.81,0.002178
1743424260000,72.815,72.855,72.81,72.855,0.002586
1743424320000,72.865,72.865,72.845,72.845,0.002807
1743424380000,72.835,72.855,72.835,72.845,0.000634
1743424440000,72.835,72.875,72.825,72.865,0.001498
1743424500000,72.875,72.885,72.865,72.885,0.002427
1743424560000,72.88,72.905,72.875,72.905,0.002343
1743424620000,72.9,72.945,72.895,72.935,0.003303
1743424680000,72.925,72.935,72.915,72.915,0.00174
1743424740000,72.905,72.955,72.895,72.945,0.003871
1743424800000,72.955,72.965,72.945,72.965,0.003479
1743424860000,72.955,72.975,72.955,72.975,0.002292
1743424920000,72.985,72.995,72.98,72.995,0.003248
1743424980000,72.985,72.995,72.985,72.985,0.001444
1743425040000,72.995,73.025,72.985,73.025,0.002226
1743425100000,73.035,73.055,73.015,73.02,0.002504
1743425160000,73.015,73.035,73.01,73.025,0.001744
1743425220000,73.03,73.03,73.005,73.015,0.001101
1743425280000,73.005,73.045,73.005,73.045,0.002076
1743425340000,73.035,73.065,73.035,73.065,0.001431
1743425400000,73.075,73.085,73.045,73.065,0.004366
1743425460000,73.075,73.105,73.065,73.1,0.002095
1743425520000,73.105,73.125,73.105,73.115,0.001767
1743425580000,73.105,73.125,73.085,73.085,0.002464
1743425640000,73.095,73.105,73.085,73.105,0.001551
1743425700000,73.115,73.135,73.095,73.135,0.002145
1743425760000,73.13,73.165,73.13,73.15,0.004828
1743425820000,73.145,73.16,73.14,73.155,0.002522
1743425880000,73.145,73.185,73.145,73.185,0.001819
1743425940000,73.18,73.195,73.16,73.165,0.004491
1743426000000,73.155,73.155,73.065,73.12,0.013656
1743426060000,73.115,73.135,73.095,73.095,0.008097
1743426120000,73.105,73.125,73.065,73.095,0.007613
1743426180000,73.085,73.145,73.08,73.145,0.005077
1743426240000,73.155,73.165,73.095,73.115,0.004766
1743426300000,73.1,73.125,73.085,73.095,0.003844
1743426360000,73.09,73.125,73.085,73.085,0.003239
1743426420000,73.075,73.105,73.075,73.085,0.002003
1743426480000,73.09,73.095,73.015,73.035,0.003414
1743426540000,73.04,73.05,73.035,73.045,0.001256
1743426600000,73.055,73.095,73.045,73.065,0.002991
1743426660000,73.075,73.075,73.055,73.065,0.001327
1743426720000,73.055,73.085,73.05,73.075,0.002051
1743426780000,73.08,73.125,73.075,73.11,0.004784
1743426840000,73.105,73.13,73.095,73.105,0.003248
1743426900000,73.11,73.155,73.105,73.105,0.003838
1743426960000,73.115,73.125,73.085,73.105,0.002736
1743427020000,73.095,73.115,73.085,73.115,0.003692
1743427080000,73.105,73.115,73.095,73.115,0.001025
1743427140000,73.125,73.145,73.115,73.135,0.002157
1743427200000,73.145,73.175,73.145,73.165,0.001174
1743427260000,73.155,73.18,73.145,73.155,0.001494
1743427320000,73.16,73.175,73.115,73.115,0.002495
1743427380000,73.12,73.135,73.1,73.13,0.00384
1743427440000,73.135,73.155,73.135,73.145,0.004127
1743427500000,73.135,73.155,73.105,73.135,0.002578
1743427560000,73.125,73.145,73.115,73.135,0.004069
1743427620000,73.125,73.155,73.125,73.155,0.003186
1743427680000,73.165,73.165,73.135,73.135,0.001179
1743427740000,73.145,73.175,73.145,73.175,0.002127
1743427800000,73.185,73.2,73.035,73.05,0.012715
1743427860000,73.045,73.145,73.025,73.135,0.011127
1743427920000,73.13,73.145,73.055,73.065,0.007321
1743427980000,73.045,73.065,72.995,72.995,0.005832
1743428040000,73.01,73.02,72.965,73.02,0.007681
1743428100000,73.015,73.125,73.01,73.105,0.007619
1743428160000,73.11,73.195,73.105,73.19,0.008163
1743428220000,73.195,73.215,73.185,73.185,0.004827
1743428280000,73.175,73.195,73.165,73.195,0.003073
1743428340000,73.2,73.245,73.175,73.175,0.00462
1743428400000,73.185,73.185,73.095,73.095,0.00558
1743428460000,73.085,73.105,73.065,73.085,0.002631
1743428520000,73.095,73.135,73.095,73.125,0.00422
1743428580000,73.135,73.135,73.045,73.065,0.003833
1743428640000,73.07,73.07,72.92,72.92,0.00587
1743428700000,72.925,72.965,72.905,72.905,0.00727
1743428760000,72.9,73.015,72.885,73,0.006452
1743428820000,73.005,73.07,73.005,73.065,0.004509
1743428880000,73.055,73.065,73.025,73.065,0.003744
1743428940000,73.075,73.175,73.075,73.17,0.009157
1743429000000,73.165,73.225,73.15,73.215,0.007807
1743429060000,73.205,73.445,73.205,73.435,0.015277
1743429120000,73.425,73.465,73.405,73.425,0.010558
1743429180000,73.435,73.475,73.43,73.465,0.007421
1743429240000,73.475,73.485,73.435,73.44,0.008618
1743429300000,73.435,73.455,73.405,73.44,0.009073
1743429360000,73.445,73.485,73.435,73.465,0.004734
1743429420000,73.455,73.62,73.445,73.565,0.012807
1743429480000,73.575,73.615,73.565,73.6,0.009208
1743429540000,73.615,73.695,73.595,73.685,0.008391
1743429600000,73.675,73.725,73.645,73.685,0.012901
1743429660000,73.695,73.79,73.675,73.755,0.011853
1743429720000,73.765,73.795,73.745,73.745,0.011664
1743429780000,73.74,73.765,73.66,73.665,0.013352
1743429840000,73.67,73.735,73.655,73.715,0.009216
1743429900000,73.725,73.735,73.635,73.665,0.007851
1743429960000,73.675,73.705,73.655,73.705,0.009034
1743430020000,73.715,73.725,73.675,73.68,0.010279
1743430080000,73.675,73.725,73.665,73.725,0.005327
1743430140000,73.715,73.775,73.715,73.765,0.007953
1743430200000,73.755,73.795,73.755,73.78,0.009833
1743430260000,73.775,73.795,73.735,73.795,0.007982
1743430320000,73.785,73.845,73.785,73.815,0.005443
1743430380000,73.81,73.825,73.785,73.82,0.005968
1743430440000,73.815,73.825,73.795,73.805,0.008193
1743430500000,73.795,73.905,73.785,73.885,0.009724
1743430560000,73.895,73.925,73.835,73.885,0.007931
1743430620000,73.88,73.905,73.845,73.895,0.008362
1743430680000,73.9,73.945,73.9,73.915,0.006151
1743430740000,73.92,73.955,73.915,73.945,0.00515
1743430800000,73.935,73.955,73.92,73.925,0.005865
1743430860000,73.935,73.965,73.935,73.955,0.003491
1743430920000,73.965,73.965,73.935,73.955,0.005282
1743430980000,73.96,73.975,73.925,73.925,0.006325
1743431040000,73.915,73.945,73.905,73.935,0.005
1743431100000,73.93,73.945,73.905,73.935,0.007045
1743431160000,73.945,73.955,73.905,73.94,0.008447
1743431220000,73.935,73.965,73.93,73.955,0.004829
1743431280000,73.96,73.975,73.955,73.97,0.003829
1743431340000,73.975,73.975,73.935,73.965,0.010372
1743431400000,73.97,74.015,73.965,73.975,0.005683
1743431460000,73.985,74.025,73.965,74.015,0.004986
1743431520000,74.02,74.055,74.015,74.055,0.007108
1743431580000,74.065,74.105,74.055,74.065,0.008102
1743431640000,74.08,74.095,74.045,74.055,0.007659
1743431700000,74.045,74.055,74.025,74.05,0.007332
1743431760000,74.055,74.085,74.055,74.085,0.003237
1743431820000,74.095,74.115,74.065,74.095,0.004942
1743431880000,74.105,74.15,74.095,74.15,0.005979
1743431940000,74.155,74.215,74.115,74.21,0.004671
1743432000000,74.215,74.215,74.175,74.205,0.008483
1743432060000,74.195,74.235,74.19,74.195,0.00497
1743432120000,74.19,74.19,74.155,74.165,0.006263
1743432180000,74.155,74.165,74.135,74.155,0.005827
1743432240000,74.16,74.195,74.145,74.185,0.004856
1743432300000,74.195,74.205,74.165,74.195,0.006145
1743432360000,74.185,74.285,74.185,74.255,0.00379
1743432420000,74.265,74.29,74.24,74.265,0.009447
1743432480000,74.26,74.265,74.225,74.255,0.00868
1743432540000,74.245,74.275,74.235,74.275,0.0082
1743432600000,74.265,74.29,74.255,74.265,0.006257
1743432660000,74.26,74.265,74.235,74.245,0.005814
1743432720000,74.235,74.24,74.135,74.22,0.011736
1743432780000,74.225,74.225,74.175,74.185,0.006559
1743432840000,74.195,74.23,74.195,74.205,0.003859
1743432900000,74.215,74.215,74.165,74.195,0.01112
1743432960000,74.205,74.225,74.195,74.195,0.005516
1743433020000,74.205,74.205,74.16,74.175,0.008234
1743433080000,74.165,74.205,74.155,74.175,0.007449
1743433140000,74.185,74.195,74.17,74.185,0.003236
1743433200000,74.205,74.215,74.145,74.195,0.009851
1743433260000,74.2,74.235,74.2,74.235,0.005432
1743433320000,74.22,74.225,74.185,74.215,0.0063
1743433380000,74.225,74.225,74.165,74.175,0.003381
1743433440000,74.185,74.215,74.175,74.205,0.003966
1743433500000,74.21,74.235,74.205,74.21,0.004484
1743433560000,74.215,74.215,74.185,74.185,0.00675
1743433620000,74.195,74.285,74.19,74.285,0.002576
1743433680000,74.295,74.295,74.265,74.265,0.003386
1743433740000,74.255,74.265,74.225,74.235,0.002833
1743433800000,74.24,74.255,74.205,74.215,0.008368
1743433860000,74.205,74.215,74.195,74.205,0.003708
1743433920000,74.2,74.225,74.175,74.215,0.003974
1743433980000,74.225,74.225,74.195,74.215,0.006026
1743434040000,74.22,74.22,74.155,74.155,0.004141
1743434100000,74.145,74.175,74.145,74.16,0.004842
1743434160000,74.165,74.175,74.145,74.155,0.003013
1743434220000,74.145,74.205,74.145,74.205,0.003883
1743434280000,74.215,74.245,74.215,74.24,0.001696
1743434340000,74.245,74.245,74.225,74.225,0.002914
1743434400000,74.235,74.265,74.225,74.26,0.006421
1743434460000,74.255,74.275,74.235,74.275,0.007796
1743434520000,74.285,74.305,74.275,74.305,0.004635
1743434580000,74.315,74.345,74.305,74.31,0.007467
1743434640000,74.315,74.335,74.295,74.325,0.004993
1743434700000,74.335,74.335,74.305,74.325,0.004722
1743434760000,74.33,74.375,74.315,74.365,0.007188
1743434820000,74.37,74.375,74.315,74.325,0.005693
1743434880000,74.315,74.345,74.315,74.345,0.00291
1743434940000,74.34,74.405,74.34,74.405,0.014357
1743435000000,74.395,74.425,74.385,74.385,0.016454
1743435060000,74.395,74.415,74.39,74.4,0.004075
1743435120000,74.405,74.415,74.365,74.365,0.010669
1743435180000,74.37,74.395,74.35,74.395,0.003432
1743435240000,74.39,74.395,74.38,74.385,0.00308
1743435300000,74.395,74.435,74.395,74.435,0.003195
1743435360000,74.425,74.455,74.405,74.405,0.00404
1743435420000,74.395,74.405,74.38,74.39,0.003075
1743435480000,74.395,74.415,74.385,74.405,0.005056
1743435540000,74.395,74.405,74.385,74.395,0.003926
1743435600000,74.405,74.415,74.395,74.415,0.000904
1743435660000,74.425,74.445,74.405,74.405,0.005422
1743435720000,74.41,74.425,74.395,74.405,0.003306
1743435780000,74.4,74.415,74.395,74.41,0.004838
1743435840000,74.405,74.435,74.405,74.425,0.003304
1743435900000,74.43,74.475,74.415,74.46,0.005945
1743435960000,74.455,74.495,74.455,74.495,0.003117
1743436020000,74.505,74.535,74.495,74.535,0.003021
1743436080000,74.555,74.575,74.545,74.545,0.004305
1743436140000,74.555,74.575,74.545,74.575,0.004395
1743436200000,74.565,74.585,74.555,74.575,0.006191
1743436260000,74.565,74.565,74.505,74.525,0.004156
1743436320000,74.515,74.545,74.515,74.545,0.005235
1743436380000,74.535,74.575,74.525,74.565,0.002869
1743436440000,74.57,74.59,74.565,74.585,0.005578
1743436500000,74.575,74.575,74.555,74.575,0.001174
1743436560000,74.585,74.645,74.585,74.635,0.001417
1743436620000,74.645,74.645,74.605,74.645,0.003251
1743436680000,74.655,74.655,74.635,74.635,0.008169
1743436740000,74.625,74.655,74.615,74.645,0.005236
1743436800000,74.65,74.675,74.63,74.675,0.004304
1743436860000,74.66,74.705,74.655,74.685,0.008407
1743436920000,74.675,74.705,74.665,74.675,0.008635
1743436980000,74.68,74.695,74.645,74.645,0.010718
1743437040000,74.65,74.675,74.64,74.665,0.005011
1743437100000,74.675,74.675,74.645,74.645,0.005073
1743437160000,74.65,74.675,74.65,74.66,0.003736
1743437220000,74.665,74.675,74.635,74.675,0.004574
1743437280000,74.665,74.675,74.635,74.655,0.002712
1743437340000,74.66,74.675,74.645,74.655,0.004903
1743437400000,74.66,74.665,74.635,74.645,0.0017
1743437460000,74.64,74.655,74.625,74.625,0.005274
1743437520000,74.63,74.655,74.605,74.625,0.007239
1743437580000,74.63,74.645,74.615,74.635,0.003305
1743437640000,74.64,74.675,74.635,74.665,0.006691
1743437700000,74.66,74.66,74.615,74.635,0.004224
1743437760000,74.645,74.675,74.635,74.67,0.003143
1743437820000,74.675,74.675,74.665,74.675,0.00645
1743437880000,74.685,74.685,74.665,74.675,0.0022
1743437940000,74.665,74.685,74.665,74.675,0.002427
1743438000000,74.68,74.68,74.655,74.665,0.003062
1743438060000,74.675,74.675,74.655,74.665,0.003629
1743438120000,74.675,74.675,74.675,74.675,0.000135
1743438180000,74.685,74.695,74.665,74.675,0.002874
1743438240000,74.665,74.695,74.665,74.695,0.00147
1743438300000,74.685,74.695,74.675,74.675,0.004083
1743438360000,74.685,74.685,74.675,74.685,0.004351
1743438420000,74.675,74.685,74.675,74.685,0.001323
1743438480000,74.68,74.695,74.68,74.695,0.002776
1743438540000,74.69,74.745,74.69,74.745,0.005458
1743438600000,74.755,74.765,74.725,74.725,0.006814
1743438660000,74.735,74.75,74.725,74.74,0.002668
1743438720000,74.745,74.755,74.725,74.745,0.004777
1743438780000,74.75,74.755,74.745,74.755,0.001646
1743438840000,74.745,74.75,74.725,74.75,0.001187
1743438900000,74.745,74.775,74.745,74.765,0.006243
1743438960000,74.775,74.775,74.725,74.745,0.004921
1743439020000,74.755,74.775,74.745,74.765,0.003291
1743439080000,74.775,74.855,74.765,74.845,0.010974
1743439140000,74.835,74.865,74.825,74.865,0.004491
1743439200000,74.855,74.935,74.855,74.925,0.006326
1743439260000,74.915,74.92,74.905,74.905,0.004803
1743439320000,74.895,74.915,74.885,74.895,0.004988
1743439380000,74.89,74.905,74.88,74.905,0.003927
1743439440000,74.895,74.905,74.875,74.905,0.003506
1743439500000,74.915,74.915,74.895,74.91,0.005293
1743439560000,74.905,74.935,74.905,74.935,0.003815
1743439620000,74.94,74.955,74.935,74.955,0.006052
1743439680000,74.95,74.975,74.95,74.975,0.001079
1743439740000,74.98,75.005,74.945,75.005,0.007328
1743439800000,75.015,75.015,74.96,74.985,0.004395
1743439860000,74.975,74.995,74.965,74.975,0.002441
1743439920000,74.965,74.975,74.955,74.965,0.003517
1743439980000,74.97,74.995,74.965,74.995,0.004087
1743440040000,75.005,75.015,74.995,74.995,0.002631
1743440100000,74.985,75.005,74.985,74.995,0.004551
1743440160000,75.005,75.005,74.97,74.995,0.004416
1743440220000,74.985,74.985,74.905,74.925,0.00479
1743440280000,74.935,74.935,74.885,74.89,0.004234
1743440340000,74.885,74.915,74.855,74.905,0.00568
1743440400000,74.9,74.9,74.815,74.825,0.006837
1743440460000,74.815,74.835,74.785,74.795,0.009007
1743440520000,74.79,74.815,74.755,74.805,0.006426
1743440580000,74.815,74.855,74.795,74.805,0.006712
1743440640000,74.81,74.875,74.81,74.875,0.005077
1743440700000,74.865,74.865,74.845,74.86,0.007001
1743440760000,74.855,74.865,74.845,74.855,0.002481
1743440820000,74.865,74.88,74.845,74.845,0.003313
1743440880000,74.84,74.845,74.805,74.805,0.006302
1743440940000,74.815,74.855,74.815,74.845,0.003708
1743441000000,74.84,74.845,74.825,74.835,0.004829
1743441060000,74.825,74.835,74.815,74.835,0.002697
1743441120000,74.825,74.865,74.825,74.865,0.001025
1743441180000,74.86,74.86,74.845,74.845,0.002751
1743441240000,74.855,74.875,74.855,74.855,0.00216
1743441300000,74.865,74.865,74.83,74.835,0.004841
1743441360000,74.845,74.845,74.825,74.825,0.001321
1743441420000,74.815,74.83,74.815,74.825,0.001875
1743441480000,74.815,74.815,74.785,74.79,0.004959
1743441540000,74.795,74.795,74.785,74.795,0.003426
1743441600000,74.8,74.825,74.785,74.815,0.003525
1743441660000,74.805,74.805,74.75,74.775,0.003355
1743441720000,74.765,74.765,74.725,74.73,0.002721
1743441780000,74.735,74.745,74.725,74.735,0.001833
1743441840000,74.725,74.765,74.715,74.765,0.006219
1743441900000,74.76,74.78,74.735,74.745,0.005405
1743441960000,74.735,74.755,74.725,74.735,0.003629
1743442020000,74.74,74.76,74.74,74.76,0.0017
1743442080000,74.765,74.785,74.745,74.785,0.00411
1743442140000,74.79,74.795,74.765,74.77,0.00677
1743442200000,74.765,74.765,74.725,74.745,0.006124
1743442260000,74.735,74.75,74.72,74.75,0.00327
1743442320000,74.755,74.785,74.755,74.785,0.005178
1743442380000,74.775,74.795,74.755,74.785,0.003115
1743442440000,74.795,74.825,74.785,74.815,0.002901
1743442500000,74.825,74.835,74.785,74.79,0.004557
1743442560000,74.795,74.795,74.745,74.755,0.002806
1743442620000,74.765,74.795,74.755,74.76,0.003749
1743442680000,74.755,74.77,74.74,74.77,0.003317
1743442740000,74.765,74.785,74.755,74.765,0.003343
1743442800000,74.77,74.775,74.745,74.755,0.003977
1743442860000,74.75,74.76,74.745,74.745,0.002426
1743442920000,74.75,74.765,74.735,74.755,0.005432
1743442980000,74.745,74.775,74.745,74.775,0.003702
1743443040000,74.77,74.785,74.765,74.775,0.003194
1743443100000,74.765,74.805,74.765,74.805,0.004183
1743443160000,74.81,74.815,74.77,74.795,0.002805
1743443220000,74.785,74.795,74.755,74.775,0.003151
1743443280000,74.765,74.825,74.765,74.815,0.00456
1743443340000,74.805,74.83,74.805,74.825,0.002792
1743443400000,74.835,74.835,74.815,74.825,0.001775
1743443460000,74.835,74.835,74.825,74.835,0.000715
1743443520000,74.83,74.845,74.825,74.835,0.003933
1743443580000,74.83,74.835,74.8,74.815,0.00375
1743443640000,74.82,74.82,74.805,74.805,0.001417
1743443700000,74.8,74.8,74.735,74.785,0.006098
1743443760000,74.795,74.795,74.755,74.765,0.003708
1743443820000,74.775,74.775,74.755,74.765,0.002887
1743443880000,74.77,74.775,74.745,74.75,0.005678
1743443940000,74.745,74.755,74.735,74.745,0.005815
1743444000000,74.735,74.745,74.705,74.735,0.006765
1743444060000,74.745,74.745,74.72,74.725,0.005304
1743444120000,74.735,74.775,74.735,74.77,0.003515
1743444180000,74.765,74.785,74.745,74.745,0.003251
1743444240000,74.74,74.755,74.725,74.755,0.002681
1743444300000,74.76,74.76,74.735,74.745,0.003469
1743444360000,74.755,74.795,74.745,74.795,0.003318
1743444420000,74.79,74.81,74.785,74.795,0.005448
1743444480000,74.8,74.805,74.79,74.805,0.004867
1743444540000,74.795,74.825,74.795,74.815,0.004368
1743444600000,74.81,74.815,74.775,74.795,0.016687
1743444660000,74.8,74.835,74.8,74.835,0.004375
1743444720000,74.84,74.87,74.84,74.865,0.003009
1743444780000,74.87,74.895,74.845,74.88,0.006563
1743444840000,74.885,74.895,74.815,74.815,0.007309
1743444900000,74.805,74.835,74.795,74.835,0.008857
1743444960000,74.845,74.855,74.825,74.84,0.006669
1743445020000,74.835,74.865,74.835,74.835,0.004933
1743445080000,74.825,74.845,74.81,74.825,0.002717
1743445140000,74.83,74.835,74.795,74.795,0.009115
1743445200000,74.805,74.815,74.785,74.795,0.004852
1743445260000,74.8,74.82,74.795,74.795,0.004194
1743445320000,74.8,74.815,74.785,74.795,0.004466
1743445380000,74.785,74.8,74.775,74.785,0.006648
1743445440000,74.79,74.795,74.775,74.785,0.007864
1743445500000,74.78,74.785,74.725,74.745,0.01414
1743445560000,74.74,74.775,74.725,74.765,0.011857
1743445620000,74.775,74.775,74.725,74.735,0.005261
1743445680000,74.74,74.765,74.715,74.745,0.018415
1743445740000,74.75,74.765,74.735,74.765,0.009873
1743445800000,74.755,74.765,74.735,74.745,0.011705
1743445860000,74.74,74.785,74.735,74.775,0.003807
1743445920000,74.77,74.785,74.765,74.775,0.00184
1743445980000,74.785,74.785,74.775,74.775,0.001845
1743446040000,74.78,74.825,74.775,74.825,0.004053
1743446100000,74.83,74.85,74.825,74.835,0.004776
1743446160000,74.825,74.825,74.815,74.825,0.000774
1743446220000,74.83,74.835,74.825,74.825,0.001232
1743446280000,74.83,74.835,74.825,74.83,0.001754
1743446340000,74.835,74.845,74.835,74.84,0.001781
1743446400000,74.835,74.855,74.835,74.835,0.004613
1743446460000,74.845,74.855,74.84,74.845,0.003181
1743446520000,74.84,74.85,74.825,74.845,0.002725
1743446580000,74.835,74.845,74.835,74.835,0.001763
1743446640000,74.825,74.83,74.815,74.825,0.001156
1743446700000,74.815,74.835,74.805,74.835,0.001781
1743446760000,74.845,74.845,74.825,74.825,0.001255
1743446820000,74.82,74.825,74.795,74.795,0.002456
1743446880000,74.785,74.795,74.785,74.795,0.000608
1743446940000,74.805,74.81,74.8,74.805,0.000715
1743447000000,74.795,74.805,74.795,74.805,0.001578
1743447060000,74.795,74.805,74.795,74.795,0.002009
1743447120000,74.79,74.805,74.79,74.795,0.00139
1743447180000,74.8,74.805,74.795,74.805,0.001505
1743447240000,74.81,74.815,74.795,74.795,0.002873
1743447300000,74.785,74.795,74.785,74.785,0.000954
1743447360000,74.775,74.785,74.775,74.785,0.000849
1743447420000,74.79,74.795,74.79,74.795,0.001592
1743447480000,74.785,74.805,74.785,74.795,0.002762
1743447540000,74.79,74.79,74.785,74.785,0.00135
1743447600000,74.775,74.775,74.765,74.765,0.000203
1743447660000,74.77,74.775,74.755,74.76,0.001592
1743447720000,74.765,74.765,74.745,74.765,0.001714
1743447780000,74.76,74.765,74.755,74.755,0.001645
1743447840000,74.765,74.765,74.765,74.765,0.000054
1743447900000,74.755,74.755,74.745,74.755,0.000931
1743447960000,74.76,74.765,74.76,74.765,0.000256
1743448020000,74.76,74.765,74.755,74.765,0.000391
1743448080000,74.755,74.78,74.755,74.775,0.003479
1743448140000,74.78,74.79,74.78,74.785,0.001282
1743448200000,74.775,74.785,74.775,74.775,0.001457
1743448260000,74.78,74.795,74.78,74.795,0.001277
1743448320000,74.805,74.81,74.8,74.805,0.000849
1743448380000,74.81,74.81,74.805,74.805,0.000472
1743448440000,74.795,74.795,74.785,74.785,0.000337
1743448500000,74.795,74.795,74.765,74.765,0.001538
1743448560000,74.755,74.755,74.755,74.755,0.00027
1743448620000,74.76,74.765,74.755,74.765,0.00066
1743448680000,74.775,74.795,74.77,74.795,0.000945
1743448740000,74.8,74.805,74.785,74.79,0.003264
1743448800000,74.795,74.8,74.79,74.795,0.001222
1743448860000,74.785,74.785,74.775,74.775,0.000606
1743448920000,74.785,74.785,74.78,74.785,0.001942
1743448980000,74.79,74.795,74.785,74.795,0.002265
1743449040000,74.8,74.8,74.795,74.795,0.000944
1743449100000,74.79,74.795,74.785,74.785,0.000796
1743449160000,74.78,74.785,74.765,74.765,0.001673
1743449220000,74.76,74.775,74.76,74.775,0.000647
1743449280000,74.77,74.77,74.755,74.755,0.000809
1743449340000,74.75,74.755,74.745,74.745,0.00093
1743449400000,74.74,74.745,74.735,74.74,0.001672
1743449460000,74.745,74.745,74.745,74.745,0.000054
1743449520000,74.75,74.75,74.74,74.745,0.001065
1743449580000,74.755,74.755,74.745,74.755,0.001024
1743449640000,74.75,74.755,74.745,74.745,0.001808
1743449700000,74.75,74.755,74.735,74.735,0.003379
1743449760000,74.725,74.735,74.725,74.735,0.001604
1743449820000,74.735,74.735,74.735,74.735,0
1743449880000,74.73,74.735,74.72,74.72,0.001645
1743449940000,74.715,74.715,74.71,74.71,0.001377
1743450000000,74.715,74.725,74.715,74.72,0.001277
1743450060000,74.715,74.735,74.715,74.735,0.000535
1743450120000,74.74,74.745,74.725,74.725,0.001268
1743450180000,74.72,74.725,74.705,74.705,0.001727
1743450240000,74.71,74.71,74.705,74.705,0.001145
1743450300000,74.71,74.725,74.705,74.725,0.000648
1743450360000,74.72,74.725,74.72,74.725,0.000256
1743450420000,74.715,74.715,74.705,74.715,0.001254
1743450480000,74.72,74.72,74.7,74.705,0.000728
1743450540000,74.7,74.705,74.7,74.705,0.00058
1743450600000,74.715,74.715,74.695,74.705,0.002683
1743450660000,74.7,74.705,74.695,74.695,0.001403
1743450720000,74.69,74.705,74.69,74.695,0.0051
1743450780000,74.7,74.7,74.685,74.685,0.001147
1743450840000,74.69,74.7,74.685,74.7,0.001944
1743450900000,74.695,74.7,74.695,74.695,0.000606
1743450960000,74.7,74.7,74.685,74.685,0.002943
1743451020000,74.68,74.69,74.675,74.69,0.001701
1743451080000,74.685,74.7,74.685,74.685,0.002266
1743451140000,74.675,74.675,74.66,74.665,0.001443
1743451200000,74.642,74.642,74.612,74.612,0.001215
1743451260000,74.607,74.622,74.602,74.622,0.000459
1743451320000,74.627,74.627,74.602,74.602,0.000944
1743451380000,74.612,74.617,74.607,74.612,0.000459
1743451440000,74.607,74.607,74.602,74.602,0.000405
1743451500000,74.597,74.597,74.572,74.572,0.00156
1743451560000,74.577,74.582,74.572,74.572,0.000458
1743451620000,74.577,74.587,74.572,74.587,0.000916
1743451680000,74.592,74.592,74.562,74.582,0.001592
1743451740000,74.572,74.577,74.562,74.562,0.002889
1743451800000,74.567,74.567,74.542,74.542,0.003401
1743451860000,74.537,74.552,74.537,74.547,0.001039
1743451920000,74.542,74.542,74.537,74.542,0.000459
1743451980000,74.547,74.552,74.547,74.547,0.000324
1743452040000,74.552,74.572,74.552,74.562,0.000823
1743452100000,74.557,74.582,74.557,74.572,0.00089
1743452160000,74.582,74.582,74.567,74.567,0.000684
1743452220000,74.562,74.592,74.562,74.582,0.001174
1743452280000,74.587,74.587,74.582,74.582,0.000674
1743452340000,74.592,74.597,74.592,74.597,0.000256
1743452400000,74.587,74.602,74.587,74.597,0.000714
1743452460000,74.592,74.602,74.592,74.602,0.000391
1743452520000,74.597,74.602,74.597,74.597,0.000458
1743452580000,74.602,74.602,74.597,74.597,0.000256
1743452640000,74.592,74.612,74.592,74.612,0.000683
1743452700000,74.607,74.612,74.607,74.612,0.000189
1743452760000,74.607,74.607,74.602,74.602,0.00027
1743452820000,74.597,74.622,74.597,74.622,0.000364
1743452880000,74.632,74.662,74.632,74.662,0.000216
1743452940000,74.672,74.672,74.672,74.672,0.000054
1743453000000,74.682,74.682,74.682,74.682,0.000054
1743453060000,74.692,74.702,74.682,74.682,0.000162
1743453120000,74.677,74.682,74.677,74.682,0.000189
1743453180000,74.687,74.692,74.687,74.692,0.000122
1743453240000,74.687,74.687,74.687,74.687,0.000135
1743453300000,74.692,74.692,74.682,74.682,0.000324
1743453360000,74.682,74.682,74.682,74.682,0
1743453420000,74.687,74.687,74.682,74.682,0.000337
1743453480000,74.682,74.682,74.682,74.682,0
1743453540000,74.687,74.692,74.682,74.692,0.000567
1743453600000,74.687,74.702,74.682,74.702,0.000585
1743453660000,74.692,74.697,74.687,74.687,0.00036
1743453720000,74.682,74.692,74.682,74.682,0.000549
1743453780000,74.682,74.682,74.682,74.682,0
1743453840000,74.672,74.672,74.672,74.672,0.000054
1743453900000,74.662,74.672,74.662,74.662,0.000212
1743453960000,74.652,74.652,74.642,74.642,0.00058
1743454020000,74.652,74.652,74.652,74.652,0.000054
1743454080000,74.642,74.652,74.642,74.652,0.000621
1743454140000,74.647,74.652,74.642,74.642,0.000418
1743454200000,74.637,74.642,74.632,74.632,0.000567
1743454260000,74.642,74.642,74.622,74.622,0.000527
1743454320000,74.632,74.632,74.627,74.627,0.000256
1743454380000,74.632,74.632,74.602,74.602,0.000715
1743454440000,74.612,74.622,74.612,74.622,0.000297
1743454500000,74.617,74.617,74.607,74.607,0.000405
1743454560000,74.607,74.607,74.607,74.607,0
1743454620000,74.612,74.612,74.607,74.607,0.000256
1743454680000,74.612,74.627,74.612,74.622,0.000657
1743454740000,74.627,74.647,74.622,74.642,0.001278
