timestamp,open,high,low,close
1741564800000,69.842,69.852,69.822,69.847
1741564860000,69.842,69.847,69.827,69.842
1741564920000,69.852,69.852,69.842,69.847
1741564980000,69.842,69.872,69.842,69.872
1741565040000,69.867,69.882,69.862,69.882
1741565100000,69.887,69.947,69.887,69.942
1741565160000,69.952,69.962,69.952,69.962
1741565220000,69.952,69.982,69.942,69.982
1741565280000,69.972,69.972,69.952,69.952
1741565340000,69.957,69.972,69.952,69.972
1741565400000,69.967,69.967,69.952,69.957
1741565460000,69.952,69.962,69.952,69.962
1741565520000,69.967,69.982,69.962,69.982
1741565580000,69.977,69.982,69.972,69.977
1741565640000,69.972,69.977,69.962,69.967
1741565700000,69.962,69.982,69.952,69.977
1741565760000,69.972,69.987,69.962,69.982
1741565820000,69.987,70.017,69.982,70.017
1741565880000,70.012,70.012,69.997,69.997
1741565940000,69.992,70.022,69.992,70.012
1741566000000,70.017,70.022,70.012,70.022
1741566060000,70.042,70.042,70.032,70.037
1741566120000,70.032,70.037,70.012,70.012
1741566180000,70.007,70.017,70.007,70.012
1741566240000,70.017,70.017,69.992,70.007
1741566300000,70.012,70.012,69.992,69.992
1741566360000,69.987,69.992,69.987,69.992
1741566420000,69.997,70.002,69.992,69.992
1741566480000,69.997,70.017,69.997,70.017
1741566540000,70.022,70.022,70.002,70.007
1741566600000,70.012,70.017,70.002,70.017
1741566660000,70.012,70.052,70.012,70.052
1741566720000,70.057,70.072,70.052,70.072
1741566780000,70.062,70.072,70.062,70.072
1741566840000,70.067,70.067,70.057,70.057
1741566900000,70.052,70.062,70.052,70.052
1741566960000,70.057,70.057,70.052,70.057
1741567020000,70.052,70.057,70.037,70.037
1741567080000,70.047,70.062,70.047,70.062
1741567140000,70.057,70.057,70.052,70.057
1741567200000,70.052,70.052,70.032,70.032
1741567260000,70.022,70.032,70.002,70.032
1741567320000,70.037,70.052,70.032,70.052
1741567380000,70.047,70.062,70.047,70.052
1741567440000,70.028,70.028,70.028,70.028
1741567500000,70.033,70.062,70.033,70.062
1741567560000,70.072,70.102,70.072,70.102
1741567620000,70.112,70.132,70.112,70.117
1741567680000,70.122,70.122,70.117,70.117
1741567740000,70.112,70.112,70.092,70.097
1741567800000,70.092,70.127,70.092,70.127
1741567860000,70.122,70.137,70.122,70.137
1741567920000,70.132,70.142,70.132,70.132
1741567980000,70.142,70.142,70.122,70.142
1741568040000,70.122,70.127,70.117,70.117
1741568100000,70.122,70.137,70.122,70.132
1741568160000,70.137,70.152,70.137,70.137
1741568220000,70.142,70.142,70.122,70.122
1741568280000,70.122,70.122,70.122,70.122
1741568340000,70.127,70.132,70.122,70.127
1741568400000,70.147,70.155,70.05,70.055
1741568460000,70.065,70.115,70.065,70.105
1741568520000,70.11,70.165,70.11,70.155
1741568580000,70.16,70.165,70.14,70.155
1741568640000,70.15,70.155,70.135,70.15
1741568700000,70.145,70.15,70.135,70.15
1741568760000,70.145,70.15,70.135,70.145
1741568820000,70.135,70.15,70.125,70.145
1741568880000,70.135,70.155,70.135,70.155
1741568940000,70.16,70.16,70.135,70.145
1741569000000,70.15,70.16,70.145,70.145
1741569060000,70.15,70.175,70.145,70.175
1741569120000,70.185,70.185,70.165,70.165
1741569180000,70.16,70.18,70.16,70.175
1741569240000,70.18,70.18,70.155,70.155
1741569300000,70.16,70.165,70.13,70.13
1741569360000,70.125,70.125,70.105,70.115
1741569420000,70.125,70.13,70.105,70.105
1741569480000,70.095,70.095,70.075,70.075
1741569540000,70.07,70.075,70.035,70.04
1741569600000,70.045,70.065,70.04,70.055
1741569660000,70.05,70.05,70.045,70.045
1741569720000,70.04,70.04,70.005,70.005
1741569780000,70.01,70.015,69.97,69.975
1741569840000,69.98,69.99,69.975,69.99
1741569900000,69.985,70.03,69.985,70.025
1741569960000,70.02,70.02,70.005,70.005
1741570020000,70.01,70.015,70.005,70.015
1741570080000,70.01,70.01,69.985,69.985
1741570140000,69.98,70.01,69.975,70.01
1741570200000,70.005,70.02,69.995,69.995
1741570260000,69.99,70.035,69.99,70.035
1741570320000,70.03,70.075,70.03,70.07
1741570380000,70.065,70.08,70.045,70.08
1741570440000,70.075,70.08,70.065,70.07
1741570500000,70.08,70.1,70.065,70.085
1741570560000,70.08,70.095,70.075,70.085
1741570620000,70.08,70.105,70.055,70.055
1741570680000,70.06,70.06,70.045,70.05
1741570740000,70.055,70.065,70.045,70.06
1741570800000,70.065,70.08,70.045,70.045
1741570860000,70.035,70.09,70.03,70.065
1741570920000,70.07,70.09,70.07,70.085
1741570980000,70.09,70.11,70.06,70.075
1741571040000,70.07,70.07,70.005,70.025
1741571100000,70.03,70.03,70.005,70.005
1741571160000,70.015,70.025,70.005,70.01
1741571220000,70.005,70.01,69.98,69.98
1741571280000,69.965,69.975,69.94,69.955
1741571340000,69.95,69.97,69.945,69.97
1741571400000,69.975,70.015,69.975,70.015
1741571460000,70.02,70.05,70.02,70.05
1741571520000,70.045,70.05,70.005,70.015
1741571580000,70.02,70.03,70.015,70.025
1741571640000,70.03,70.04,70.02,70.04
1741571700000,70.045,70.08,70.035,70.065
1741571760000,70.07,70.07,70.035,70.035
1741571820000,70.03,70.045,70.025,70.045
1741571880000,70.04,70.05,70.035,70.04
1741571940000,70.035,70.05,70.025,70.03
1741572000000,70.025,70.04,70.015,70.035
1741572060000,70.04,70.055,70.02,70.05
1741572120000,70.045,70.05,70.025,70.045
1741572180000,70.05,70.055,70.035,70.05
1741572240000,70.045,70.05,70.015,70.02
1741572300000,70.025,70.025,69.975,69.985
1741572360000,69.99,70,69.97,70
1741572420000,70.005,70.03,70.005,70.03
1741572480000,70.035,70.05,70.02,70.035
1741572540000,70.04,70.04,70.03,70.035
1741572600000,70.04,70.05,69.985,69.985
1741572660000,69.98,69.98,69.965,69.975
1741572720000,69.97,69.975,69.965,69.97
1741572780000,69.965,69.965,69.955,69.965
1741572840000,69.96,69.975,69.96,69.975
1741572900000,69.97,69.97,69.935,69.95
1741572960000,69.945,69.95,69.93,69.945
1741573020000,69.935,69.955,69.935,69.955
1741573080000,69.945,69.945,69.945,69.945
1741573140000,69.898,69.945,69.898,69.935
1741573200000,69.925,69.955,69.925,69.955
1741573260000,69.95,69.975,69.95,69.965
1741573320000,69.96,69.965,69.955,69.965
1741573380000,69.945,69.96,69.945,69.945
1741573440000,69.94,69.94,69.92,69.92
1741573500000,69.925,69.945,69.915,69.945
1741573560000,69.94,69.94,69.935,69.935
1741573620000,69.94,69.95,69.94,69.94
1741573680000,69.925,69.94,69.925,69.94
1741573740000,69.935,69.95,69.93,69.95
1741573800000,69.955,69.995,69.95,69.98
1741573860000,69.97,70.03,69.965,70.025
1741573920000,70.03,70.075,70.03,70.07
1741573980000,70.075,70.075,70.065,70.075
1741574040000,70.095,70.125,70.09,70.09
1741574100000,70.085,70.125,70.065,70.12
1741574160000,70.105,70.11,70.095,70.105
1741574220000,70.1,70.115,70.095,70.1
1741574280000,70.095,70.095,70.06,70.065
1741574340000,70.055,70.075,70.055,70.07
1741574400000,70.065,70.11,70.065,70.105
1741574460000,70.1,70.115,70.09,70.09
1741574520000,70.085,70.09,70.075,70.08
1741574580000,70.075,70.075,70.025,70.025
1741574640000,70.035,70.075,70.025,70.07
1741574700000,70.065,70.08,70.05,70.075
1741574760000,70.08,70.085,70.055,70.055
1741574820000,70.05,70.07,70.045,70.07
1741574880000,70.065,70.085,70.06,70.075
1741574940000,70.085,70.085,70.055,70.055
1741575000000,70.05,70.055,70.045,70.055
1741575060000,70.045,70.055,70.035,70.035
1741575120000,70.03,70.065,70.025,70.04
1741575180000,70.035,70.055,70.035,70.04
1741575240000,70.045,70.055,70.045,70.045
1741575300000,70.05,70.05,70.035,70.045
1741575360000,70.035,70.035,70.015,70.015
1741575420000,70.01,70.01,69.985,69.99
1741575480000,69.985,70,69.975,69.975
1741575540000,69.985,69.995,69.97,69.975
1741575600000,69.98,70.01,69.98,70.01
1741575660000,70,70.005,69.995,69.995
1741575720000,69.985,69.985,69.965,69.985
1741575780000,69.99,69.99,69.945,69.96
1741575840000,69.955,69.97,69.945,69.945
1741575900000,69.95,69.965,69.945,69.96
1741575960000,69.965,69.975,69.945,69.945
1741576020000,69.95,69.96,69.95,69.955
1741576080000,69.96,69.985,69.96,69.985
1741576140000,69.99,70,69.985,69.985
1741576200000,69.98,69.985,69.98,69.985
1741576260000,69.98,69.985,69.97,69.975
1741576320000,69.97,69.985,69.97,69.98
1741576380000,69.985,69.985,69.96,69.96
1741576440000,69.965,69.965,69.95,69.96
1741576500000,69.955,69.975,69.95,69.955
1741576560000,69.95,69.95,69.905,69.915
1741576620000,69.91,69.925,69.905,69.925
1741576680000,69.92,69.925,69.915,69.925
1741576740000,69.945,69.945,69.91,69.925
1741576800000,69.915,69.93,69.915,69.925
1741576860000,69.92,69.925,69.91,69.91
1741576920000,69.915,69.925,69.915,69.92
1741576980000,69.925,69.93,69.915,69.92
1741577040000,69.915,69.925,69.905,69.905
1741577100000,69.91,69.93,69.91,69.925
1741577160000,69.93,69.98,69.93,69.96
1741577220000,69.955,69.955,69.935,69.935
1741577280000,69.94,69.94,69.925,69.935
1741577340000,69.93,69.945,69.925,69.935
1741577400000,69.94,69.945,69.935,69.935
1741577460000,69.94,69.94,69.89,69.895
1741577520000,69.9,69.9,69.87,69.88
1741577580000,69.885,69.895,69.865,69.89
1741577640000,69.895,69.895,69.875,69.875
1741577700000,69.87,69.91,69.87,69.91
1741577760000,69.905,69.915,69.905,69.91
1741577820000,69.915,69.935,69.915,69.935
1741577880000,69.94,69.955,69.935,69.955
1741577940000,69.96,69.975,69.96,69.97
1741578000000,69.965,69.965,69.94,69.94
1741578060000,69.945,69.955,69.945,69.95
1741578120000,69.955,69.975,69.95,69.975
1741578180000,69.98,69.985,69.98,69.985
1741578240000,69.98,69.985,69.975,69.975
1741578300000,69.97,70.015,69.97,70.015
1741578360000,70.01,70.01,69.99,69.99
1741578420000,69.995,69.995,69.98,69.985
1741578480000,69.99,69.99,69.99,69.99
1741578540000,69.995,70.005,69.995,69.995
1741578600000,69.99,70.005,69.99,70.005
1741578660000,70.01,70.01,69.995,69.995
1741578720000,69.99,69.995,69.99,69.99
1741578780000,69.985,69.985,69.98,69.98
1741578840000,69.975,69.975,69.955,69.96
1741578900000,69.97,69.97,69.965,69.965
1741578960000,69.955,69.955,69.955,69.955
1741579020000,69.965,69.97,69.965,69.965
1741579080000,69.955,69.955,69.95,69.955
1741579140000,69.95,69.955,69.95,69.955
1741579200000,69.95,69.955,69.95,69.955
1741579260000,69.908,69.908,69.908,69.908
1741579320000,69.965,69.985,69.965,69.985
1741579380000,69.995,70.025,69.995,70.025
1741579440000,70.02,70.025,70.015,70.015
1741579500000,70.02,70.02,69.99,69.99
1741579560000,69.995,70.005,69.995,70
1741579620000,69.995,70,69.995,70
1741579680000,69.995,70,69.99,69.995
1741579740000,70,70.015,70,70.015
1741579800000,70.01,70.01,70.005,70.005
1741579860000,70.005,70.005,70.005,70.005
1741579920000,70.01,70.025,70.01,70.025
1741579980000,70.035,70.05,70.035,70.035
1741580040000,70.025,70.025,70.015,70.02
1741580100000,70.015,70.035,70.015,70.03
1741580160000,70.035,70.035,70.02,70.02
1741580220000,70.025,70.035,70.025,70.03
1741580280000,70.025,70.045,70.025,70.045
1741580340000,70.04,70.045,70.02,70.02
1741580400000,70.015,70.03,70.015,70.03
1741580460000,69.983,70.07,69.983,70.065
1741580520000,70.06,70.07,70.06,70.07
1741580580000,70.075,70.075,70.055,70.07
1741580640000,70.075,70.1,70.075,70.095
1741580700000,70.09,70.09,70.06,70.06
1741580760000,70.055,70.055,70.05,70.055
1741580820000,70.05,70.055,70.045,70.045
1741580880000,70.035,70.035,70.03,70.035
1741580940000,70.025,70.04,70.025,70.04
1741581000000,70.035,70.045,70.035,70.045
1741581060000,70.045,70.045,70.045,70.045
1741581120000,69.998,69.998,69.998,69.998
1741581180000,70.05,70.055,70.05,70.055
1741581240000,70.05,70.055,70.03,70.03
1741581300000,70.025,70.025,70.02,70.025
1741581360000,70.025,70.025,70.025,70.025
1741581420000,69.978,69.978,69.978,69.978
1741581480000,70.02,70.02,69.995,69.995
1741581540000,70,70.005,69.995,70.005
1741581600000,69.958,70.015,69.958,70.01
1741581660000,70.015,70.015,70.005,70.005
1741581720000,70.005,70.005,70.005,70.005
1741581780000,69.958,70.01,69.958,70.01
1741581840000,70.015,70.015,70.005,70.005
1741581900000,70.015,70.03,70.015,70.025
1741581960000,70.02,70.03,70.02,70.025
1741582020000,69.978,69.978,69.978,69.978
1741582080000,70.02,70.025,70.02,70.025
1741582140000,70.02,70.02,70.02,70.02
1741582200000,69.973,69.973,69.973,69.973
1741582260000,70.015,70.02,70.01,70.02
1741582320000,70.025,70.025,70.02,70.02
1741582380000,70.015,70.015,70.005,70.005
1741582440000,70.01,70.015,70.01,70.015
1741582500000,70.01,70.02,70.01,70.015
1741582560000,69.968,70.015,69.968,70.015
1741582620000,70.01,70.02,70.005,70.015
1741582680000,70.01,70.015,70,70
1741582740000,69.995,69.995,69.995,69.995
1741582800000,69.995,69.995,69.995,69.995
1741582860000,69.948,70.025,69.948,70.02
1741582920000,70.025,70.035,70.02,70.03
1741582980000,70.025,70.025,69.99,69.995
1741583040000,69.99,69.99,69.945,69.945
1741583100000,69.935,69.95,69.935,69.95
1741583160000,69.955,69.96,69.955,69.96
1741583220000,69.965,69.97,69.965,69.97
1741583280000,69.975,69.975,69.95,69.955
1741583340000,69.945,69.955,69.94,69.955
1741583400000,69.965,69.98,69.96,69.98
1741583460000,69.985,70,69.985,70
1741583520000,70.005,70.01,70.005,70.005
1741583580000,70.02,70.03,70.005,70.03
1741583640000,70.035,70.045,70.035,70.04
1741583700000,70.045,70.065,70.045,70.06
1741583760000,70.065,70.07,70.055,70.055
1741583820000,70.045,70.045,70.035,70.045
1741583880000,70.04,70.045,70.025,70.03
1741583940000,70.025,70.035,70.025,70.03
1741584000000,70.04,70.04,70.025,70.03
1741584060000,70.04,70.055,70.035,70.055
1741584120000,70.05,70.05,70.02,70.025
1741584180000,70.02,70.02,69.985,69.985
1741584240000,69.98,69.98,69.95,69.95
1741584300000,69.945,69.945,69.915,69.925
1741584360000,69.935,69.935,69.905,69.91
1741584420000,69.915,69.915,69.895,69.915
1741584480000,69.91,69.91,69.875,69.875
1741584540000,69.88,69.885,69.875,69.88
1741584600000,69.875,69.875,69.82,69.855
1741584660000,69.86,69.86,69.84,69.84
1741584720000,69.835,69.855,69.835,69.855
1741584780000,69.865,69.87,69.855,69.87
1741584840000,69.865,69.87,69.86,69.865
1741584900000,69.875,69.895,69.875,69.895
1741584960000,69.9,69.905,69.885,69.9
1741585020000,69.895,69.91,69.885,69.91
1741585080000,69.905,69.925,69.905,69.92
1741585140000,69.915,69.92,69.905,69.905
1741585200000,69.91,69.91,69.895,69.905
1741585260000,69.91,69.925,69.905,69.925
1741585320000,69.93,69.935,69.925,69.935
1741585380000,69.925,69.925,69.92,69.925
1741585440000,69.92,69.935,69.92,69.935
1741585500000,69.94,69.945,69.925,69.945
1741585560000,69.955,69.965,69.945,69.945
1741585620000,69.955,69.955,69.925,69.945
1741585680000,69.955,69.965,69.94,69.945
1741585740000,69.94,69.95,69.94,69.94
1741585800000,69.945,69.945,69.905,69.905
1741585860000,69.915,69.915,69.91,69.915
1741585920000,69.92,69.935,69.92,69.925
1741585980000,69.93,69.935,69.92,69.935
1741586040000,69.93,69.93,69.92,69.92
1741586100000,69.925,69.94,69.925,69.94
1741586160000,69.935,69.945,69.935,69.935
1741586220000,69.94,69.955,69.935,69.95
1741586280000,69.955,69.96,69.94,69.95
1741586340000,69.955,69.96,69.935,69.945
1741586400000,69.955,69.955,69.91,69.91
1741586460000,69.915,69.915,69.895,69.895
1741586520000,69.9,69.9,69.875,69.895
1741586580000,69.89,69.89,69.875,69.885
1741586640000,69.89,69.915,69.89,69.915
1741586700000,69.925,69.96,69.92,69.955
1741586760000,69.96,69.97,69.96,69.965
1741586820000,69.96,69.96,69.95,69.955
1741586880000,69.96,69.965,69.96,69.965
1741586940000,69.97,69.985,69.97,69.98
1741587000000,69.975,70.015,69.975,70.015
1741587060000,70.025,70.025,70.02,70.025
1741587120000,70.015,70.025,70.015,70.025
1741587180000,70.02,70.025,70.01,70.015
1741587240000,70.01,70.01,69.995,70.005
1741587300000,70,70.025,69.995,70.025
1741587360000,70.015,70.025,70.01,70.02
1741587420000,70.025,70.025,70.015,70.015
1741587480000,70.005,70.01,69.985,69.995
1741587540000,69.99,70.005,69.99,70
1741587600000,69.995,70.015,69.995,70.005
1741587660000,70.015,70.04,70.005,70.035
1741587720000,70.04,70.045,70.025,70.045
1741587780000,70.035,70.035,69.995,70.005
1741587840000,69.99,70.005,69.99,69.99
1741587900000,69.995,70.005,69.995,69.995
1741587960000,70,70.01,69.995,69.995
1741588020000,69.975,69.975,69.965,69.965
1741588080000,69.96,69.965,69.955,69.955
1741588140000,69.965,69.965,69.935,69.955
1741588200000,69.95,69.95,69.92,69.925
1741588260000,69.935,69.955,69.935,69.955
1741588320000,69.96,69.96,69.925,69.925
1741588380000,69.93,69.95,69.925,69.95
1741588440000,69.945,69.98,69.945,69.98
1741588500000,69.975,70.005,69.975,70
1741588560000,70.005,70.015,69.995,69.995
1741588620000,70,70.005,69.995,70.005
1741588680000,69.995,70,69.995,70
1741588740000,69.995,70.025,69.995,70.02
1741588800000,70.025,70.045,70.005,70.035
1741588860000,70.015,70.015,69.975,69.975
1741588920000,69.97,69.975,69.95,69.955
1741588980000,69.945,69.985,69.945,69.975
1741589040000,69.98,70.025,69.975,70.025
1741589100000,70.035,70.065,70.035,70.065
1741589160000,70.06,70.065,70.055,70.06
1741589220000,70.055,70.055,70.035,70.035
1741589280000,70.045,70.065,70.035,70.06
1741589340000,70.055,70.085,70.045,70.085
1741589400000,70.09,70.125,70.09,70.115
1741589460000,70.11,70.11,70.095,70.095
1741589520000,70.1,70.115,70.1,70.105
1741589580000,70.095,70.145,70.095,70.14
1741589640000,70.135,70.135,70.115,70.125
1741589700000,70.115,70.145,70.115,70.14
1741589760000,70.135,70.155,70.125,70.135
1741589820000,70.13,70.175,70.125,70.155
1741589880000,70.165,70.195,70.165,70.19
1741589940000,70.195,70.21,70.18,70.185
1741590000000,70.19,70.195,70.085,70.135
1741590060000,70.145,70.175,70.135,70.16
1741590120000,70.165,70.26,70.135,70.26
1741590180000,70.265,70.295,70.255,70.295
1741590240000,70.285,70.315,70.285,70.295
1741590300000,70.285,70.295,70.275,70.295
1741590360000,70.29,70.335,70.285,70.32
1741590420000,70.315,70.325,70.315,70.325
1741590480000,70.315,70.345,70.305,70.335
1741590540000,70.325,70.345,70.32,70.345
1741590600000,70.355,70.36,70.33,70.355
1741590660000,70.36,70.385,70.355,70.385
1741590720000,70.38,70.39,70.355,70.365
1741590780000,70.37,70.385,70.365,70.38
1741590840000,70.375,70.385,70.365,70.385
1741590900000,70.375,70.395,70.375,70.375
1741590960000,70.38,70.38,70.355,70.355
1741591020000,70.36,70.365,70.325,70.335
1741591080000,70.34,70.345,70.315,70.315
1741591140000,70.325,70.325,70.29,70.29
1741591200000,70.295,70.305,70.28,70.285
1741591260000,70.28,70.3,70.265,70.295
1741591320000,70.3,70.335,70.3,70.335
1741591380000,70.34,70.355,70.31,70.31
1741591440000,70.305,70.305,70.28,70.295
1741591500000,70.285,70.325,70.285,70.325
1741591560000,70.305,70.325,70.305,70.315
1741591620000,70.305,70.305,70.265,70.265
1741591680000,70.25,70.275,70.235,70.275
1741591740000,70.265,70.265,70.245,70.245
1741591800000,70.255,70.295,70.255,70.295
1741591860000,70.3,70.405,70.295,70.395
1741591920000,70.385,70.425,70.375,70.375
1741591980000,70.37,70.385,70.32,70.325
1741592040000,70.33,70.345,70.325,70.34
1741592100000,70.335,70.355,70.325,70.335
1741592160000,70.345,70.365,70.345,70.345
1741592220000,70.35,70.375,70.35,70.375
1741592280000,70.38,70.405,70.38,70.395
1741592340000,70.405,70.405,70.375,70.38
1741592400000,70.375,70.425,70.375,70.405
1741592460000,70.4,70.405,70.365,70.365
1741592520000,70.375,70.415,70.375,70.405
1741592580000,70.4,70.425,70.4,70.415
1741592640000,70.425,70.435,70.415,70.425
1741592700000,70.42,70.42,70.385,70.395
1741592760000,70.405,70.415,70.395,70.405
1741592820000,70.395,70.395,70.355,70.365
1741592880000,70.355,70.365,70.355,70.355
1741592940000,70.345,70.355,70.335,70.355
1741593000000,70.36,70.375,70.345,70.365
1741593060000,70.375,70.385,70.365,70.385
1741593120000,70.38,70.395,70.38,70.385
1741593180000,70.375,70.385,70.365,70.385
1741593240000,70.39,70.4,70.37,70.375
1741593300000,70.365,70.395,70.345,70.39
1741593360000,70.395,70.415,70.335,70.335
1741593420000,70.33,70.365,70.325,70.355
1741593480000,70.365,70.395,70.355,70.385
1741593540000,70.395,70.425,70.385,70.385
1741593600000,70.39,70.44,70.335,70.435
1741593660000,70.445,70.475,70.445,70.455
1741593720000,70.445,70.455,70.395,70.405
1741593780000,70.395,70.43,70.385,70.415
1741593840000,70.405,70.405,70.345,70.345
1741593900000,70.35,70.375,70.325,70.345
1741593960000,70.35,70.38,70.325,70.345
1741594020000,70.355,70.375,70.335,70.345
1741594080000,70.355,70.385,70.335,70.375
1741594140000,70.385,70.385,70.34,70.345
1741594200000,70.325,70.335,70.315,70.325
1741594260000,70.32,70.34,70.285,70.29
1741594320000,70.285,70.32,70.245,70.245
1741594380000,70.255,70.255,70.215,70.235
1741594440000,70.225,70.26,70.205,70.255
1741594500000,70.265,70.31,70.26,70.285
1741594560000,70.275,70.315,70.265,70.315
1741594620000,70.325,70.355,70.315,70.345
1741594680000,70.34,70.355,70.33,70.345
1741594740000,70.335,70.335,70.265,70.265
1741594800000,70.255,70.255,70.245,70.255
1741594860000,70.265,70.28,70.245,70.245
1741594920000,70.225,70.245,70.205,70.245
1741594980000,70.24,70.275,70.225,70.265
1741595040000,70.275,70.285,70.265,70.285
1741595100000,70.295,70.345,70.285,70.31
1741595160000,70.305,70.345,70.305,70.345
1741595220000,70.335,70.365,70.315,70.355
1741595280000,70.365,70.405,70.335,70.37
1741595340000,70.375,70.415,70.345,70.37
1741595400000,70.385,70.505,70.365,70.48
1741595460000,70.485,70.535,70.46,70.485
1741595520000,70.475,70.485,70.465,70.465
1741595580000,70.47,70.47,70.355,70.375
1741595640000,70.365,70.375,70.295,70.315
1741595700000,70.31,70.335,70.255,70.315
1741595760000,70.32,70.375,70.305,70.37
1741595820000,70.365,70.385,70.365,70.365
1741595880000,70.375,70.415,70.305,70.315
1741595940000,70.31,70.325,70.245,70.265
1741596000000,70.27,70.29,70.255,70.275
1741596060000,70.285,70.305,70.255,70.285
1741596120000,70.29,70.305,70.255,70.295
1741596180000,70.29,70.365,70.285,70.365
1741596240000,70.375,70.395,70.365,70.385
1741596300000,70.37,70.415,70.355,70.415
1741596360000,70.435,70.445,70.395,70.395
1741596420000,70.41,70.41,70.325,70.33
1741596480000,70.335,70.38,70.335,70.38
1741596540000,70.375,70.385,70.355,70.355
1741596600000,70.36,70.375,70.285,70.29
1741596660000,70.285,70.285,70.25,70.25
1741596720000,70.255,70.275,70.215,70.235
1741596780000,70.22,70.265,70.215,70.245
1741596840000,70.235,70.285,70.23,70.275
1741596900000,70.28,70.28,70.225,70.23
1741596960000,70.225,70.245,70.215,70.235
1741597020000,70.225,70.265,70.205,70.255
1741597080000,70.245,70.275,70.225,70.275
1741597140000,70.285,70.305,70.255,70.285
1741597200000,70.29,70.315,70.225,70.235
1741597260000,70.225,70.225,70.195,70.225
1741597320000,70.235,70.455,70.235,70.455
1741597380000,70.465,70.47,70.405,70.42
1741597440000,70.415,70.455,70.405,70.445
1741597500000,70.455,70.505,70.435,70.495
1741597560000,70.505,70.545,70.505,70.525
1741597620000,70.52,70.535,70.465,70.48
1741597680000,70.485,70.495,70.46,70.475
1741597740000,70.465,70.49,70.455,70.475
1741597800000,70.48,70.515,70.455,70.475
1741597860000,70.47,70.485,70.42,70.425
1741597920000,70.415,70.42,70.36,70.365
1741597980000,70.375,70.395,70.365,70.365
1741598040000,70.36,70.365,70.305,70.315
1741598100000,70.325,70.395,70.315,70.385
1741598160000,70.395,70.415,70.375,70.395
1741598220000,70.405,70.405,70.355,70.38
1741598280000,70.385,70.445,70.385,70.445
1741598340000,70.465,70.475,70.425,70.445
1741598400000,70.45,70.47,70.415,70.45
1741598460000,70.455,70.455,70.405,70.415
1741598520000,70.42,70.445,70.42,70.44
1741598580000,70.445,70.455,70.435,70.45
1741598640000,70.465,70.485,70.45,70.48
1741598700000,70.485,70.495,70.485,70.495
1741598760000,70.485,70.485,70.45,70.45
1741598820000,70.455,70.485,70.435,70.44
1741598880000,70.445,70.475,70.425,70.445
1741598940000,70.435,70.445,70.39,70.405
1741599000000,70.415,70.455,70.405,70.435
1741599060000,70.425,70.435,70.415,70.435
1741599120000,70.44,70.455,70.395,70.395
1741599180000,70.39,70.425,70.36,70.425
1741599240000,70.435,70.445,70.39,70.39
1741599300000,70.395,70.415,70.38,70.415
1741599360000,70.435,70.455,70.435,70.45
1741599420000,70.445,70.455,70.4,70.455
1741599480000,70.465,70.485,70.455,70.485
1741599540000,70.475,70.545,70.465,70.545
1741599600000,70.555,70.565,70.525,70.53
1741599660000,70.525,70.535,70.485,70.505
1741599720000,70.515,70.515,70.505,70.505
1741599780000,70.515,70.57,70.515,70.55
1741599840000,70.565,70.565,70.525,70.525
1741599900000,70.53,70.535,70.5,70.515
1741599960000,70.525,70.575,70.525,70.56
1741600020000,70.565,70.585,70.565,70.585
1741600080000,70.595,70.605,70.56,70.575
1741600140000,70.58,70.595,70.58,70.595
1741600200000,70.61,70.62,70.585,70.615
1741600260000,70.62,70.645,70.61,70.62
1741600320000,70.615,70.62,70.55,70.555
1741600380000,70.55,70.555,70.53,70.53
1741600440000,70.535,70.545,70.525,70.525
1741600500000,70.535,70.57,70.53,70.555
1741600560000,70.545,70.565,70.515,70.545
1741600620000,70.54,70.545,70.505,70.515
1741600680000,70.525,70.535,70.485,70.535
1741600740000,70.525,70.525,70.49,70.495
1741600800000,70.505,70.535,70.49,70.52
1741600860000,70.515,70.525,70.475,70.505
1741600920000,70.5,70.505,70.455,70.47
1741600980000,70.475,70.485,70.46,70.475
1741601040000,70.465,70.565,70.455,70.565
1741601100000,70.56,70.565,70.525,70.535
1741601160000,70.52,70.525,70.49,70.49
1741601220000,70.485,70.495,70.465,70.495
1741601280000,70.485,70.485,70.46,70.475
1741601340000,70.48,70.495,70.445,70.455
1741601400000,70.45,70.49,70.445,70.485
1741601460000,70.475,70.54,70.475,70.535
1741601520000,70.525,70.585,70.515,70.585
1741601580000,70.565,70.57,70.555,70.57
1741601640000,70.555,70.555,70.505,70.505
1741601700000,70.495,70.505,70.475,70.485
1741601760000,70.48,70.535,70.48,70.53
1741601820000,70.525,70.545,70.525,70.535
1741601880000,70.54,70.54,70.49,70.515
1741601940000,70.51,70.535,70.505,70.51
1741602000000,70.505,70.525,70.485,70.515
1741602060000,70.505,70.535,70.505,70.53
1741602120000,70.535,70.535,70.495,70.505
1741602180000,70.5,70.535,70.495,70.525
1741602240000,70.53,70.565,70.525,70.525
1741602300000,70.535,70.565,70.535,70.555
1741602360000,70.55,70.55,70.515,70.515
1741602420000,70.505,70.52,70.495,70.505
1741602480000,70.5,70.505,70.445,70.475
1741602540000,70.485,70.485,70.465,70.47
1741602600000,70.465,70.515,70.455,70.495
1741602660000,70.49,70.51,70.47,70.505
1741602720000,70.5,70.515,70.465,70.47
1741602780000,70.465,70.47,70.445,70.445
1741602840000,70.435,70.445,70.39,70.415
1741602900000,70.425,70.445,70.415,70.435
1741602960000,70.425,70.445,70.425,70.445
1741603020000,70.45,70.455,70.44,70.45
1741603080000,70.445,70.445,70.415,70.425
1741603140000,70.415,70.425,70.38,70.385
1741603200000,70.375,70.395,70.375,70.39
1741603260000,70.395,70.405,70.39,70.395
1741603320000,70.4,70.405,70.38,70.395
1741603380000,70.39,70.395,70.38,70.395
1741603440000,70.385,70.395,70.375,70.375
1741603500000,70.365,70.385,70.365,70.385
1741603560000,70.37,70.37,70.365,70.365
1741603620000,70.375,70.415,70.365,70.415
1741603680000,70.425,70.43,70.415,70.42
1741603740000,70.425,70.425,70.4,70.415
1741603800000,70.405,70.42,70.405,70.415
1741603860000,70.425,70.425,70.405,70.405
1741603920000,70.395,70.41,70.395,70.41
1741603980000,70.405,70.405,70.325,70.325
1741604040000,70.32,70.375,70.29,70.365
1741604100000,70.38,70.42,70.38,70.41
1741604160000,70.415,70.455,70.415,70.445
1741604220000,70.435,70.445,70.425,70.445
1741604280000,70.44,70.475,70.435,70.465
1741604340000,70.455,70.495,70.45,70.485
1741604400000,70.475,70.535,70.47,70.535
1741604460000,70.555,70.615,70.555,70.58
1741604520000,70.585,70.605,70.555,70.565
1741604580000,70.575,70.575,70.535,70.545
1741604640000,70.54,70.545,70.495,70.495
1741604700000,70.49,70.545,70.48,70.535
1741604760000,70.54,70.59,70.485,70.58
1741604820000,70.575,70.605,70.57,70.58
1741604880000,70.575,70.585,70.555,70.575
1741604940000,70.58,70.595,70.555,70.565
1741605000000,70.56,70.565,70.525,70.55
1741605060000,70.545,70.55,70.51,70.545
1741605120000,70.55,70.55,70.51,70.52
1741605180000,70.525,70.525,70.515,70.525
1741605240000,70.53,70.575,70.53,70.56
1741605300000,70.555,70.615,70.55,70.59
1741605360000,70.595,70.595,70.555,70.555
1741605420000,70.565,70.565,70.53,70.54
1741605480000,70.535,70.57,70.535,70.57
1741605540000,70.565,70.605,70.565,70.595
1741605600000,70.59,70.605,70.585,70.605
1741605660000,70.615,70.665,70.595,70.655
1741605720000,70.65,70.655,70.64,70.645
1741605780000,70.655,70.665,70.625,70.66
1741605840000,70.655,70.655,70.625,70.65
1741605900000,70.655,70.665,70.635,70.645
1741605960000,70.635,70.645,70.625,70.64
1741606020000,70.655,70.665,70.645,70.65
1741606080000,70.645,70.665,70.645,70.665
1741606140000,70.69,70.715,70.675,70.675
1741606200000,70.685,70.715,70.68,70.695
1741606260000,70.685,70.725,70.685,70.69
1741606320000,70.685,70.7,70.675,70.69
1741606380000,70.685,70.705,70.67,70.685
1741606440000,70.695,70.725,70.685,70.72
1741606500000,70.725,70.745,70.72,70.725
1741606560000,70.715,70.715,70.7,70.7
1741606620000,70.705,70.775,70.705,70.75
1741606680000,70.755,70.775,70.735,70.745
1741606740000,70.74,70.74,70.645,70.645
1741606800000,70.635,70.635,70.615,70.635
1741606860000,70.645,70.665,70.625,70.665
1741606920000,70.675,70.68,70.655,70.68
1741606980000,70.675,70.705,70.66,70.705
1741607040000,70.7,70.71,70.655,70.665
1741607100000,70.675,70.675,70.645,70.645
1741607160000,70.64,70.665,70.63,70.635
1741607220000,70.645,70.665,70.645,70.655
1741607280000,70.66,70.685,70.635,70.645
1741607340000,70.64,70.665,70.635,70.655
1741607400000,70.665,70.68,70.645,70.68
1741607460000,70.685,70.695,70.67,70.675
1741607520000,70.685,70.685,70.67,70.685
1741607580000,70.68,70.68,70.635,70.645
1741607640000,70.655,70.665,70.645,70.645
1741607700000,70.655,70.685,70.645,70.685
1741607760000,70.68,70.71,70.665,70.705
1741607820000,70.7,70.7,70.685,70.695
1741607880000,70.705,70.735,70.695,70.73
1741607940000,70.735,70.765,70.715,70.715
1741608000000,70.705,70.725,70.675,70.695
1741608060000,70.685,70.715,70.685,70.715
1741608120000,70.73,70.745,70.675,70.685
1741608180000,70.695,70.695,70.665,70.685
1741608240000,70.675,70.705,70.675,70.685
1741608300000,70.67,70.69,70.655,70.68
1741608360000,70.685,70.725,70.675,70.715
1741608420000,70.72,70.74,70.715,70.735
1741608480000,70.73,70.755,70.705,70.71
1741608540000,70.705,70.71,70.665,70.67
1741608600000,70.665,70.735,70.665,70.735
1741608660000,70.725,70.755,70.715,70.745
1741608720000,70.75,70.75,70.705,70.715
1741608780000,70.705,70.745,70.705,70.72
1741608840000,70.715,70.73,70.71,70.72
1741608900000,70.715,70.735,70.645,70.645
1741608960000,70.635,70.66,70.625,70.66
1741609020000,70.665,70.665,70.625,70.635
1741609080000,70.625,70.685,70.625,70.68
1741609140000,70.685,70.71,70.685,70.695
1741609200000,70.705,70.755,70.705,70.75
1741609260000,70.745,70.775,70.745,70.76
1741609320000,70.755,70.76,70.715,70.72
1741609380000,70.715,70.725,70.705,70.725
1741609440000,70.735,70.755,70.73,70.755
1741609500000,70.76,70.815,70.755,70.795
1741609560000,70.8,70.805,70.775,70.785
1741609620000,70.775,70.785,70.755,70.755
1741609680000,70.745,70.775,70.745,70.755
1741609740000,70.765,70.785,70.765,70.765
1741609800000,70.755,70.795,70.755,70.795
1741609860000,70.805,70.815,70.78,70.79
1741609920000,70.785,70.825,70.785,70.825
1741609980000,70.84,70.84,70.815,70.835
1741610040000,70.845,70.845,70.8,70.805
1741610100000,70.79,70.79,70.745,70.745
1741610160000,70.755,70.765,70.735,70.76
1741610220000,70.755,70.795,70.755,70.785
1741610280000,70.795,70.825,70.795,70.825
1741610340000,70.82,70.825,70.795,70.795
1741610400000,70.79,70.805,70.775,70.795
1741610460000,70.79,70.805,70.785,70.795
1741610520000,70.805,70.805,70.775,70.785
1741610580000,70.795,70.805,70.785,70.795
1741610640000,70.8,70.805,70.795,70.795
1741610700000,70.815,70.825,70.775,70.805
1741610760000,70.81,70.825,70.8,70.805
1741610820000,70.8,70.815,70.765,70.775
1741610880000,70.78,70.785,70.77,70.775
1741610940000,70.765,70.765,70.745,70.755
1741611000000,70.765,70.77,70.745,70.755
1741611060000,70.75,70.755,70.725,70.725
1741611120000,70.725,70.725,70.725,70.725
1741611180000,70.715,70.745,70.705,70.745
1741611240000,70.75,70.765,70.745,70.765
1741611300000,70.76,70.785,70.755,70.78
1741611360000,70.785,70.805,70.765,70.775
1741611420000,70.765,70.765,70.75,70.765
1741611480000,70.77,70.805,70.77,70.79
1741611540000,70.795,70.795,70.78,70.78
1741611600000,70.775,70.785,70.705,70.715
1741611660000,70.705,70.705,70.565,70.575
1741611720000,70.585,70.625,70.54,70.545
1741611780000,70.54,70.575,70.535,70.555
1741611840000,70.545,70.545,70.475,70.475
1741611900000,70.455,70.515,70.455,70.475
1741611960000,70.48,70.485,70.405,70.41
1741612020000,70.415,70.465,70.405,70.465
1741612080000,70.475,70.475,70.425,70.425
1741612140000,70.43,70.445,70.415,70.435
1741612200000,70.445,70.475,70.415,70.425
1741612260000,70.43,70.455,70.41,70.42
1741612320000,70.425,70.475,70.42,70.425
1741612380000,70.415,70.435,70.385,70.415
1741612440000,70.425,70.435,70.395,70.42
1741612500000,70.425,70.535,70.42,70.525
1741612560000,70.52,70.535,70.445,70.445
1741612620000,70.435,70.475,70.425,70.47
1741612680000,70.465,70.47,70.425,70.435
1741612740000,70.43,70.44,70.365,70.385
1741612800000,70.395,70.435,70.395,70.395
1741612860000,70.39,70.395,70.335,70.335
1741612920000,70.325,70.375,70.315,70.365
1741612980000,70.37,70.375,70.335,70.335
1741613040000,70.345,70.355,70.33,70.335
1741613100000,70.33,70.355,70.325,70.355
1741613160000,70.345,70.345,70.295,70.315
1741613220000,70.31,70.315,70.25,70.25
1741613280000,70.255,70.35,70.255,70.29
1741613340000,70.285,70.325,70.275,70.315
1741613400000,70.305,70.365,70.285,70.365
1741613460000,70.36,70.455,70.345,70.405
1741613520000,70.4,70.415,70.285,70.305
1741613580000,70.295,70.345,70.285,70.285
1741613640000,70.29,70.325,70.28,70.315
1741613700000,70.32,70.385,70.32,70.375
1741613760000,70.38,70.405,70.365,70.375
1741613820000,70.365,70.375,70.325,70.375
1741613880000,70.385,70.4,70.305,70.31
1741613940000,70.315,70.34,70.285,70.285
1741614000000,70.275,70.345,70.255,70.335
1741614060000,70.35,70.375,70.26,70.265
1741614120000,70.27,70.295,70.235,70.265
1741614180000,70.26,70.27,70.195,70.2
1741614240000,70.205,70.245,70.155,70.165
1741614300000,70.155,70.165,70.105,70.115
1741614360000,70.105,70.135,70.095,70.095
1741614420000,70.065,70.12,70.015,70.045
1741614480000,70.035,70.045,69.995,70.015
1741614540000,70.02,70.095,70.005,70.05
1741614600000,70.045,70.095,70.035,70.085
1741614660000,70.075,70.085,70.015,70.02
1741614720000,70.015,70.035,70,70.005
1741614780000,69.995,70.045,69.97,69.975
1741614840000,69.985,69.985,69.895,69.9
1741614900000,69.895,69.92,69.865,69.905
1741614960000,69.915,69.965,69.91,69.935
1741615020000,69.925,70.025,69.925,70.015
1741615080000,70.025,70.035,69.95,69.95
1741615140000,69.955,69.955,69.895,69.905
1741615200000,69.9,69.925,69.835,69.895
1741615260000,69.905,69.925,69.875,69.885
1741615320000,69.895,69.91,69.855,69.875
1741615380000,69.88,69.945,69.875,69.895
1741615440000,69.885,69.905,69.835,69.86
1741615500000,69.855,70.005,69.855,69.985
1741615560000,69.995,69.995,69.885,69.895
1741615620000,69.885,70.015,69.885,69.975
1741615680000,69.965,70.015,69.935,69.985
1741615740000,69.995,70.045,69.975,69.995
1741615800000,69.985,70.035,69.985,70.02
1741615860000,70.025,70.035,69.925,69.94
1741615920000,69.935,69.975,69.925,69.94
1741615980000,69.945,69.97,69.925,69.935
1741616040000,69.945,69.975,69.935,69.975
1741616100000,69.965,70.055,69.935,70.025
1741616160000,70.03,70.055,70.005,70.015
1741616220000,70.01,70.015,69.9,69.935
1741616280000,69.93,69.965,69.905,69.965
1741616340000,69.975,69.98,69.93,69.93
1741616400000,69.935,69.965,69.885,69.895
1741616460000,69.89,69.95,69.885,69.935
1741616520000,69.94,69.945,69.895,69.915
1741616580000,69.93,69.945,69.865,69.885
1741616640000,69.895,69.895,69.775,69.845
1741616700000,69.85,69.88,69.815,69.825
1741616760000,69.81,69.825,69.795,69.795
1741616820000,69.8,69.855,69.8,69.835
1741616880000,69.83,69.885,69.815,69.855
1741616940000,69.86,69.875,69.785,69.785
1741617000000,69.775,69.835,69.765,69.81
1741617060000,69.815,69.825,69.705,69.71
1741617120000,69.715,69.74,69.695,69.725
1741617180000,69.72,69.72,69.645,69.665
1741617240000,69.66,69.695,69.635,69.685
1741617300000,69.69,69.785,69.69,69.755
1741617360000,69.76,69.805,69.68,69.69
1741617420000,69.695,69.905,69.69,69.865
1741617480000,69.875,69.925,69.875,69.915
1741617540000,69.91,69.975,69.87,69.945
1741617600000,69.935,69.975,69.905,69.93
1741617660000,69.925,69.975,69.925,69.925
1741617720000,69.92,69.965,69.915,69.955
1741617780000,69.95,70.035,69.93,69.985
1741617840000,69.975,69.995,69.96,69.975
1741617900000,69.985,69.995,69.945,69.955
1741617960000,69.945,70.005,69.945,69.995
1741618020000,69.985,69.995,69.875,69.88
1741618080000,69.875,69.965,69.875,69.93
1741618140000,69.935,69.955,69.82,69.865
1741618200000,69.86,69.895,69.84,69.895
1741618260000,69.885,69.895,69.805,69.805
1741618320000,69.795,69.805,69.77,69.78
1741618380000,69.775,69.785,69.76,69.775
1741618440000,69.785,69.785,69.69,69.745
1741618500000,69.755,69.805,69.735,69.76
1741618560000,69.755,69.76,69.695,69.735
1741618620000,69.73,69.745,69.705,69.715
1741618680000,69.72,69.72,69.675,69.685
1741618740000,69.675,69.715,69.675,69.705
1741618800000,69.715,69.785,69.7,69.775
1741618860000,69.78,69.805,69.745,69.785
1741618920000,69.78,69.84,69.78,69.815
1741618980000,69.805,69.825,69.77,69.785
1741619040000,69.775,69.78,69.735,69.75
1741619100000,69.745,69.745,69.72,69.735
1741619160000,69.73,69.765,69.715,69.765
1741619220000,69.775,69.815,69.765,69.775
1741619280000,69.77,69.805,69.735,69.745
1741619340000,69.735,69.785,69.72,69.775
1741619400000,69.765,69.765,69.735,69.735
1741619460000,69.745,69.795,69.725,69.785
1741619520000,69.775,69.795,69.765,69.775
1741619580000,69.765,69.795,69.75,69.775
1741619640000,69.785,69.785,69.745,69.765
1741619700000,69.755,69.805,69.745,69.795
1741619760000,69.805,69.815,69.79,69.795
1741619820000,69.805,69.815,69.755,69.815
1741619880000,69.835,69.855,69.76,69.765
1741619940000,69.76,69.76,69.74,69.745
1741620000000,69.74,69.79,69.735,69.745
1741620060000,69.755,69.765,69.7,69.725
1741620120000,69.72,69.79,69.705,69.78
1741620180000,69.785,69.795,69.765,69.765
1741620240000,69.77,69.825,69.765,69.795
1741620300000,69.785,69.915,69.765,69.915
1741620360000,69.925,69.975,69.905,69.945
1741620420000,69.955,69.975,69.91,69.915
1741620480000,69.925,69.925,69.835,69.84
1741620540000,69.845,69.855,69.815,69.815
1741620600000,69.835,69.93,69.825,69.915
1741620660000,69.925,69.935,69.895,69.905
1741620720000,69.895,69.955,69.895,69.915
1741620780000,69.905,69.925,69.89,69.925
1741620840000,69.92,69.975,69.915,69.975
1741620900000,69.985,69.985,69.945,69.965
1741620960000,69.97,69.99,69.91,69.915
1741621020000,69.91,69.92,69.885,69.885
1741621080000,69.875,69.885,69.865,69.88
1741621140000,69.875,69.895,69.855,69.865
1741621200000,69.855,69.86,69.825,69.845
1741621260000,69.835,69.875,69.83,69.835
1741621320000,69.82,69.825,69.775,69.795
1741621380000,69.805,69.815,69.755,69.775
1741621440000,69.77,69.775,69.715,69.74
1741621500000,69.735,69.79,69.735,69.78
1741621560000,69.785,69.795,69.755,69.765
1741621620000,69.76,69.825,69.76,69.815
1741621680000,69.82,69.87,69.82,69.85
1741621740000,69.845,69.885,69.805,69.875
1741621800000,69.865,69.895,69.845,69.85
1741621860000,69.855,69.89,69.845,69.885
1741621920000,69.89,69.935,69.885,69.915
1741621980000,69.92,69.935,69.895,69.915
1741622040000,69.92,69.945,69.905,69.925
1741622100000,69.935,69.96,69.925,69.935
1741622160000,69.925,69.925,69.88,69.885
1741622220000,69.89,69.895,69.86,69.865
1741622280000,69.875,69.885,69.83,69.845
1741622340000,69.855,69.865,69.835,69.86
1741622400000,69.865,69.895,69.845,69.89
1741622460000,69.885,69.955,69.885,69.95
1741622520000,69.955,69.955,69.91,69.93
1741622580000,69.925,69.925,69.855,69.855
1741622640000,69.845,69.865,69.845,69.855
1741622700000,69.85,69.905,69.845,69.885
1741622760000,69.88,69.915,69.875,69.895
1741622820000,69.905,69.905,69.855,69.855
1741622880000,69.86,69.885,69.795,69.8
1741622940000,69.795,69.815,69.735,69.795
1741623000000,69.805,69.86,69.805,69.86
1741623060000,69.865,69.905,69.855,69.875
1741623120000,69.885,69.9,69.855,69.885
1741623180000,69.88,69.88,69.855,69.855
1741623240000,69.85,69.885,69.845,69.865
1741623300000,69.87,69.88,69.8,69.8
1741623360000,69.805,69.81,69.775,69.78
1741623420000,69.785,69.785,69.76,69.785
1741623480000,69.79,69.8,69.665,69.685
1741623540000,69.695,69.705,69.67,69.69
1741623600000,69.685,69.725,69.665,69.69
1741623660000,69.695,69.7,69.67,69.68
1741623720000,69.675,69.675,69.615,69.635
1741623780000,69.63,69.66,69.615,69.655
1741623840000,69.665,69.67,69.615,69.645
1741623900000,69.64,69.665,69.625,69.655
1741623960000,69.665,69.665,69.615,69.615
1741624020000,69.595,69.595,69.545,69.59
1741624080000,69.595,69.645,69.575,69.635
1741624140000,69.625,69.63,69.59,69.595
1741624200000,69.585,69.605,69.555,69.595
1741624260000,69.585,69.595,69.555,69.565
1741624320000,69.575,69.595,69.545,69.595
1741624380000,69.6,69.6,69.565,69.59
1741624440000,69.585,69.585,69.55,69.565
1741624500000,69.57,69.57,69.545,69.57
1741624560000,69.575,69.595,69.565,69.575
1741624620000,69.58,69.585,69.545,69.545
1741624680000,69.55,69.565,69.545,69.545
1741624740000,69.555,69.555,69.495,69.515
1741624800000,69.505,69.575,69.505,69.565
1741624860000,69.57,69.585,69.545,69.56
1741624920000,69.555,69.585,69.525,69.575
1741624980000,69.57,69.575,69.535,69.54
1741625040000,69.535,69.565,69.535,69.545
1741625100000,69.55,69.62,69.545,69.605
1741625160000,69.615,69.69,69.605,69.685
1741625220000,69.69,69.695,69.665,69.685
1741625280000,69.69,69.695,69.65,69.675
1741625340000,69.685,69.685,69.645,69.665
1741625400000,69.675,69.675,69.645,69.675
1741625460000,69.665,69.685,69.665,69.675
1741625520000,69.665,69.685,69.645,69.66
1741625580000,69.665,69.715,69.665,69.695
1741625640000,69.705,69.725,69.695,69.725
1741625700000,69.715,69.715,69.695,69.705
1741625760000,69.7,69.715,69.675,69.68
1741625820000,69.685,69.695,69.655,69.66
1741625880000,69.655,69.665,69.625,69.645
1741625940000,69.64,69.645,69.615,69.625
1741626000000,69.63,69.635,69.615,69.625
1741626060000,69.615,69.645,69.605,69.605
1741626120000,69.6,69.645,69.575,69.635
1741626180000,69.63,69.635,69.58,69.615
1741626240000,69.61,69.615,69.575,69.575
1741626300000,69.57,69.61,69.565,69.605
1741626360000,69.6,69.605,69.575,69.605
1741626420000,69.615,69.615,69.565,69.565
1741626480000,69.56,69.585,69.535,69.545
1741626540000,69.54,69.545,69.505,69.515
1741626600000,69.51,69.525,69.485,69.505
1741626660000,69.495,69.495,69.47,69.475
1741626720000,69.48,69.485,69.392,69.415
1741626780000,69.425,69.445,69.392,69.445
1741626840000,69.45,69.465,69.435,69.455
1741626900000,69.465,69.475,69.44,69.475
1741626960000,69.47,69.475,69.445,69.46
1741627020000,69.455,69.49,69.435,69.435
1741627080000,69.425,69.435,69.405,69.435
1741627140000,69.445,69.445,69.435,69.435
1741627200000,69.425,69.435,69.415,69.425
1741627260000,69.435,69.45,69.415,69.42
1741627320000,69.415,69.45,69.405,69.43
1741627380000,69.425,69.465,69.415,69.465
1741627440000,69.475,69.485,69.45,69.455
1741627500000,69.45,69.455,69.405,69.415
1741627560000,69.41,69.425,69.395,69.405
1741627620000,69.41,69.42,69.395,69.405
1741627680000,69.41,69.415,69.395,69.405
1741627740000,69.4,69.4,69.39,69.392
1741627800000,69.392,69.405,69.392,69.405
1741627860000,69.415,69.425,69.41,69.415
1741627920000,69.405,69.415,69.392,69.392
1741627980000,69.392,69.395,69.392,69.392
1741628040000,69.395,69.395,69.392,69.392
1741628100000,69.392,69.415,69.392,69.395
1741628160000,69.392,69.415,69.392,69.395
1741628220000,69.392,69.405,69.392,69.405
1741628280000,69.4,69.405,69.392,69.392
1741628340000,69.392,69.392,69.39,69.392
1741628400000,69.389,69.392,69.385,69.385
1741628460000,69.39,69.39,69.3,69.305
1741628520000,69.3,69.325,69.295,69.325
1741628580000,69.345,69.345,69.26,69.285
1741628640000,69.275,69.275,69.255,69.265
1741628700000,69.275,69.295,69.265,69.295
1741628760000,69.305,69.305,69.265,69.265
1741628820000,69.27,69.295,69.265,69.27
1741628880000,69.275,69.275,69.255,69.265
1741628940000,69.26,69.275,69.225,69.25
1741629000000,69.255,69.265,69.235,69.24
1741629060000,69.235,69.245,69.195,69.21
1741629120000,69.215,69.255,69.195,69.23
1741629180000,69.235,69.255,69.225,69.255
1741629240000,69.245,69.265,69.24,69.245
1741629300000,69.24,69.305,69.24,69.265
1741629360000,69.275,69.275,69.265,69.27
1741629420000,69.265,69.275,69.265,69.275
1741629480000,69.265,69.275,69.255,69.275
1741629540000,69.265,69.275,69.255,69.275
1741629600000,69.27,69.275,69.245,69.265
1741629660000,69.255,69.285,69.255,69.275
1741629720000,69.28,69.285,69.225,69.275
1741629780000,69.265,69.285,69.245,69.26
1741629840000,69.255,69.265,69.225,69.225
1741629900000,69.22,69.225,69.21,69.215
1741629960000,69.205,69.235,69.205,69.23
1741630020000,69.235,69.235,69.215,69.225
1741630080000,69.215,69.255,69.205,69.255
1741630140000,69.265,69.285,69.255,69.275
1741630200000,69.265,69.285,69.255,69.255
1741630260000,69.26,69.305,69.255,69.275
1741630320000,69.285,69.305,69.27,69.275
1741630380000,69.265,69.285,69.235,69.24
1741630440000,69.235,69.255,69.225,69.245
1741630500000,69.25,69.26,69.225,69.24
1741630560000,69.235,69.245,69.215,69.22
1741630620000,69.225,69.275,69.215,69.26
1741630680000,69.255,69.285,69.255,69.275
1741630740000,69.265,69.275,69.245,69.245
1741630800000,69.235,69.265,69.225,69.245
1741630860000,69.255,69.255,69.235,69.245
1741630920000,69.25,69.275,69.245,69.275
1741630980000,69.27,69.275,69.235,69.245
1741631040000,69.255,69.28,69.245,69.275
1741631100000,69.265,69.275,69.25,69.26
1741631160000,69.255,69.265,69.225,69.23
1741631220000,69.225,69.235,69.205,69.215
1741631280000,69.205,69.265,69.205,69.265
1741631340000,69.275,69.295,69.265,69.295
1741631400000,69.305,69.31,69.265,69.295
1741631460000,69.305,69.325,69.295,69.325
1741631520000,69.305,69.305,69.255,69.265
1741631580000,69.255,69.285,69.225,69.285
1741631640000,69.295,69.305,69.275,69.295
1741631700000,69.285,69.29,69.275,69.28
1741631760000,69.285,69.285,69.245,69.25
1741631820000,69.245,69.245,69.23,69.235
1741631880000,69.24,69.24,69.225,69.23
1741631940000,69.215,69.215,69.195,69.205
1741632000000,69.215,69.215,69.195,69.195
1741632060000,69.2,69.205,69.185,69.195
1741632120000,69.205,69.225,69.195,69.2
1741632180000,69.195,69.195,69.185,69.195
1741632240000,69.185,69.2,69.185,69.195
1741632300000,69.19,69.205,69.19,69.195
1741632360000,69.19,69.205,69.185,69.195
1741632420000,69.2,69.205,69.195,69.205
1741632480000,69.215,69.215,69.205,69.21
1741632540000,69.215,69.215,69.205,69.205
1741632600000,69.2,69.205,69.195,69.195
1741632660000,69.205,69.205,69.195,69.205
1741632720000,69.195,69.205,69.185,69.195
1741632780000,69.19,69.195,69.175,69.175
1741632840000,69.18,69.185,69.175,69.175
1741632900000,69.155,69.175,69.145,69.165
1741632960000,69.16,69.165,69.145,69.145
1741633020000,69.15,69.15,69.145,69.145
1741633080000,69.15,69.15,69.145,69.145
1741633140000,69.135,69.145,69.115,69.12
1741633200000,69.115,69.14,69.11,69.135
1741633260000,69.145,69.145,69.125,69.125
1741633320000,69.13,69.13,69.105,69.105
1741633380000,69.1,69.1,69.095,69.095
1741633440000,69.105,69.115,69.095,69.115
1741633500000,69.125,69.125,69.115,69.115
1741633560000,69.12,69.125,69.085,69.09
1741633620000,69.095,69.1,69.085,69.085
1741633680000,69.09,69.095,69.05,69.055
1741633740000,69.06,69.065,69.045,69.06
1741633800000,69.055,69.07,69.045,69.045
1741633860000,69.035,69.055,69.035,69.055
1741633920000,69.05,69.09,69.05,69.085
1741633980000,69.09,69.125,69.085,69.125
1741634040000,69.12,69.125,69.11,69.115
1741634100000,69.11,69.145,69.105,69.135
1741634160000,69.14,69.155,69.125,69.13
1741634220000,69.125,69.135,69.115,69.135
1741634280000,69.145,69.205,69.145,69.205
1741634340000,69.215,69.225,69.195,69.205
1741634400000,69.215,69.255,69.215,69.24
1741634460000,69.245,69.275,69.235,69.245
1741634520000,69.25,69.255,69.245,69.245
1741634580000,69.25,69.275,69.25,69.255
1741634640000,69.25,69.255,69.235,69.245
1741634700000,69.255,69.255,69.245,69.255
1741634760000,69.265,69.285,69.265,69.275
1741634820000,69.265,69.285,69.255,69.275
1741634880000,69.28,69.29,69.23,69.235
1741634940000,69.23,69.23,69.185,69.195
1741635000000,69.19,69.225,69.185,69.215
1741635060000,69.205,69.21,69.175,69.185
1741635120000,69.18,69.185,69.175,69.175
1741635180000,69.185,69.195,69.175,69.175
1741635240000,69.18,69.2,69.18,69.195
1741635300000,69.205,69.215,69.2,69.215
1741635360000,69.205,69.205,69.18,69.185
1741635420000,69.19,69.195,69.18,69.185
1741635480000,69.18,69.185,69.175,69.185
1741635540000,69.195,69.205,69.195,69.205
1741635600000,69.21,69.215,69.19,69.205
1741635660000,69.185,69.185,69.165,69.185
1741635720000,69.175,69.175,69.13,69.135
1741635780000,69.14,69.175,69.135,69.175
1741635840000,69.17,69.175,69.165,69.165
1741635900000,69.175,69.175,69.165,69.175
1741635960000,69.17,69.175,69.165,69.165
1741636020000,69.17,69.185,69.17,69.175
1741636080000,69.18,69.195,69.18,69.185
1741636140000,69.19,69.205,69.185,69.205
1741636200000,69.215,69.245,69.215,69.245
1741636260000,69.25,69.265,69.235,69.235
1741636320000,69.245,69.245,69.235,69.235
1741636380000,69.23,69.235,69.195,69.195
1741636440000,69.2,69.205,69.195,69.195
1741636500000,69.205,69.215,69.205,69.215
1741636560000,69.22,69.22,69.205,69.205
1741636620000,69.195,69.205,69.195,69.195
1741636680000,69.19,69.195,69.185,69.185
1741636740000,69.19,69.195,69.175,69.19
1741636800000,69.195,69.195,69.17,69.175
1741636860000,69.18,69.18,69.175,69.18
1741636920000,69.185,69.19,69.175,69.19
1741636980000,69.195,69.205,69.195,69.2
1741637040000,69.205,69.205,69.19,69.19
1741637100000,69.195,69.215,69.19,69.21
1741637160000,69.215,69.22,69.21,69.215
1741637220000,69.21,69.215,69.21,69.215
1741637280000,69.21,69.215,69.205,69.215
1741637340000,69.21,69.21,69.205,69.205
1741637400000,69.2,69.2,69.2,69.2
1741637460000,69.205,69.205,69.175,69.175
1741637520000,69.175,69.175,69.175,69.175
1741637580000,69.175,69.175,69.175,69.175
1741637640000,69.133,69.185,69.133,69.185
1741637700000,69.175,69.18,69.175,69.18
1741637760000,69.185,69.185,69.18,69.185
1741637820000,69.18,69.185,69.18,69.185
1741637880000,69.18,69.185,69.18,69.185
1741637940000,69.18,69.185,69.175,69.175
1741638000000,69.185,69.185,69.17,69.18
1741638060000,69.185,69.185,69.18,69.185
1741638120000,69.195,69.205,69.195,69.205
1741638180000,69.195,69.205,69.195,69.205
1741638240000,69.22,69.22,69.195,69.2
1741638300000,69.205,69.215,69.195,69.205
1741638360000,69.195,69.195,69.195,69.195
1741638420000,69.2,69.215,69.195,69.21
1741638480000,69.215,69.225,69.215,69.225
1741638540000,69.215,69.225,69.215,69.225
1741638600000,69.23,69.235,69.225,69.225
1741638660000,69.23,69.235,69.225,69.235
1741638720000,69.225,69.235,69.225,69.225
1741638780000,69.215,69.22,69.21,69.21
1741638840000,69.163,69.215,69.163,69.21
1741638900000,69.215,69.215,69.205,69.215
1741638960000,69.21,69.21,69.205,69.205
1741639020000,69.205,69.205,69.205,69.205
1741639080000,69.215,69.215,69.215,69.215
1741639140000,69.205,69.225,69.205,69.225
1741639200000,69.22,69.22,69.215,69.215
1741639260000,69.205,69.215,69.205,69.21
1741639320000,69.205,69.205,69.205,69.205
1741639380000,69.215,69.215,69.215,69.215
1741639440000,69.21,69.21,69.18,69.185
1741639500000,69.18,69.185,69.17,69.175
1741639560000,69.17,69.175,69.17,69.17
1741639620000,69.165,69.175,69.165,69.165
1741639680000,69.155,69.155,69.145,69.15
1741639740000,69.155,69.155,69.15,69.155
1741639800000,69.165,69.165,69.155,69.155
1741639860000,69.16,69.165,69.15,69.15
1741639920000,69.155,69.155,69.15,69.155
1741639980000,69.15,69.15,69.145,69.15
1741640040000,69.145,69.175,69.145,69.175
1741640100000,69.17,69.175,69.16,69.16
1741640160000,69.165,69.165,69.155,69.155
1741640220000,69.165,69.165,69.155,69.16
1741640280000,69.165,69.165,69.16,69.165
1741640340000,69.17,69.185,69.16,69.16
1741737600000,69.917,69.952,69.912,69.952
1741737660000,69.947,69.982,69.912,69.917
1741737720000,69.912,69.922,69.897,69.907
1741737780000,69.912,69.912,69.902,69.902
1741737840000,69.892,69.897,69.862,69.882
1741737900000,69.887,69.892,69.877,69.887
1741737960000,69.872,69.877,69.847,69.852
1741738020000,69.857,69.882,69.852,69.857
1741738080000,69.852,69.857,69.847,69.852
1741738140000,69.857,69.872,69.857,69.867
1741738200000,69.872,69.892,69.872,69.892
1741738260000,69.882,69.892,69.872,69.887
1741738320000,69.882,69.887,69.877,69.887
1741738380000,69.882,69.882,69.877,69.877
1741738440000,69.867,69.867,69.867,69.867
1741738500000,69.862,69.877,69.862,69.872
1741738560000,69.867,69.867,69.857,69.857
1741738620000,69.862,69.867,69.857,69.857
1741738680000,69.847,69.847,69.837,69.837
1741738740000,69.837,69.837,69.837,69.837
1741738800000,69.832,69.832,69.807,69.812
1741738860000,69.807,69.822,69.807,69.822
1741738920000,69.827,69.842,69.827,69.842
1741738980000,69.837,69.842,69.832,69.832
1741739040000,69.837,69.842,69.822,69.822
1741739100000,69.817,69.822,69.812,69.817
1741739160000,69.812,69.827,69.812,69.817
1741739220000,69.817,69.817,69.817,69.817
1741739280000,69.812,69.812,69.807,69.807
1741739340000,69.812,69.817,69.802,69.802
1741739400000,69.778,69.827,69.777,69.827
1741739460000,69.822,69.822,69.807,69.807
1741739520000,69.822,69.827,69.807,69.812
1741739580000,69.807,69.812,69.802,69.812
1741739640000,69.822,69.822,69.812,69.822
1741739700000,69.817,69.822,69.812,69.812
1741739760000,69.788,69.812,69.788,69.802
1741739820000,69.792,69.792,69.782,69.782
1741739880000,69.787,69.792,69.777,69.777
1741739940000,69.772,69.772,69.767,69.767
1741740000000,69.762,69.777,69.752,69.772
1741740060000,69.767,69.772,69.743,69.772
1741740120000,69.782,69.782,69.772,69.772
1741740180000,69.777,69.777,69.757,69.767
1741740240000,69.772,69.787,69.772,69.787
1741740300000,69.777,69.782,69.777,69.777
1741740360000,69.772,69.777,69.757,69.777
1741740420000,69.772,69.792,69.772,69.787
1741740480000,69.792,69.802,69.787,69.797
1741740540000,69.807,69.807,69.797,69.797
1741740600000,69.802,69.807,69.802,69.802
1741740660000,69.812,69.812,69.812,69.812
1741740720000,69.817,69.852,69.817,69.847
1741740780000,69.852,69.852,69.847,69.847
1741740840000,69.842,69.852,69.842,69.847
1741740900000,69.852,69.852,69.847,69.852
1741740960000,69.862,69.877,69.862,69.872
1741741020000,69.877,69.882,69.872,69.882
1741741080000,69.892,69.922,69.892,69.922
1741741140000,69.912,69.917,69.892,69.902
1741741200000,69.892,69.925,69.865,69.875
1741741260000,69.865,69.865,69.83,69.835
1741741320000,69.84,69.865,69.84,69.855
1741741380000,69.865,69.865,69.845,69.855
1741741440000,69.86,69.865,69.855,69.86
1741741500000,69.865,69.865,69.84,69.855
1741741560000,69.85,69.85,69.805,69.805
1741741620000,69.8,69.845,69.785,69.83
1741741680000,69.825,69.84,69.825,69.84
1741741740000,69.845,69.845,69.815,69.815
1741741800000,69.81,69.82,69.795,69.815
1741741860000,69.82,69.83,69.815,69.825
1741741920000,69.81,69.815,69.805,69.805
1741741980000,69.81,69.815,69.795,69.815
1741742040000,69.81,69.815,69.805,69.815
1741742100000,69.825,69.855,69.815,69.85
1741742160000,69.845,69.85,69.835,69.84
1741742220000,69.835,69.84,69.83,69.84
1741742280000,69.835,69.84,69.825,69.825
1741742340000,69.778,69.82,69.778,69.82
1741742400000,69.815,69.815,69.795,69.815
1741742460000,69.81,69.825,69.81,69.82
1741742520000,69.815,69.815,69.805,69.815
1741742580000,69.81,69.815,69.805,69.81
1741742640000,69.815,69.825,69.81,69.81
1741742700000,69.805,69.83,69.805,69.83
1741742760000,69.835,69.84,69.825,69.83
1741742820000,69.825,69.83,69.815,69.82
1741742880000,69.815,69.835,69.815,69.83
1741742940000,69.825,69.855,69.825,69.855
1741743000000,69.845,69.865,69.845,69.86
1741743060000,69.865,69.895,69.865,69.895
1741743120000,69.905,69.925,69.89,69.89
1741743180000,69.885,69.905,69.88,69.9
1741743240000,69.895,69.905,69.85,69.85
1741743300000,69.84,69.865,69.835,69.865
1741743360000,69.87,69.91,69.87,69.9
1741743420000,69.895,69.945,69.895,69.945
1741743480000,69.955,69.955,69.925,69.935
1741743540000,69.94,69.95,69.94,69.945
1741743600000,69.94,69.94,69.915,69.915
1741743660000,69.92,69.925,69.92,69.92
1741743720000,69.915,69.92,69.905,69.905
1741743780000,69.91,69.925,69.91,69.925
1741743840000,69.92,69.925,69.905,69.905
1741743900000,69.91,69.92,69.905,69.91
1741743960000,69.915,69.93,69.905,69.925
1741744020000,69.92,69.95,69.915,69.95
1741744080000,69.955,69.985,69.955,69.98
1741744140000,69.975,69.985,69.965,69.975
1741744200000,69.98,69.985,69.965,69.97
1741744260000,69.965,70.005,69.965,69.99
1741744320000,69.985,70,69.955,69.97
1741744380000,69.965,69.975,69.925,69.945
1741744440000,69.94,69.965,69.94,69.96
1741744500000,69.955,69.96,69.955,69.96
1741744560000,69.955,69.955,69.945,69.95
1741744620000,69.955,69.955,69.945,69.945
1741744680000,69.95,69.95,69.945,69.95
1741744740000,69.955,69.955,69.94,69.945
1741744800000,69.94,69.945,69.9,69.905
1741744860000,69.9,69.915,69.895,69.9
1741744920000,69.905,69.905,69.885,69.885
1741744980000,69.89,69.895,69.88,69.89
1741745040000,69.88,69.905,69.875,69.895
1741745100000,69.89,69.915,69.875,69.915
1741745160000,69.91,69.925,69.91,69.92
1741745220000,69.915,69.925,69.915,69.92
1741745280000,69.915,69.935,69.915,69.925
1741745340000,69.915,69.925,69.915,69.925
1741745400000,69.93,69.965,69.925,69.965
1741745460000,69.975,69.985,69.965,69.975
1741745520000,69.98,70.04,69.98,70.04
1741745580000,70.025,70.035,70.005,70.01
1741745640000,70.005,70.01,69.99,69.99
1741745700000,69.985,69.985,69.985,69.985
1741745760000,69.99,69.995,69.985,69.995
1741745820000,70,70.005,70,70.005
1741745880000,70.015,70.015,70.005,70.01
1741745940000,70.015,70.025,70.01,70.015
1741746000000,70.01,70.035,70.01,70.035
1741746060000,70.03,70.04,70.025,70.035
1741746120000,70.045,70.045,70.045,70.045
1741746180000,70.04,70.055,70.04,70.045
1741746240000,70.035,70.055,70.03,70.045
1741746300000,70.05,70.065,70.045,70.065
1741746360000,70.055,70.055,70.045,70.045
1741746420000,70.035,70.065,70.035,70.06
1741746480000,70.055,70.065,70.055,70.065
1741746540000,70.06,70.065,70.06,70.065
1741746600000,70.06,70.075,70.045,70.07
1741746660000,70.065,70.095,70.065,70.09
1741746720000,70.095,70.105,70.085,70.085
1741746780000,70.09,70.09,70.075,70.085
1741746840000,70.08,70.08,70.075,70.075
1741746900000,70.07,70.08,70.065,70.075
1741746960000,70.07,70.07,70.055,70.055
1741747020000,70.06,70.075,70.055,70.055
1741747080000,70.06,70.065,70.055,70.055
1741747140000,70.045,70.045,70.045,70.045
1741747200000,70.035,70.035,70.01,70.01
1741747260000,70.005,70.005,69.995,69.995
1741747320000,69.99,69.99,69.985,69.985
1741747380000,69.975,69.975,69.96,69.965
1741747440000,69.98,70.005,69.975,70.005
1741747500000,70.015,70.015,69.995,69.995
1741747560000,70,70.005,69.995,69.995
1741747620000,70,70,69.995,69.995
1741747680000,69.99,70,69.99,70
1741747740000,69.995,70.005,69.995,70.005
1741747800000,70.015,70.015,70.015,70.015
1741747860000,69.968,70.015,69.968,70.015
1741747920000,70.005,70.005,70,70
1741747980000,70.005,70.005,69.995,69.995
1741748040000,70,70.005,69.995,69.995
1741748100000,70,70,69.985,69.985
1741748160000,69.98,69.98,69.975,69.98
1741748220000,69.975,69.975,69.965,69.965
1741748280000,69.965,69.965,69.965,69.965
1741748340000,69.96,69.96,69.945,69.95
1741748400000,69.955,69.98,69.95,69.96
1741748460000,69.955,69.96,69.945,69.96
1741748520000,69.955,69.955,69.945,69.95
1741748580000,69.955,69.965,69.95,69.955
1741748640000,69.96,69.96,69.955,69.96
1741748700000,69.955,69.965,69.955,69.955
1741748760000,69.96,69.965,69.93,69.935
1741748820000,69.94,69.945,69.94,69.945
1741748880000,69.95,69.955,69.935,69.945
1741748940000,69.94,69.94,69.935,69.935
1741749000000,69.945,69.945,69.935,69.935
1741749060000,69.92,69.93,69.92,69.925
1741749120000,69.925,69.925,69.925,69.925
1741749180000,69.935,69.945,69.935,69.945
1741749240000,69.94,69.945,69.935,69.945
1741749300000,69.955,69.975,69.945,69.975
1741749360000,69.97,69.995,69.955,69.995
1741749420000,69.99,69.99,69.955,69.965
1741749480000,69.97,69.97,69.96,69.965
1741749540000,69.97,69.97,69.96,69.96
1741749600000,69.965,69.965,69.945,69.945
1741749660000,69.94,69.95,69.94,69.95
1741749720000,69.945,69.95,69.94,69.945
1741749780000,69.95,69.95,69.92,69.925
1741749840000,69.92,69.945,69.915,69.945
1741749900000,69.94,69.94,69.935,69.94
1741749960000,69.945,69.965,69.94,69.965
1741750020000,69.975,70.005,69.97,69.99
1741750080000,69.995,69.995,69.975,69.98
1741750140000,69.975,69.985,69.975,69.98
1741750200000,69.985,69.985,69.955,69.955
1741750260000,69.945,69.95,69.93,69.93
1741750320000,69.935,69.94,69.925,69.935
1741750380000,69.945,69.965,69.945,69.96
1741750440000,69.955,69.975,69.955,69.975
1741750500000,69.965,69.985,69.965,69.98
1741750560000,69.985,69.995,69.985,69.995
1741750620000,70,70.005,70,70.005
1741750680000,70.01,70.03,70.01,70.025
1741750740000,70.03,70.035,70.03,70.035
1741750800000,70.03,70.03,70.025,70.025
1741750860000,70.015,70.015,70.015,70.015
1741750920000,70.005,70.005,69.995,70.005
1741750980000,70,70.005,70,70
1741751040000,70.005,70.005,69.995,69.995
1741751100000,70,70.005,70,70.005
1741751160000,69.958,69.958,69.958,69.958
1741751220000,70.01,70.01,70.005,70.005
1741751280000,69.995,69.995,69.995,69.995
1741751340000,69.99,69.99,69.985,69.99
1741751400000,69.995,70.005,69.995,70
1741751460000,69.995,70.005,69.99,69.995
1741751520000,69.995,69.995,69.995,69.995
1741751580000,69.99,69.99,69.985,69.985
1741751640000,69.985,69.985,69.985,69.985
1741751700000,69.99,69.995,69.99,69.995
1741751760000,69.99,69.99,69.985,69.985
1741751820000,69.985,69.985,69.985,69.985
1741751880000,69.99,69.99,69.985,69.985
1741751940000,69.985,69.985,69.985,69.985
1741752000000,69.985,69.985,69.985,69.985
1741752060000,69.99,70.005,69.99,69.995
1741752120000,70,70,69.995,70
1741752180000,69.995,70.01,69.995,70.005
1741752240000,70.01,70.01,70,70.01
1741752300000,70.005,70.005,70.005,70.005
1741752360000,70,70.005,70,70.005
1741752420000,70,70.005,70,70.005
1741752480000,70,70.005,70,70.005
1741752540000,70.015,70.015,70.005,70.005
1741752600000,70,70,69.995,69.995
1741752660000,69.995,69.995,69.995,69.995
1741752720000,70,70,69.948,69.995
1741752780000,69.948,70,69.948,70
1741752840000,69.995,69.995,69.948,69.948
1741752900000,69.995,70.02,69.995,70.02
1741752960000,70.015,70.015,70.015,70.015
1741753020000,70.02,70.025,70.015,70.015
1741753080000,70.01,70.015,70.01,70.015
1741753140000,70.02,70.02,70.005,70.005
1741753200000,70.015,70.015,70.015,70.015
1741753260000,69.968,70.03,69.968,70.03
1741753320000,70.035,70.05,70.035,70.045
1741753380000,70.045,70.045,70.045,70.045
1741753440000,70.045,70.045,70.045,70.045
1741753500000,70.04,70.055,70.04,70.055
1741753560000,70.065,70.075,70.055,70.07
1741753620000,70.065,70.07,70.065,70.07
1741753680000,70.065,70.07,70.055,70.055
1741753740000,70.05,70.055,70.05,70.055
1741753800000,70.045,70.045,70.035,70.035
1741753860000,70.035,70.035,70.035,70.035
1741753920000,70.015,70.015,70.01,70.015
1741753980000,70.025,70.035,70.025,70.035
1741754040000,70.04,70.05,70.035,70.05
1741754100000,70.045,70.05,70.04,70.04
1741754160000,70.045,70.045,70.045,70.045
1741754220000,70.05,70.055,70.045,70.055
1741754280000,70.045,70.045,70.035,70.035
1741754340000,70.035,70.035,70.035,70.035
1741754400000,69.988,70.035,69.988,70.035
1741754460000,70.04,70.045,70.035,70.045
1741754520000,70.04,70.04,70.035,70.035
1741754580000,69.988,70.04,69.988,70.04
1741754640000,70.035,70.04,70.035,70.04
1741754700000,70.045,70.045,70.035,70.035
1741754760000,70.04,70.04,70.035,70.04
1741754820000,70.035,70.035,70.035,70.035
1741754880000,70.04,70.045,70.04,70.045
1741754940000,70.035,70.045,70.035,70.045
1741755000000,70.05,70.05,70.045,70.045
1741755060000,70.035,70.045,70.035,70.04
1741755120000,70.035,70.04,70.035,70.035
1741755180000,70.03,70.04,70.025,70.03
1741755240000,70.035,70.035,70.03,70.035
1741755300000,70.025,70.025,70.025,70.025
1741755360000,70.035,70.035,70.03,70.03
1741755420000,70.025,70.035,70.025,70.035
1741755480000,70.035,70.035,70.035,70.035
1741755540000,70.03,70.03,70.025,70.03
1741755600000,70.025,70.035,70.005,70.015
1741755660000,70.02,70.02,70.015,70.02
1741755720000,70.025,70.025,70.025,70.025
1741755780000,70.02,70.025,70.02,70.025
1741755840000,70.03,70.04,70.03,70.04
1741755900000,70.035,70.045,70.035,70.04
1741755960000,70.035,70.04,70.035,70.04
1741756020000,70.045,70.055,70.045,70.045
1741756080000,70.05,70.055,70.045,70.055
1741756140000,70.065,70.07,70.06,70.065
1741756200000,70.06,70.065,70.055,70.065
1741756260000,70.06,70.06,70.045,70.045
1741756320000,70.05,70.05,70.045,70.045
1741756380000,70.04,70.045,70.035,70.035
1741756440000,70.025,70.035,70.02,70.035
1741756500000,70.02,70.025,70.005,70.005
1741756560000,69.995,70,69.985,69.99
1741756620000,69.985,69.985,69.985,69.985
1741756680000,69.965,70.005,69.965,70
1741756740000,70.005,70.005,70,70
1741756800000,69.99,70,69.99,69.995
1741756860000,70,70.02,69.995,70.02
1741756920000,70.025,70.03,70.015,70.02
1741756980000,70.015,70.015,69.995,70
1741757040000,69.995,69.995,69.98,69.98
1741757100000,69.975,69.975,69.955,69.96
1741757160000,69.965,69.97,69.965,69.965
1741757220000,69.96,69.965,69.96,69.965
1741757280000,69.97,69.975,69.955,69.955
1741757340000,69.945,69.965,69.94,69.965
1741757400000,69.96,69.975,69.935,69.975
1741757460000,69.97,69.975,69.965,69.975
1741757520000,69.97,69.975,69.965,69.965
1741757580000,69.97,69.985,69.97,69.985
1741757640000,69.985,69.985,69.985,69.985
1741757700000,69.975,69.975,69.975,69.975
1741757760000,69.98,69.985,69.98,69.98
1741757820000,69.975,69.975,69.965,69.97
1741757880000,69.975,69.975,69.955,69.955
1741757940000,69.945,69.96,69.945,69.96
1741758000000,69.955,69.965,69.935,69.94
1741758060000,69.935,69.945,69.935,69.945
1741758120000,69.95,69.955,69.95,69.955
1741758180000,69.945,69.945,69.945,69.945
1741758240000,69.95,69.955,69.945,69.95
1741758300000,69.955,69.955,69.925,69.93
1741758360000,69.92,69.925,69.915,69.915
1741758420000,69.91,69.91,69.895,69.905
1741758480000,69.895,69.905,69.895,69.895
1741758540000,69.9,69.905,69.9,69.905
1741758600000,69.915,69.92,69.905,69.915
1741758660000,69.92,69.92,69.915,69.915
1741758720000,69.905,69.905,69.895,69.895
1741758780000,69.885,69.9,69.885,69.9
1741758840000,69.895,69.9,69.875,69.88
1741758900000,69.885,69.895,69.885,69.895
1741758960000,69.905,69.905,69.9,69.905
1741759020000,69.9,69.905,69.895,69.9
1741759080000,69.905,69.905,69.9,69.905
1741759140000,69.9,69.905,69.9,69.9
1741759200000,69.905,69.905,69.895,69.9
1741759260000,69.895,69.895,69.885,69.895
1741759320000,69.905,69.905,69.9,69.9
1741759380000,69.895,69.915,69.895,69.91
1741759440000,69.905,69.905,69.885,69.885
1741759500000,69.88,69.89,69.875,69.885
1741759560000,69.88,69.885,69.855,69.86
1741759620000,69.865,69.865,69.835,69.835
1741759680000,69.84,69.845,69.835,69.845
1741759740000,69.84,69.845,69.84,69.84
1741759800000,69.835,69.835,69.815,69.815
1741759860000,69.805,69.805,69.805,69.805
1741759920000,69.795,69.795,69.775,69.785
1741759980000,69.78,69.79,69.775,69.79
1741760040000,69.785,69.795,69.785,69.795
1741760100000,69.8,69.805,69.795,69.795
1741760160000,69.785,69.785,69.785,69.785
1741760220000,69.78,69.785,69.775,69.78
1741760280000,69.775,69.785,69.775,69.775
1741760340000,69.78,69.785,69.78,69.785
1741760400000,69.775,69.775,69.775,69.775
1741760460000,69.77,69.775,69.77,69.77
1741760520000,69.775,69.775,69.765,69.765
1741760580000,69.77,69.77,69.715,69.715
1741760640000,69.725,69.73,69.715,69.73
1741760700000,69.735,69.745,69.725,69.725
1741760760000,69.73,69.735,69.715,69.725
1741760820000,69.715,69.715,69.685,69.685
1741760880000,69.675,69.675,69.67,69.675
1741760940000,69.67,69.685,69.67,69.675
1741761000000,69.67,69.675,69.635,69.645
1741761060000,69.65,69.655,69.645,69.65
1741761120000,69.655,69.655,69.635,69.65
1741761180000,69.655,69.66,69.655,69.66
1741761240000,69.665,69.675,69.66,69.66
1741761300000,69.665,69.675,69.665,69.675
1741761360000,69.685,69.685,69.665,69.675
1741761420000,69.67,69.715,69.665,69.705
1741761480000,69.7,69.7,69.66,69.665
1741761540000,69.66,69.665,69.655,69.665
1741761600000,69.66,69.66,69.615,69.615
1741761660000,69.62,69.62,69.615,69.62
1741761720000,69.625,69.645,69.59,69.645
1741761780000,69.65,69.655,69.64,69.645
1741761840000,69.65,69.65,69.615,69.62
1741761900000,69.625,69.675,69.625,69.67
1741761960000,69.675,69.685,69.645,69.65
1741762020000,69.655,69.655,69.645,69.645
1741762080000,69.655,69.66,69.645,69.655
1741762140000,69.65,69.65,69.625,69.635
1741762200000,69.65,69.665,69.645,69.665
1741762260000,69.66,69.665,69.655,69.665
1741762320000,69.66,69.665,69.645,69.645
1741762380000,69.64,69.65,69.635,69.65
1741762440000,69.645,69.645,69.61,69.62
1741762500000,69.625,69.625,69.595,69.595
1741762560000,69.605,69.615,69.6,69.61
1741762620000,69.605,69.61,69.58,69.58
1741762680000,69.585,69.585,69.565,69.565
1741762740000,69.56,69.575,69.55,69.56
1741762800000,69.565,69.565,69.535,69.545
1741762860000,69.535,69.535,69.535,69.535
1741762920000,69.545,69.545,69.54,69.545
1741762980000,69.535,69.57,69.535,69.565
1741763040000,69.58,69.605,69.58,69.605
1741763100000,69.615,69.615,69.565,69.585
1741763160000,69.595,69.595,69.575,69.59
1741763220000,69.585,69.605,69.585,69.6
1741763280000,69.58,69.585,69.555,69.575
1741763340000,69.57,69.575,69.535,69.54
1741763400000,69.545,69.545,69.535,69.54
1741763460000,69.545,69.56,69.535,69.535
1741763520000,69.515,69.525,69.505,69.515
1741763580000,69.52,69.52,69.495,69.5
1741763640000,69.495,69.515,69.495,69.515
1741763700000,69.52,69.525,69.515,69.52
1741763760000,69.515,69.52,69.465,69.48
1741763820000,69.485,69.495,69.455,69.455
1741763880000,69.465,69.48,69.455,69.455
1741763940000,69.465,69.495,69.46,69.495
1741764000000,69.49,69.505,69.47,69.5
1741764060000,69.495,69.515,69.475,69.485
1741764120000,69.475,69.495,69.465,69.49
1741764180000,69.495,69.525,69.495,69.52
1741764240000,69.525,69.59,69.525,69.59
1741764300000,69.595,69.64,69.585,69.635
1741764360000,69.655,69.665,69.64,69.665
1741764420000,69.675,69.695,69.645,69.66
1741764480000,69.655,69.67,69.645,69.665
1741764540000,69.66,69.685,69.66,69.67
1741764600000,69.685,69.685,69.655,69.675
1741764660000,69.66,69.67,69.655,69.67
1741764720000,69.665,69.685,69.66,69.675
1741764780000,69.685,69.69,69.675,69.685
1741764840000,69.675,69.695,69.675,69.695
1741764900000,69.69,69.69,69.645,69.655
1741764960000,69.665,69.695,69.665,69.695
1741765020000,69.69,69.7,69.675,69.675
1741765080000,69.68,69.69,69.67,69.685
1741765140000,69.68,69.715,69.68,69.705
1741765200000,69.71,69.735,69.705,69.735
1741765260000,69.745,69.745,69.725,69.735
1741765320000,69.725,69.755,69.725,69.755
1741765380000,69.76,69.765,69.755,69.765
1741765440000,69.755,69.76,69.735,69.755
1741765500000,69.745,69.775,69.745,69.75
1741765560000,69.755,69.795,69.755,69.785
1741765620000,69.79,69.79,69.765,69.775
1741765680000,69.785,69.785,69.785,69.785
1741765740000,69.795,69.8,69.785,69.785
1741765800000,69.78,69.805,69.765,69.77
1741765860000,69.775,69.83,69.775,69.83
1741765920000,69.825,69.825,69.81,69.815
1741765980000,69.81,69.81,69.795,69.795
1741766040000,69.805,69.805,69.785,69.795
1741766100000,69.785,69.805,69.785,69.795
1741766160000,69.805,69.835,69.8,69.83
1741766220000,69.835,69.87,69.825,69.85
1741766280000,69.84,69.855,69.815,69.815
1741766340000,69.82,69.825,69.775,69.805
1741766400000,69.825,69.875,69.825,69.855
1741766460000,69.875,69.885,69.815,69.815
1741766520000,69.825,69.835,69.795,69.825
1741766580000,69.835,69.835,69.805,69.825
1741766640000,69.83,69.835,69.805,69.805
1741766700000,69.8,69.815,69.775,69.795
1741766760000,69.785,69.795,69.775,69.775
1741766820000,69.785,69.785,69.775,69.775
1741766880000,69.765,69.85,69.765,69.835
1741766940000,69.825,69.83,69.795,69.825
1741767000000,69.815,69.825,69.795,69.805
1741767060000,69.8,69.865,69.785,69.855
1741767120000,69.85,69.86,69.84,69.845
1741767180000,69.835,69.875,69.825,69.87
1741767240000,69.875,69.89,69.86,69.875
1741767300000,69.88,69.945,69.88,69.925
1741767360000,69.93,69.935,69.915,69.92
1741767420000,69.915,69.935,69.895,69.935
1741767480000,69.93,69.945,69.915,69.925
1741767540000,69.93,69.945,69.91,69.945
1741767600000,69.935,69.965,69.92,69.935
1741767660000,69.94,69.94,69.915,69.925
1741767720000,69.92,69.975,69.92,69.965
1741767780000,69.955,69.97,69.91,69.94
1741767840000,69.945,69.975,69.935,69.975
1741767900000,69.985,69.985,69.94,69.955
1741767960000,69.95,69.97,69.945,69.97
1741768020000,69.965,69.965,69.905,69.905
1741768080000,69.915,69.965,69.905,69.965
1741768140000,69.975,70.005,69.935,69.935
1741768200000,69.925,69.965,69.915,69.945
1741768260000,69.955,70.005,69.955,69.985
1741768320000,69.995,70.005,69.955,69.965
1741768380000,69.96,69.965,69.93,69.945
1741768440000,69.94,69.955,69.925,69.955
1741768500000,69.97,69.975,69.945,69.955
1741768560000,69.95,69.975,69.935,69.955
1741768620000,69.975,70.005,69.945,69.945
1741768680000,69.95,69.965,69.905,69.905
1741768740000,69.895,69.945,69.895,69.945
1741768800000,69.955,69.955,69.945,69.955
1741768860000,69.945,69.965,69.945,69.965
1741768920000,69.95,69.95,69.905,69.905
1741768980000,69.915,69.945,69.895,69.935
1741769040000,69.94,69.945,69.94,69.945
1741769100000,69.935,69.945,69.915,69.925
1741769160000,69.92,69.93,69.915,69.925
1741769220000,69.935,69.935,69.905,69.905
1741769280000,69.915,69.93,69.915,69.915
1741769340000,69.925,69.935,69.87,69.89
1741769400000,69.885,69.885,69.835,69.835
1741769460000,69.84,69.855,69.835,69.835
1741769520000,69.845,69.845,69.815,69.815
1741769580000,69.81,69.815,69.805,69.815
1741769640000,69.815,69.815,69.815,69.815
1741769700000,69.82,69.825,69.815,69.825
1741769760000,69.815,69.825,69.785,69.805
1741769820000,69.815,69.825,69.805,69.815
1741769880000,69.805,69.815,69.795,69.795
1741769940000,69.785,69.815,69.785,69.815
1741770000000,69.82,69.875,69.82,69.825
1741770060000,69.815,69.86,69.815,69.835
1741770120000,69.84,69.845,69.805,69.84
1741770180000,69.835,69.855,69.825,69.85
1741770240000,69.855,69.875,69.83,69.875
1741770300000,69.865,69.875,69.825,69.83
1741770360000,69.835,69.865,69.835,69.835
1741770420000,69.83,69.855,69.82,69.85
1741770480000,69.855,69.855,69.825,69.84
1741770540000,69.835,69.85,69.83,69.84
1741770600000,69.835,69.845,69.815,69.82
1741770660000,69.815,69.85,69.815,69.845
1741770720000,69.85,69.85,69.815,69.82
1741770780000,69.825,69.825,69.785,69.795
1741770840000,69.785,69.795,69.775,69.795
1741770900000,69.79,69.795,69.755,69.795
1741770960000,69.8,69.825,69.795,69.805
1741771020000,69.795,69.795,69.765,69.775
1741771080000,69.78,69.8,69.775,69.8
1741771140000,69.795,69.81,69.765,69.765
1741771200000,69.755,69.845,69.735,69.845
1741771260000,69.85,69.915,69.835,69.855
1741771320000,69.865,69.875,69.845,69.87
1741771380000,69.875,69.91,69.865,69.905
1741771440000,69.91,69.95,69.895,69.905
1741771500000,69.9,69.935,69.895,69.935
1741771560000,69.945,69.965,69.94,69.96
1741771620000,69.965,69.99,69.965,69.985
1741771680000,69.97,70.005,69.955,69.975
1741771740000,69.965,69.975,69.955,69.96
1741771800000,69.955,70.005,69.955,70.005
1741771860000,70,70.005,69.985,69.995
1741771920000,69.985,70.005,69.985,69.995
1741771980000,69.985,69.985,69.945,69.98
1741772040000,69.975,69.975,69.945,69.955
1741772100000,69.945,69.955,69.935,69.935
1741772160000,69.925,69.935,69.89,69.89
1741772220000,69.895,69.91,69.875,69.905
1741772280000,69.895,69.93,69.895,69.93
1741772340000,69.935,69.95,69.925,69.925
1741772400000,69.915,69.925,69.905,69.925
1741772460000,69.915,69.915,69.905,69.91
1741772520000,69.915,69.915,69.895,69.895
1741772580000,69.9,69.915,69.895,69.91
1741772640000,69.915,69.925,69.885,69.885
1741772700000,69.895,69.905,69.895,69.895
1741772760000,69.905,69.905,69.885,69.885
1741772820000,69.895,69.915,69.895,69.905
1741772880000,69.915,69.92,69.885,69.885
1741772940000,69.89,69.905,69.885,69.9
1741773000000,69.895,69.905,69.895,69.905
1741773060000,69.895,69.905,69.875,69.885
1741773120000,69.875,69.905,69.875,69.905
1741773180000,69.91,69.935,69.905,69.935
1741773240000,69.945,69.965,69.945,69.955
1741773300000,69.965,69.985,69.965,69.985
1741773360000,69.975,69.995,69.975,69.985
1741773420000,69.98,69.995,69.975,69.995
1741773480000,70,70.025,69.995,70.015
1741773540000,70.02,70.02,70.005,70.005
1741773600000,70.015,70.035,70.015,70.025
1741773660000,70.02,70.03,70.005,70.025
1741773720000,70.015,70.015,69.985,69.995
1741773780000,70.005,70.055,70,70.045
1741773840000,70.055,70.115,70.055,70.105
1741773900000,70.11,70.145,70.105,70.135
1741773960000,70.145,70.205,70.14,70.185
1741774020000,70.19,70.215,70.185,70.205
1741774080000,70.2,70.225,70.195,70.195
1741774140000,70.185,70.215,70.185,70.195
1741774200000,70.2,70.215,70.195,70.2
1741774260000,70.195,70.215,70.195,70.21
1741774320000,70.215,70.235,70.195,70.23
1741774380000,70.235,70.235,70.215,70.22
1741774440000,70.225,70.235,70.21,70.225
1741774500000,70.23,70.245,70.225,70.235
1741774560000,70.24,70.24,70.205,70.215
1741774620000,70.205,70.245,70.205,70.24
1741774680000,70.235,70.245,70.235,70.24
1741774740000,70.245,70.275,70.235,70.255
1741774800000,70.26,70.275,70.255,70.275
1741774860000,70.265,70.275,70.255,70.26
1741774920000,70.255,70.275,70.255,70.275
1741774980000,70.27,70.285,70.255,70.285
1741775040000,70.28,70.305,70.275,70.295
1741775100000,70.3,70.305,70.285,70.295
1741775160000,70.305,70.315,70.285,70.285
1741775220000,70.29,70.29,70.235,70.235
1741775280000,70.24,70.245,70.205,70.225
1741775340000,70.235,70.265,70.235,70.265
1741775400000,70.275,70.295,70.265,70.265
1741775460000,70.26,70.265,70.195,70.205
1741775520000,70.195,70.245,70.195,70.235
1741775580000,70.225,70.235,70.215,70.235
1741775640000,70.245,70.25,70.205,70.22
1741775700000,70.215,70.23,70.155,70.175
1741775760000,70.18,70.185,70.175,70.185
1741775820000,70.195,70.205,70.18,70.195
1741775880000,70.185,70.185,70.165,70.165
1741775940000,70.155,70.165,70.155,70.165
1741776000000,70.175,70.185,70.155,70.155
1741776060000,70.135,70.145,70.125,70.125
1741776120000,70.13,70.145,70.1,70.135
1741776180000,70.13,70.145,70.125,70.145
1741776240000,70.15,70.165,70.13,70.165
1741776300000,70.175,70.175,70.155,70.175
1741776360000,70.185,70.205,70.18,70.195
1741776420000,70.205,70.205,70.195,70.205
1741776480000,70.215,70.225,70.205,70.225
1741776540000,70.22,70.225,70.195,70.215
1741776600000,70.225,70.245,70.225,70.245
1741776660000,70.235,70.255,70.225,70.255
1741776720000,70.26,70.28,70.25,70.275
1741776780000,70.265,70.275,70.265,70.275
1741776840000,70.265,70.265,70.245,70.255
1741776900000,70.245,70.255,70.185,70.185
1741776960000,70.195,70.195,70.185,70.185
1741777020000,70.175,70.18,70.155,70.155
1741777080000,70.165,70.175,70.165,70.175
1741777140000,70.185,70.195,70.175,70.185
1741777200000,70.175,70.185,70.145,70.185
1741777260000,70.195,70.2,70.165,70.175
1741777320000,70.165,70.175,70.155,70.155
1741777380000,70.15,70.16,70.115,70.125
1741777440000,70.13,70.165,70.125,70.155
1741777500000,70.145,70.165,70.135,70.155
1741777560000,70.16,70.185,70.16,70.175
1741777620000,70.18,70.185,70.165,70.175
1741777680000,70.18,70.205,70.175,70.205
1741777740000,70.2,70.205,70.175,70.185
1741777800000,70.18,70.185,70.165,70.165
1741777860000,70.185,70.19,70.175,70.175
1741777920000,70.165,70.165,70.145,70.155
1741777980000,70.15,70.165,70.15,70.15
1741778040000,70.16,70.165,70.145,70.145
1741778100000,70.13,70.15,70.125,70.15
1741778160000,70.145,70.145,70.115,70.125
1741778220000,70.135,70.155,70.125,70.155
1741778280000,70.145,70.155,70.14,70.145
1741778340000,70.155,70.165,70.155,70.165
1741778400000,70.175,70.195,70.175,70.18
1741778460000,70.175,70.185,70.155,70.155
1741778520000,70.165,70.165,70.135,70.165
1741778580000,70.175,70.175,70.115,70.16
1741778640000,70.165,70.165,70.155,70.165
1741778700000,70.175,70.175,70.165,70.165
1741778760000,70.155,70.165,70.15,70.165
1741778820000,70.155,70.175,70.155,70.175
1741778880000,70.185,70.185,70.145,70.165
1741778940000,70.175,70.215,70.175,70.205
1741779000000,70.2,70.215,70.185,70.215
1741779060000,70.23,70.24,70.23,70.24
1741779120000,70.235,70.26,70.215,70.215
1741779180000,70.22,70.22,70.205,70.215
1741779240000,70.225,70.225,70.175,70.18
1741779300000,70.175,70.18,70.145,70.155
1741779360000,70.165,70.175,70.145,70.165
1741779420000,70.175,70.185,70.175,70.185
1741779480000,70.18,70.195,70.175,70.195
1741779540000,70.205,70.205,70.155,70.155
1741779600000,70.145,70.17,70.145,70.17
1741779660000,70.175,70.195,70.16,70.195
1741779720000,70.205,70.205,70.185,70.195
1741779780000,70.185,70.195,70.175,70.195
1741779840000,70.19,70.19,70.165,70.175
1741779900000,70.17,70.175,70.155,70.175
1741779960000,70.165,70.205,70.165,70.2
1741780020000,70.195,70.2,70.18,70.2
1741780080000,70.195,70.205,70.195,70.195
1741780140000,70.2,70.235,70.195,70.235
1741780200000,70.23,70.23,70.195,70.225
1741780260000,70.215,70.215,70.195,70.205
1741780320000,70.195,70.215,70.195,70.205
1741780380000,70.21,70.29,70.21,70.285
1741780440000,70.28,70.31,70.275,70.305
1741780500000,70.31,70.315,70.3,70.31
1741780560000,70.305,70.32,70.29,70.32
1741780620000,70.315,70.33,70.305,70.315
1741780680000,70.305,70.335,70.305,70.315
1741780740000,70.31,70.345,70.305,70.325
1741780800000,70.315,70.315,70.275,70.29
1741780860000,70.295,70.305,70.275,70.295
1741780920000,70.285,70.285,70.245,70.265
1741780980000,70.26,70.275,70.245,70.275
1741781040000,70.265,70.29,70.265,70.275
1741781100000,70.28,70.305,70.275,70.275
1741781160000,70.265,70.275,70.245,70.27
1741781220000,70.275,70.275,70.225,70.235
1741781280000,70.23,70.285,70.225,70.285
1741781340000,70.29,70.345,70.285,70.325
1741781400000,70.32,70.38,70.315,70.355
1741781460000,70.36,70.375,70.34,70.37
1741781520000,70.375,70.38,70.36,70.36
1741781580000,70.365,70.375,70.355,70.37
1741781640000,70.365,70.375,70.34,70.345
1741781700000,70.34,70.385,70.315,70.385
1741781760000,70.39,70.405,70.375,70.375
1741781820000,70.385,70.385,70.36,70.365
1741781880000,70.37,70.385,70.355,70.355
1741781940000,70.365,70.37,70.355,70.365
1741782000000,70.37,70.375,70.345,70.35
1741782060000,70.355,70.415,70.34,70.405
1741782120000,70.41,70.425,70.4,70.415
1741782180000,70.405,70.425,70.4,70.42
1741782240000,70.425,70.425,70.415,70.425
1741782300000,70.43,70.465,70.415,70.415
1741782360000,70.42,70.445,70.415,70.425
1741782420000,70.42,70.42,70.395,70.395
1741782480000,70.4,70.4,70.35,70.37
1741782540000,70.375,70.395,70.365,70.375
1741782600000,70.365,70.445,70.355,70.445
1741782660000,70.455,70.52,70.445,70.495
1741782720000,70.485,70.505,70.465,70.505
1741782780000,70.5,70.505,70.455,70.47
1741782840000,70.445,70.47,70.435,70.445
1741782900000,70.45,70.47,70.435,70.455
1741782960000,70.465,70.465,70.43,70.46
1741783020000,70.465,70.465,70.415,70.42
1741783080000,70.415,70.455,70.405,70.445
1741783140000,70.45,70.485,70.445,70.47
1741783200000,70.475,70.475,70.425,70.435
1741783260000,70.44,70.445,70.405,70.42
1741783320000,70.415,70.45,70.41,70.45
1741783380000,70.455,70.465,70.44,70.44
1741783440000,70.445,70.455,70.425,70.45
1741783500000,70.445,70.445,70.395,70.395
1741783560000,70.4,70.425,70.325,70.365
1741783620000,70.37,70.415,70.37,70.415
1741783680000,70.43,70.455,70.425,70.43
1741783740000,70.435,70.435,70.41,70.425
1741783800000,70.43,70.445,70.415,70.415
1741783860000,70.41,70.435,70.405,70.43
1741783920000,70.435,70.455,70.43,70.45
1741783980000,70.445,70.445,70.36,70.38
1741784040000,70.385,70.435,70.385,70.395
1741784100000,70.405,70.415,70.395,70.395
1741784160000,70.39,70.425,70.385,70.425
1741784220000,70.42,70.445,70.395,70.395
1741784280000,70.4,70.4,70.365,70.385
1741784340000,70.39,70.39,70.345,70.355
1741784400000,70.345,70.345,70.265,70.265
1741784460000,70.255,70.31,70.255,70.28
1741784520000,70.285,70.38,70.285,70.335
1741784580000,70.345,70.375,70.33,70.375
1741784640000,70.365,70.405,70.355,70.39
1741784700000,70.385,70.405,70.38,70.395
1741784760000,70.4,70.455,70.385,70.445
1741784820000,70.435,70.465,70.425,70.455
1741784880000,70.46,70.465,70.435,70.455
1741784940000,70.445,70.465,70.435,70.465
1741785000000,70.46,70.485,70.45,70.455
1741785060000,70.46,70.465,70.445,70.465
1741785120000,70.46,70.475,70.445,70.475
1741785180000,70.47,70.475,70.45,70.465
1741785240000,70.47,70.47,70.445,70.445
1741785300000,70.44,70.465,70.415,70.415
1741785360000,70.41,70.445,70.39,70.405
1741785420000,70.385,70.4,70.355,70.39
1741785480000,70.395,70.445,70.395,70.445
1741785540000,70.45,70.475,70.445,70.46
1741785600000,70.465,70.515,70.465,70.485
1741785660000,70.495,70.51,70.49,70.505
1741785720000,70.49,70.51,70.48,70.51
1741785780000,70.515,70.525,70.5,70.5
1741785840000,70.505,70.52,70.495,70.51
1741785900000,70.505,70.52,70.485,70.5
1741785960000,70.505,70.525,70.505,70.505
1741786020000,70.5,70.5,70.475,70.495
1741786080000,70.49,70.495,70.46,70.465
1741786140000,70.455,70.5,70.455,70.5
1741786200000,70.505,70.525,70.48,70.5
1741786260000,70.495,70.585,70.495,70.58
1741786320000,70.585,70.685,70.58,70.66
1741786380000,70.665,70.665,70.605,70.62
1741786440000,70.625,70.635,70.575,70.59
1741786500000,70.585,70.61,70.565,70.595
1741786560000,70.6,70.615,70.565,70.565
1741786620000,70.57,70.61,70.565,70.565
1741786680000,70.57,70.585,70.555,70.575
1741786740000,70.585,70.6,70.575,70.595
1741786800000,70.575,70.595,70.535,70.565
1741786860000,70.555,70.585,70.525,70.565
1741786920000,70.56,70.565,70.505,70.52
1741786980000,70.515,70.525,70.495,70.525
1741787040000,70.52,70.525,70.47,70.485
1741787100000,70.49,70.49,70.425,70.43
1741787160000,70.435,70.445,70.37,70.375
1741787220000,70.37,70.445,70.365,70.435
1741787280000,70.43,70.445,70.375,70.385
1741787340000,70.375,70.435,70.36,70.435
1741787400000,70.445,70.505,70.445,70.47
1741787460000,70.475,70.515,70.465,70.485
1741787520000,70.495,70.495,70.35,70.365
1741787580000,70.36,70.495,70.345,70.465
1741787640000,70.475,70.48,70.44,70.465
1741787700000,70.47,70.475,70.365,70.38
1741787760000,70.385,70.405,70.295,70.295
1741787820000,70.3,70.365,70.275,70.355
1741787880000,70.36,70.425,70.355,70.42
1741787940000,70.415,70.485,70.41,70.47
1741788000000,70.475,70.475,70.425,70.44
1741788060000,70.435,70.475,70.42,70.435
1741788120000,70.44,70.51,70.425,70.43
1741788180000,70.425,70.455,70.415,70.455
1741788240000,70.445,70.475,70.435,70.445
1741788300000,70.455,70.495,70.445,70.49
1741788360000,70.485,70.51,70.475,70.475
1741788420000,70.455,70.475,70.435,70.455
1741788480000,70.465,70.475,70.425,70.475
1741788540000,70.48,70.505,70.47,70.49
1741788600000,70.5,70.525,70.485,70.5
1741788660000,70.495,70.555,70.49,70.49
1741788720000,70.485,70.485,70.445,70.475
1741788780000,70.465,70.525,70.455,70.515
1741788840000,70.52,70.565,70.515,70.545
1741788900000,70.54,70.555,70.515,70.525
1741788960000,70.515,70.515,70.455,70.465
1741789020000,70.475,70.475,70.44,70.465
1741789080000,70.455,70.5,70.445,70.5
1741789140000,70.51,70.52,70.5,70.515
1741789200000,70.52,70.575,70.515,70.55
1741789260000,70.555,70.565,70.525,70.535
1741789320000,70.53,70.57,70.515,70.55
1741789380000,70.545,70.555,70.505,70.515
1741789440000,70.52,70.55,70.505,70.545
1741789500000,70.54,70.555,70.52,70.52
1741789560000,70.525,70.57,70.525,70.56
1741789620000,70.565,70.6,70.565,70.585
1741789680000,70.59,70.6,70.555,70.595
1741789740000,70.6,70.605,70.555,70.56
1741789800000,70.565,70.785,70.56,70.715
1741789860000,70.71,70.765,70.69,70.705
1741789920000,70.695,70.715,70.635,70.665
1741789980000,70.66,70.725,70.635,70.695
1741790040000,70.685,70.705,70.655,70.675
1741790100000,70.67,70.785,70.645,70.775
1741790160000,70.765,70.785,70.725,70.725
1741790220000,70.72,70.745,70.68,70.69
1741790280000,70.695,70.705,70.655,70.675
1741790340000,70.685,70.685,70.655,70.675
1741790400000,70.665,70.685,70.625,70.625
1741790460000,70.63,70.66,70.595,70.595
1741790520000,70.6,70.69,70.595,70.66
1741790580000,70.665,70.725,70.655,70.7
1741790640000,70.695,70.705,70.665,70.675
1741790700000,70.665,70.675,70.635,70.665
1741790760000,70.675,70.7,70.665,70.675
1741790820000,70.685,70.725,70.675,70.725
1741790880000,70.715,70.75,70.68,70.745
1741790940000,70.74,70.755,70.725,70.745
1741791000000,70.74,70.77,70.725,70.765
1741791060000,70.755,70.77,70.73,70.75
1741791120000,70.745,70.75,70.715,70.715
1741791180000,70.72,70.82,70.72,70.815
1741791240000,70.825,70.875,70.815,70.845
1741791300000,70.85,70.87,70.825,70.855
1741791360000,70.865,70.865,70.785,70.795
1741791420000,70.79,70.855,70.79,70.845
1741791480000,70.835,70.845,70.815,70.835
1741791540000,70.84,70.84,70.805,70.81
1741791600000,70.815,70.83,70.785,70.805
1741791660000,70.795,70.805,70.755,70.755
1741791720000,70.765,70.8,70.725,70.735
1741791780000,70.73,70.74,70.705,70.725
1741791840000,70.73,70.735,70.64,70.65
1741791900000,70.655,70.69,70.645,70.655
1741791960000,70.67,70.67,70.57,70.585
1741792020000,70.595,70.605,70.535,70.535
1741792080000,70.52,70.535,70.475,70.515
1741792140000,70.525,70.565,70.505,70.535
1741792200000,70.54,70.615,70.535,70.595
1741792260000,70.605,70.62,70.59,70.605
1741792320000,70.595,70.625,70.585,70.59
1741792380000,70.585,70.6,70.585,70.585
1741792440000,70.59,70.615,70.585,70.59
1741792500000,70.595,70.615,70.535,70.535
1741792560000,70.545,70.555,70.515,70.53
1741792620000,70.535,70.585,70.505,70.585
1741792680000,70.59,70.615,70.565,70.615
1741792740000,70.625,70.635,70.58,70.595
1741792800000,70.585,70.625,70.585,70.62
1741792860000,70.625,70.625,70.565,70.575
1741792920000,70.57,70.585,70.565,70.585
1741792980000,70.59,70.62,70.585,70.615
1741793040000,70.625,70.685,70.625,70.675
1741793100000,70.685,70.705,70.665,70.69
1741793160000,70.695,70.75,70.685,70.74
1741793220000,70.745,70.745,70.71,70.725
1741793280000,70.72,70.73,70.7,70.725
1741793340000,70.715,70.725,70.68,70.705
1741793400000,70.71,70.735,70.71,70.715
1741793460000,70.705,70.745,70.7,70.715
1741793520000,70.725,70.755,70.72,70.735
1741793580000,70.74,70.775,70.705,70.745
1741793640000,70.75,70.86,70.745,70.85
1741793700000,70.865,70.89,70.8,70.805
1741793760000,70.8,70.815,70.785,70.805
1741793820000,70.8,70.885,70.8,70.865
1741793880000,70.875,70.945,70.87,70.945
1741793940000,70.94,70.955,70.895,70.895
1741794000000,70.9,70.905,70.855,70.895
1741794060000,70.9,70.93,70.895,70.905
1741794120000,70.895,70.925,70.885,70.9
1741794180000,70.905,70.935,70.9,70.915
1741794240000,70.92,70.935,70.905,70.905
1741794300000,70.9,70.92,70.87,70.895
1741794360000,70.885,70.905,70.885,70.895
1741794420000,70.9,70.905,70.855,70.865
1741794480000,70.87,70.895,70.855,70.895
1741794540000,70.885,70.895,70.885,70.895
1741794600000,70.905,70.935,70.895,70.935
1741794660000,70.925,70.955,70.885,70.895
1741794720000,70.885,70.915,70.885,70.895
1741794780000,70.89,70.89,70.835,70.855
1741794840000,70.86,70.86,70.83,70.85
1741794900000,70.855,70.855,70.795,70.795
1741794960000,70.785,70.785,70.745,70.745
1741795020000,70.74,70.775,70.72,70.755
1741795080000,70.75,70.8,70.75,70.795
1741795140000,70.805,70.815,70.805,70.815
1741795200000,70.805,70.805,70.76,70.795
1741795260000,70.805,70.865,70.805,70.835
1741795320000,70.84,70.86,70.83,70.855
1741795380000,70.85,70.875,70.825,70.845
1741795440000,70.85,70.855,70.815,70.835
1741795500000,70.84,70.885,70.825,70.88
1741795560000,70.885,70.915,70.885,70.905
1741795620000,70.895,70.915,70.875,70.9
1741795680000,70.905,70.945,70.905,70.945
1741795740000,70.95,70.975,70.945,70.97
1741795800000,70.975,70.995,70.935,70.94
1741795860000,70.945,70.955,70.89,70.915
1741795920000,70.905,70.925,70.88,70.915
1741795980000,70.89,70.895,70.845,70.895
1741796040000,70.9,70.91,70.875,70.885
1741796100000,70.88,70.895,70.865,70.885
1741796160000,70.89,70.9,70.875,70.885
1741796220000,70.89,70.905,70.855,70.895
1741796280000,70.905,70.905,70.86,70.875
1741796340000,70.865,70.915,70.855,70.915
1741796400000,70.905,70.945,70.905,70.925
1741796460000,70.915,70.915,70.88,70.895
1741796520000,70.9,70.9,70.87,70.89
1741796580000,70.895,70.915,70.84,70.86
1741796640000,70.855,70.875,70.845,70.865
1741796700000,70.87,70.895,70.855,70.875
1741796760000,70.885,70.955,70.88,70.945
1741796820000,70.955,70.985,70.955,70.965
1741796880000,70.96,70.985,70.955,70.985
1741796940000,70.98,70.995,70.935,70.97
1741797000000,70.975,71.005,70.945,70.985
1741797060000,71,71.03,70.995,71.015
1741797120000,71.02,71.065,71.015,71.065
1741797180000,71.055,71.075,71.045,71.06
1741797240000,71.055,71.055,70.985,70.995
1741797300000,70.975,70.975,70.935,70.945
1741797360000,70.94,70.965,70.935,70.95
1741797420000,70.945,70.975,70.945,70.955
1741797480000,70.96,70.975,70.945,70.975
1741797540000,70.965,70.965,70.945,70.945
1741797600000,70.95,70.95,70.915,70.925
1741797660000,70.935,70.935,70.875,70.875
1741797720000,70.88,70.885,70.805,70.825
1741797780000,70.83,70.885,70.825,70.875
1741797840000,70.885,70.905,70.885,70.885
1741797900000,70.895,70.9,70.865,70.865
1741797960000,70.855,70.865,70.845,70.855
1741798020000,70.865,70.89,70.865,70.885
1741798080000,70.89,70.895,70.885,70.895
1741798140000,70.9,70.935,70.9,70.935
1741798200000,70.915,70.955,70.91,70.955
1741798260000,70.95,70.96,70.925,70.945
1741798320000,70.95,70.955,70.915,70.945
1741798380000,70.95,70.97,70.935,70.95
1741798440000,70.945,70.96,70.935,70.955
1741798500000,70.965,70.975,70.955,70.975
1741798560000,70.97,70.975,70.94,70.945
1741798620000,70.925,70.935,70.885,70.91
1741798680000,70.905,70.915,70.885,70.885
1741798740000,70.895,70.895,70.865,70.875
1741798800000,70.885,70.89,70.865,70.885
1741798860000,70.875,70.895,70.865,70.875
1741798920000,70.88,70.885,70.855,70.865
1741798980000,70.86,70.875,70.855,70.855
1741799040000,70.845,70.875,70.845,70.875
1741799100000,70.87,70.895,70.825,70.895
1741799160000,70.885,70.895,70.875,70.885
1741799220000,70.89,70.89,70.865,70.875
1741799280000,70.885,70.9,70.88,70.895
1741799340000,70.905,70.915,70.895,70.895
1741799400000,70.905,70.945,70.895,70.945
1741799460000,70.935,70.95,70.92,70.935
1741799520000,70.94,70.955,70.935,70.955
1741799580000,70.96,71.01,70.96,70.975
1741799640000,70.98,70.995,70.965,70.995
1741799700000,71,71.01,70.985,71.005
1741799760000,70.995,70.995,70.975,70.975
1741799820000,70.98,70.98,70.945,70.965
1741799880000,70.96,70.985,70.885,70.905
1741799940000,70.9,70.9,70.875,70.895
1741800000000,70.9,70.95,70.895,70.95
1741800060000,70.955,70.975,70.945,70.965
1741800120000,70.97,70.975,70.955,70.955
1741800180000,70.95,70.95,70.9,70.9
1741800240000,70.895,70.905,70.885,70.895
1741800300000,70.89,70.9,70.875,70.89
1741800360000,70.895,70.935,70.895,70.915
1741800420000,70.91,70.915,70.89,70.9
1741800480000,70.905,70.925,70.895,70.915
1741800540000,70.925,70.925,70.905,70.905
1741800600000,70.91,70.915,70.89,70.915
1741800660000,70.92,70.95,70.915,70.945
1741800720000,70.94,70.945,70.88,70.885
1741800780000,70.895,70.895,70.875,70.895
1741800840000,70.89,70.925,70.885,70.895
1741800900000,70.905,70.935,70.895,70.935
1741800960000,70.925,70.935,70.915,70.935
1741801020000,70.945,70.965,70.94,70.955
1741801080000,70.97,70.975,70.955,70.975
1741801140000,70.985,70.985,70.965,70.98
1741801200000,70.985,70.995,70.98,70.995
1741801260000,71,71.015,70.935,70.945
1741801320000,70.935,70.945,70.915,70.945
1741801380000,70.955,70.955,70.935,70.955
1741801440000,70.945,70.95,70.92,70.93
1741801500000,70.935,70.975,70.925,70.975
1741801560000,70.97,70.985,70.96,70.975
1741801620000,70.965,70.965,70.935,70.94
1741801680000,70.935,70.965,70.935,70.94
1741801740000,70.945,70.955,70.93,70.93
1741801800000,70.935,70.945,70.925,70.945
1741801860000,70.95,70.975,70.945,70.97
1741801920000,70.975,70.975,70.925,70.925
1741801980000,70.93,70.945,70.915,70.925
1741802040000,70.915,70.915,70.895,70.895
1741802100000,70.89,70.915,70.885,70.91
1741802160000,70.915,70.92,70.875,70.875
1741802220000,70.885,70.905,70.875,70.895
1741802280000,70.89,70.9,70.885,70.895
1741802340000,70.9,70.905,70.875,70.875
1741802400000,70.865,70.92,70.865,70.915
1741802460000,70.92,70.925,70.885,70.885
1741802520000,70.89,70.945,70.89,70.935
1741802580000,70.945,70.955,70.935,70.935
1741802640000,70.94,70.955,70.915,70.93
1741802700000,70.925,70.93,70.915,70.925
1741802760000,70.92,70.925,70.89,70.89
1741802820000,70.895,70.905,70.875,70.895
1741802880000,70.91,70.915,70.895,70.91
1741802940000,70.915,70.915,70.89,70.895
1741803000000,70.9,70.94,70.895,70.935
1741803060000,70.94,70.965,70.935,70.95
1741803120000,70.945,70.955,70.905,70.945
1741803180000,70.94,70.965,70.925,70.955
1741803240000,70.96,70.96,70.92,70.925
1741803300000,70.92,70.94,70.92,70.94
1741803360000,70.945,70.945,70.91,70.935
1741803420000,70.94,70.975,70.94,70.945
1741803480000,70.95,70.95,70.915,70.92
1741803540000,70.925,70.925,70.885,70.885
1741803600000,70.895,70.92,70.895,70.895
1741803660000,70.905,70.915,70.895,70.895
1741803720000,70.9,70.93,70.895,70.915
1741803780000,70.93,70.93,70.87,70.885
1741803840000,70.88,70.895,70.875,70.89
1741803900000,70.885,70.915,70.885,70.9
1741803960000,70.895,70.9,70.875,70.885
1741804020000,70.895,70.895,70.865,70.895
1741804080000,70.885,70.935,70.885,70.925
1741804140000,70.935,70.955,70.935,70.945
1741804200000,70.95,70.965,70.935,70.965
1741804260000,70.975,70.995,70.975,70.995
1741804320000,70.99,71.005,70.975,70.975
1741804380000,70.97,70.985,70.955,70.965
1741804440000,70.96,70.965,70.94,70.945
1741804500000,70.94,70.965,70.925,70.965
1741804560000,70.975,70.975,70.95,70.955
1741804620000,70.965,70.975,70.965,70.975
1741804680000,70.985,70.985,70.975,70.975
1741804740000,70.985,70.99,70.975,70.99
1741804800000,70.985,71.015,70.985,71.015
1741804860000,71.025,71.025,71.005,71.01
1741804920000,71.005,71.01,71.005,71.005
1741804980000,71.01,71.01,70.995,70.995
1741805040000,70.985,70.995,70.98,70.98
1741805100000,70.985,70.985,70.975,70.985
1741805160000,70.99,70.995,70.985,70.985
1741805220000,70.975,70.975,70.965,70.975
1741805280000,70.965,70.985,70.965,70.985
1741805340000,70.98,70.985,70.975,70.975
1741805400000,70.985,70.985,70.98,70.985
1741805460000,70.975,70.98,70.975,70.975
1741805520000,70.97,70.985,70.97,70.975
1741805580000,70.97,70.975,70.945,70.945
1741805640000,70.95,70.955,70.945,70.955
1741805700000,70.95,70.955,70.935,70.935
1741805760000,70.94,70.955,70.94,70.955
1741805820000,70.96,70.985,70.96,70.98
1741805880000,70.985,70.99,70.975,70.975
1741805940000,70.965,70.975,70.955,70.97
1741806000000,70.965,70.975,70.965,70.965
1741806060000,70.97,70.97,70.955,70.955
1741806120000,70.965,70.985,70.965,70.975
1741806180000,70.98,70.985,70.975,70.985
1741806240000,70.975,70.985,70.965,70.965
1741806300000,70.955,70.965,70.935,70.935
1741806360000,70.93,70.935,70.915,70.925
1741806420000,70.92,70.92,70.915,70.915
1741806480000,70.925,70.925,70.915,70.925
1741806540000,70.935,70.935,70.925,70.925
1741806600000,70.92,70.925,70.91,70.925
1741806660000,70.92,70.925,70.91,70.925
1741806720000,70.93,70.935,70.915,70.915
1741806780000,70.91,70.92,70.905,70.905
1741806840000,70.91,70.91,70.905,70.905
1741806900000,70.9,70.925,70.895,70.915
1741806960000,70.91,70.915,70.905,70.905
1741807020000,70.9,70.905,70.895,70.9
1741807080000,70.895,70.9,70.885,70.895
1741807140000,70.9,70.9,70.895,70.895
1741807200000,70.905,70.915,70.905,70.915
1741807260000,70.905,70.915,70.89,70.89
1741807320000,70.885,70.895,70.88,70.89
1741807380000,70.885,70.895,70.875,70.875
1741807440000,70.885,70.89,70.88,70.885
1741807500000,70.89,70.89,70.875,70.875
1741807560000,70.88,70.885,70.87,70.875
1741807620000,70.87,70.875,70.845,70.875
1741807680000,70.88,70.89,70.865,70.87
1741807740000,70.865,70.875,70.86,70.87
1741807800000,70.875,70.92,70.87,70.92
1741807860000,70.925,70.94,70.925,70.935
1741807920000,70.925,70.94,70.925,70.935
1741807980000,70.93,70.935,70.93,70.935
1741808040000,70.93,70.935,70.925,70.925
1741808100000,70.93,70.93,70.91,70.925
1741808160000,70.915,70.935,70.915,70.935
1741808220000,70.945,70.965,70.945,70.95
1741808280000,70.955,70.955,70.93,70.93
1741808340000,70.935,70.935,70.905,70.905
1741808400000,70.915,70.93,70.905,70.925
1741808460000,70.92,70.925,70.915,70.915
1741808520000,70.91,70.915,70.9,70.915
1741808580000,70.925,70.935,70.925,70.925
1741808640000,70.93,70.935,70.925,70.925
1741808700000,70.935,70.955,70.935,70.955
1741808760000,70.945,70.945,70.925,70.925
1741808820000,70.935,70.935,70.935,70.935
1741808880000,70.94,70.955,70.94,70.955
1741808940000,70.96,70.97,70.96,70.97
1741809000000,70.965,70.965,70.935,70.95
1741809060000,70.945,70.955,70.945,70.95
1741809120000,70.955,70.955,70.945,70.95
1741809180000,70.955,70.96,70.95,70.96
1741809240000,70.955,70.965,70.935,70.935
1741809300000,70.95,70.965,70.95,70.965
1741809360000,70.96,70.965,70.955,70.955
1741809420000,70.95,70.95,70.945,70.945
1741809480000,70.955,70.96,70.945,70.95
1741809540000,70.945,70.95,70.935,70.945
1741809600000,70.935,70.945,70.935,70.935
1741809660000,70.945,70.95,70.945,70.945
1741809720000,70.94,70.94,70.925,70.93
1741809780000,70.935,70.935,70.93,70.935
1741809840000,70.93,70.945,70.93,70.94
1741809900000,70.945,70.945,70.94,70.94
1741809960000,70.935,70.96,70.935,70.96
1741810020000,70.955,70.955,70.945,70.945
1741810080000,70.94,70.945,70.935,70.935
1741810140000,70.935,70.935,70.935,70.935
1741810200000,70.94,70.94,70.93,70.93
1741810260000,70.925,70.925,70.92,70.92
1741810320000,70.915,70.92,70.915,70.915
1741810380000,70.915,70.915,70.915,70.915
1741810440000,70.915,70.915,70.915,70.915
1741810500000,70.915,70.915,70.915,70.915
1741810560000,70.925,70.925,70.915,70.915
1741810620000,70.92,70.925,70.92,70.925
1741810680000,70.93,70.935,70.925,70.935
1741810740000,70.93,70.945,70.925,70.94
1741810800000,70.945,70.945,70.93,70.935
1741810860000,70.94,70.945,70.94,70.945
1741810920000,70.94,70.94,70.94,70.94
1741810980000,70.945,70.955,70.945,70.95
1741811040000,70.945,70.945,70.94,70.94
1741811100000,70.945,70.945,70.945,70.945
1741811160000,70.955,70.955,70.955,70.955
1741811220000,70.96,70.965,70.955,70.96
1741811280000,70.965,70.965,70.96,70.96
1741811340000,70.96,70.96,70.96,70.96
1741811400000,70.913,70.965,70.913,70.965
1741811460000,70.975,70.995,70.975,70.995
1741811520000,70.99,70.99,70.935,70.935
1741811580000,70.92,70.92,70.905,70.91
1741811640000,70.905,70.915,70.905,70.905
1741811700000,70.91,70.91,70.905,70.905
1741811760000,70.91,70.93,70.91,70.925
1741811820000,70.945,70.965,70.945,70.945
1741811880000,70.955,70.965,70.95,70.965
1741811940000,70.955,70.965,70.955,70.96
1741812000000,70.945,70.95,70.94,70.945
1741812060000,70.955,70.955,70.95,70.955
1741812120000,70.945,70.95,70.93,70.935
1741812180000,70.945,70.945,70.935,70.945
1741812240000,70.955,70.975,70.955,70.965
1741812300000,70.96,70.975,70.955,70.975
1741812360000,70.97,70.975,70.97,70.97
1741812420000,70.975,70.975,70.96,70.96
1741812480000,70.955,70.965,70.95,70.965
1741812540000,70.96,70.965,70.95,70.955
1741812600000,70.96,70.965,70.955,70.96
1741812660000,70.955,70.955,70.95,70.95
1741812720000,70.955,70.955,70.95,70.955
1741812780000,70.95,70.95,70.95,70.95
1741812840000,70.955,70.955,70.955,70.955
1741812900000,70.95,70.955,70.94,70.945
1741812960000,70.955,70.955,70.95,70.95
1741813020000,70.945,70.955,70.945,70.95
1741813080000,70.955,70.96,70.95,70.96
1741813140000,70.965,70.965,70.945,70.945
1741910400000,70.092,70.122,70.082,70.092
1741910460000,70.087,70.102,70.032,70.032
1741910520000,70.022,70.062,70.022,70.042
1741910580000,70.052,70.057,70.047,70.052
1741910640000,70.047,70.047,70.032,70.037
1741910700000,70.042,70.057,70.042,70.052
1741910760000,70.047,70.052,70.022,70.022
1741910820000,70.017,70.032,70.017,70.022
1741910880000,70.012,70.022,70.012,70.017
1741910940000,70.022,70.022,70.012,70.012
1741911000000,70.017,70.017,69.997,69.997
1741911060000,70.002,70.002,69.962,69.967
1741911120000,69.962,69.992,69.962,69.987
1741911180000,69.992,70.012,69.987,69.987
1741911240000,69.992,69.992,69.982,69.992
1741911300000,69.997,70.012,69.992,69.992
1741911360000,69.997,70.002,69.992,69.997
1741911420000,70.002,70.002,69.977,69.982
1741911480000,69.977,69.977,69.977,69.977
1741911540000,69.972,69.982,69.972,69.982
1741911600000,69.977,69.977,69.962,69.972
1741911660000,69.972,69.972,69.972,69.972
1741911720000,69.972,69.972,69.972,69.972
1741911780000,69.962,69.972,69.962,69.967
1741911840000,69.972,69.982,69.972,69.982
1741911900000,69.992,69.992,69.982,69.982
1741911960000,69.972,69.982,69.962,69.972
1741912020000,69.977,69.987,69.977,69.987
1741912080000,69.992,69.997,69.992,69.992
1741912140000,69.997,70.002,69.987,69.987
1741912200000,69.992,69.992,69.982,69.992
1741912260000,69.982,69.982,69.967,69.967
1741912320000,69.972,69.992,69.972,69.987
1741912380000,69.992,70.057,69.992,70.057
1741912440000,70.062,70.062,70.052,70.052
1741912500000,70.062,70.087,70.062,70.082
1741912560000,70.087,70.087,70.072,70.077
1741912620000,70.067,70.072,70.062,70.062
1741912680000,70.052,70.052,70.052,70.052
1741912740000,70.062,70.082,70.062,70.082
1741912800000,70.077,70.107,70.077,70.102
1741912860000,70.097,70.102,70.087,70.102
1741912920000,70.107,70.112,70.102,70.102
1741912980000,70.112,70.112,70.097,70.097
1741913040000,70.102,70.102,70.082,70.082
1741913100000,70.087,70.107,70.082,70.082
1741913160000,70.102,70.102,70.092,70.097
1741913220000,70.102,70.107,70.097,70.102
1741913280000,70.112,70.117,70.112,70.117
1741913340000,70.127,70.142,70.122,70.142
1741913400000,70.137,70.137,70.107,70.112
1741913460000,70.122,70.127,70.102,70.102
1741913520000,70.097,70.112,70.097,70.097
1741913580000,70.102,70.107,70.102,70.107
1741913640000,70.102,70.102,70.097,70.102
1741913700000,70.097,70.097,70.082,70.092
1741913760000,70.087,70.102,70.082,70.092
1741913820000,70.087,70.092,70.087,70.092
1741913880000,70.102,70.102,70.092,70.092
1741913940000,70.087,70.092,70.087,70.092
1741914000000,70.115,70.14,70.085,70.105
1741914060000,70.115,70.115,70.095,70.11
1741914120000,70.115,70.135,70.115,70.13
1741914180000,70.135,70.135,70.075,70.09
1741914240000,70.085,70.085,70.055,70.055
1741914300000,70.05,70.05,70.005,70.015
1741914360000,70.02,70.055,70.015,70.05
1741914420000,70.045,70.08,70.045,70.075
1741914480000,70.08,70.08,70.065,70.065
1741914540000,70.055,70.08,70.055,70.075
1741914600000,70.08,70.085,70.075,70.08
1741914660000,70.075,70.075,70.055,70.06
1741914720000,70.065,70.115,70.065,70.11
1741914780000,70.115,70.125,70.1,70.115
1741914840000,70.12,70.145,70.12,70.14
1741914900000,70.145,70.155,70.13,70.13
1741914960000,70.135,70.135,70.13,70.13
1741915020000,70.135,70.14,70.12,70.125
1741915080000,70.13,70.14,70.11,70.14
1741915140000,70.125,70.13,70.11,70.13
1741915200000,70.125,70.145,70.125,70.14
1741915260000,70.135,70.155,70.135,70.155
1741915320000,70.165,70.165,70.135,70.145
1741915380000,70.15,70.16,70.135,70.16
1741915440000,70.165,70.165,70.15,70.155
1741915500000,70.15,70.155,70.12,70.12
1741915560000,70.115,70.115,70.105,70.105
1741915620000,70.11,70.125,70.105,70.115
1741915680000,70.12,70.135,70.12,70.135
1741915740000,70.14,70.145,70.095,70.095
1741915800000,70.09,70.09,70.04,70.045
1741915860000,70.04,70.045,69.995,70.03
1741915920000,70.035,70.08,70.035,70.075
1741915980000,70.08,70.085,70.065,70.07
1741916040000,70.065,70.065,70.03,70.05
1741916100000,70.055,70.06,70.04,70.05
1741916160000,70.045,70.065,70.045,70.065
1741916220000,70.085,70.085,70.055,70.065
1741916280000,70.07,70.085,70.07,70.075
1741916340000,70.07,70.08,70.065,70.075
1741916400000,70.08,70.095,70.075,70.095
1741916460000,70.105,70.135,70.1,70.135
1741916520000,70.14,70.16,70.14,70.15
1741916580000,70.155,70.155,70.125,70.125
1741916640000,70.13,70.14,70.12,70.125
1741916700000,70.13,70.135,70.115,70.125
1741916760000,70.12,70.12,70.08,70.085
1741916820000,70.08,70.09,70.075,70.085
1741916880000,70.09,70.095,70.07,70.085
1741916940000,70.08,70.085,70.07,70.085
1741917000000,70.08,70.105,70.07,70.1
1741917060000,70.105,70.13,70.105,70.125
1741917120000,70.13,70.145,70.12,70.135
1741917180000,70.145,70.155,70.14,70.155
1741917240000,70.16,70.18,70.155,70.16
1741917300000,70.155,70.165,70.15,70.165
1741917360000,70.15,70.165,70.145,70.165
1741917420000,70.16,70.165,70.155,70.155
1741917480000,70.15,70.165,70.15,70.16
1741917540000,70.155,70.175,70.155,70.165
1741917600000,70.17,70.175,70.155,70.175
1741917660000,70.165,70.165,70.145,70.155
1741917720000,70.15,70.165,70.145,70.145
1741917780000,70.14,70.17,70.14,70.165
1741917840000,70.16,70.16,70.155,70.155
1741917900000,70.15,70.165,70.145,70.16
1741917960000,70.165,70.175,70.155,70.16
1741918020000,70.155,70.165,70.155,70.165
1741918080000,70.17,70.175,70.165,70.165
1741918140000,70.17,70.175,70.165,70.165
1741918200000,70.17,70.195,70.165,70.185
1741918260000,70.19,70.205,70.185,70.2
1741918320000,70.195,70.205,70.185,70.185
1741918380000,70.195,70.205,70.195,70.205
1741918440000,70.215,70.245,70.215,70.245
1741918500000,70.245,70.245,70.245,70.245
1741918560000,70.235,70.235,70.235,70.235
1741918620000,70.225,70.225,70.22,70.22
1741918680000,70.225,70.265,70.225,70.265
1741918740000,70.255,70.26,70.25,70.25
1741918800000,70.255,70.255,70.245,70.255
1741918860000,70.25,70.25,70.245,70.245
1741918920000,70.25,70.255,70.25,70.25
1741918980000,70.255,70.255,70.245,70.245
1741919040000,70.245,70.245,70.245,70.245
1741919100000,70.24,70.24,70.225,70.225
1741919160000,70.23,70.23,70.215,70.225
1741919220000,70.235,70.245,70.235,70.245
1741919280000,70.235,70.245,70.235,70.245
1741919340000,70.25,70.25,70.245,70.245
1741919400000,70.235,70.245,70.235,70.245
1741919460000,70.25,70.25,70.23,70.235
1741919520000,70.24,70.25,70.235,70.24
1741919580000,70.235,70.245,70.235,70.235
1741919640000,70.245,70.255,70.235,70.25
1741919700000,70.255,70.255,70.245,70.255
1741919760000,70.265,70.275,70.265,70.27
1741919820000,70.265,70.275,70.265,70.275
1741919880000,70.295,70.295,70.26,70.285
1741919940000,70.295,70.305,70.285,70.305
1741920000000,70.295,70.295,70.285,70.285
1741920060000,70.29,70.295,70.28,70.285
1741920120000,70.28,70.285,70.25,70.255
1741920180000,70.265,70.275,70.265,70.275
1741920240000,70.265,70.27,70.255,70.255
1741920300000,70.26,70.265,70.255,70.26
1741920360000,70.255,70.26,70.25,70.255
1741920420000,70.26,70.26,70.245,70.25
1741920480000,70.255,70.255,70.25,70.255
1741920540000,70.26,70.265,70.255,70.26
1741920600000,70.255,70.255,70.245,70.25
1741920660000,70.245,70.255,70.245,70.25
1741920720000,70.255,70.275,70.255,70.275
1741920780000,70.27,70.275,70.265,70.275
1741920840000,70.285,70.285,70.265,70.27
1741920900000,70.265,70.27,70.26,70.265
1741920960000,70.275,70.275,70.26,70.26
1741921020000,70.265,70.285,70.265,70.285
1741921080000,70.28,70.28,70.27,70.275
1741921140000,70.28,70.28,70.275,70.275
1741921200000,70.28,70.305,70.28,70.305
1741921260000,70.3,70.325,70.3,70.315
1741921320000,70.305,70.325,70.3,70.325
1741921380000,70.345,70.345,70.335,70.335
1741921440000,70.325,70.335,70.325,70.335
1741921500000,70.34,70.355,70.335,70.335
1741921560000,70.34,70.355,70.335,70.355
1741921620000,70.36,70.375,70.36,70.375
1741921680000,70.365,70.37,70.365,70.365
1741921740000,70.37,70.375,70.365,70.375
1741921800000,70.365,70.375,70.365,70.375
1741921860000,70.365,70.365,70.355,70.355
1741921920000,70.36,70.365,70.355,70.355
1741921980000,70.365,70.37,70.355,70.36
1741922040000,70.365,70.375,70.36,70.375
1741922100000,70.375,70.375,70.375,70.375
1741922160000,70.395,70.41,70.39,70.39
1741922220000,70.385,70.405,70.38,70.395
1741922280000,70.4,70.41,70.4,70.405
1741922340000,70.41,70.415,70.375,70.395
1741922400000,70.39,70.405,70.39,70.395
1741922460000,70.4,70.425,70.4,70.42
1741922520000,70.425,70.425,70.405,70.405
1741922580000,70.395,70.4,70.395,70.395
1741922640000,70.39,70.395,70.38,70.39
1741922700000,70.395,70.395,70.39,70.39
1741922760000,70.385,70.385,70.37,70.375
1741922820000,70.365,70.37,70.335,70.335
1741922880000,70.34,70.34,70.335,70.335
1741922940000,70.34,70.36,70.34,70.35
1741923000000,70.345,70.375,70.345,70.375
1741923060000,70.37,70.37,70.345,70.345
1741923120000,70.34,70.355,70.335,70.345
1741923180000,70.35,70.35,70.335,70.345
1741923240000,70.345,70.345,70.345,70.345
1741923300000,70.35,70.355,70.345,70.355
1741923360000,70.35,70.355,70.34,70.34
1741923420000,70.345,70.345,70.335,70.34
1741923480000,70.345,70.345,70.34,70.345
1741923540000,70.35,70.355,70.345,70.355
1741923600000,70.35,70.35,70.345,70.345
1741923660000,70.34,70.345,70.335,70.345
1741923720000,70.34,70.345,70.335,70.335
1741923780000,70.34,70.34,70.325,70.335
1741923840000,70.33,70.335,70.325,70.325
1741923900000,70.32,70.325,70.32,70.325
1741923960000,70.315,70.315,70.315,70.315
1741924020000,70.295,70.295,70.285,70.285
1741924080000,70.28,70.28,70.255,70.26
1741924140000,70.255,70.285,70.255,70.275
1741924200000,70.285,70.285,70.27,70.27
1741924260000,70.265,70.275,70.265,70.275
1741924320000,70.28,70.285,70.28,70.285
1741924380000,70.28,70.28,70.28,70.28
1741924440000,70.233,70.285,70.233,70.285
1741924500000,70.295,70.305,70.295,70.295
1741924560000,70.285,70.3,70.285,70.3
1741924620000,70.305,70.305,70.305,70.305
1741924680000,70.3,70.3,70.295,70.295
1741924740000,70.3,70.305,70.3,70.305
1741924800000,70.3,70.315,70.3,70.315
1741924860000,70.31,70.31,70.31,70.31
1741924920000,70.305,70.31,70.305,70.31
1741924980000,70.305,70.305,70.305,70.305
1741925040000,70.31,70.31,70.305,70.305
1741925100000,70.31,70.32,70.31,70.32
1741925160000,70.315,70.32,70.305,70.305
1741925220000,70.295,70.295,70.295,70.295
1741925280000,70.305,70.305,70.295,70.295
1741925340000,70.305,70.305,70.305,70.305
1741925400000,70.31,70.31,70.31,70.31
1741925460000,70.315,70.315,70.3,70.3
1741925520000,70.305,70.305,70.295,70.295
1741925580000,70.3,70.31,70.3,70.305
1741925640000,70.258,70.258,70.258,70.258
1741925700000,70.305,70.315,70.305,70.31
1741925760000,70.305,70.315,70.305,70.315
1741925820000,70.31,70.315,70.31,70.31
1741925880000,70.305,70.305,70.305,70.305
1741925940000,70.305,70.305,70.305,70.305
1741926000000,70.3,70.3,70.295,70.295
1741926060000,70.305,70.305,70.285,70.305
1741926120000,70.305,70.305,70.305,70.305
1741926180000,70.31,70.31,70.305,70.305
1741926240000,70.305,70.305,70.305,70.305
1741926300000,70.31,70.31,70.31,70.31
1741926360000,70.305,70.305,70.305,70.305
1741926420000,70.315,70.315,70.315,70.315
1741926480000,70.315,70.315,70.315,70.315
1741926540000,70.31,70.31,70.305,70.31
1741926600000,70.315,70.315,70.31,70.31
1741926660000,70.305,70.305,70.305,70.305
1741926720000,70.258,70.31,70.258,70.31
1741926780000,70.305,70.305,70.305,70.305
1741926840000,70.305,70.305,70.305,70.305
1741926900000,70.31,70.315,70.31,70.315
1741926960000,70.31,70.31,70.31,70.31
1741927020000,70.305,70.31,70.305,70.305
1741927080000,70.3,70.3,70.3,70.3
1741927140000,70.305,70.305,70.285,70.29
1741927200000,70.295,70.3,70.295,70.3
1741927260000,70.295,70.3,70.295,70.3
1741927320000,70.295,70.305,70.295,70.305
1741927380000,70.305,70.305,70.305,70.305
1741927440000,70.3,70.305,70.3,70.305
1741927500000,70.305,70.305,70.305,70.305
1741927560000,70.31,70.31,70.305,70.305
1741927620000,70.3,70.3,70.29,70.295
1741927680000,70.29,70.295,70.285,70.29
1741927740000,70.295,70.3,70.295,70.3
1741927800000,70.305,70.31,70.305,70.305
1741927860000,70.31,70.315,70.305,70.31
1741927920000,70.315,70.315,70.31,70.31
1741927980000,70.263,70.263,70.263,70.263
1741928040000,70.315,70.315,70.3,70.3
1741928100000,70.305,70.305,70.305,70.305
1741928160000,70.315,70.315,70.305,70.31
1741928220000,70.305,70.315,70.305,70.315
1741928280000,70.31,70.32,70.31,70.32
1741928340000,70.315,70.32,70.315,70.315
1741928400000,70.31,70.31,70.305,70.305
1741928460000,70.305,70.305,70.305,70.305
1741928520000,70.295,70.3,70.295,70.3
1741928580000,70.295,70.305,70.295,70.305
1741928640000,70.3,70.32,70.3,70.315
1741928700000,70.31,70.325,70.31,70.32
1741928760000,70.315,70.315,70.295,70.295
1741928820000,70.3,70.305,70.3,70.305
1741928880000,70.31,70.315,70.305,70.31
1741928940000,70.305,70.31,70.29,70.29
1741929000000,70.295,70.305,70.295,70.305
1741929060000,70.31,70.31,70.31,70.31
1741929120000,70.305,70.31,70.3,70.305
1741929180000,70.31,70.315,70.305,70.305
1741929240000,70.31,70.31,70.305,70.31
1741929300000,70.315,70.32,70.315,70.32
1741929360000,70.315,70.32,70.315,70.315
1741929420000,70.325,70.325,70.315,70.32
1741929480000,70.273,70.273,70.273,70.273
1741929540000,70.32,70.345,70.315,70.345
1741929600000,70.34,70.34,70.34,70.34
1741929660000,70.335,70.34,70.325,70.325
1741929720000,70.315,70.315,70.295,70.305
1741929780000,70.3,70.305,70.29,70.29
1741929840000,70.285,70.295,70.275,70.285
1741929900000,70.29,70.295,70.275,70.28
1741929960000,70.275,70.285,70.275,70.28
1741930020000,70.275,70.28,70.275,70.28
1741930080000,70.275,70.28,70.275,70.28
1741930140000,70.275,70.285,70.275,70.28
1741930200000,70.275,70.305,70.255,70.3
1741930260000,70.295,70.305,70.295,70.305
1741930320000,70.31,70.31,70.3,70.3
1741930380000,70.295,70.305,70.295,70.3
1741930440000,70.295,70.3,70.295,70.3
1741930500000,70.295,70.31,70.295,70.305
1741930560000,70.31,70.31,70.305,70.31
1741930620000,70.263,70.305,70.263,70.305
1741930680000,70.31,70.325,70.31,70.325
1741930740000,70.33,70.33,70.32,70.32
1741930800000,70.315,70.33,70.305,70.315
1741930860000,70.325,70.325,70.31,70.31
1741930920000,70.305,70.305,70.295,70.295
1741930980000,70.3,70.3,70.285,70.29
1741931040000,70.295,70.295,70.285,70.285
1741931100000,70.29,70.3,70.27,70.295
1741931160000,70.3,70.305,70.295,70.305
1741931220000,70.315,70.315,70.295,70.3
1741931280000,70.295,70.305,70.29,70.295
1741931340000,70.3,70.3,70.295,70.3
1741931400000,70.305,70.31,70.3,70.31
1741931460000,70.305,70.31,70.305,70.305
1741931520000,70.31,70.315,70.305,70.315
1741931580000,70.31,70.32,70.3,70.305
1741931640000,70.31,70.315,70.305,70.31
1741931700000,70.305,70.32,70.305,70.32
1741931760000,70.325,70.335,70.325,70.335
1741931820000,70.33,70.345,70.33,70.335
1741931880000,70.345,70.36,70.34,70.36
1741931940000,70.365,70.365,70.355,70.355
1741932000000,70.345,70.345,70.335,70.335
1741932060000,70.34,70.35,70.335,70.345
1741932120000,70.335,70.335,70.325,70.325
1741932180000,70.33,70.335,70.325,70.33
1741932240000,70.335,70.335,70.325,70.325
1741932300000,70.33,70.335,70.325,70.325
1741932360000,70.31,70.315,70.295,70.3
1741932420000,70.295,70.305,70.295,70.3
1741932480000,70.295,70.32,70.295,70.32
1741932540000,70.325,70.325,70.315,70.325
1741932600000,70.32,70.33,70.305,70.305
1741932660000,70.3,70.305,70.275,70.285
1741932720000,70.29,70.29,70.26,70.275
1741932780000,70.27,70.275,70.265,70.265
1741932840000,70.255,70.295,70.245,70.295
1741932900000,70.29,70.315,70.29,70.315
1741932960000,70.31,70.315,70.31,70.31
1741933020000,70.315,70.325,70.315,70.325
1741933080000,70.33,70.335,70.315,70.32
1741933140000,70.315,70.35,70.315,70.345
1741933200000,70.34,70.355,70.34,70.35
1741933260000,70.34,70.375,70.335,70.37
1741933320000,70.365,70.385,70.365,70.385
1741933380000,70.38,70.4,70.38,70.395
1741933440000,70.405,70.43,70.395,70.425
1741933500000,70.43,70.445,70.415,70.445
1741933560000,70.45,70.465,70.42,70.42
1741933620000,70.43,70.44,70.42,70.435
1741933680000,70.44,70.445,70.435,70.435
1741933740000,70.44,70.44,70.425,70.435
1741933800000,70.43,70.465,70.43,70.445
1741933860000,70.455,70.455,70.425,70.425
1741933920000,70.415,70.425,70.415,70.415
1741933980000,70.405,70.415,70.405,70.415
1741934040000,70.41,70.445,70.41,70.445
1741934100000,70.435,70.445,70.415,70.435
1741934160000,70.43,70.45,70.425,70.45
1741934220000,70.455,70.455,70.445,70.445
1741934280000,70.45,70.475,70.44,70.47
1741934340000,70.465,70.475,70.465,70.47
1741934400000,70.465,70.515,70.465,70.505
1741934460000,70.53,70.545,70.51,70.525
1741934520000,70.515,70.52,70.495,70.495
1741934580000,70.505,70.515,70.495,70.51
1741934640000,70.515,70.515,70.505,70.51
1741934700000,70.515,70.52,70.5,70.515
1741934760000,70.51,70.525,70.505,70.525
1741934820000,70.52,70.535,70.515,70.535
1741934880000,70.54,70.555,70.535,70.555
1741934940000,70.545,70.56,70.54,70.555
1741935000000,70.55,70.555,70.535,70.545
1741935060000,70.54,70.555,70.54,70.54
1741935120000,70.545,70.56,70.54,70.555
1741935180000,70.565,70.565,70.555,70.565
1741935240000,70.56,70.575,70.535,70.535
1741935300000,70.53,70.55,70.525,70.535
1741935360000,70.525,70.55,70.525,70.535
1741935420000,70.545,70.555,70.54,70.555
1741935480000,70.545,70.545,70.545,70.545
1741935540000,70.55,70.565,70.545,70.555
1741935600000,70.545,70.565,70.54,70.565
1741935660000,70.555,70.585,70.555,70.575
1741935720000,70.57,70.595,70.565,70.595
1741935780000,70.585,70.635,70.565,70.635
1741935840000,70.625,70.635,70.595,70.615
1741935900000,70.61,70.655,70.61,70.625
1741935960000,70.63,70.63,70.595,70.605
1741936020000,70.595,70.655,70.595,70.655
1741936080000,70.645,70.685,70.64,70.675
1741936140000,70.67,70.675,70.65,70.65
1741936200000,70.645,70.655,70.63,70.63
1741936260000,70.625,70.635,70.615,70.625
1741936320000,70.615,70.615,70.585,70.585
1741936380000,70.575,70.575,70.565,70.565
1741936440000,70.555,70.565,70.555,70.555
1741936500000,70.56,70.565,70.555,70.555
1741936560000,70.56,70.565,70.56,70.565
1741936620000,70.585,70.585,70.525,70.525
1741936680000,70.535,70.54,70.515,70.54
1741936740000,70.545,70.575,70.523,70.56
1741936800000,70.565,70.565,70.545,70.545
1741936860000,70.54,70.545,70.505,70.505
1741936920000,70.5,70.505,70.5,70.505
1741936980000,70.485,70.485,70.485,70.485
1741937040000,70.495,70.52,70.495,70.515
1741937100000,70.525,70.575,70.525,70.57
1741937160000,70.565,70.575,70.56,70.565
1741937220000,70.56,70.565,70.555,70.565
1741937280000,70.57,70.575,70.565,70.57
1741937340000,70.575,70.595,70.565,70.595
1741937400000,70.59,70.605,70.585,70.6
1741937460000,70.605,70.625,70.585,70.585
1741937520000,70.595,70.595,70.545,70.55
1741937580000,70.545,70.555,70.535,70.535
1741937640000,70.53,70.53,70.51,70.525
1741937700000,70.52,70.57,70.52,70.565
1741937760000,70.56,70.56,70.545,70.56
1741937820000,70.565,70.575,70.545,70.55
1741937880000,70.545,70.57,70.535,70.555
1741937940000,70.565,70.575,70.565,70.575
1741938000000,70.585,70.605,70.575,70.585
1741938060000,70.59,70.6,70.585,70.59
1741938120000,70.595,70.595,70.555,70.555
1741938180000,70.545,70.55,70.535,70.535
1741938240000,70.545,70.545,70.515,70.515
1741938300000,70.51,70.515,70.485,70.485
1741938360000,70.475,70.475,70.47,70.475
1741938420000,70.465,70.475,70.455,70.455
1741938480000,70.475,70.505,70.475,70.505
1741938540000,70.51,70.545,70.495,70.545
1741938600000,70.555,70.555,70.555,70.555
1741938660000,70.565,70.575,70.545,70.55
1741938720000,70.545,70.565,70.535,70.555
1741938780000,70.56,70.565,70.555,70.565
1741938840000,70.57,70.575,70.55,70.56
1741938900000,70.565,70.565,70.54,70.55
1741938960000,70.545,70.585,70.545,70.585
1741939020000,70.575,70.595,70.575,70.595
1741939080000,70.585,70.595,70.57,70.57
1741939140000,70.565,70.585,70.565,70.575
1741939200000,70.565,70.565,70.52,70.545
1741939260000,70.555,70.575,70.495,70.495
1741939320000,70.505,70.515,70.485,70.505
1741939380000,70.51,70.515,70.475,70.475
1741939440000,70.485,70.485,70.465,70.475
1741939500000,70.485,70.525,70.485,70.515
1741939560000,70.525,70.575,70.515,70.555
1741939620000,70.545,70.545,70.495,70.495
1741939680000,70.5,70.5,70.45,70.46
1741939740000,70.465,70.465,70.44,70.44
1741939800000,70.435,70.445,70.425,70.425
1741939860000,70.435,70.465,70.43,70.445
1741939920000,70.455,70.455,70.435,70.435
1741939980000,70.44,70.46,70.435,70.46
1741940040000,70.465,70.475,70.455,70.465
1741940100000,70.46,70.48,70.455,70.465
1741940160000,70.475,70.475,70.425,70.425
1741940220000,70.43,70.465,70.425,70.455
1741940280000,70.46,70.465,70.455,70.46
1741940340000,70.465,70.495,70.445,70.455
1741940400000,70.445,70.475,70.445,70.475
1741940460000,70.47,70.495,70.465,70.475
1741940520000,70.485,70.515,70.455,70.515
1741940580000,70.525,70.525,70.475,70.485
1741940640000,70.475,70.48,70.455,70.455
1741940700000,70.45,70.485,70.445,70.445
1741940760000,70.455,70.455,70.435,70.445
1741940820000,70.455,70.455,70.435,70.435
1741940880000,70.425,70.455,70.425,70.455
1741940940000,70.45,70.545,70.45,70.495
1741941000000,70.505,70.565,70.485,70.535
1741941060000,70.53,70.535,70.475,70.505
1741941120000,70.495,70.515,70.485,70.485
1741941180000,70.475,70.475,70.445,70.455
1741941240000,70.465,70.485,70.455,70.485
1741941300000,70.495,70.565,70.485,70.565
1741941360000,70.575,70.615,70.555,70.59
1741941420000,70.585,70.685,70.585,70.675
1741941480000,70.685,70.705,70.665,70.675
1741941540000,70.685,70.685,70.655,70.655
1741941600000,70.645,70.685,70.645,70.685
1741941660000,70.675,70.675,70.645,70.655
1741941720000,70.665,70.685,70.66,70.66
1741941780000,70.655,70.675,70.655,70.675
1741941840000,70.68,70.695,70.675,70.695
1741941900000,70.685,70.705,70.675,70.685
1741941960000,70.69,70.695,70.67,70.675
1741942020000,70.68,70.705,70.675,70.685
1741942080000,70.695,70.695,70.685,70.685
1741942140000,70.705,70.715,70.695,70.705
1741942200000,70.7,70.725,70.7,70.705
1741942260000,70.715,70.725,70.715,70.715
1741942320000,70.705,70.715,70.705,70.715
1741942380000,70.725,70.725,70.705,70.705
1741942440000,70.715,70.725,70.715,70.725
1741942500000,70.715,70.725,70.71,70.715
1741942560000,70.705,70.715,70.695,70.705
1741942620000,70.715,70.715,70.705,70.705
1741942680000,70.715,70.715,70.705,70.715
1741942740000,70.705,70.705,70.695,70.695
1741942800000,70.7,70.705,70.655,70.655
1741942860000,70.65,70.665,70.635,70.635
1741942920000,70.63,70.67,70.63,70.655
1741942980000,70.66,70.675,70.635,70.635
1741943040000,70.645,70.645,70.595,70.605
1741943100000,70.615,70.625,70.605,70.615
1741943160000,70.625,70.625,70.595,70.595
1741943220000,70.6,70.605,70.555,70.565
1741943280000,70.575,70.61,70.565,70.605
1741943340000,70.61,70.625,70.605,70.62
1741943400000,70.615,70.625,70.595,70.625
1741943460000,70.615,70.625,70.615,70.625
1741943520000,70.62,70.625,70.605,70.605
1741943580000,70.595,70.595,70.585,70.595
1741943640000,70.6,70.6,70.585,70.59
1741943700000,70.585,70.6,70.585,70.595
1741943760000,70.6,70.6,70.535,70.545
1741943820000,70.555,70.575,70.545,70.565
1741943880000,70.56,70.56,70.525,70.525
1741943940000,70.515,70.515,70.485,70.5
1741944000000,70.495,70.51,70.49,70.495
1741944060000,70.485,70.505,70.485,70.505
1741944120000,70.495,70.495,70.485,70.485
1741944180000,70.495,70.495,70.455,70.485
1741944240000,70.495,70.535,70.495,70.535
1741944300000,70.54,70.585,70.535,70.565
1741944360000,70.545,70.555,70.535,70.555
1741944420000,70.56,70.56,70.535,70.535
1741944480000,70.515,70.515,70.495,70.495
1741944540000,70.505,70.515,70.495,70.515
1741944600000,70.52,70.535,70.5,70.515
1741944660000,70.51,70.52,70.505,70.515
1741944720000,70.52,70.525,70.52,70.525
1741944780000,70.51,70.515,70.475,70.49
1741944840000,70.475,70.505,70.465,70.505
1741944900000,70.495,70.545,70.495,70.545
1741944960000,70.55,70.575,70.53,70.565
1741945020000,70.56,70.56,70.515,70.515
1741945080000,70.52,70.52,70.505,70.505
1741945140000,70.51,70.515,70.505,70.505
1741945200000,70.495,70.505,70.485,70.495
1741945260000,70.485,70.505,70.455,70.505
1741945320000,70.51,70.515,70.495,70.515
1741945380000,70.51,70.52,70.49,70.505
1741945440000,70.51,70.51,70.48,70.485
1741945500000,70.475,70.505,70.475,70.505
1741945560000,70.51,70.515,70.475,70.485
1741945620000,70.495,70.515,70.485,70.505
1741945680000,70.495,70.495,70.475,70.485
1741945740000,70.475,70.485,70.455,70.455
1741945800000,70.465,70.495,70.465,70.495
1741945860000,70.5,70.5,70.495,70.495
1741945920000,70.485,70.505,70.475,70.505
1741945980000,70.515,70.525,70.515,70.525
1741946040000,70.535,70.57,70.535,70.565
1741946100000,70.555,70.615,70.555,70.615
1741946160000,70.61,70.625,70.605,70.615
1741946220000,70.605,70.615,70.59,70.595
1741946280000,70.6,70.615,70.595,70.61
1741946340000,70.605,70.625,70.595,70.615
1741946400000,70.605,70.605,70.545,70.545
1741946460000,70.535,70.55,70.53,70.545
1741946520000,70.55,70.555,70.475,70.505
1741946580000,70.485,70.485,70.465,70.475
1741946640000,70.485,70.495,70.485,70.485
1741946700000,70.475,70.505,70.475,70.505
1741946760000,70.515,70.58,70.515,70.58
1741946820000,70.575,70.61,70.565,70.595
1741946880000,70.585,70.585,70.545,70.55
1741946940000,70.555,70.555,70.545,70.555
1741947000000,70.55,70.555,70.545,70.55
1741947060000,70.54,70.55,70.52,70.55
1741947120000,70.555,70.555,70.535,70.545
1741947180000,70.555,70.565,70.545,70.56
1741947240000,70.555,70.565,70.555,70.555
1741947300000,70.56,70.56,70.545,70.545
1741947360000,70.555,70.575,70.545,70.55
1741947420000,70.545,70.565,70.545,70.565
1741947480000,70.57,70.585,70.57,70.58
1741947540000,70.575,70.575,70.565,70.565
1741947600000,70.575,70.625,70.575,70.625
1741947660000,70.62,70.62,70.58,70.58
1741947720000,70.585,70.595,70.575,70.595
1741947780000,70.59,70.6,70.575,70.6
1741947840000,70.595,70.605,70.585,70.595
1741947900000,70.605,70.61,70.59,70.605
1741947960000,70.6,70.605,70.595,70.6
1741948020000,70.595,70.61,70.555,70.56
1741948080000,70.565,70.575,70.535,70.535
1741948140000,70.525,70.535,70.515,70.515
1741948200000,70.505,70.525,70.495,70.515
1741948260000,70.505,70.505,70.505,70.505
1741948320000,70.495,70.525,70.495,70.505
1741948380000,70.5,70.505,70.465,70.505
1741948440000,70.515,70.515,70.505,70.505
1741948500000,70.5,70.515,70.49,70.515
1741948560000,70.505,70.515,70.5,70.505
1741948620000,70.5,70.505,70.465,70.465
1741948680000,70.47,70.485,70.425,70.43
1741948740000,70.425,70.45,70.425,70.43
1741948800000,70.435,70.445,70.425,70.435
1741948860000,70.43,70.445,70.425,70.44
1741948920000,70.445,70.445,70.385,70.405
1741948980000,70.415,70.435,70.375,70.435
1741949040000,70.44,70.445,70.39,70.395
1741949100000,70.39,70.435,70.38,70.435
1741949160000,70.425,70.455,70.425,70.45
1741949220000,70.445,70.445,70.405,70.435
1741949280000,70.44,70.445,70.425,70.425
1741949340000,70.42,70.435,70.42,70.425
1741949400000,70.435,70.445,70.435,70.445
1741949460000,70.435,70.445,70.42,70.425
1741949520000,70.43,70.435,70.415,70.425
1741949580000,70.42,70.435,70.405,70.435
1741949640000,70.44,70.445,70.415,70.425
1741949700000,70.42,70.425,70.405,70.405
1741949760000,70.395,70.41,70.375,70.405
1741949820000,70.415,70.425,70.405,70.415
1741949880000,70.405,70.405,70.405,70.405
1741949940000,70.4,70.425,70.385,70.425
1741950000000,70.43,70.445,70.425,70.445
1741950060000,70.435,70.44,70.415,70.44
1741950120000,70.435,70.485,70.435,70.485
1741950180000,70.47,70.515,70.465,70.515
1741950240000,70.525,70.535,70.505,70.515
1741950300000,70.525,70.525,70.5,70.505
1741950360000,70.495,70.51,70.48,70.495
1741950420000,70.5,70.505,70.48,70.485
1741950480000,70.475,70.475,70.455,70.475
1741950540000,70.48,70.5,70.475,70.49
1741950600000,70.495,70.5,70.485,70.495
1741950660000,70.49,70.505,70.49,70.495
1741950720000,70.485,70.515,70.485,70.51
1741950780000,70.505,70.535,70.505,70.53
1741950840000,70.525,70.555,70.525,70.55
1741950900000,70.555,70.555,70.525,70.545
1741950960000,70.535,70.54,70.525,70.535
1741951020000,70.53,70.55,70.525,70.55
1741951080000,70.555,70.555,70.525,70.525
1741951140000,70.535,70.535,70.51,70.525
1741951200000,70.535,70.575,70.53,70.575
1741951260000,70.565,70.575,70.55,70.57
1741951320000,70.575,70.585,70.565,70.565
1741951380000,70.57,70.57,70.555,70.555
1741951440000,70.55,70.55,70.535,70.54
1741951500000,70.535,70.54,70.495,70.495
1741951560000,70.49,70.505,70.485,70.495
1741951620000,70.505,70.515,70.495,70.505
1741951680000,70.515,70.515,70.505,70.505
1741951740000,70.495,70.515,70.49,70.51
1741951800000,70.515,70.515,70.495,70.505
1741951860000,70.5,70.5,70.465,70.485
1741951920000,70.49,70.495,70.465,70.485
1741951980000,70.49,70.49,70.415,70.415
1741952040000,70.42,70.425,70.38,70.385
1741952100000,70.38,70.38,70.355,70.355
1741952160000,70.34,70.37,70.335,70.365
1741952220000,70.36,70.375,70.335,70.375
1741952280000,70.38,70.395,70.355,70.365
1741952340000,70.355,70.365,70.315,70.335
1741952400000,70.325,70.395,70.325,70.365
1741952460000,70.355,70.4,70.345,70.395
1741952520000,70.405,70.415,70.405,70.41
1741952580000,70.415,70.415,70.405,70.405
1741952640000,70.4,70.415,70.395,70.41
1741952700000,70.405,70.42,70.385,70.39
1741952760000,70.385,70.41,70.385,70.41
1741952820000,70.415,70.445,70.4,70.405
1741952880000,70.415,70.425,70.365,70.37
1741952940000,70.365,70.395,70.345,70.385
1741953000000,70.38,70.38,70.355,70.355
1741953060000,70.345,70.365,70.335,70.335
1741953120000,70.345,70.355,70.32,70.325
1741953180000,70.335,70.335,70.275,70.285
1741953240000,70.275,70.285,70.265,70.275
1741953300000,70.28,70.295,70.265,70.295
1741953360000,70.305,70.305,70.275,70.275
1741953420000,70.285,70.295,70.285,70.295
1741953480000,70.305,70.315,70.295,70.315
1741953540000,70.305,70.335,70.305,70.325
1741953600000,70.32,70.355,70.32,70.35
1741953660000,70.355,70.385,70.35,70.365
1741953720000,70.36,70.405,70.36,70.405
1741953780000,70.41,70.415,70.385,70.385
1741953840000,70.375,70.375,70.345,70.375
1741953900000,70.38,70.385,70.37,70.385
1741953960000,70.395,70.395,70.375,70.39
1741954020000,70.395,70.395,70.375,70.385
1741954080000,70.39,70.4,70.375,70.375
1741954140000,70.385,70.395,70.365,70.395
1741954200000,70.385,70.4,70.365,70.4
1741954260000,70.395,70.41,70.395,70.405
1741954320000,70.4,70.425,70.385,70.405
1741954380000,70.4,70.42,70.39,70.395
1741954440000,70.405,70.455,70.39,70.425
1741954500000,70.415,70.445,70.415,70.44
1741954560000,70.435,70.435,70.41,70.425
1741954620000,70.43,70.455,70.415,70.445
1741954680000,70.45,70.465,70.425,70.455
1741954740000,70.46,70.465,70.455,70.465
1741954800000,70.47,70.475,70.435,70.435
1741954860000,70.425,70.46,70.425,70.445
1741954920000,70.45,70.465,70.445,70.455
1741954980000,70.46,70.465,70.435,70.445
1741955040000,70.455,70.475,70.455,70.475
1741955100000,70.485,70.505,70.475,70.485
1741955160000,70.49,70.505,70.475,70.475
1741955220000,70.46,70.48,70.435,70.435
1741955280000,70.445,70.455,70.425,70.455
1741955340000,70.46,70.465,70.44,70.45
1741955400000,70.455,70.465,70.435,70.465
1741955460000,70.46,70.46,70.44,70.44
1741955520000,70.435,70.47,70.435,70.46
1741955580000,70.465,70.475,70.445,70.465
1741955640000,70.47,70.485,70.465,70.465
1741955700000,70.46,70.47,70.445,70.47
1741955760000,70.465,70.47,70.455,70.455
1741955820000,70.46,70.475,70.455,70.475
1741955880000,70.485,70.525,70.485,70.515
1741955940000,70.505,70.56,70.505,70.545
1741956000000,70.535,70.555,70.535,70.555
1741956060000,70.55,70.555,70.525,70.54
1741956120000,70.545,70.565,70.525,70.555
1741956180000,70.545,70.55,70.515,70.515
1741956240000,70.52,70.545,70.515,70.545
1741956300000,70.55,70.555,70.525,70.525
1741956360000,70.52,70.53,70.51,70.515
1741956420000,70.52,70.535,70.505,70.535
1741956480000,70.54,70.54,70.515,70.515
1741956540000,70.52,70.535,70.515,70.52
1741956600000,70.515,70.515,70.505,70.515
1741956660000,70.525,70.535,70.515,70.515
1741956720000,70.51,70.51,70.475,70.485
1741956780000,70.49,70.495,70.46,70.47
1741956840000,70.475,70.505,70.465,70.505
1741956900000,70.51,70.515,70.485,70.51
1741956960000,70.505,70.515,70.485,70.515
1741957020000,70.52,70.54,70.51,70.51
1741957080000,70.515,70.525,70.515,70.525
1741957140000,70.535,70.545,70.495,70.495
1741957200000,70.49,70.49,70.385,70.415
1741957260000,70.425,70.435,70.335,70.345
1741957320000,70.34,70.345,70.235,70.275
1741957380000,70.265,70.265,70.195,70.205
1741957440000,70.21,70.26,70.205,70.26
1741957500000,70.265,70.305,70.245,70.275
1741957560000,70.28,70.295,70.24,70.255
1741957620000,70.26,70.26,70.165,70.175
1741957680000,70.185,70.195,70.155,70.195
1741957740000,70.205,70.215,70.175,70.21
1741957800000,70.215,70.215,70.145,70.165
1741957860000,70.16,70.255,70.155,70.255
1741957920000,70.245,70.28,70.245,70.25
1741957980000,70.255,70.26,70.195,70.195
1741958040000,70.185,70.195,70.14,70.14
1741958100000,70.145,70.175,70.115,70.14
1741958160000,70.145,70.145,70.065,70.075
1741958220000,70.08,70.115,70.075,70.105
1741958280000,70.115,70.125,70.085,70.09
1741958340000,70.085,70.13,70.08,70.12
1741958400000,70.115,70.14,70.105,70.105
1741958460000,70.11,70.125,70.09,70.125
1741958520000,70.13,70.135,70.105,70.125
1741958580000,70.14,70.145,70.07,70.07
1741958640000,70.065,70.115,70.055,70.095
1741958700000,70.1,70.125,70.085,70.085
1741958760000,70.08,70.125,70.065,70.12
1741958820000,70.115,70.115,70.085,70.105
1741958880000,70.095,70.14,70.095,70.125
1741958940000,70.13,70.135,70.095,70.105
1741959000000,70.12,70.145,70.055,70.065
1741959060000,70.06,70.125,70.025,70.125
1741959120000,70.12,70.145,70.055,70.07
1741959180000,70.06,70.07,69.945,69.965
1741959240000,69.975,70.055,69.955,70.04
1741959300000,70.035,70.12,70.01,70.11
1741959360000,70.115,70.125,70.055,70.055
1741959420000,70.045,70.045,69.985,69.995
1741959480000,69.985,70.005,69.955,69.985
1741959540000,69.975,70.015,69.97,70
1741959600000,70.005,70.115,70.005,70.08
1741959660000,70.09,70.11,70.065,70.08
1741959720000,70.075,70.11,70.075,70.095
1741959780000,70.09,70.105,70.07,70.095
1741959840000,70.085,70.105,70.055,70.055
1741959900000,70.06,70.155,70.055,70.125
1741959960000,70.135,70.165,70.13,70.135
1741960020000,70.13,70.135,70.095,70.105
1741960080000,70.115,70.165,70.095,70.165
1741960140000,70.17,70.205,70.165,70.205
1741960200000,70.215,70.245,70.2,70.215
1741960260000,70.205,70.265,70.205,70.245
1741960320000,70.25,70.255,70.205,70.235
1741960380000,70.23,70.295,70.225,70.295
1741960440000,70.29,70.305,70.265,70.285
1741960500000,70.295,70.295,70.235,70.265
1741960560000,70.27,70.29,70.235,70.24
1741960620000,70.235,70.255,70.235,70.24
1741960680000,70.235,70.275,70.225,70.275
1741960740000,70.265,70.305,70.265,70.295
1741960800000,70.28,70.28,70.19,70.2
1741960860000,70.195,70.215,70.075,70.08
1741960920000,70.075,70.12,70.075,70.085
1741960980000,70.095,70.15,70.09,70.135
1741961040000,70.145,70.15,70.11,70.14
1741961100000,70.135,70.155,70.085,70.085
1741961160000,70.075,70.125,70.075,70.115
1741961220000,70.12,70.12,70.075,70.095
1741961280000,70.085,70.105,70.075,70.085
1741961340000,70.08,70.125,70.075,70.11
1741961400000,70.115,70.195,70.105,70.17
1741961460000,70.15,70.175,70.14,70.145
1741961520000,70.14,70.14,70.09,70.095
1741961580000,70.09,70.095,70.03,70.075
1741961640000,70.08,70.08,70.025,70.05
1741961700000,70.045,70.055,70.015,70.055
1741961760000,70.05,70.08,70.045,70.075
1741961820000,70.085,70.09,69.995,70.005
1741961880000,70.01,70.025,70.005,70.025
1741961940000,70.015,70.045,70.005,70.025
1741962000000,70.03,70.045,70.015,70.045
1741962060000,70.055,70.105,70.035,70.065
1741962120000,70.07,70.085,70.045,70.065
1741962180000,70.07,70.07,70.035,70.055
1741962240000,70.06,70.075,70.04,70.07
1741962300000,70.075,70.105,70.055,70.09
1741962360000,70.085,70.09,70.035,70.04
1741962420000,70.035,70.045,70.02,70.035
1741962480000,70.04,70.045,70.025,70.045
1741962540000,70.035,70.035,70.005,70.015
1741962600000,70.01,70.025,69.985,70.005
1741962660000,70,70.035,69.975,69.98
1741962720000,69.975,70.035,69.925,70.025
1741962780000,70.03,70.065,69.95,69.955
1741962840000,69.95,69.99,69.945,69.955
1741962900000,69.945,69.98,69.945,69.945
1741962960000,69.965,69.965,69.915,69.965
1741963020000,69.97,70.015,69.965,69.985
1741963080000,69.995,70.025,69.985,70.01
1741963140000,70.015,70.065,70.01,70.055
1741963200000,70.045,70.105,70.045,70.1
1741963260000,70.105,70.12,70.075,70.095
1741963320000,70.085,70.095,70.065,70.065
1741963380000,70.075,70.085,70.045,70.08
1741963440000,70.075,70.145,70.075,70.125
1741963500000,70.135,70.155,70.125,70.135
1741963560000,70.14,70.165,70.085,70.095
1741963620000,70.1,70.115,70.085,70.095
1741963680000,70.085,70.105,70.075,70.1
1741963740000,70.105,70.105,70.065,70.07
1741963800000,70.065,70.155,70.055,70.15
1741963860000,70.155,70.18,70.14,70.15
1741963920000,70.155,70.195,70.155,70.19
1741963980000,70.185,70.225,70.185,70.205
1741964040000,70.2,70.275,70.195,70.255
1741964100000,70.25,70.275,70.225,70.265
1741964160000,70.275,70.275,70.235,70.27
1741964220000,70.275,70.275,70.255,70.255
1741964280000,70.265,70.275,70.245,70.275
1741964340000,70.27,70.275,70.235,70.255
1741964400000,70.26,70.265,70.235,70.245
1741964460000,70.25,70.255,70.235,70.255
1741964520000,70.25,70.3,70.245,70.295
1741964580000,70.3,70.305,70.245,70.245
1741964640000,70.255,70.295,70.245,70.29
1741964700000,70.295,70.345,70.29,70.345
1741964760000,70.35,70.365,70.325,70.34
1741964820000,70.335,70.34,70.315,70.315
1741964880000,70.32,70.32,70.305,70.305
1741964940000,70.315,70.33,70.285,70.285
1741965000000,70.28,70.285,70.235,70.275
1741965060000,70.285,70.345,70.285,70.32
1741965120000,70.325,70.345,70.315,70.335
1741965180000,70.33,70.335,70.285,70.305
1741965240000,70.3,70.305,70.275,70.285
1741965300000,70.28,70.28,70.235,70.265
1741965360000,70.25,70.265,70.235,70.265
1741965420000,70.27,70.275,70.25,70.265
1741965480000,70.255,70.255,70.225,70.235
1741965540000,70.245,70.255,70.225,70.255
1741965600000,70.26,70.265,70.25,70.255
1741965660000,70.265,70.295,70.265,70.28
1741965720000,70.275,70.285,70.245,70.27
1741965780000,70.265,70.295,70.265,70.295
1741965840000,70.305,70.325,70.305,70.325
1741965900000,70.33,70.335,70.315,70.32
1741965960000,70.325,70.325,70.295,70.295
1741966020000,70.285,70.295,70.255,70.275
1741966080000,70.265,70.27,70.195,70.205
1741966140000,70.21,70.215,70.175,70.19
1741966200000,70.195,70.235,70.185,70.195
1741966260000,70.205,70.235,70.195,70.2
1741966320000,70.195,70.205,70.175,70.185
1741966380000,70.18,70.18,70.165,70.18
1741966440000,70.19,70.205,70.165,70.17
1741966500000,70.165,70.185,70.16,70.175
1741966560000,70.185,70.185,70.135,70.135
1741966620000,70.145,70.185,70.135,70.185
1741966680000,70.195,70.235,70.195,70.22
1741966740000,70.225,70.245,70.215,70.225
1741966800000,70.245,70.265,70.245,70.245
1741966860000,70.25,70.275,70.245,70.275
1741966920000,70.27,70.29,70.265,70.285
1741966980000,70.275,70.28,70.255,70.255
1741967040000,70.25,70.255,70.235,70.245
1741967100000,70.25,70.25,70.215,70.22
1741967160000,70.215,70.255,70.215,70.255
1741967220000,70.26,70.285,70.255,70.285
1741967280000,70.275,70.325,70.275,70.315
1741967340000,70.32,70.365,70.32,70.355
1741967400000,70.35,70.35,70.305,70.325
1741967460000,70.335,70.335,70.315,70.33
1741967520000,70.335,70.34,70.325,70.33
1741967580000,70.335,70.355,70.315,70.355
1741967640000,70.345,70.35,70.315,70.345
1741967700000,70.335,70.35,70.33,70.335
1741967760000,70.345,70.355,70.335,70.34
1741967820000,70.335,70.35,70.315,70.335
1741967880000,70.325,70.335,70.295,70.295
1741967940000,70.305,70.32,70.305,70.315
1741968000000,70.305,70.325,70.275,70.275
1741968060000,70.27,70.31,70.27,70.295
1741968120000,70.29,70.305,70.265,70.275
1741968180000,70.27,70.3,70.27,70.295
1741968240000,70.3,70.35,70.3,70.335
1741968300000,70.33,70.335,70.255,70.285
1741968360000,70.275,70.29,70.265,70.265
1741968420000,70.275,70.305,70.255,70.305
1741968480000,70.31,70.325,70.295,70.295
1741968540000,70.285,70.315,70.28,70.3
1741968600000,70.305,70.365,70.3,70.365
1741968660000,70.355,70.365,70.305,70.305
1741968720000,70.32,70.325,70.3,70.325
1741968780000,70.32,70.365,70.275,70.365
1741968840000,70.355,70.375,70.335,70.365
1741968900000,70.355,70.355,70.325,70.345
1741968960000,70.35,70.365,70.345,70.345
1741969020000,70.34,70.375,70.34,70.375
1741969080000,70.37,70.375,70.345,70.345
1741969140000,70.35,70.365,70.345,70.365
1741969200000,70.37,70.375,70.345,70.375
1741969260000,70.365,70.395,70.365,70.39
1741969320000,70.395,70.405,70.345,70.345
1741969380000,70.34,70.37,70.325,70.355
1741969440000,70.35,70.375,70.345,70.355
1741969500000,70.345,70.345,70.3,70.325
1741969560000,70.315,70.315,70.275,70.275
1741969620000,70.27,70.285,70.265,70.275
1741969680000,70.265,70.315,70.26,70.315
1741969740000,70.31,70.335,70.295,70.335
1741969800000,70.34,70.385,70.335,70.37
1741969860000,70.375,70.425,70.375,70.395
1741969920000,70.39,70.395,70.355,70.355
1741969980000,70.365,70.375,70.335,70.355
1741970040000,70.36,70.395,70.36,70.385
1741970100000,70.395,70.415,70.385,70.415
1741970160000,70.41,70.42,70.385,70.39
1741970220000,70.395,70.4,70.37,70.37
1741970280000,70.375,70.385,70.36,70.375
1741970340000,70.38,70.395,70.365,70.39
1741970400000,70.395,70.395,70.345,70.36
1741970460000,70.365,70.365,70.345,70.365
1741970520000,70.37,70.395,70.365,70.39
1741970580000,70.395,70.395,70.35,70.365
1741970640000,70.36,70.365,70.345,70.355
1741970700000,70.345,70.365,70.345,70.355
1741970760000,70.35,70.37,70.35,70.365
1741970820000,70.36,70.385,70.355,70.375
1741970880000,70.37,70.415,70.37,70.415
1741970940000,70.41,70.415,70.39,70.405
1741971000000,70.4,70.405,70.39,70.395
1741971060000,70.39,70.415,70.39,70.41
1741971120000,70.405,70.425,70.395,70.415
1741971180000,70.405,70.42,70.385,70.415
1741971240000,70.41,70.425,70.405,70.425
1741971300000,70.42,70.42,70.39,70.395
1741971360000,70.4,70.41,70.385,70.395
1741971420000,70.4,70.425,70.4,70.425
1741971480000,70.43,70.435,70.415,70.425
1741971540000,70.43,70.445,70.415,70.415
1741971600000,70.42,70.425,70.4,70.425
1741971660000,70.445,70.485,70.425,70.475
1741971720000,70.485,70.565,70.475,70.565
1741971780000,70.575,70.595,70.545,70.585
1741971840000,70.58,70.595,70.575,70.585
1741971900000,70.575,70.595,70.565,70.575
1741971960000,70.58,70.615,70.575,70.575
1741972020000,70.58,70.6,70.56,70.595
1741972080000,70.605,70.615,70.59,70.595
1741972140000,70.59,70.605,70.585,70.605
1741972200000,70.615,70.625,70.6,70.6
1741972260000,70.605,70.605,70.565,70.575
1741972320000,70.565,70.575,70.56,70.57
1741972380000,70.575,70.595,70.57,70.575
1741972440000,70.585,70.595,70.565,70.59
1741972500000,70.585,70.605,70.575,70.595
1741972560000,70.6,70.605,70.59,70.595
1741972620000,70.59,70.595,70.575,70.595
1741972680000,70.585,70.595,70.565,70.575
1741972740000,70.57,70.575,70.555,70.565
1741972800000,70.56,70.575,70.555,70.57
1741972860000,70.575,70.575,70.515,70.52
1741972920000,70.515,70.515,70.465,70.48
1741972980000,70.485,70.505,70.485,70.495
1741973040000,70.5,70.505,70.465,70.485
1741973100000,70.475,70.505,70.475,70.5
1741973160000,70.505,70.515,70.485,70.505
1741973220000,70.515,70.555,70.515,70.545
1741973280000,70.54,70.575,70.54,70.55
1741973340000,70.555,70.575,70.555,70.565
1741973400000,70.575,70.575,70.54,70.54
1741973460000,70.545,70.555,70.525,70.545
1741973520000,70.535,70.545,70.495,70.495
1741973580000,70.5,70.505,70.495,70.5
1741973640000,70.505,70.505,70.485,70.485
1741973700000,70.49,70.51,70.485,70.505
1741973760000,70.495,70.5,70.435,70.465
1741973820000,70.475,70.485,70.45,70.455
1741973880000,70.46,70.465,70.445,70.45
1741973940000,70.455,70.495,70.455,70.495
1741974000000,70.485,70.51,70.48,70.495
1741974060000,70.485,70.495,70.485,70.485
1741974120000,70.49,70.51,70.49,70.505
1741974180000,70.5,70.505,70.475,70.49
1741974240000,70.485,70.49,70.455,70.465
1741974300000,70.475,70.475,70.455,70.46
1741974360000,70.465,70.465,70.455,70.465
1741974420000,70.46,70.465,70.445,70.455
1741974480000,70.445,70.46,70.44,70.46
1741974540000,70.465,70.475,70.455,70.46
1741974600000,70.465,70.475,70.455,70.475
1741974660000,70.48,70.495,70.445,70.455
1741974720000,70.45,70.47,70.395,70.405
1741974780000,70.395,70.41,70.37,70.405
1741974840000,70.41,70.425,70.41,70.415
1741974900000,70.42,70.445,70.42,70.44
1741974960000,70.445,70.445,70.425,70.435
1741975020000,70.44,70.445,70.43,70.435
1741975080000,70.43,70.435,70.425,70.435
1741975140000,70.43,70.435,70.43,70.435
1741975200000,70.425,70.465,70.425,70.465
1741975260000,70.47,70.495,70.465,70.49
1741975320000,70.495,70.495,70.465,70.475
1741975380000,70.485,70.49,70.47,70.475
1741975440000,70.48,70.495,70.475,70.485
1741975500000,70.475,70.485,70.475,70.475
1741975560000,70.48,70.48,70.455,70.465
1741975620000,70.46,70.465,70.455,70.455
1741975680000,70.465,70.48,70.455,70.46
1741975740000,70.465,70.465,70.45,70.455
1741975800000,70.45,70.465,70.445,70.465
1741975860000,70.47,70.485,70.47,70.485
1741975920000,70.475,70.485,70.465,70.475
1741975980000,70.48,70.485,70.475,70.485
1741976040000,70.495,70.515,70.49,70.515
1741976100000,70.51,70.525,70.505,70.515
1741976160000,70.51,70.52,70.485,70.505
1741976220000,70.51,70.515,70.505,70.515
1741976280000,70.52,70.52,70.475,70.475
1741976340000,70.48,70.505,70.475,70.505
1741976400000,70.495,70.515,70.485,70.495
1741976460000,70.505,70.515,70.5,70.505
1741976520000,70.51,70.525,70.51,70.525
1741976580000,70.515,70.525,70.505,70.505
1741976640000,70.51,70.525,70.485,70.505
1741976700000,70.495,70.555,70.495,70.555
1741976760000,70.545,70.555,70.515,70.545
1741976820000,70.555,70.575,70.555,70.565
1741976880000,70.55,70.575,70.535,70.565
1741976940000,70.56,70.565,70.545,70.555
1741977000000,70.55,70.575,70.55,70.575
1741977060000,70.595,70.605,70.58,70.6
1741977120000,70.605,70.62,70.605,70.615
1741977180000,70.62,70.625,70.615,70.615
1741977240000,70.625,70.625,70.605,70.61
1741977300000,70.605,70.61,70.585,70.585
1741977360000,70.59,70.615,70.59,70.595
1741977420000,70.605,70.605,70.595,70.595
1741977480000,70.6,70.605,70.585,70.6
1741977540000,70.595,70.615,70.595,70.605
1741977600000,70.595,70.595,70.585,70.595
1741977660000,70.585,70.605,70.585,70.605
1741977720000,70.6,70.62,70.595,70.615
1741977780000,70.62,70.625,70.615,70.625
1741977840000,70.615,70.625,70.615,70.625
1741977900000,70.595,70.61,70.585,70.605
1741977960000,70.6,70.62,70.6,70.61
1741978020000,70.615,70.62,70.61,70.615
1741978080000,70.61,70.615,70.595,70.6
1741978140000,70.595,70.595,70.575,70.575
1741978200000,70.58,70.585,70.575,70.575
1741978260000,70.565,70.57,70.545,70.55
1741978320000,70.555,70.555,70.525,70.535
1741978380000,70.54,70.555,70.535,70.555
1741978440000,70.56,70.56,70.545,70.545
1741978500000,70.55,70.57,70.545,70.57
1741978560000,70.565,70.57,70.54,70.545
1741978620000,70.54,70.54,70.515,70.535
1741978680000,70.54,70.545,70.535,70.545
1741978740000,70.54,70.565,70.54,70.56
1741978800000,70.565,70.565,70.55,70.565
1741978860000,70.565,70.565,70.565,70.565
1741978920000,70.57,70.57,70.555,70.565
1741978980000,70.56,70.56,70.535,70.555
1741979040000,70.57,70.57,70.565,70.565
1741979100000,70.57,70.595,70.57,70.59
1741979160000,70.595,70.595,70.585,70.585
1741979220000,70.59,70.595,70.585,70.59
1741979280000,70.595,70.605,70.59,70.595
1741979340000,70.6,70.61,70.595,70.61
1741979400000,70.615,70.615,70.605,70.61
1741979460000,70.605,70.61,70.605,70.605
1741979520000,70.6,70.605,70.595,70.605
1741979580000,70.595,70.605,70.585,70.59
1741979640000,70.595,70.595,70.595,70.595
1741979700000,70.59,70.59,70.57,70.57
1741979760000,70.575,70.575,70.565,70.575
1741979820000,70.57,70.575,70.57,70.575
1741979880000,70.58,70.585,70.575,70.575
1741979940000,70.57,70.57,70.555,70.555
1741980000000,70.56,70.565,70.555,70.555
1741980060000,70.56,70.565,70.555,70.565
1741980120000,70.56,70.56,70.55,70.55
1741980180000,70.545,70.55,70.54,70.545
1741980240000,70.54,70.55,70.54,70.545
1741980300000,70.54,70.56,70.54,70.56
1741980360000,70.555,70.57,70.555,70.57
1741980420000,70.575,70.575,70.565,70.565
1741980480000,70.56,70.56,70.535,70.535
1741980540000,70.545,70.555,70.545,70.55
1741980600000,70.545,70.555,70.545,70.555
1741980660000,70.56,70.565,70.55,70.555
1741980720000,70.55,70.55,70.545,70.545
1741980780000,70.55,70.555,70.545,70.555
1741980840000,70.55,70.555,70.545,70.55
1741980900000,70.545,70.555,70.545,70.55
1741980960000,70.555,70.555,70.545,70.55
1741981020000,70.555,70.56,70.55,70.555
1741981080000,70.55,70.555,70.55,70.55
1741981140000,70.555,70.555,70.545,70.55
1741981200000,70.555,70.555,70.545,70.545
1741981260000,70.535,70.535,70.53,70.535
1741981320000,70.53,70.535,70.52,70.53
1741981380000,70.535,70.545,70.525,70.525
1741981440000,70.52,70.52,70.495,70.515
1741981500000,70.525,70.525,70.51,70.51
1741981560000,70.515,70.515,70.51,70.515
1741981620000,70.52,70.535,70.52,70.53
1741981680000,70.535,70.54,70.53,70.535
1741981740000,70.545,70.56,70.535,70.555
1741981800000,70.565,70.565,70.545,70.555
1741981860000,70.55,70.57,70.55,70.565
1741981920000,70.56,70.565,70.555,70.555
1741981980000,70.56,70.565,70.56,70.565
1741982040000,70.56,70.565,70.555,70.56
1741982100000,70.555,70.565,70.555,70.555
1741982160000,70.545,70.565,70.545,70.555
1741982220000,70.545,70.545,70.525,70.535
1741982280000,70.53,70.535,70.525,70.525
1741982340000,70.53,70.53,70.515,70.52
1741982400000,70.515,70.515,70.475,70.475
1741982460000,70.48,70.495,70.48,70.49
1741982520000,70.495,70.495,70.48,70.48
1741982580000,70.475,70.485,70.475,70.485
1741982640000,70.485,70.485,70.485,70.485
1741982700000,70.495,70.505,70.495,70.5
1741982760000,70.505,70.515,70.5,70.505
1741982820000,70.5,70.515,70.5,70.505
1741982880000,70.5,70.505,70.5,70.5
1741982940000,70.495,70.495,70.49,70.495
1741983000000,70.5,70.51,70.5,70.505
1741983060000,70.5,70.505,70.5,70.505
1741983120000,70.51,70.515,70.505,70.51
1741983180000,70.505,70.505,70.505,70.505
1741983240000,70.51,70.52,70.51,70.52
1741983300000,70.515,70.525,70.515,70.52
1741983360000,70.525,70.525,70.52,70.52
1741983420000,70.525,70.525,70.52,70.52
1741983480000,70.515,70.52,70.51,70.52
1741983540000,70.525,70.525,70.515,70.515
1741983600000,70.525,70.525,70.52,70.525
1741983660000,70.52,70.52,70.52,70.52
1741983720000,70.515,70.515,70.51,70.51
1741983780000,70.515,70.515,70.505,70.505
1741983840000,70.515,70.525,70.515,70.52
1741983900000,70.525,70.535,70.525,70.53
1741983960000,70.535,70.535,70.525,70.525
1741984020000,70.53,70.53,70.525,70.525
1741984080000,70.52,70.525,70.52,70.525
1741984140000,70.53,70.53,70.525,70.525
1741984200000,70.52,70.535,70.52,70.535
1741984260000,70.53,70.535,70.53,70.53
1741984320000,70.525,70.53,70.525,70.525
1741984380000,70.52,70.525,70.52,70.525
1741984440000,70.53,70.53,70.525,70.525
1741984500000,70.525,70.525,70.525,70.525
1741984560000,70.53,70.535,70.525,70.535
1741984620000,70.53,70.545,70.53,70.535
1741984680000,70.54,70.545,70.54,70.54
1741984740000,70.535,70.545,70.535,70.54
1741984800000,70.545,70.545,70.54,70.54
1741984860000,70.535,70.535,70.53,70.53
1741984920000,70.525,70.555,70.525,70.555
1741984980000,70.55,70.55,70.53,70.53
1741985040000,70.535,70.535,70.515,70.515
1741985100000,70.51,70.51,70.5,70.505
1741985160000,70.5,70.505,70.49,70.495
1741985220000,70.505,70.505,70.495,70.5
1741985280000,70.495,70.505,70.495,70.505
1741985340000,70.5,70.505,70.49,70.49
1741985400000,70.495,70.51,70.49,70.51
1741985460000,70.505,70.535,70.505,70.53
1741985520000,70.535,70.535,70.535,70.535
1741985580000,70.545,70.545,70.545,70.545
1741985640000,70.54,70.54,70.535,70.54
1741985700000,70.535,70.54,70.53,70.53
1741985760000,70.525,70.525,70.515,70.52
1741985820000,70.515,70.515,70.51,70.51
1741985880000,70.515,70.525,70.51,70.525
1741985940000,70.53,70.575,70.525,70.575
