timestamp,open,high,low,close
1741564800000,2915.908,2916.348,2915.235,2915.235
1741564860000,2915.215,2915.448,2914.648,2915.248
1741564920000,2915.348,2915.755,2915.078,2915.145
1741564980000,2915.248,2916.265,2915.248,2916.155
1741565040000,2916.248,2916.655,2915.645,2916.448
1741565100000,2916.448,2916.655,2916.035,2916.255
1741565160000,2916.248,2916.948,2916.215,2916.365
1741565220000,2916.555,2917.265,2916.485,2917.215
1741565280000,2917.215,2917.448,2917.048,2917.085
1741565340000,2917.055,2917.548,2917.028,2917.348
1741565400000,2917.348,2917.648,2917.248,2917.448
1741565460000,2917.448,2917.848,2917.248,2917.448
1741565520000,2917.448,2917.848,2916.548,2916.648
1741565580000,2916.648,2917.048,2916.248,2916.355
1741565640000,2916.348,2916.575,2915.648,2915.965
1741565700000,2916.015,2916.015,2915.385,2915.505
1741565760000,2915.535,2916.745,2915.485,2915.995
1741565820000,2916.015,2916.245,2915.745,2915.995
1741565880000,2916.085,2916.085,2915.755,2915.815
1741565940000,2915.775,2915.885,2915.645,2915.675
1741566000000,2915.665,2916.285,2915.635,2915.655
1741566060000,2915.725,2915.745,2915.055,2915.275
1741566120000,2915.295,2915.415,2914.665,2914.785
1741566180000,2914.865,2915.285,2914.705,2915.285
1741566240000,2915.315,2915.425,2915.075,2915.255
1741566300000,2915.235,2915.425,2914.345,2914.425
1741566360000,2914.425,2914.655,2914.005,2914.005
1741566420000,2913.968,2914.035,2913.528,2913.915
1741566480000,2913.965,2914.595,2913.535,2914.595
1741566540000,2914.605,2915.185,2914.575,2914.635
1741566600000,2914.655,2915.355,2914.055,2915.215
1741566660000,2915.185,2915.185,2914.025,2914.195
1741566720000,2914.105,2914.565,2914.015,2914.205
1741566780000,2914.255,2914.605,2913.935,2914.595
1741566840000,2914.625,2915.875,2914.585,2915.425
1741566900000,2915.455,2915.505,2914.775,2915.155
1741566960000,2915.045,2915.155,2914.555,2914.555
1741567020000,2914.625,2914.635,2913.535,2913.975
1741567080000,2913.959,2914.655,2913.959,2914.155
1741567140000,2914.165,2914.835,2914.145,2914.835
1741567200000,2914.865,2914.865,2913.975,2914.545
1741567260000,2914.525,2914.545,2914.028,2914.415
1741567320000,2914.435,2914.685,2914.025,2914.055
1741567380000,2914.165,2914.605,2913.925,2914.455
1741567440000,2914.485,2914.805,2914.275,2914.625
1741567500000,2914.605,2915.205,2914.605,2914.945
1741567560000,2914.955,2914.955,2913.925,2914.325
1741567620000,2914.315,2914.465,2913.845,2914.165
1741567680000,2914.175,2914.615,2913.845,2914.615
1741567740000,2914.565,2914.645,2914.445,2914.645
1741567800000,2914.675,2914.675,2914.335,2914.585
1741567860000,2914.575,2914.595,2914.245,2914.365
1741567920000,2914.295,2914.765,2914.195,2914.455
1741567980000,2914.325,2914.475,2913.729,2913.729
1741568040000,2913.718,2914.005,2912.819,2913.845
1741568100000,2913.905,2914.585,2913.745,2913.765
1741568160000,2913.815,2914.155,2913.468,2913.615
1741568220000,2913.655,2914.255,2913.495,2913.665
1741568280000,2913.695,2913.705,2913.209,2913.395
1741568340000,2913.425,2913.865,2913.305,2913.665
1741568400000,2913.715,2914.555,2913.585,2914.335
1741568460000,2914.355,2915.315,2913.825,2914.985
1741568520000,2914.985,2916.395,2914.895,2915.979
1741568580000,2915.948,2916.459,2915.348,2916.185
1741568640000,2916.225,2916.485,2915.248,2916.425
1741568700000,2916.415,2917.375,2916.348,2917.185
1741568760000,2917.165,2917.285,2916.285,2917.105
1741568820000,2917.115,2917.855,2917.115,2917.448
1741568880000,2917.445,2917.445,2915.848,2916.075
1741568940000,2916.025,2916.665,2915.835,2916.625
1741569000000,2916.565,2917.625,2916.475,2917.465
1741569060000,2917.465,2918.125,2917.215,2917.725
1741569120000,2917.745,2917.965,2916.725,2917.095
1741569180000,2917.125,2917.245,2916.745,2916.975
1741569240000,2916.995,2917.485,2916.755,2917.025
1741569300000,2917.105,2917.835,2917.105,2917.495
1741569360000,2917.389,2917.405,2915.815,2916.105
1741569420000,2916.155,2916.155,2915.085,2915.305
1741569480000,2915.315,2915.885,2915.265,2915.325
1741569540000,2915.395,2915.475,2914.768,2915.015
1741569600000,2915.025,2915.985,2915.015,2915.408
1741569660000,2915.408,2915.825,2915.408,2915.475
1741569720000,2915.408,2915.575,2914.975,2915.575
1741569780000,2915.565,2916.305,2915.518,2916.158
1741569840000,2916.165,2916.165,2915.388,2915.545
1741569900000,2915.488,2915.605,2915.028,2915.068
1741569960000,2915.059,2915.339,2913.909,2914.508
1741570020000,2914.508,2914.778,2914.048,2914.658
1741570080000,2914.679,2914.838,2913.619,2913.628
1741570140000,2913.618,2914.108,2913.618,2913.919
1741570200000,2913.839,2913.839,2912.439,2913.025
1741570260000,2912.985,2914.485,2912.915,2914.485
1741570320000,2914.475,2914.715,2913.975,2914.375
1741570380000,2914.365,2914.655,2913.945,2914.525
1741570440000,2914.599,2914.905,2914.475,2914.785
1741570500000,2914.805,2915.205,2914.235,2914.825
1741570560000,2914.795,2915.305,2914.645,2915.175
1741570620000,2915.185,2915.265,2914.555,2914.625
1741570680000,2914.545,2915.105,2914.455,2915.075
1741570740000,2915.025,2915.805,2914.815,2915.565
1741570800000,2915.515,2916.275,2914.919,2914.985
1741570860000,2914.925,2915.335,2914.459,2915.075
1741570920000,2915.115,2915.285,2914.595,2915.189
1741570980000,2915.189,2915.785,2914.855,2914.995
1741571040000,2915.045,2915.435,2914.965,2915.165
1741571100000,2915.099,2915.245,2913.979,2914.185
1741571160000,2914.195,2914.379,2913.929,2914.069
1741571220000,2914.069,2914.275,2912.878,2912.949
1741571280000,2912.949,2913.145,2912.559,2912.975
1741571340000,2912.945,2913.445,2912.328,2913.445
1741571400000,2913.435,2913.435,2912.728,2912.915
1741571460000,2912.885,2913.775,2912.885,2913.365
1741571520000,2913.408,2913.755,2913.135,2913.485
1741571580000,2913.445,2913.505,2912.945,2913.075
1741571640000,2913.015,2913.245,2912.605,2912.845
1741571700000,2912.855,2912.885,2911.429,2911.489
1741571760000,2911.418,2912.325,2911.079,2912.175
1741571820000,2912.125,2912.725,2912.025,2912.435
1741571880000,2912.465,2912.665,2912.135,2912.539
1741571940000,2912.509,2912.569,2912.049,2912.089
1741572000000,2912.089,2912.769,2911.395,2912.679
1741572060000,2912.665,2912.965,2912.505,2912.519
1741572120000,2912.585,2912.975,2912.525,2912.965
1741572180000,2912.965,2914.095,2912.965,2914.015
1741572240000,2913.989,2913.989,2913.649,2913.855
1741572300000,2913.855,2914.015,2912.839,2913.135
1741572360000,2913.135,2913.405,2912.679,2913.405
1741572420000,2913.405,2913.509,2913.125,2913.295
1741572480000,2913.179,2913.235,2912.469,2912.589
1741572540000,2912.635,2913.285,2912.465,2913.165
1741572600000,2913.185,2913.335,2912.169,2912.465
1741572660000,2912.459,2912.499,2911.689,2911.689
1741572720000,2911.679,2911.689,2910.099,2910.269
1741572780000,2910.269,2910.415,2909.708,2910.189
1741572840000,2910.165,2910.569,2910.038,2910.415
1741572900000,2910.405,2910.555,2909.935,2910.135
1741572960000,2910.105,2910.559,2909.915,2910.415
1741573020000,2910.395,2910.815,2909.835,2910.725
1741573080000,2910.675,2910.908,2910.675,2910.825
1741573140000,2910.805,2910.925,2910.495,2910.875
1741573200000,2910.835,2910.985,2910.525,2910.615
1741573260000,2910.585,2911.125,2910.389,2910.389
1741573320000,2910.375,2911.405,2910.285,2911.385
1741573380000,2911.345,2911.385,2910.685,2910.775
1741573440000,2910.615,2911.145,2910.545,2911.095
1741573500000,2911.055,2911.055,2909.159,2909.388
1741573560000,2909.439,2910.315,2909.389,2910.315
1741573620000,2910.385,2910.465,2910.235,2910.405
1741573680000,2910.405,2910.535,2910.055,2910.459
1741573740000,2910.445,2910.605,2910.225,2910.395
1741573800000,2910.485,2911.055,2910.369,2910.545
1741573860000,2910.485,2910.759,2910.295,2910.659
1741573920000,2910.689,2910.849,2910.569,2910.649
1741573980000,2910.625,2911.025,2910.625,2910.985
1741574040000,2911.039,2911.795,2911.039,2911.539
1741574100000,2911.539,2912.225,2911.455,2912.095
1741574160000,2912.095,2913.185,2912.075,2912.875
1741574220000,2912.915,2913.595,2912.725,2913.575
1741574280000,2913.589,2913.885,2913.125,2913.325
1741574340000,2913.275,2913.455,2913.095,2913.345
1741574400000,2913.325,2913.645,2913.125,2913.605
1741574460000,2913.575,2914.375,2913.195,2913.735
1741574520000,2913.735,2913.735,2913.005,2913.085
1741574580000,2913.099,2913.175,2912.475,2912.475
1741574640000,2912.475,2912.585,2911.659,2911.835
1741574700000,2911.815,2911.915,2911.405,2911.559
1741574760000,2911.568,2911.579,2910.959,2911.135
1741574820000,2911.145,2911.605,2910.915,2911.505
1741574880000,2911.555,2911.635,2910.755,2911.055
1741574940000,2911.025,2911.235,2910.839,2911.155
1741575000000,2911.155,2911.515,2910.939,2911.515
1741575060000,2911.475,2911.605,2911.265,2911.325
1741575120000,2911.285,2912.105,2911.285,2912.095
1741575180000,2912.085,2912.369,2911.675,2912.335
1741575240000,2912.335,2912.395,2912.115,2912.245
1741575300000,2912.495,2912.545,2911.899,2912.065
1741575360000,2912.055,2912.055,2911.585,2911.995
1741575420000,2912.035,2912.135,2910.895,2911.175
1741575480000,2911.215,2911.635,2910.629,2911.365
1741575540000,2911.498,2911.585,2911.155,2911.325
1741575600000,2911.315,2911.805,2910.889,2911.255
1741575660000,2911.235,2911.895,2911.145,2911.435
1741575720000,2911.409,2912.205,2911.329,2912.149
1741575780000,2912.149,2912.179,2911.709,2911.869
1741575840000,2911.845,2912.159,2911.469,2911.579
1741575900000,2911.605,2911.825,2911.435,2911.705
1741575960000,2911.725,2912.675,2911.695,2912.515
1741576020000,2912.535,2912.985,2912.075,2912.825
1741576080000,2912.835,2913.025,2912.515,2912.855
1741576140000,2912.885,2913.025,2912.515,2912.609
1741576200000,2912.605,2912.985,2912.059,2912.099
1741576260000,2912.105,2912.655,2912.105,2912.355
1741576320000,2912.425,2912.575,2911.905,2912.255
1741576380000,2912.495,2912.725,2912.139,2912.165
1741576440000,2912.135,2912.435,2911.755,2912.109
1741576500000,2912.109,2912.299,2911.865,2912.159
1741576560000,2912.149,2912.339,2911.889,2911.939
1741576620000,2911.939,2913.235,2911.919,2913.195
1741576680000,2913.225,2913.475,2912.938,2913.159
1741576740000,2913.159,2913.159,2912.639,2912.835
1741576800000,2912.808,2912.915,2911.708,2911.989
1741576860000,2911.995,2912.315,2911.869,2912.295
1741576920000,2912.285,2912.645,2912.095,2912.395
1741576980000,2912.465,2912.465,2911.985,2912.295
1741577040000,2912.365,2912.605,2912.195,2912.435
1741577100000,2912.475,2913.015,2912.225,2912.895
1741577160000,2912.865,2913.155,2912.745,2912.835
1741577220000,2912.809,2912.875,2912.425,2912.425
1741577280000,2912.615,2912.645,2911.878,2912.199
1741577340000,2912.185,2912.189,2911.649,2911.718
1741577400000,2911.708,2911.959,2911.288,2911.729
1741577460000,2911.729,2911.729,2911.148,2911.305
1741577520000,2911.268,2911.465,2910.968,2911.135
1741577580000,2911.165,2911.535,2911.025,2911.365
1741577640000,2911.345,2911.408,2910.869,2910.869
1741577700000,2910.869,2910.869,2909.559,2910.115
1741577760000,2910.125,2910.385,2910.065,2910.305
1741577820000,2910.315,2910.345,2908.525,2909.265
1741577880000,2909.295,2909.615,2907.975,2907.985
1741577940000,2908.045,2909.475,2907.985,2908.955
1741578000000,2908.945,2909.035,2908.168,2908.355
1741578060000,2908.345,2909.155,2908.255,2909.085
1741578120000,2909.085,2909.575,2908.865,2909.575
1741578180000,2909.545,2910.405,2909.545,2910.375
1741578240000,2910.275,2910.325,2909.745,2910.055
1741578300000,2910.055,2910.195,2909.525,2910.185
1741578360000,2910.155,2910.365,2909.849,2909.945
1741578420000,2909.909,2909.945,2909.649,2909.825
1741578480000,2909.789,2910.075,2909.459,2910.035
1741578540000,2909.965,2910.415,2909.865,2910.325
1741578600000,2910.285,2910.855,2909.889,2910.575
1741578660000,2910.595,2911.319,2910.595,2911.305
1741578720000,2911.299,2912.295,2911.035,2912.115
1741578780000,2912.135,2912.635,2911.739,2911.955
1741578840000,2911.915,2912.455,2911.915,2912.335
1741578900000,2912.325,2912.345,2911.645,2911.679
1741578960000,2911.699,2911.765,2910.919,2911.269
1741579020000,2911.269,2911.298,2910.108,2910.119
1741579080000,2910.139,2911.075,2909.988,2910.605
1741579140000,2910.615,2910.865,2910.438,2910.695
1741579200000,2910.615,2910.895,2910.319,2910.355
1741579260000,2910.229,2910.825,2910.215,2910.765
1741579320000,2910.735,2911.515,2910.735,2911.275
1741579380000,2911.235,2911.655,2911.215,2911.635
1741579440000,2911.645,2912.055,2911.348,2911.348
1741579500000,2911.348,2911.348,2910.448,2910.448
1741579560000,2910.459,2911.235,2910.248,2911.175
1741579620000,2911.155,2911.235,2910.728,2910.748
1741579680000,2910.748,2910.848,2910.648,2910.689
1741579740000,2910.668,2911.148,2910.548,2910.648
1741579800000,2910.548,2910.599,2910.548,2910.548
1741579860000,2910.549,2910.648,2910.299,2910.548
1741579920000,2910.548,2910.848,2910.448,2910.848
1741579980000,2910.978,2911.048,2910.548,2910.548
1741580040000,2910.548,2910.648,2910.548,2910.648
1741580100000,2910.648,2910.948,2910.345,2910.748
1741580160000,2910.755,2910.955,2910.748,2910.848
1741580220000,2910.848,2911.148,2910.848,2911.048
1741580280000,2911.148,2911.348,2910.848,2910.948
1741580340000,2910.948,2910.989,2910.848,2910.848
1741580400000,2910.848,2910.848,2910.548,2910.548
1741580460000,2910.548,2910.968,2910.548,2910.948
1741580520000,2910.948,2910.948,2910.548,2910.748
1741580580000,2910.695,2910.848,2910.648,2910.748
1741580640000,2910.748,2911.049,2910.648,2911.048
1741580700000,2911.048,2911.365,2911.048,2911.048
1741580760000,2911.059,2911.249,2910.948,2911.249
1741580820000,2911.249,2911.748,2911.249,2911.548
1741580880000,2911.548,2911.755,2911.265,2911.355
1741580940000,2911.375,2911.375,2911.148,2911.348
1741581000000,2911.365,2911.665,2911.348,2911.548
1741581060000,2911.548,2912.085,2911.548,2911.929
1741581120000,2911.935,2912.019,2911.268,2911.655
1741581180000,2911.685,2912.175,2911.665,2911.755
1741581240000,2911.765,2911.805,2911.485,2911.695
1741581300000,2911.765,2911.765,2911.305,2911.365
1741581360000,2911.305,2911.305,2910.885,2911.175
1741581420000,2911.165,2911.205,2910.905,2911.025
1741581480000,2911.005,2911.385,2911.005,2911.085
1741581540000,2911.055,2911.515,2910.935,2911.465
1741581600000,2911.495,2911.965,2911.435,2911.825
1741581660000,2911.875,2911.955,2911.805,2911.835
1741581720000,2911.825,2911.825,2911.748,2911.785
1741581780000,2911.775,2912.125,2911.748,2911.995
1741581840000,2912.025,2912.055,2911.748,2911.755
1741581900000,2911.748,2911.895,2911.748,2911.748
1741581960000,2911.748,2912.075,2911.748,2912.005
1741582020000,2912.065,2912.485,2911.945,2912.355
1741582080000,2912.335,2912.465,2912.015,2912.025
1741582140000,2912.015,2912.165,2911.785,2912.165
1741582200000,2912.145,2912.175,2911.875,2911.895
1741582260000,2911.915,2911.945,2911.605,2911.625
1741582320000,2911.625,2911.835,2911.625,2911.805
1741582380000,2911.775,2911.875,2911.528,2911.528
1741582440000,2911.528,2911.685,2911.245,2911.295
1741582500000,2911.215,2911.295,2910.815,2910.815
1741582560000,2910.835,2910.975,2910.475,2910.725
1741582620000,2910.665,2910.705,2910.345,2910.495
1741582680000,2910.508,2910.535,2910.019,2910.165
1741582740000,2910.185,2910.705,2910.185,2910.658
1741582800000,2910.665,2910.825,2909.899,2910.169
1741582860000,2910.269,2910.269,2909.889,2910.069
1741582920000,2910.069,2910.148,2909.948,2910.079
1741582980000,2910.048,2910.079,2909.089,2909.179
1741583040000,2909.179,2909.355,2909.059,2909.155
1741583100000,2909.149,2909.835,2908.848,2909.805
1741583160000,2909.785,2910.049,2909.785,2909.995
1741583220000,2910.025,2910.348,2910.025,2910.348
1741583280000,2910.385,2910.389,2910.055,2910.148
1741583340000,2910.248,2910.348,2909.995,2910.248
1741583400000,2910.348,2910.348,2910.099,2910.348
1741583460000,2910.385,2910.915,2910.385,2910.815
1741583520000,2910.875,2911.505,2910.685,2911.485
1741583580000,2911.515,2911.575,2910.835,2911.005
1741583640000,2911.025,2911.365,2911.005,2911.295
1741583700000,2911.315,2911.745,2911.205,2911.735
1741583760000,2911.715,2911.735,2910.575,2910.595
1741583820000,2910.595,2910.615,2910.355,2910.395
1741583880000,2910.385,2910.385,2909.875,2909.905
1741583940000,2909.855,2909.865,2909.475,2909.505
1741584000000,2909.335,2909.335,2908.598,2908.759
1741584060000,2908.635,2908.719,2908.075,2908.248
1741584120000,2908.265,2908.548,2908.159,2908.465
1741584180000,2908.475,2908.475,2908.168,2908.408
1741584240000,2908.505,2908.565,2907.698,2908.555
1741584300000,2908.585,2908.585,2907.875,2908.065
1741584360000,2907.995,2908.415,2907.995,2908.125
1741584420000,2908.145,2908.485,2907.895,2908.235
1741584480000,2908.255,2908.315,2907.665,2907.805
1741584540000,2907.825,2907.895,2906.689,2907.279
1741584600000,2907.279,2907.389,2906.748,2907.199
1741584660000,2907.199,2907.759,2906.989,2907.519
1741584720000,2907.539,2908.245,2907.519,2908.165
1741584780000,2908.395,2908.595,2908.195,2908.385
1741584840000,2908.355,2908.395,2907.575,2907.905
1741584900000,2907.905,2908.555,2907.905,2908.555
1741584960000,2908.585,2908.685,2907.718,2907.878
1741585020000,2907.868,2908.398,2907.548,2908.398
1741585080000,2908.398,2909.048,2908.298,2908.955
1741585140000,2908.955,2909.618,2908.915,2909.525
1741585200000,2909.505,2909.658,2909.188,2909.188
1741585260000,2909.238,2909.408,2908.718,2908.858
1741585320000,2908.875,2909.295,2908.448,2908.475
1741585380000,2908.465,2909.225,2908.358,2909.225
1741585440000,2909.155,2909.445,2909.015,2909.275
1741585500000,2909.265,2909.765,2909.165,2909.375
1741585560000,2909.405,2909.415,2909.055,2909.275
1741585620000,2909.378,2909.765,2909.315,2909.355
1741585680000,2909.325,2909.505,2909.065,2909.345
1741585740000,2909.335,2909.515,2909.015,2909.125
1741585800000,2909.155,2909.155,2908.145,2908.145
1741585860000,2908.125,2908.575,2907.725,2908.575
1741585920000,2908.545,2908.925,2908.295,2908.825
1741585980000,2908.875,2908.955,2908.615,2908.925
1741586040000,2908.885,2909.175,2908.865,2909.115
1741586100000,2909.105,2909.495,2909.015,2909.225
1741586160000,2909.205,2909.315,2908.875,2909.145
1741586220000,2909.145,2909.465,2909.135,2909.365
1741586280000,2909.325,2909.625,2909.175,2909.525
1741586340000,2909.565,2909.925,2909.375,2909.745
1741586400000,2909.745,2910.455,2909.725,2909.825
1741586460000,2909.825,2910.395,2909.735,2910.115
1741586520000,2910.155,2911.095,2910.105,2910.945
1741586580000,2910.975,2911.175,2910.345,2910.805
1741586640000,2910.805,2911.125,2910.565,2911.105
1741586700000,2911.075,2911.675,2911.075,2911.215
1741586760000,2911.225,2911.495,2911.105,2911.365
1741586820000,2911.385,2911.815,2911.355,2911.485
1741586880000,2911.475,2912.655,2911.395,2912.485
1741586940000,2912.465,2912.655,2912.165,2912.575
1741587000000,2912.585,2913.025,2912.585,2912.695
1741587060000,2912.725,2913.065,2912.155,2912.175
1741587120000,2912.165,2912.165,2911.625,2911.645
1741587180000,2911.675,2911.815,2910.185,2910.185
1741587240000,2910.215,2911.145,2910.185,2910.539
1741587300000,2910.505,2910.855,2910.235,2910.795
1741587360000,2910.848,2911.055,2910.158,2910.945
1741587420000,2910.949,2911.605,2910.465,2910.965
1741587480000,2911.025,2911.365,2910.195,2910.685
1741587540000,2910.735,2910.895,2909.375,2909.385
1741587600000,2909.435,2910.175,2909.175,2909.735
1741587660000,2909.735,2910.425,2909.695,2909.845
1741587720000,2909.875,2911.055,2909.695,2910.885
1741587780000,2910.885,2910.925,2910.438,2910.485
1741587840000,2910.475,2910.695,2910.475,2910.545
1741587900000,2910.555,2911.145,2910.555,2911.055
1741587960000,2911.115,2912.495,2911.115,2911.845
1741588020000,2911.835,2911.985,2911.505,2911.795
1741588080000,2911.815,2911.865,2911.365,2911.865
1741588140000,2911.825,2911.985,2911.605,2911.975
1741588200000,2911.975,2912.315,2911.629,2911.645
1741588260000,2911.685,2911.955,2911.585,2911.855
1741588320000,2911.855,2911.855,2911.045,2911.465
1741588380000,2911.465,2911.755,2910.765,2911.605
1741588440000,2911.545,2912.485,2911.415,2912.425
1741588500000,2912.345,2913.185,2912.345,2913.155
1741588560000,2913.155,2913.795,2912.999,2913.035
1741588620000,2913.035,2913.179,2912.875,2912.895
1741588680000,2912.895,2913.349,2912.855,2913.105
1741588740000,2913.125,2913.125,2911.939,2911.985
1741588800000,2912.155,2912.269,2911.999,2912.129
1741588860000,2912.129,2912.245,2911.569,2912.115
1741588920000,2912.115,2912.585,2911.875,2912.325
1741588980000,2912.325,2912.615,2912.255,2912.295
1741589040000,2912.255,2912.765,2912.255,2912.675
1741589100000,2912.675,2912.875,2912.325,2912.425
1741589160000,2912.425,2912.655,2912.015,2912.445
1741589220000,2912.475,2912.699,2912.265,2912.545
1741589280000,2912.545,2912.795,2912.415,2912.445
1741589340000,2912.445,2912.675,2912.239,2912.615
1741589400000,2912.645,2912.645,2912.255,2912.355
1741589460000,2912.355,2912.555,2912.039,2912.455
1741589520000,2912.445,2912.685,2912.155,2912.525
1741589580000,2912.525,2912.945,2912.295,2912.905
1741589640000,2912.885,2912.915,2912.455,2912.475
1741589700000,2912.435,2913.475,2912.415,2913.175
1741589760000,2913.185,2914.005,2913.185,2913.975
1741589820000,2914.025,2914.495,2913.565,2914.275
1741589880000,2914.225,2914.295,2913.915,2914.205
1741589940000,2914.205,2914.335,2913.975,2914.225
1741590000000,2914.255,2914.595,2913.425,2913.475
1741590060000,2913.485,2914.225,2913.485,2913.965
1741590120000,2914.005,2914.595,2914.005,2914.559
1741590180000,2914.559,2914.978,2914.548,2914.779
1741590240000,2914.809,2914.939,2913.799,2913.819
1741590300000,2913.819,2914.445,2913.448,2914.155
1741590360000,2914.129,2914.615,2914.129,2914.355
1741590420000,2914.395,2914.735,2913.375,2913.379
1741590480000,2913.449,2913.985,2913.389,2913.599
1741590540000,2913.595,2914.285,2913.469,2913.519
1741590600000,2913.529,2914.005,2913.489,2913.785
1741590660000,2913.819,2914.395,2913.785,2913.959
1741590720000,2913.959,2914.069,2913.269,2913.349
1741590780000,2913.349,2913.749,2912.609,2912.799
1741590840000,2912.799,2913.029,2912.619,2912.869
1741590900000,2912.869,2913.749,2912.869,2913.079
1741590960000,2913.079,2913.199,2912.529,2912.969
1741591020000,2912.909,2913.099,2912.289,2912.679
1741591080000,2912.579,2912.835,2912.429,2912.669
1741591140000,2912.725,2913.019,2912.419,2912.909
1741591200000,2912.909,2912.909,2911.839,2911.959
1741591260000,2911.989,2913.195,2911.849,2912.815
1741591320000,2912.845,2913.799,2912.815,2913.715
1741591380000,2913.705,2913.889,2913.385,2913.485
1741591440000,2913.455,2913.515,2913.069,2913.295
1741591500000,2913.345,2913.435,2912.935,2913.105
1741591560000,2913.185,2913.725,2913.085,2913.565
1741591620000,2913.585,2914.235,2913.495,2914.055
1741591680000,2914.095,2914.795,2914.055,2914.725
1741591740000,2914.695,2914.925,2914.505,2914.905
1741591800000,2914.885,2914.955,2914.289,2914.405
1741591860000,2914.359,2914.925,2914.205,2914.775
1741591920000,2914.805,2915.255,2914.289,2914.415
1741591980000,2914.495,2914.985,2913.915,2914.705
1741592040000,2914.705,2915.105,2914.685,2914.925
1741592100000,2914.925,2914.945,2914.565,2914.735
1741592160000,2914.705,2914.705,2914.189,2914.585
1741592220000,2914.595,2915.025,2914.595,2914.669
1741592280000,2914.679,2915.125,2914.215,2914.565
1741592340000,2914.575,2914.635,2913.699,2913.779
1741592400000,2913.635,2914.325,2913.569,2914.179
1741592460000,2914.149,2914.199,2913.069,2913.149
1741592520000,2913.149,2913.348,2912.919,2912.919
1741592580000,2912.849,2912.999,2912.549,2912.649
1741592640000,2912.605,2913.369,2912.569,2913.269
1741592700000,2913.269,2913.465,2912.969,2913.258
1741592760000,2913.255,2913.749,2913.248,2913.619
1741592820000,2913.619,2913.645,2911.579,2911.619
1741592880000,2911.619,2911.689,2910.519,2910.579
1741592940000,2910.519,2910.519,2909.319,2909.969
1741593000000,2909.979,2910.559,2909.409,2909.729
1741593060000,2909.719,2911.015,2909.719,2910.049
1741593120000,2910.049,2910.229,2909.089,2909.289
1741593180000,2909.289,2909.389,2908.119,2908.129
1741593240000,2908.129,2908.229,2905.565,2907.129
1741593300000,2907.095,2907.219,2904.125,2906.548
1741593360000,2906.585,2907.835,2905.965,2907.659
1741593420000,2907.649,2909.569,2907.629,2909.549
1741593480000,2909.548,2910.348,2908.879,2910.348
1741593540000,2910.348,2910.565,2908.119,2908.125
1741593600000,2908.135,2908.548,2906.805,2907.229
1741593660000,2907.295,2908.815,2907.295,2907.839
1741593720000,2907.848,2909.028,2907.679,2908.999
1741593780000,2908.988,2910.479,2908.559,2909.949
1741593840000,2909.949,2910.349,2909.119,2909.275
1741593900000,2909.229,2909.649,2908.239,2908.709
1741593960000,2908.659,2909.339,2908.659,2909.059
1741594020000,2909.095,2909.325,2908.805,2908.999
1741594080000,2908.999,2909.029,2908.169,2908.799
1741594140000,2908.799,2910.189,2908.419,2910.189
1741594200000,2910.189,2910.189,2908.838,2909.079
1741594260000,2909.029,2909.365,2908.435,2908.729
1741594320000,2908.769,2908.899,2906.585,2906.909
1741594380000,2906.909,2906.959,2905.769,2905.838
1741594440000,2905.898,2907.205,2905.748,2906.615
1741594500000,2906.645,2906.695,2906.075,2906.465
1741594560000,2906.495,2906.495,2905.879,2905.979
1741594620000,2905.969,2906.838,2905.439,2905.649
1741594680000,2905.649,2906.198,2905.529,2905.848
1741594740000,2905.748,2905.948,2905.239,2905.459
1741594800000,2905.448,2906.248,2905.199,2905.948
1741594860000,2905.948,2906.248,2905.548,2905.658
1741594920000,2905.658,2906.155,2905.475,2905.819
1741594980000,2905.799,2905.799,2904.359,2904.389
1741595040000,2904.389,2905.159,2904.309,2905.159
1741595100000,2905.129,2905.699,2904.729,2904.879
1741595160000,2904.789,2904.859,2904.159,2904.229
1741595220000,2904.229,2904.359,2903.469,2903.619
1741595280000,2903.599,2904.348,2903.349,2903.859
1741595340000,2903.889,2903.889,2901.909,2903.389
1741595400000,2903.389,2903.978,2902.829,2903.799
1741595460000,2903.779,2903.988,2903.009,2903.059
1741595520000,2903.029,2903.109,2901.829,2902.549
1741595580000,2902.549,2903.249,2901.499,2901.589
1741595640000,2901.559,2902.448,2901.399,2902.179
1741595700000,2902.179,2903.309,2902.179,2903.169
1741595760000,2903.109,2903.148,2902.399,2902.519
1741595820000,2902.549,2902.549,2901.589,2902.215
1741595880000,2902.245,2903.079,2902.245,2903.009
1741595940000,2903.009,2903.549,2902.879,2903.549
1741596000000,2903.595,2903.999,2903.448,2903.789
1741596060000,2903.699,2904.369,2903.648,2903.739
1741596120000,2903.748,2904.149,2901.499,2901.569
1741596180000,2901.619,2901.669,2899.975,2900.885
1741596240000,2900.885,2901.479,2900.219,2900.219
1741596300000,2900.219,2900.295,2898.719,2899.439
1741596360000,2899.385,2900.075,2898.835,2899.409
1741596420000,2899.448,2899.465,2897.975,2898.189
1741596480000,2898.189,2898.539,2897.629,2898.148
1741596540000,2898.148,2899.549,2897.949,2899.349
1741596600000,2899.349,2899.849,2898.649,2899.549
1741596660000,2899.559,2899.749,2899.219,2899.549
1741596720000,2899.549,2899.929,2898.999,2899.405
1741596780000,2899.369,2899.505,2898.229,2898.549
1741596840000,2898.535,2898.805,2897.989,2898.709
1741596900000,2898.709,2898.955,2898.229,2898.269
1741596960000,2898.269,2899.219,2898.179,2898.709
1741597020000,2898.889,2899.649,2897.899,2898.099
1741597080000,2898.155,2898.339,2898.099,2898.219
1741597140000,2898.219,2898.269,2897.409,2897.669
1741597200000,2897.669,2897.858,2896.459,2897.119
1741597260000,2897.119,2899.808,2897.019,2899.789
1741597320000,2899.838,2901.649,2899.798,2900.748
1741597380000,2900.749,2901.465,2900.209,2901.169
1741597440000,2901.239,2901.875,2900.649,2901.835
1741597500000,2901.975,2904.925,2901.055,2904.725
1741597560000,2904.739,2905.755,2904.385,2905.655
1741597620000,2905.679,2906.135,2904.859,2904.859
1741597680000,2904.879,2905.339,2904.345,2905.169
1741597740000,2905.199,2905.269,2904.279,2904.335
1741597800000,2904.269,2904.585,2903.889,2904.479
1741597860000,2904.485,2904.985,2904.339,2904.615
1741597920000,2904.599,2904.629,2903.535,2903.819
1741597980000,2903.819,2905.095,2903.725,2904.965
1741598040000,2904.965,2908.945,2904.885,2908.475
1741598100000,2908.485,2909.499,2907.335,2907.375
1741598160000,2907.395,2908.595,2907.275,2908.495
1741598220000,2908.515,2911.235,2908.209,2910.999
1741598280000,2910.985,2913.029,2910.985,2912.025
1741598340000,2912.189,2912.275,2910.315,2910.565
1741598400000,2910.875,2912.145,2910.875,2911.665
1741598460000,2911.855,2912.645,2910.715,2910.785
1741598520000,2910.745,2912.805,2910.585,2912.195
1741598580000,2912.165,2912.165,2910.965,2911.105
1741598640000,2911.075,2912.055,2911.015,2912.035
1741598700000,2912.035,2912.205,2911.545,2912.025
1741598760000,2912.025,2912.405,2911.205,2912.185
1741598820000,2912.155,2912.865,2912.115,2912.465
1741598880000,2912.465,2913.155,2912.025,2912.535
1741598940000,2912.495,2912.595,2911.655,2912.555
1741599000000,2912.525,2913.525,2911.995,2913.345
1741599060000,2913.345,2913.615,2912.775,2913.215
1741599120000,2913.225,2914.065,2912.705,2913.185
1741599180000,2913.215,2913.565,2912.475,2912.905
1741599240000,2912.905,2913.415,2912.625,2912.925
1741599300000,2912.945,2914.205,2912.745,2913.435
1741599360000,2913.435,2914.305,2913.435,2913.945
1741599420000,2914.045,2914.225,2913.585,2914.165
1741599480000,2914.095,2914.835,2914.015,2914.665
1741599540000,2914.585,2914.605,2913.925,2914.015
1741599600000,2913.975,2914.365,2913.089,2913.235
1741599660000,2913.225,2913.895,2913.225,2913.825
1741599720000,2913.825,2914.305,2913.289,2913.795
1741599780000,2913.905,2915.155,2913.775,2914.815
1741599840000,2914.835,2915.085,2912.925,2913.055
1741599900000,2913.055,2913.355,2912.585,2913.335
1741599960000,2913.355,2914.425,2913.325,2914.345
1741600020000,2914.355,2914.885,2914.305,2914.755
1741600080000,2914.805,2915.275,2914.435,2914.475
1741600140000,2914.505,2915.025,2914.255,2914.485
1741600200000,2914.635,2915.195,2914.085,2914.465
1741600260000,2914.435,2914.865,2914.269,2914.355
1741600320000,2914.325,2914.535,2913.109,2913.525
1741600380000,2913.525,2914.335,2913.495,2913.925
1741600440000,2913.925,2914.165,2913.635,2913.705
1741600500000,2913.735,2914.335,2912.849,2913.235
1741600560000,2913.279,2913.919,2912.759,2912.929
1741600620000,2912.929,2913.935,2912.355,2912.735
1741600680000,2912.785,2913.215,2912.355,2912.495
1741600740000,2912.475,2912.475,2910.835,2910.985
1741600800000,2910.975,2911.105,2909.505,2909.625
1741600860000,2909.629,2909.709,2908.315,2908.715
1741600920000,2908.695,2908.695,2906.825,2907.275
1741600980000,2907.285,2907.405,2906.735,2906.845
1741601040000,2906.855,2909.715,2906.375,2908.955
1741601100000,2908.785,2909.365,2908.285,2909.085
1741601160000,2909.115,2909.825,2908.489,2909.569
1741601220000,2909.625,2910.049,2908.969,2909.349
1741601280000,2909.448,2909.548,2908.859,2908.958
1741601340000,2908.959,2909.199,2907.878,2908.349
1741601400000,2908.238,2908.279,2907.368,2907.549
1741601460000,2907.575,2908.005,2907.335,2907.849
1741601520000,2907.849,2908.265,2907.295,2907.439
1741601580000,2907.419,2908.685,2907.365,2908.219
1741601640000,2908.219,2909.709,2908.149,2909.015
1741601700000,2909.049,2909.805,2908.955,2909.055
1741601760000,2908.985,2909.355,2908.055,2908.245
1741601820000,2908.195,2908.775,2908.005,2908.249
1741601880000,2908.319,2908.325,2905.439,2905.519
1741601940000,2905.505,2905.915,2904.949,2905.509
1741602000000,2905.529,2905.599,2904.875,2905.259
1741602060000,2905.249,2905.675,2904.265,2905.449
1741602120000,2905.485,2905.685,2904.609,2904.619
1741602180000,2904.599,2905.685,2904.039,2905.605
1741602240000,2905.625,2906.095,2905.215,2905.545
1741602300000,2905.625,2905.625,2904.819,2904.995
1741602360000,2904.998,2905.329,2904.449,2905.205
1741602420000,2905.245,2905.275,2903.769,2903.889
1741602480000,2903.848,2904.159,2903.259,2903.259
1741602540000,2903.259,2903.539,2902.299,2902.879
1741602600000,2902.839,2903.169,2901.819,2901.969
1741602660000,2901.979,2902.805,2901.959,2902.648
1741602720000,2902.648,2902.655,2900.199,2900.329
1741602780000,2900.329,2900.348,2898.389,2898.499
1741602840000,2898.499,2901.155,2898.148,2901.125
1741602900000,2901.195,2901.869,2900.895,2901.219
1741602960000,2901.219,2901.229,2900.085,2900.359
1741603020000,2900.409,2900.548,2899.409,2900.289
1741603080000,2900.289,2900.748,2899.858,2899.858
1741603140000,2899.789,2900.639,2899.109,2900.619
1741603200000,2900.619,2900.879,2900.019,2900.719
1741603260000,2900.829,2901.969,2900.749,2901.659
1741603320000,2901.709,2902.255,2900.885,2901.019
1741603380000,2900.999,2901.159,2900.349,2900.449
1741603440000,2900.459,2900.839,2899.889,2900.079
1741603500000,2900.109,2900.259,2899.569,2899.889
1741603560000,2899.889,2899.989,2899.619,2899.879
1741603620000,2899.845,2900.329,2899.819,2900.299
1741603680000,2900.299,2900.949,2899.879,2900.519
1741603740000,2900.519,2901.925,2900.439,2901.875
1741603800000,2901.895,2902.035,2901.675,2901.975
1741603860000,2901.955,2903.669,2901.909,2903.329
1741603920000,2903.349,2904.379,2903.289,2903.909
1741603980000,2903.899,2903.899,2902.589,2902.799
1741604040000,2902.848,2902.959,2902.109,2902.159
1741604100000,2902.159,2903.379,2902.039,2903.149
1741604160000,2903.099,2904.289,2903.099,2903.559
1741604220000,2903.569,2904.019,2903.249,2903.309
1741604280000,2903.379,2904.039,2903.169,2903.409
1741604340000,2903.459,2903.459,2902.629,2902.829
1741604400000,2902.829,2902.869,2902.279,2902.439
1741604460000,2902.399,2902.399,2901.055,2901.139
1741604520000,2901.139,2902.219,2900.679,2902.129
1741604580000,2902.105,2902.349,2901.499,2901.979
1741604640000,2902.229,2902.359,2900.169,2900.219
1741604700000,2900.239,2901.069,2899.495,2899.685
1741604760000,2899.685,2900.665,2899.125,2900.635
1741604820000,2900.635,2901.225,2899.975,2900.635
1741604880000,2900.595,2901.355,2900.155,2901.185
1741604940000,2901.185,2901.435,2900.785,2901.195
1741605000000,2901.165,2901.165,2899.269,2900.435
1741605060000,2900.479,2901.949,2900.449,2901.819
1741605120000,2901.878,2901.889,2900.829,2901.589
1741605180000,2901.565,2902.269,2900.609,2900.785
1741605240000,2900.755,2901.265,2900.569,2901.049
1741605300000,2901.015,2901.345,2899.879,2900.219
1741605360000,2900.155,2900.539,2899.625,2900.149
1741605420000,2900.129,2900.459,2898.535,2898.689
1741605480000,2898.689,2899.519,2898.679,2899.519
1741605540000,2899.499,2900.079,2899.479,2899.929
1741605600000,2899.869,2899.869,2898.529,2898.719
1741605660000,2898.759,2899.739,2897.539,2899.519
1741605720000,2899.539,2901.139,2899.359,2901.139
1741605780000,2901.189,2901.189,2899.859,2900.609
1741605840000,2900.639,2902.299,2900.539,2900.905
1741605900000,2900.909,2901.955,2900.825,2901.695
1741605960000,2901.649,2901.649,2900.225,2901.485
1741606020000,2901.489,2901.595,2900.248,2900.309
1741606080000,2900.309,2900.949,2900.009,2900.559
1741606140000,2900.548,2900.649,2899.848,2900.348
1741606200000,2900.349,2900.349,2898.445,2898.595
1741606260000,2898.589,2898.759,2897.255,2897.439
1741606320000,2897.459,2898.609,2897.439,2898.548
1741606380000,2898.548,2898.779,2898.059,2898.689
1741606440000,2898.699,2899.659,2898.099,2899.449
1741606500000,2899.195,2899.489,2898.759,2899.149
1741606560000,2899.248,2899.549,2898.948,2898.965
1741606620000,2899.048,2900.049,2899.048,2899.679
1741606680000,2899.659,2899.749,2898.449,2898.749
1741606740000,2898.749,2898.749,2896.648,2896.648
1741606800000,2896.648,2896.879,2895.425,2896.555
1741606860000,2896.645,2897.455,2896.265,2897.055
1741606920000,2897.055,2897.725,2896.865,2897.145
1741606980000,2897.125,2897.485,2896.429,2897.485
1741607040000,2897.485,2898.035,2897.185,2897.185
1741607100000,2897.039,2897.575,2896.855,2896.885
1741607160000,2896.865,2897.465,2896.469,2897.465
1741607220000,2897.465,2898.095,2897.455,2898.045
1741607280000,2898.045,2898.105,2896.905,2897.215
1741607340000,2897.235,2898.455,2897.225,2898.035
1741607400000,2898.105,2900.555,2898.045,2900.545
1741607460000,2900.515,2902.115,2900.235,2902.015
1741607520000,2902.015,2902.915,2901.605,2902.555
1741607580000,2902.615,2903.345,2902.075,2903.345
1741607640000,2903.375,2903.765,2902.975,2903.035
1741607700000,2903.025,2903.305,2902.065,2902.925
1741607760000,2902.925,2904.425,2902.925,2903.905
1741607820000,2903.905,2904.555,2903.335,2903.649
1741607880000,2903.649,2903.825,2903.155,2903.175
1741607940000,2903.225,2903.895,2903.049,2903.859
1741608000000,2903.895,2905.065,2903.525,2904.985
1741608060000,2904.865,2905.215,2904.135,2905.115
1741608120000,2905.115,2905.115,2903.805,2904.195
1741608180000,2904.155,2904.885,2903.665,2904.385
1741608240000,2904.495,2904.745,2904.125,2904.625
1741608300000,2904.645,2905.305,2904.455,2905.165
1741608360000,2905.165,2906.125,2904.725,2906.085
1741608420000,2906.065,2906.665,2905.535,2906.005
1741608480000,2905.995,2906.775,2905.935,2906.545
1741608540000,2906.535,2906.635,2905.705,2905.705
1741608600000,2905.665,2906.455,2905.455,2906.275
1741608660000,2906.275,2906.445,2904.465,2904.535
1741608720000,2904.555,2905.135,2903.995,2904.155
1741608780000,2904.145,2904.355,2903.115,2903.238
1741608840000,2903.238,2904.558,2903.005,2903.995
1741608900000,2904.015,2904.805,2903.225,2904.805
1741608960000,2904.745,2905.185,2903.725,2904.175
1741609020000,2904.215,2904.665,2903.065,2903.885
1741609080000,2903.885,2905.075,2903.705,2904.865
1741609140000,2904.865,2905.135,2904.018,2904.565
1741609200000,2904.445,2904.795,2903.435,2904.245
1741609260000,2904.275,2904.385,2903.228,2903.235
1741609320000,2903.235,2903.435,2902.085,2902.155
1741609380000,2902.135,2902.535,2900.515,2900.775
1741609440000,2900.765,2902.565,2900.225,2902.565
1741609500000,2902.605,2902.755,2901.328,2902.155
1741609560000,2902.125,2903.495,2902.125,2903.495
1741609620000,2903.495,2904.648,2902.935,2904.605
1741609680000,2904.648,2906.325,2904.565,2906.308
1741609740000,2906.308,2906.558,2905.858,2906.278
1741609800000,2906.268,2907.128,2906.165,2906.855
1741609860000,2907.048,2907.255,2904.388,2904.595
1741609920000,2904.529,2905.658,2904.278,2905.545
1741609980000,2905.548,2906.128,2905.535,2905.699
1741610040000,2905.575,2906.208,2904.765,2905.215
1741610100000,2905.235,2905.535,2904.845,2905.465
1741610160000,2905.548,2905.955,2904.545,2905.815
1741610220000,2905.855,2906.755,2905.768,2906.105
1741610280000,2906.105,2906.555,2905.405,2906.395
1741610340000,2906.448,2906.855,2905.265,2905.725
1741610400000,2905.565,2906.295,2905.235,2906.068
1741610460000,2906.205,2907.385,2905.948,2906.485
1741610520000,2906.505,2906.985,2905.815,2906.025
1741610580000,2906.019,2906.705,2905.465,2906.705
1741610640000,2906.745,2906.995,2906.125,2906.345
1741610700000,2906.385,2906.835,2906.085,2906.285
1741610760000,2906.305,2906.735,2905.828,2906.445
1741610820000,2906.445,2906.565,2903.705,2903.958
1741610880000,2903.958,2905.465,2903.765,2905.295
1741610940000,2905.295,2905.545,2904.215,2904.525
1741611000000,2904.505,2904.768,2903.535,2903.715
1741611060000,2903.715,2904.175,2903.205,2903.895
1741611120000,2903.895,2904.735,2903.785,2904.175
1741611180000,2904.175,2904.845,2903.968,2904.138
1741611240000,2904.138,2904.228,2903.125,2903.895
1741611300000,2903.918,2905.425,2903.555,2905.395
1741611360000,2905.315,2906.105,2905.295,2905.835
1741611420000,2905.855,2906.615,2905.815,2906.275
1741611480000,2906.275,2907.475,2906.145,2906.565
1741611540000,2906.535,2906.785,2905.398,2906.455
1741611600000,2906.525,2907.945,2906.525,2907.475
1741611660000,2907.455,2907.455,2906.018,2906.285
1741611720000,2906.295,2906.778,2906.018,2906.635
1741611780000,2906.635,2907.475,2906.018,2907.425
1741611840000,2907.425,2907.425,2906.018,2906.435
1741611900000,2906.435,2906.435,2905.398,2905.885
1741611960000,2905.935,2906.695,2905.375,2905.705
1741612020000,2905.675,2907.955,2905.228,2907.805
1741612080000,2907.845,2907.925,2907.045,2907.185
1741612140000,2907.215,2907.245,2906.295,2906.485
1741612200000,2906.525,2908.358,2906.465,2907.865
1741612260000,2907.859,2907.859,2906.908,2906.955
1741612320000,2907.005,2907.215,2906.138,2906.355
1741612380000,2906.398,2907.005,2906.295,2906.808
1741612440000,2906.798,2906.815,2905.575,2906.398
1741612500000,2906.378,2907.258,2905.735,2906.075
1741612560000,2906.125,2906.125,2904.848,2905.398
1741612620000,2905.388,2907.178,2905.388,2906.255
1741612680000,2906.275,2907.175,2905.488,2905.995
1741612740000,2905.995,2906.088,2905.448,2905.938
1741612800000,2905.928,2906.868,2905.415,2905.718
1741612860000,2905.718,2905.728,2905.078,2905.205
1741612920000,2905.205,2905.255,2903.485,2903.485
1741612980000,2903.525,2904.328,2903.485,2903.945
1741613040000,2903.925,2904.448,2903.308,2903.578
1741613100000,2903.568,2903.568,2901.948,2902.458
1741613160000,2902.458,2902.565,2901.388,2902.498
1741613220000,2902.405,2902.978,2901.638,2902.245
1741613280000,2902.185,2902.555,2900.945,2900.965
1741613340000,2900.945,2901.905,2900.945,2901.355
1741613400000,2901.355,2901.848,2899.805,2900.158
1741613460000,2900.208,2901.905,2899.515,2901.875
1741613520000,2901.858,2902.805,2901.145,2902.348
1741613580000,2902.348,2902.348,2900.578,2900.805
1741613640000,2900.759,2900.759,2899.625,2900.105
1741613700000,2900.195,2901.045,2899.955,2900.765
1741613760000,2900.815,2901.575,2899.815,2899.875
1741613820000,2899.895,2900.285,2898.565,2900.155
1741613880000,2900.295,2901.055,2899.435,2900.635
1741613940000,2900.595,2900.815,2899.808,2900.065
1741614000000,2900.095,2901.965,2899.835,2901.795
1741614060000,2901.805,2902.405,2900.555,2900.645
1741614120000,2900.675,2902.285,2900.095,2902.035
1741614180000,2901.995,2902.185,2900.645,2900.885
1741614240000,2900.835,2902.248,2900.778,2901.905
1741614300000,2902.055,2902.145,2898.725,2899.415
1741614360000,2899.359,2899.825,2898.125,2898.255
1741614420000,2898.255,2899.175,2897.515,2898.965
1741614480000,2898.985,2900.225,2898.525,2899.835
1741614540000,2899.825,2900.975,2898.995,2899.805
1741614600000,2899.855,2900.315,2898.105,2898.345
1741614660000,2898.385,2900.438,2898.315,2898.625
1741614720000,2898.685,2901.695,2898.615,2901.655
1741614780000,2901.635,2902.095,2900.839,2901.535
1741614840000,2901.505,2901.745,2900.295,2901.425
1741614900000,2901.405,2902.595,2900.385,2901.545
1741614960000,2901.525,2904.405,2901.525,2902.005
1741615020000,2902.005,2903.348,2901.708,2903.045
1741615080000,2903.045,2904.025,2903.045,2903.595
1741615140000,2903.565,2904.045,2903.425,2903.595
1741615200000,2903.575,2903.875,2901.435,2903.135
1741615260000,2903.195,2903.785,2902.555,2902.845
1741615320000,2902.875,2904.395,2902.695,2904.195
1741615380000,2904.175,2904.485,2901.898,2902.325
1741615440000,2902.255,2902.765,2900.695,2901.045
1741615500000,2901.045,2902.855,2900.775,2902.658
1741615560000,2902.658,2903.185,2901.378,2903.155
1741615620000,2903.185,2904.255,2903.085,2904.135
1741615680000,2904.095,2904.505,2902.955,2904.175
1741615740000,2904.145,2905.255,2904.145,2904.605
1741615800000,2904.645,2906.505,2903.355,2905.895
1741615860000,2905.948,2907.475,2905.848,2907.285
1741615920000,2907.085,2908.645,2906.935,2907.935
1741615980000,2907.905,2908.355,2907.375,2907.725
1741616040000,2907.718,2907.985,2907.265,2907.815
1741616100000,2907.815,2908.585,2907.115,2908.585
1741616160000,2908.585,2909.015,2907.525,2908.148
1741616220000,2908.148,2908.225,2905.988,2906.895
1741616280000,2906.975,2907.695,2906.755,2907.115
1741616340000,2907.065,2907.755,2906.975,2907.295
1741616400000,2907.365,2907.695,2906.675,2907.045
1741616460000,2906.985,2907.975,2905.985,2906.045
1741616520000,2906.035,2906.165,2904.745,2905.225
1741616580000,2905.265,2907.895,2905.265,2907.165
1741616640000,2907.165,2907.195,2905.505,2906.385
1741616700000,2906.415,2908.025,2906.055,2906.815
1741616760000,2906.835,2906.858,2904.548,2904.848
1741616820000,2904.839,2905.329,2904.548,2904.748
1741616880000,2904.748,2905.268,2903.948,2904.785
1741616940000,2904.785,2904.825,2903.548,2903.648
1741617000000,2903.648,2905.125,2903.305,2904.815
1741617060000,2904.855,2905.955,2903.855,2904.315
1741617120000,2904.315,2904.695,2903.855,2904.155
1741617180000,2904.185,2904.395,2902.318,2902.575
1741617240000,2902.535,2902.535,2901.658,2901.798
1741617300000,2901.798,2903.828,2901.768,2902.625
1741617360000,2902.588,2902.905,2901.615,2902.095
1741617420000,2902.155,2903.798,2901.715,2903.628
1741617480000,2903.665,2904.255,2903.485,2904.025
1741617540000,2904.025,2904.885,2903.725,2904.755
1741617600000,2904.785,2905.475,2904.005,2905.155
1741617660000,2905.115,2906.498,2905.115,2905.758
1741617720000,2905.768,2907.308,2905.758,2906.705
1741617780000,2906.695,2907.078,2906.205,2906.425
1741617840000,2906.365,2906.898,2905.818,2906.698
1741617900000,2906.688,2907.138,2905.929,2906.545
1741617960000,2906.565,2906.955,2905.635,2905.735
1741618020000,2905.735,2905.805,2904.589,2905.225
1741618080000,2905.238,2906.725,2905.238,2905.708
1741618140000,2905.708,2905.825,2903.968,2904.548
1741618200000,2904.449,2905.248,2904.348,2905.025
1741618260000,2905.019,2905.655,2905.019,2905.348
1741618320000,2905.259,2905.948,2904.675,2905.495
1741618380000,2905.495,2905.968,2904.965,2905.968
1741618440000,2905.858,2906.185,2904.338,2904.535
1741618500000,2904.645,2905.505,2904.305,2905.458
1741618560000,2905.448,2906.885,2905.348,2906.455
1741618620000,2906.455,2907.915,2905.765,2907.915
1741618680000,2907.915,2908.815,2907.375,2907.605
1741618740000,2907.675,2908.085,2907.505,2907.765
1741618800000,2908.055,2910.288,2907.835,2909.955
1741618860000,2910.001,2910.075,2908.605,2909.275
1741618920000,2909.265,2909.755,2908.715,2909.448
1741618980000,2909.445,2909.448,2907.858,2907.858
1741619040000,2907.945,2908.168,2905.555,2905.708
1741619100000,2905.688,2906.808,2905.168,2905.268
1741619160000,2905.258,2905.308,2903.435,2904.558
1741619220000,2904.558,2904.708,2903.938,2904.198
1741619280000,2904.188,2904.768,2903.198,2903.275
1741619340000,2903.269,2904.085,2902.298,2903.348
1741619400000,2903.298,2903.988,2903.168,2903.765
1741619460000,2903.768,2904.075,2902.955,2903.258
1741619520000,2903.258,2904.428,2903.048,2903.708
1741619580000,2903.678,2904.068,2902.778,2903.208
1741619640000,2903.268,2903.598,2902.858,2902.978
1741619700000,2902.968,2904.438,2902.785,2904.278
1741619760000,2904.275,2904.705,2903.375,2904.008
1741619820000,2903.998,2904.398,2903.395,2903.458
1741619880000,2903.438,2903.638,2900.415,2900.955
1741619940000,2900.959,2904.095,2900.875,2904.045
1741620000000,2904.045,2904.615,2903.905,2904.175
1741620060000,2904.185,2905.275,2904.185,2904.955
1741620120000,2904.975,2905.825,2904.555,2905.665
1741620180000,2905.675,2905.865,2904.945,2904.955
1741620240000,2904.925,2906.595,2904.925,2905.815
1741620300000,2905.785,2906.565,2905.575,2906.335
1741620360000,2906.335,2907.215,2906.335,2906.895
1741620420000,2906.895,2908.335,2906.875,2907.875
1741620480000,2907.875,2908.315,2907.715,2908.015
1741620540000,2908.065,2908.175,2907.725,2907.985
1741620600000,2908.045,2908.335,2907.395,2908.005
1741620660000,2908.025,2908.175,2906.015,2906.025
1741620720000,2906.055,2906.995,2905.765,2906.955
1741620780000,2906.955,2907.335,2906.405,2906.738
1741620840000,2906.728,2907.205,2906.465,2907.125
1741620900000,2907.185,2907.665,2906.815,2907.325
1741620960000,2907.325,2907.775,2906.325,2907.005
1741621020000,2907.005,2907.265,2906.635,2906.965
1741621080000,2906.935,2907.505,2906.275,2906.315
1741621140000,2906.315,2906.995,2906.219,2906.405
1741621200000,2906.425,2907.288,2905.785,2905.845
1741621260000,2905.835,2905.905,2904.935,2905.045
1741621320000,2904.965,2905.905,2904.965,2905.515
1741621380000,2905.535,2905.845,2904.945,2905.185
1741621440000,2905.205,2905.205,2904.305,2904.995
1741621500000,2904.975,2904.975,2903.885,2904.765
1741621560000,2904.808,2906.145,2904.385,2906.005
1741621620000,2906.045,2906.565,2905.915,2905.995
1741621680000,2905.975,2906.125,2904.975,2904.975
1741621740000,2904.975,2905.215,2904.595,2904.955
1741621800000,2904.955,2905.405,2904.248,2904.448
1741621860000,2904.455,2905.848,2904.248,2905.648
1741621920000,2905.748,2905.858,2904.648,2904.918
1741621980000,2904.988,2905.168,2904.255,2904.305
1741622040000,2904.305,2904.518,2903.878,2904.458
1741622100000,2904.448,2905.548,2904.405,2905.045
1741622160000,2904.985,2905.048,2903.388,2903.568
1741622220000,2903.618,2903.839,2903.058,2903.598
1741622280000,2903.598,2904.315,2903.488,2904.078
1741622340000,2904.175,2904.495,2903.985,2904.295
1741622400000,2904.318,2904.468,2902.998,2904.155
1741622460000,2904.168,2904.738,2904.098,2904.718
1741622520000,2904.735,2905.508,2904.585,2905.375
1741622580000,2905.295,2905.735,2905.108,2905.395
1741622640000,2905.385,2906.105,2905.228,2905.715
1741622700000,2905.738,2906.605,2904.988,2905.338
1741622760000,2905.338,2905.765,2905.135,2905.278
1741622820000,2905.315,2905.725,2905.005,2905.085
1741622880000,2905.105,2905.195,2904.255,2904.685
1741622940000,2904.655,2904.985,2904.195,2904.825
1741623000000,2904.848,2905.245,2904.608,2904.948
1741623060000,2904.955,2905.148,2904.708,2904.898
1741623120000,2904.928,2905.135,2904.728,2904.898
1741623180000,2904.935,2905.325,2904.705,2904.808
1741623240000,2904.765,2905.255,2904.685,2905.225
1741623300000,2905.205,2905.695,2904.898,2905.208
1741623360000,2905.258,2905.498,2904.558,2904.948
1741623420000,2904.978,2905.018,2904.038,2904.128
1741623480000,2904.138,2904.238,2902.938,2903.258
1741623540000,2903.258,2903.578,2902.935,2903.338
1741623600000,2903.328,2903.938,2903.015,2903.648
1741623660000,2903.648,2904.015,2903.225,2903.268
1741623720000,2903.268,2903.335,2902.678,2902.728
1741623780000,2902.755,2903.105,2902.568,2902.688
1741623840000,2902.668,2902.868,2901.998,2902.868
1741623900000,2902.918,2903.538,2902.398,2903.495
1741623960000,2903.479,2903.575,2902.218,2902.248
1741624020000,2902.248,2902.515,2902.088,2902.335
1741624080000,2902.315,2903.258,2902.218,2902.948
1741624140000,2902.928,2903.038,2902.605,2902.865
1741624200000,2903.095,2903.295,2902.505,2902.995
1741624260000,2903.015,2903.245,2902.475,2902.995
1741624320000,2902.955,2903.245,2902.495,2903.225
1741624380000,2903.275,2903.305,2901.585,2901.968
1741624440000,2901.985,2902.445,2901.985,2902.265
1741624500000,2902.255,2902.675,2901.245,2901.285
1741624560000,2901.605,2901.815,2900.898,2901.415
1741624620000,2901.418,2901.885,2901.225,2901.245
1741624680000,2901.218,2901.635,2900.885,2901.195
1741624740000,2901.365,2902.235,2901.335,2902.125
1741624800000,2902.195,2902.455,2901.525,2902.025
1741624860000,2902.055,2902.435,2901.715,2902.205
1741624920000,2902.245,2902.415,2901.648,2901.805
1741624980000,2901.805,2901.985,2901.395,2901.565
1741625040000,2901.625,2901.665,2900.245,2900.655
1741625100000,2900.625,2900.825,2898.735,2898.935
1741625160000,2898.909,2898.955,2897.635,2898.255
1741625220000,2898.255,2898.405,2895.685,2896.295
1741625280000,2896.465,2898.335,2896.405,2898.255
1741625340000,2898.305,2899.115,2898.255,2898.965
1741625400000,2898.885,2899.505,2897.305,2899.505
1741625460000,2899.405,2899.545,2898.085,2898.385
1741625520000,2898.355,2898.805,2898.135,2898.375
1741625580000,2898.325,2899.355,2898.325,2899.005
1741625640000,2899.035,2899.315,2898.898,2899.148
1741625700000,2899.145,2899.175,2898.015,2898.235
1741625760000,2898.208,2898.605,2897.735,2898.555
1741625820000,2898.535,2898.635,2896.395,2896.865
1741625880000,2896.865,2897.615,2895.775,2895.865
1741625940000,2895.935,2896.435,2895.775,2895.795
1741626000000,2895.795,2895.868,2893.105,2894.125
1741626060000,2894.085,2895.175,2893.715,2893.725
1741626120000,2893.815,2895.145,2893.445,2894.748
1741626180000,2894.748,2895.848,2894.748,2895.195
1741626240000,2895.205,2895.465,2894.015,2894.525
1741626300000,2894.495,2894.815,2893.715,2894.485
1741626360000,2894.325,2895.695,2894.225,2894.615
1741626420000,2894.645,2895.035,2894.205,2894.555
1741626480000,2894.665,2895.835,2894.445,2895.165
1741626540000,2895.245,2895.245,2893.778,2893.788
1741626600000,2893.725,2893.918,2890.735,2891.155
1741626660000,2891.205,2892.225,2890.535,2891.305
1741626720000,2891.365,2892.355,2891.315,2892.145
1741626780000,2892.165,2894.025,2892.025,2892.095
1741626840000,2892.055,2894.075,2891.965,2893.865
1741626900000,2893.855,2895.725,2893.805,2895.245
1741626960000,2895.255,2895.255,2894.555,2894.645
1741627020000,2894.668,2895.525,2894.145,2894.145
1741627080000,2894.175,2894.195,2893.605,2893.735
1741627140000,2893.755,2894.035,2891.415,2891.815
1741627200000,2891.815,2892.435,2891.485,2892.285
1741627260000,2892.355,2893.475,2891.785,2892.845
1741627320000,2893.023,2893.175,2891.695,2892.415
1741627380000,2892.415,2892.985,2891.585,2892.605
1741627440000,2892.599,2893.425,2892.395,2892.775
1741627500000,2892.705,2893.215,2891.145,2891.935
1741627560000,2891.975,2893.015,2890.655,2890.705
1741627620000,2890.699,2891.875,2890.699,2891.615
1741627680000,2891.628,2892.425,2891.155,2892.215
1741627740000,2892.195,2895.065,2891.605,2894.855
1741627800000,2894.845,2895.165,2892.405,2892.415
1741627860000,2892.485,2893.225,2892.345,2892.555
1741627920000,2892.555,2893.285,2892.435,2893.165
1741627980000,2893.159,2893.305,2890.835,2891.275
1741628040000,2891.255,2892.625,2891.255,2892.205
1741628100000,2892.185,2892.465,2891.745,2891.855
1741628160000,2891.885,2892.265,2890.748,2891.015
1741628220000,2891.015,2891.225,2889.825,2890.065
1741628280000,2889.985,2889.985,2887.805,2888.035
1741628340000,2888.045,2888.825,2886.935,2887.805
1741628400000,2887.765,2888.075,2887.455,2887.755
1741628460000,2887.825,2888.115,2886.795,2886.915
1741628520000,2886.915,2887.005,2883.305,2883.435
1741628580000,2883.405,2885.385,2882.785,2885.005
1741628640000,2884.975,2886.335,2884.975,2886.165
1741628700000,2886.165,2886.345,2884.715,2885.135
1741628760000,2885.155,2885.635,2884.265,2884.415
1741628820000,2884.475,2885.695,2884.135,2884.535
1741628880000,2884.575,2884.765,2882.975,2883.075
1741628940000,2883.065,2884.148,2883.045,2884.048
1741629000000,2884.048,2885.448,2883.875,2885.265
1741629060000,2885.275,2886.865,2884.948,2885.848
1741629120000,2885.848,2886.628,2885.558,2885.848
1741629180000,2885.865,2885.895,2885.015,2885.048
1741629240000,2885.058,2886.348,2884.635,2884.835
1741629300000,2884.735,2885.185,2883.955,2884.135
1741629360000,2884.165,2884.215,2882.508,2882.735
1741629420000,2882.775,2884.565,2882.745,2883.935
1741629480000,2883.955,2886.348,2883.955,2886.348
1741629540000,2886.295,2886.315,2885.358,2885.795
1741629600000,2885.805,2885.855,2884.565,2884.715
1741629660000,2884.655,2884.695,2882.465,2882.645
1741629720000,2882.655,2883.195,2882.235,2882.515
1741629780000,2882.515,2883.355,2881.475,2881.905
1741629840000,2881.875,2882.755,2881.515,2881.615
1741629900000,2881.665,2881.885,2879.935,2880.475
1741629960000,2880.455,2882.185,2879.975,2882.125
1741630020000,2882.155,2882.355,2880.855,2881.095
1741630080000,2881.155,2881.715,2880.675,2880.985
1741630140000,2880.925,2883.265,2880.925,2883.175
1741630200000,2883.405,2884.665,2883.225,2883.225
1741630260000,2883.205,2885.495,2882.555,2885.155
1741630320000,2885.149,2885.245,2884.175,2884.435
1741630380000,2884.455,2884.525,2883.935,2884.315
1741630440000,2884.345,2884.675,2883.915,2883.935
1741630500000,2883.935,2884.235,2883.655,2883.855
1741630560000,2883.875,2883.925,2883.055,2883.695
1741630620000,2883.675,2883.985,2883.275,2883.825
1741630680000,2883.855,2883.905,2882.825,2883.125
1741630740000,2883.125,2883.345,2882.085,2882.375
1741630800000,2882.325,2882.535,2881.915,2882.145
1741630860000,2882.135,2883.295,2881.875,2883.175
1741630920000,2883.205,2883.625,2882.585,2883.405
1741630980000,2883.395,2883.925,2882.735,2883.615
1741631040000,2883.675,2884.325,2883.265,2883.375
1741631100000,2883.365,2884.185,2883.265,2883.425
1741631160000,2883.485,2883.735,2882.935,2883.205
1741631220000,2883.205,2883.895,2882.915,2883.675
1741631280000,2883.655,2884.195,2883.105,2883.145
1741631340000,2883.125,2883.805,2883.045,2883.265
1741631400000,2883.275,2884.035,2882.795,2883.385
1741631460000,2883.385,2884.485,2883.345,2884.275
1741631520000,2884.265,2884.505,2883.655,2884.235
1741631580000,2884.175,2884.445,2883.505,2883.615
1741631640000,2883.645,2885.345,2883.345,2885.055
1741631700000,2885.095,2885.395,2884.505,2885.095
1741631760000,2885.095,2885.625,2884.775,2884.885
1741631820000,2884.885,2886.495,2884.795,2886.105
1741631880000,2886.105,2886.525,2885.575,2886.345
1741631940000,2886.345,2886.895,2886.195,2886.565
1741632000000,2886.575,2887.005,2886.465,2886.785
1741632060000,2886.795,2887.135,2886.415,2886.495
1741632120000,2886.485,2887.245,2886.295,2887.065
1741632180000,2887.215,2887.825,2886.905,2887.265
1741632240000,2887.265,2887.295,2886.495,2886.515
1741632300000,2886.525,2886.525,2885.905,2886.085
1741632360000,2886.105,2887.075,2886.025,2886.855
1741632420000,2886.835,2888.525,2886.755,2888.415
1741632480000,2888.305,2889.315,2887.895,2889.305
1741632540000,2889.335,2889.455,2888.825,2889.075
1741632600000,2889.135,2889.135,2886.925,2886.955
1741632660000,2886.935,2887.295,2886.705,2887.105
1741632720000,2887.145,2887.175,2886.485,2886.915
1741632780000,2886.985,2887.315,2886.765,2886.985
1741632840000,2887.035,2887.175,2886.545,2886.815
1741632900000,2886.765,2886.765,2884.635,2884.725
1741632960000,2884.695,2885.545,2884.615,2885.455
1741633020000,2885.475,2885.755,2885.225,2885.225
1741633080000,2885.205,2885.585,2884.605,2885.375
1741633140000,2885.385,2885.675,2885.205,2885.325
1741633200000,2885.275,2885.375,2884.815,2885.105
1741633260000,2885.105,2885.475,2884.755,2884.995
1741633320000,2884.969,2885.125,2884.415,2884.465
1741633380000,2884.459,2884.935,2884.029,2884.145
1741633440000,2884.155,2884.305,2883.105,2883.395
1741633500000,2883.259,2883.259,2881.495,2881.505
1741633560000,2881.485,2881.995,2880.355,2880.355
1741633620000,2880.355,2880.895,2879.955,2880.395
1741633680000,2880.355,2881.555,2880.205,2881.365
1741633740000,2881.395,2883.675,2881.355,2882.985
1741633800000,2882.929,2883.465,2882.595,2883.415
1741633860000,2883.395,2883.515,2882.305,2882.335
1741633920000,2882.315,2883.095,2880.895,2880.905
1741633980000,2880.905,2883.025,2880.875,2882.785
1741634040000,2882.685,2884.575,2881.945,2884.575
1741634100000,2884.555,2884.645,2883.195,2884.195
1741634160000,2884.195,2886.155,2884.195,2885.085
1741634220000,2885.049,2885.305,2884.165,2884.685
1741634280000,2884.655,2885.445,2884.335,2884.975
1741634340000,2885.015,2886.395,2885.015,2886.245
1741634400000,2886.215,2886.375,2885.575,2886.315
1741634460000,2886.289,2887.475,2886.215,2887.465
1741634520000,2887.435,2888.585,2887.265,2888.275
1741634580000,2888.269,2889.125,2888.025,2889.035
1741634640000,2889.045,2890.025,2888.585,2889.855
1741634700000,2889.815,2890.125,2889.545,2890.045
1741634760000,2890.005,2890.745,2888.955,2890.525
1741634820000,2890.575,2890.855,2889.795,2890.155
1741634880000,2890.155,2890.335,2889.525,2889.525
1741634940000,2889.535,2889.595,2888.025,2888.025
1741635000000,2888.055,2888.875,2888.025,2888.425
1741635060000,2888.375,2888.805,2887.995,2888.235
1741635120000,2888.255,2889.215,2888.255,2888.805
1741635180000,2888.825,2889.935,2888.565,2889.485
1741635240000,2889.479,2889.665,2888.595,2889.275
1741635300000,2889.375,2890.705,2889.315,2890.175
1741635360000,2890.175,2890.315,2888.505,2888.535
1741635420000,2888.515,2888.569,2886.895,2886.895
1741635480000,2886.835,2887.135,2885.868,2886.145
1741635540000,2886.135,2886.805,2885.078,2885.205
1741635600000,2885.245,2886.125,2885.145,2885.365
1741635660000,2885.365,2887.465,2884.695,2887.405
1741635720000,2887.405,2887.515,2886.135,2886.335
1741635780000,2886.285,2887.035,2885.965,2886.745
1741635840000,2886.795,2887.655,2886.795,2886.865
1741635900000,2886.885,2887.355,2886.795,2887.205
1741635960000,2887.255,2887.255,2885.508,2885.628
1741636020000,2885.568,2887.465,2885.428,2887.195
1741636080000,2887.185,2887.755,2886.965,2887.385
1741636140000,2887.385,2888.265,2887.175,2887.355
1741636200000,2887.585,2888.115,2887.195,2887.985
1741636260000,2887.965,2888.239,2887.545,2887.775
1741636320000,2887.705,2887.705,2885.625,2886.135
1741636380000,2886.155,2887.745,2886.155,2886.735
1741636440000,2886.569,2886.795,2885.735,2885.925
1741636500000,2885.995,2886.029,2884.655,2884.895
1741636560000,2884.945,2886.485,2884.885,2886.065
1741636620000,2886.045,2886.225,2885.165,2885.275
1741636680000,2885.275,2885.735,2884.935,2885.185
1741636740000,2885.199,2885.395,2883.925,2885.395
1741636800000,2885.395,2885.395,2884.125,2884.415
1741636860000,2884.415,2885.945,2884.415,2885.695
1741636920000,2885.705,2887.035,2885.655,2887.035
1741636980000,2887.035,2887.665,2887.035,2887.425
1741637040000,2887.465,2887.645,2886.925,2886.925
1741637100000,2886.955,2887.515,2886.955,2887.495
1741637160000,2887.545,2887.845,2887.415,2887.505
1741637220000,2887.555,2888.055,2887.415,2887.795
1741637280000,2887.785,2888.005,2887.605,2887.795
1741637340000,2887.785,2888.005,2887.265,2887.495
1741637400000,2887.835,2887.995,2887.225,2887.355
1741637460000,2887.355,2887.785,2886.945,2887.675
1741637520000,2887.675,2887.995,2887.575,2887.665
1741637580000,2887.575,2887.575,2887.205,2887.205
1741637640000,2887.205,2887.505,2886.965,2886.965
1741637700000,2886.975,2887.595,2886.795,2887.595
1741637760000,2887.625,2887.745,2887.155,2887.325
1741637820000,2887.355,2887.445,2887.115,2887.175
1741637880000,2887.235,2887.645,2886.985,2887.065
1741637940000,2887.065,2887.065,2886.225,2886.225
1741638000000,2886.185,2886.195,2885.695,2885.805
1741638060000,2885.825,2885.895,2885.505,2885.535
1741638120000,2885.535,2886.435,2885.535,2885.985
1741638180000,2885.985,2886.395,2885.985,2886.265
1741638240000,2886.315,2886.315,2885.915,2885.925
1741638300000,2886.065,2886.135,2885.365,2885.615
1741638360000,2885.595,2885.735,2885.355,2885.595
1741638420000,2885.655,2886.125,2885.595,2886.025
1741638480000,2886.035,2886.515,2885.945,2886.215
1741638540000,2886.215,2886.725,2886.025,2886.455
1741638600000,2886.455,2886.525,2885.845,2885.875
1741638660000,2885.875,2886.385,2885.875,2886.055
1741638720000,2886.075,2886.235,2885.168,2885.335
1741638780000,2885.285,2886.185,2885.245,2886.185
1741638840000,2886.145,2886.925,2886.145,2886.705
1741638900000,2886.705,2887.145,2886.305,2886.865
1741638960000,2886.925,2887.285,2886.725,2887.115
1741639020000,2887.135,2887.545,2887.055,2887.405
1741639080000,2887.445,2888.205,2887.415,2888.205
1741639140000,2888.155,2888.725,2888.155,2888.355
1741639200000,2888.375,2888.455,2888.075,2888.165
1741639260000,2888.165,2888.595,2888.125,2888.545
1741639320000,2888.595,2888.595,2888.425,2888.495
1741639380000,2888.525,2888.525,2888.115,2888.325
1741639440000,2888.365,2888.585,2888.265,2888.305
1741639500000,2888.445,2888.745,2888.265,2888.615
1741639560000,2888.595,2888.625,2888.485,2888.615
1741639620000,2888.495,2888.985,2888.465,2888.535
1741639680000,2888.585,2888.785,2888.585,2888.725
1741639740000,2888.775,2888.775,2888.135,2888.175
1741639800000,2888.285,2888.565,2888.175,2888.285
1741639860000,2888.405,2888.445,2888.075,2888.145
1741639920000,2888.145,2888.145,2887.525,2887.745
1741639980000,2887.825,2887.825,2887.615,2887.785
1741640040000,2887.669,2888.035,2887.615,2887.905
1741640100000,2887.905,2888.645,2887.775,2888.535
1741640160000,2888.545,2888.595,2888.325,2888.595
1741640220000,2888.535,2888.885,2888.255,2888.825
1741640280000,2888.915,2889.395,2888.895,2889.125
1741640340000,2889.135,2889.385,2888.325,2888.325
1741640400000,2888.325,2888.325,2888.325,2888.325
1741640460000,2888.325,2888.325,2888.325,2888.325
1741640520000,2888.325,2888.325,2888.325,2888.325
1741640580000,2888.325,2888.325,2888.325,2888.325
1741640640000,2888.325,2888.325,2888.325,2888.325
1741640700000,2888.325,2888.325,2888.325,2888.325
1741640760000,2888.325,2888.325,2888.325,2888.325
1741640820000,2888.325,2888.325,2888.325,2888.325
1741640880000,2888.325,2888.325,2888.325,2888.325
1741640940000,2888.325,2888.325,2888.325,2888.325
1741641000000,2888.325,2888.325,2888.325,2888.325
1741641060000,2888.325,2888.325,2888.325,2888.325
1741641120000,2888.325,2888.325,2888.325,2888.325
1741641180000,2888.325,2888.325,2888.325,2888.325
1741641240000,2888.325,2888.325,2888.325,2888.325
1741641300000,2888.325,2888.325,2888.325,2888.325
1741641360000,2888.325,2888.325,2888.325,2888.325
1741641420000,2888.325,2888.325,2888.325,2888.325
1741641480000,2888.325,2888.325,2888.325,2888.325
1741641540000,2888.325,2888.325,2888.325,2888.325
1741641600000,2888.325,2888.325,2888.325,2888.325
1741641660000,2888.325,2888.325,2888.325,2888.325
1741641720000,2888.325,2888.325,2888.325,2888.325
1741641780000,2888.325,2888.325,2888.325,2888.325
1741641840000,2888.325,2888.325,2888.325,2888.325
1741641900000,2888.325,2888.325,2888.325,2888.325
1741641960000,2888.325,2888.325,2888.325,2888.325
1741642020000,2888.325,2888.325,2888.325,2888.325
1741642080000,2888.325,2888.325,2888.325,2888.325
1741642140000,2888.325,2888.325,2888.325,2888.325
1741642200000,2888.325,2888.325,2888.325,2888.325
1741642260000,2888.325,2888.325,2888.325,2888.325
1741642320000,2888.325,2888.325,2888.325,2888.325
1741642380000,2888.325,2888.325,2888.325,2888.325
1741642440000,2888.325,2888.325,2888.325,2888.325
1741642500000,2888.325,2888.325,2888.325,2888.325
1741642560000,2888.325,2888.325,2888.325,2888.325
1741642620000,2888.325,2888.325,2888.325,2888.325
1741642680000,2888.325,2888.325,2888.325,2888.325
1741642740000,2888.325,2888.325,2888.325,2888.325
1741642800000,2888.325,2888.325,2888.325,2888.325
1741642860000,2888.325,2888.325,2888.325,2888.325
1741642920000,2888.325,2888.325,2888.325,2888.325
1741642980000,2888.325,2888.325,2888.325,2888.325
1741643040000,2888.325,2888.325,2888.325,2888.325
1741643100000,2888.325,2888.325,2888.325,2888.325
1741643160000,2888.325,2888.325,2888.325,2888.325
1741643220000,2888.325,2888.325,2888.325,2888.325
1741643280000,2888.325,2888.325,2888.325,2888.325
1741643340000,2888.325,2888.325,2888.325,2888.325
1741643400000,2888.325,2888.325,2888.325,2888.325
1741643460000,2888.325,2888.325,2888.325,2888.325
1741643520000,2888.325,2888.325,2888.325,2888.325
1741643580000,2888.325,2888.325,2888.325,2888.325
1741643640000,2888.325,2888.325,2888.325,2888.325
1741643700000,2888.325,2888.325,2888.325,2888.325
1741643760000,2888.325,2888.325,2888.325,2888.325
1741643820000,2888.325,2888.325,2888.325,2888.325
1741643880000,2888.325,2888.325,2888.325,2888.325
1741643940000,2888.325,2888.325,2888.325,2888.325
1741644000000,2888.098,2888.255,2887.738,2887.948
1741644060000,2887.948,2888.348,2887.689,2888.165
1741644120000,2888.165,2889.155,2888.165,2889.155
1741644180000,2889.155,2889.825,2889.075,2889.795
1741644240000,2889.935,2889.935,2889.175,2889.315
1741644300000,2889.315,2889.595,2888.278,2888.335
1741644360000,2888.285,2888.485,2887.795,2887.835
1741644420000,2887.845,2887.905,2887.558,2887.855
1741644480000,2887.858,2887.955,2887.625,2887.848
1741644540000,2888.118,2888.175,2887.385,2887.385
1741644600000,2887.378,2887.675,2886.815,2886.815
1741644660000,2886.825,2887.185,2886.825,2887.148
1741644720000,2887.168,2887.358,2886.998,2887.328
1741644780000,2887.208,2887.208,2886.678,2886.948
1741644840000,2886.948,2887.348,2886.835,2887.348
1741644900000,2887.148,2887.448,2886.948,2887.348
1741644960000,2887.448,2887.648,2887.148,2887.148
1741645020000,2887.148,2887.448,2887.148,2887.438
1741645080000,2887.388,2887.648,2887.298,2887.648
1741645140000,2887.648,2887.748,2887.008,2887.008
1741645200000,2887.018,2887.028,2886.258,2886.258
1741645260000,2886.248,2886.948,2886.128,2886.948
1741645320000,2886.948,2887.348,2886.808,2886.808
1741645380000,2886.808,2886.908,2886.458,2886.548
1741645440000,2886.428,2886.438,2886.028,2886.108
1741645500000,2886.108,2886.145,2885.938,2886.048
1741645560000,2886.118,2886.248,2885.975,2886.158
1741645620000,2886.098,2886.115,2885.988,2886.068
1741645680000,2885.995,2886.088,2885.298,2885.358
1741645740000,2885.338,2885.358,2884.625,2884.708
1741645800000,2884.788,2885.508,2884.608,2885.435
1741645860000,2885.429,2885.455,2885.028,2885.088
1741645920000,2885.068,2885.068,2884.578,2884.958
1741645980000,2884.958,2885.028,2884.208,2884.208
1741646040000,2884.208,2884.208,2883.958,2884.108
1741646100000,2884.098,2884.245,2883.835,2884.155
1741646160000,2884.185,2884.775,2884.155,2884.775
1741646220000,2884.615,2884.645,2884.128,2884.128
1741646280000,2884.188,2884.375,2883.918,2883.968
1741646340000,2884.158,2884.968,2884.055,2884.648
1741646400000,2884.698,2884.878,2884.408,2884.448
1741646460000,2884.528,2884.908,2884.438,2884.848
1741646520000,2884.898,2885.188,2884.775,2885.038
1741646580000,2885.275,2885.698,2885.235,2885.355
1741646640000,2885.265,2885.715,2885.085,2885.715
1741646700000,2885.755,2885.795,2885.528,2885.745
1741646760000,2885.765,2885.775,2885.355,2885.535
1741646820000,2885.605,2885.605,2885.438,2885.458
1741646880000,2885.458,2885.458,2884.568,2884.588
1741646940000,2884.678,2885.075,2884.678,2885.008
1741647000000,2884.998,2885.585,2884.948,2885.505
1741647060000,2885.488,2885.835,2885.228,2885.335
1741647120000,2885.305,2885.345,2884.878,2884.878
1741647180000,2884.868,2884.988,2884.755,2884.888
1741647240000,2884.888,2885.128,2884.778,2884.778
1741647300000,2884.775,2884.815,2884.228,2884.385
1741647360000,2884.428,2884.535,2883.848,2884.085
1741647420000,2884.085,2884.478,2884.018,2884.195
1741647480000,2884.175,2884.268,2883.938,2884.038
1741647540000,2884.038,2884.618,2884.038,2884.378
1741647600000,2884.378,2884.968,2884.358,2884.788
1741647660000,2884.688,2884.888,2884.508,2884.768
1741647720000,2884.605,2884.708,2884.328,2884.458
1741647780000,2884.458,2884.708,2884.138,2884.618
1741647840000,2884.668,2884.898,2884.428,2884.818
1741647900000,2884.908,2885.408,2884.808,2885.408
1741647960000,2885.408,2885.408,2884.948,2885.035
1741648020000,2884.958,2885.255,2884.868,2885.088
1741648080000,2885.068,2885.088,2884.788,2884.848
1741648140000,2884.838,2885.538,2884.608,2885.458
1741648200000,2885.458,2885.585,2884.578,2884.705
1741648260000,2884.725,2884.725,2884.308,2884.308
1741648320000,2884.305,2884.318,2884.075,2884.085
1741648380000,2884.098,2884.885,2884.098,2884.665
1741648440000,2884.775,2885.155,2884.685,2884.745
1741648500000,2884.735,2884.735,2884.268,2884.345
1741648560000,2884.385,2884.748,2884.155,2884.648
1741648620000,2884.695,2884.948,2884.568,2884.748
1741648680000,2884.748,2885.048,2884.358,2884.388
1741648740000,2884.408,2884.458,2883.918,2883.968
1741648800000,2884.028,2884.485,2883.988,2884.445
1741648860000,2884.425,2884.425,2883.918,2884.018
1741648920000,2884.018,2884.445,2883.958,2884.285
1741648980000,2884.275,2884.528,2883.968,2884.458
1741649040000,2884.508,2884.545,2884.275,2884.358
1741649100000,2884.598,2884.598,2884.058,2884.058
1741649160000,2884.048,2884.198,2883.858,2883.885
1741649220000,2883.858,2883.905,2883.858,2883.905
1741649280000,2884.295,2884.375,2884.245,2884.255
1741649340000,2884.215,2884.285,2883.795,2883.905
1741649400000,2883.915,2883.995,2882.665,2882.755
1741649460000,2882.765,2883.475,2882.685,2882.915
1741649520000,2882.945,2883.545,2882.895,2883.225
1741649580000,2883.288,2883.775,2883.198,2883.555
1741649640000,2883.525,2883.565,2882.725,2882.808
1741649700000,2882.788,2883.128,2882.588,2882.825
1741649760000,2882.765,2882.855,2882.715,2882.765
1741649820000,2882.735,2883.095,2882.728,2882.985
1741649880000,2882.955,2882.995,2882.595,2882.905
1741649940000,2882.915,2883.095,2882.855,2883.025
1741650000000,2883.055,2883.245,2882.895,2882.895
1741650060000,2882.858,2883.058,2882.758,2882.845
1741650120000,2882.838,2883.348,2882.838,2883.205
1741650180000,2883.215,2883.235,2882.528,2882.715
1741650240000,2882.725,2883.005,2882.718,2883.005
1741650300000,2883.025,2883.065,2882.048,2882.825
1741650360000,2883.205,2883.745,2882.465,2883.505
1741650420000,2883.395,2884.025,2883.395,2883.935
1741650480000,2883.875,2884.225,2883.255,2883.375
1741650540000,2883.445,2883.795,2883.355,2883.775
1741650600000,2883.755,2884.435,2883.565,2884.265
1741650660000,2884.185,2884.655,2883.805,2884.505
1741650720000,2884.495,2884.715,2884.125,2884.175
1741650780000,2884.125,2884.135,2883.335,2883.525
1741650840000,2883.535,2883.995,2883.405,2883.995
1741650900000,2884.005,2884.535,2883.895,2884.525
1741650960000,2884.455,2884.605,2884.305,2884.315
1741651020000,2884.325,2884.335,2883.925,2884.335
1741651080000,2884.305,2884.785,2884.095,2884.585
1741651140000,2884.615,2884.855,2884.365,2884.405
1741651200000,2884.475,2885.785,2884.415,2884.775
1741651260000,2884.785,2885.715,2884.535,2885.685
1741651320000,2885.715,2885.765,2885.055,2885.055
1741651380000,2885.045,2885.085,2884.715,2885.055
1741651440000,2885.035,2885.085,2884.225,2884.365
1741651500000,2884.375,2884.745,2883.925,2884.465
1741651560000,2884.465,2885.025,2884.375,2884.915
1741651620000,2884.975,2885.065,2884.178,2885.065
1741651680000,2884.995,2885.565,2884.868,2885.535
1741651740000,2885.535,2885.655,2884.765,2884.865
1741651800000,2884.835,2884.868,2884.549,2884.735
1741651860000,2884.735,2885.125,2884.735,2885.125
1741651920000,2885.095,2885.425,2885.065,2885.415
1741651980000,2885.415,2886.545,2885.415,2886.385
1741652040000,2886.395,2887.175,2886.165,2886.885
1741652100000,2886.935,2887.575,2886.825,2887.525
1741652160000,2887.368,2888.455,2887.195,2887.645
1741652220000,2887.685,2887.855,2887.305,2887.725
1741652280000,2887.795,2888.105,2887.658,2888.045
1741652340000,2888.075,2888.075,2886.815,2886.885
1741652400000,2886.925,2887.845,2886.745,2887.515
1741652460000,2887.605,2887.905,2887.445,2887.635
1741652520000,2887.525,2887.745,2887.145,2887.285
1741652580000,2887.205,2887.425,2886.615,2886.745
1741652640000,2886.745,2886.945,2886.555,2886.815
1741652700000,2886.735,2886.815,2885.965,2886.075
1741652760000,2885.998,2885.998,2885.325,2885.365
1741652820000,2885.325,2885.975,2884.948,2885.775
1741652880000,2885.755,2886.255,2885.735,2885.798
1741652940000,2885.798,2887.425,2885.798,2887.005
1741653000000,2887.035,2887.985,2886.805,2887.285
1741653060000,2887.158,2887.705,2886.985,2887.295
1741653120000,2887.165,2887.455,2886.858,2886.858
1741653180000,2886.858,2887.495,2886.858,2887.468
1741653240000,2887.448,2887.945,2886.955,2887.045
1741653300000,2887.035,2887.235,2886.858,2886.858
1741653360000,2886.858,2887.195,2886.525,2887.115
1741653420000,2887.155,2887.685,2886.775,2886.995
1741653480000,2887.005,2887.005,2886.255,2886.285
1741653540000,2886.285,2886.455,2886.058,2886.405
1741653600000,2886.405,2887.865,2886.305,2887.775
1741653660000,2887.755,2887.805,2887.005,2887.215
1741653720000,2887.295,2887.785,2886.815,2886.815
1741653780000,2886.785,2886.948,2885.265,2885.295
1741653840000,2885.285,2885.955,2885.175,2885.575
1741653900000,2885.585,2886.005,2885.535,2885.625
1741653960000,2885.675,2886.085,2885.248,2885.315
1741654020000,2885.315,2885.385,2884.825,2885.055
1741654080000,2885.055,2885.748,2884.735,2885.518
1741654140000,2885.488,2885.848,2884.578,2884.715
1741654200000,2884.705,2885.015,2884.628,2884.988
1741654260000,2884.995,2885.675,2884.578,2885.665
1741654320000,2885.685,2886.165,2885.575,2886.085
1741654380000,2886.115,2886.935,2886.115,2886.735
1741654440000,2886.765,2887.185,2886.378,2887.075
1741654500000,2887.055,2887.895,2886.718,2887.855
1741654560000,2887.818,2887.965,2887.345,2887.345
1741654620000,2887.225,2887.525,2886.815,2887.155
1741654680000,2887.215,2887.455,2886.585,2886.585
1741654740000,2886.535,2887.215,2886.275,2886.998
1741654800000,2887.145,2888.395,2886.368,2887.865
1741654860000,2887.895,2888.335,2887.215,2887.475
1741654920000,2887.505,2887.745,2886.445,2886.685
1741654980000,2886.725,2886.935,2885.895,2886.335
1741655040000,2886.365,2886.365,2879.938,2883.585
1741655100000,2883.515,2886.575,2883.365,2886.145
1741655160000,2886.115,2887.915,2885.555,2887.815
1741655220000,2887.865,2888.025,2887.068,2887.765
1741655280000,2887.775,2888.405,2886.648,2886.655
1741655340000,2886.725,2886.805,2883.345,2884.245
1741655400000,2884.325,2884.545,2881.745,2881.835
1741655460000,2882.015,2883.205,2881.875,2882.445
1741655520000,2882.465,2884.755,2882.265,2884.585
1741655580000,2884.585,2886.035,2884.575,2885.565
1741655640000,2885.605,2885.815,2884.898,2885.405
1741655700000,2885.435,2887.525,2885.315,2886.205
1741655760000,2886.235,2886.735,2885.958,2886.448
1741655820000,2886.485,2887.705,2886.048,2886.975
1741655880000,2886.995,2887.565,2886.245,2886.285
1741655940000,2886.315,2888.048,2886.285,2887.575
1741656000000,2887.585,2888.215,2887.248,2887.785
1741656060000,2887.785,2888.945,2887.565,2888.825
1741656120000,2888.855,2889.905,2888.855,2889.665
1741656180000,2889.695,2889.705,2889.025,2889.245
1741656240000,2889.245,2889.335,2888.945,2888.975
1741656300000,2888.645,2889.935,2888.585,2889.895
1741656360000,2889.745,2889.745,2888.735,2888.905
1741656420000,2888.625,2888.845,2888.005,2888.035
1741656480000,2888.035,2888.305,2886.695,2888.265
1741656540000,2888.295,2889.945,2888.285,2889.308
1741656600000,2889.335,2889.825,2888.625,2889.505
1741656660000,2889.485,2889.905,2888.098,2888.615
1741656720000,2888.565,2889.075,2888.225,2888.345
1741656780000,2888.385,2888.445,2886.838,2887.345
1741656840000,2887.365,2888.695,2887.235,2888.665
1741656900000,2888.665,2889.055,2888.275,2888.485
1741656960000,2888.515,2890.055,2888.435,2889.375
1741657020000,2889.348,2890.055,2889.155,2889.525
1741657080000,2889.525,2890.105,2889.235,2889.735
1741657140000,2889.785,2890.155,2889.405,2889.495
1741657200000,2889.435,2889.935,2888.955,2889.205
1741657260000,2889.195,2889.905,2889.195,2889.575
1741657320000,2889.595,2889.645,2888.995,2888.995
1741657380000,2889.205,2889.915,2889.145,2889.775
1741657440000,2889.765,2890.245,2889.535,2889.995
1741657500000,2889.955,2890.195,2889.648,2889.875
1741657560000,2889.948,2890.148,2889.125,2889.415
1741657620000,2889.418,2889.848,2889.348,2889.475
1741657680000,2889.508,2890.055,2889.368,2890.055
1741657740000,2890.035,2890.145,2889.708,2890.048
1741657800000,2890.048,2890.435,2890.008,2890.048
1741657860000,2890.148,2890.548,2889.825,2890.035
1741657920000,2890.065,2890.575,2889.845,2890.475
1741657980000,2890.465,2890.755,2890.235,2890.315
1741658040000,2890.315,2890.355,2889.458,2889.868
1741658100000,2889.908,2890.458,2889.848,2890.175
1741658160000,2890.215,2890.685,2890.215,2890.395
1741658220000,2890.515,2890.748,2890.195,2890.225
1741658280000,2890.185,2890.485,2889.885,2890.245
1741658340000,2890.205,2890.375,2890.025,2890.365
1741658400000,2890.315,2890.748,2890.075,2890.115
1741658460000,2890.025,2890.405,2889.915,2890.185
1741658520000,2890.165,2890.465,2889.855,2890.185
1741658580000,2890.188,2890.375,2889.858,2890.075
1741658640000,2890.095,2890.335,2890.025,2890.275
1741658700000,2890.285,2890.828,2890.268,2890.415
1741658760000,2890.405,2890.648,2890.248,2890.248
1741658820000,2890.195,2890.548,2889.675,2889.895
1741658880000,2889.935,2890.895,2889.935,2890.695
1741658940000,2890.665,2892.095,2890.665,2891.325
1741659000000,2891.315,2891.555,2891.028,2891.385
1741659060000,2891.375,2892.745,2891.375,2892.285
1741659120000,2892.285,2892.918,2892.175,2892.615
1741659180000,2892.615,2893.525,2892.595,2892.925
1741659240000,2892.828,2893.895,2892.305,2893.805
1741659300000,2893.825,2894.015,2892.965,2892.995
1741659360000,2893.045,2894.155,2893.005,2894.035
1741659420000,2893.995,2894.485,2893.708,2894.135
1741659480000,2894.095,2895.125,2893.505,2894.705
1741659540000,2894.705,2895.405,2894.605,2894.925
1741659600000,2894.905,2895.555,2894.208,2894.218
1741659660000,2894.248,2894.785,2894.138,2894.475
1741659720000,2894.465,2895.855,2894.295,2895.525
1741659780000,2895.545,2897.135,2895.258,2896.975
1741659840000,2896.995,2897.355,2896.535,2896.865
1741659900000,2896.865,2896.875,2896.485,2896.715
1741659960000,2896.745,2897.005,2896.248,2896.685
1741660020000,2896.735,2898.415,2896.665,2897.615
1741660080000,2897.645,2898.778,2897.385,2898.515
1741660140000,2898.505,2898.505,2897.575,2897.575
1741660200000,2897.555,2898.095,2896.555,2896.845
1741660260000,2896.805,2898.355,2896.805,2898.085
1741660320000,2898.045,2898.085,2896.925,2897.685
1741660380000,2897.695,2897.915,2897.025,2897.445
1741660440000,2897.455,2897.855,2897.315,2897.695
1741660500000,2897.655,2897.885,2897.175,2897.595
1741660560000,2897.565,2897.985,2897.405,2897.955
1741660620000,2897.915,2898.148,2897.435,2897.975
1741660680000,2897.958,2898.645,2897.748,2898.425
1741660740000,2898.415,2898.495,2897.285,2897.285
1741660800000,2897.315,2897.695,2896.655,2897.465
1741660860000,2897.455,2898.645,2897.208,2898.175
1741660920000,2898.165,2898.345,2897.705,2897.735
1741660980000,2897.735,2897.835,2896.625,2896.765
1741661040000,2896.695,2897.735,2896.095,2897.445
1741661100000,2897.485,2897.535,2895.775,2896.445
1741661160000,2896.415,2897.245,2896.355,2897.135
1741661220000,2897.165,2897.205,2896.955,2896.995
1741661280000,2897.025,2897.315,2896.835,2896.925
1741661340000,2896.945,2897.055,2896.355,2896.515
1741661400000,2896.548,2897.785,2896.325,2897.345
1741661460000,2897.285,2897.748,2897.165,2897.748
1741661520000,2897.765,2898.025,2897.548,2897.795
1741661580000,2897.795,2898.365,2897.475,2898.325
1741661640000,2898.315,2898.765,2898.005,2898.605
1741661700000,2898.698,2900.315,2898.575,2900.215
1741661760000,2900.215,2900.295,2899.155,2899.815
1741661820000,2899.795,2899.985,2899.375,2899.535
1741661880000,2899.545,2899.645,2898.735,2898.825
1741661940000,2898.855,2899.015,2898.385,2898.895
1741662000000,2898.895,2899.235,2898.215,2898.215
1741662060000,2898.245,2899.225,2898.155,2898.615
1741662120000,2898.585,2898.945,2898.395,2898.648
1741662180000,2898.748,2898.748,2898.115,2898.625
1741662240000,2898.635,2899.035,2898.148,2898.575
1741662300000,2898.575,2898.895,2898.065,2898.125
1741662360000,2898.075,2898.645,2898.075,2898.575
1741662420000,2898.598,2898.985,2898.008,2898.188
1741662480000,2898.185,2898.388,2897.628,2898.175
1741662540000,2898.095,2898.245,2897.348,2897.585
1741662600000,2897.555,2898.095,2897.548,2897.865
1741662660000,2898.035,2898.875,2898.015,2898.775
1741662720000,2898.795,2898.975,2898.245,2898.365
1741662780000,2898.355,2898.615,2897.875,2898.135
1741662840000,2898.105,2898.445,2898.055,2898.125
1741662900000,2898.238,2898.595,2897.865,2898.315
1741662960000,2898.315,2898.315,2897.315,2897.325
1741663020000,2897.375,2897.765,2897.265,2897.645
1741663080000,2897.705,2898.065,2897.135,2897.318
1741663140000,2897.308,2897.498,2897.048,2897.128
1741663200000,2897.118,2897.205,2896.408,2896.408
1741663260000,2896.408,2896.645,2896.378,2896.585
1741663320000,2896.595,2896.595,2895.888,2896.015
1741663380000,2896.048,2896.925,2896.048,2896.565
1741663440000,2896.565,2897.315,2896.485,2897.055
1741663500000,2897.025,2897.055,2895.928,2896.058
1741663560000,2896.048,2896.468,2895.978,2896.458
1741663620000,2896.458,2896.458,2895.468,2895.588
1741663680000,2895.578,2895.598,2894.948,2895.278
1741663740000,2895.238,2895.718,2895.048,2895.588
1741663800000,2895.578,2895.578,2894.828,2894.865
1741663860000,2894.948,2895.605,2894.925,2895.545
1741663920000,2895.535,2895.825,2895.395,2895.575
1741663980000,2895.605,2895.955,2895.505,2895.805
1741664040000,2895.805,2896.048,2895.365,2895.595
1741664100000,2895.595,2896.048,2895.535,2895.875
1741664160000,2895.895,2895.895,2895.675,2895.675
1741664220000,2895.848,2896.465,2895.648,2896.355
1741664280000,2896.448,2896.548,2896.108,2896.125
1741664340000,2896.095,2896.115,2895.345,2895.355
1741664400000,2895.395,2895.705,2895.315,2895.425
1741664460000,2895.425,2896.085,2895.425,2895.558
1741664520000,2895.558,2896.298,2895.498,2896.278
1741664580000,2896.268,2896.698,2896.248,2896.355
1741664640000,2896.388,2896.715,2896.358,2896.715
1741664700000,2896.668,2896.705,2896.335,2896.495
1741664760000,2896.515,2896.565,2896.265,2896.375
1741664820000,2896.425,2896.495,2895.968,2896.005
1741664880000,2896.005,2896.195,2895.578,2895.645
1741664940000,2895.645,2896.345,2895.615,2896.335
1741665000000,2896.185,2896.505,2896.185,2896.285
1741665060000,2896.265,2896.265,2895.865,2896.075
1741665120000,2896.095,2896.325,2896.065,2896.228
1741665180000,2896.218,2896.485,2896.128,2896.205
1741665240000,2896.138,2896.445,2896.118,2896.375
1741665300000,2896.378,2896.645,2895.978,2896.198
1741665360000,2896.208,2896.685,2896.175,2896.665
1741665420000,2896.645,2897.115,2896.625,2896.985
1741665480000,2896.945,2896.945,2896.595,2896.755
1741665540000,2896.755,2896.925,2896.488,2896.685
1741665600000,2896.688,2896.818,2895.738,2895.848
1741665660000,2895.908,2896.568,2895.628,2896.278
1741665720000,2896.278,2896.428,2896.068,2896.275
1741665780000,2896.275,2896.365,2895.675,2895.808
1741665840000,2895.798,2896.028,2895.768,2895.938
1741665900000,2895.665,2895.748,2895.228,2895.588
1741665960000,2895.505,2895.808,2895.495,2895.545
1741666020000,2895.578,2895.765,2895.515,2895.725
1741666080000,2895.685,2896.285,2895.575,2896.115
1741666140000,2896.125,2896.435,2896.125,2896.205
1741666200000,2896.255,2896.255,2895.865,2895.905
1741666260000,2896.048,2896.475,2896.048,2896.325
1741666320000,2896.435,2896.935,2896.325,2896.655
1741666380000,2896.625,2897.075,2896.465,2897.075
1741666440000,2897.145,2897.325,2896.935,2897.275
1741666500000,2897.245,2897.525,2896.955,2897.015
1741666560000,2897.065,2897.545,2896.945,2897.335
1741666620000,2897.395,2897.575,2896.585,2896.585
1741666680000,2896.565,2896.825,2896.525,2896.565
1741666740000,2896.625,2896.685,2896.295,2896.645
1741666800000,2896.715,2896.785,2896.095,2896.145
1741666860000,2896.095,2896.385,2896.065,2896.355
1741666920000,2896.378,2896.635,2895.868,2895.965
1741666980000,2895.895,2896.365,2895.878,2896.288
1741667040000,2896.285,2896.685,2896.105,2896.515
1741667100000,2896.528,2896.635,2896.405,2896.465
1741667160000,2896.565,2896.835,2896.395,2896.475
1741667220000,2896.545,2896.815,2896.495,2896.815
1741667280000,2897.095,2897.405,2896.805,2897.365
1741667340000,2897.355,2897.415,2897.135,2897.385
1741667400000,2897.395,2898.025,2897.385,2897.605
1741667460000,2897.635,2897.825,2897.095,2897.405
1741667520000,2897.435,2897.815,2897.415,2897.595
1741667580000,2897.635,2897.695,2897.315,2897.465
1741667640000,2897.485,2897.648,2896.985,2897.035
1741667700000,2897.065,2897.505,2897.048,2897.405
1741667760000,2897.395,2897.605,2897.195,2897.585
1741667820000,2897.555,2897.865,2897.475,2897.605
1741667880000,2897.595,2897.755,2897.448,2897.465
1741667940000,2897.455,2897.475,2897.015,2897.325
1741668000000,2897.445,2897.795,2897.405,2897.735
1741668060000,2897.725,2897.795,2897.308,2897.325
1741668120000,2897.278,2897.625,2897.278,2897.495
1741668180000,2897.545,2897.695,2897.515,2897.615
1741668240000,2897.635,2898.035,2897.635,2897.775
1741668300000,2897.795,2898.035,2897.125,2897.215
1741668360000,2897.305,2897.415,2897.085,2897.335
1741668420000,2897.385,2897.415,2897.215,2897.245
1741668480000,2897.215,2897.295,2896.785,2896.865
1741668540000,2897.125,2897.245,2896.815,2896.825
1741668600000,2896.915,2897.395,2896.915,2897.355
1741668660000,2897.385,2897.385,2897.225,2897.285
1741668720000,2897.305,2897.395,2897.165,2897.325
1741668780000,2897.355,2897.355,2897.085,2897.105
1741668840000,2897.065,2897.555,2897.055,2897.385
1741668900000,2897.375,2898.505,2897.375,2898.215
1741668960000,2898.255,2898.275,2897.385,2897.435
1741669020000,2897.408,2897.435,2897.075,2897.295
1741669080000,2897.275,2897.445,2897.175,2897.415
1741669140000,2897.445,2897.685,2897.335,2897.485
1741669200000,2897.445,2898.175,2897.445,2897.705
1741669260000,2897.795,2898.345,2897.555,2898.145
1741669320000,2898.175,2898.685,2898.155,2898.525
1741669380000,2898.495,2898.665,2897.665,2897.805
1741669440000,2897.785,2897.915,2897.525,2897.525
1741669500000,2897.525,2897.685,2897.305,2897.615
1741669560000,2897.595,2897.595,2897.065,2897.145
1741669620000,2897.115,2897.665,2896.875,2897.585
1741669680000,2897.585,2897.955,2897.435,2897.465
1741669740000,2897.445,2897.495,2897.165,2897.165
1741669800000,2897.155,2897.385,2896.735,2896.845
1741669860000,2896.825,2897.265,2896.745,2897.165
1741669920000,2897.145,2897.415,2896.855,2897.365
1741669980000,2897.345,2897.765,2897.325,2897.425
1741670040000,2897.355,2897.765,2897.355,2897.595
1741670100000,2897.655,2897.975,2897.495,2897.535
1741670160000,2897.615,2898.015,2897.395,2897.985
1741670220000,2898.005,2898.575,2898.005,2898.475
1741670280000,2898.475,2898.475,2898.065,2898.105
1741670340000,2898.105,2898.395,2897.795,2898.255
1741670400000,2898.235,2898.255,2897.905,2897.985
1741670460000,2897.965,2898.155,2897.845,2898.025
1741670520000,2898.065,2898.175,2897.785,2897.865
1741670580000,2897.845,2898.365,2897.825,2898.155
1741670640000,2898.125,2898.345,2897.995,2898.075
1741670700000,2898.075,2898.345,2898.055,2898.265
1741670760000,2898.245,2898.245,2897.665,2897.765
1741670820000,2897.745,2897.995,2897.745,2897.785
1741670880000,2897.625,2898.185,2897.625,2897.815
1741670940000,2897.675,2897.815,2897.365,2897.385
1741671000000,2897.385,2897.835,2897.135,2897.715
1741671060000,2897.735,2898.395,2897.655,2897.845
1741671120000,2897.865,2898.045,2897.705,2897.975
1741671180000,2897.965,2898.325,2897.705,2898.325
1741671240000,2898.355,2898.595,2898.185,2898.315
1741671300000,2898.355,2898.555,2898.255,2898.475
1741671360000,2898.295,2898.915,2898.095,2898.805
1741671420000,2898.785,2898.845,2898.475,2898.565
1741671480000,2898.395,2898.505,2898.085,2898.085
1741671540000,2898.065,2898.075,2897.585,2897.585
1741671600000,2897.615,2898.195,2896.375,2896.455
1741671660000,2896.455,2896.675,2895.758,2896.445
1741671720000,2896.465,2897.605,2896.095,2897.515
1741671780000,2897.545,2897.815,2896.715,2897.145
1741671840000,2897.115,2897.115,2895.488,2895.588
1741671900000,2895.585,2895.948,2895.278,2895.748
1741671960000,2895.525,2895.525,2894.328,2894.365
1741672020000,2894.365,2894.375,2893.655,2894.148
1741672080000,2894.148,2894.348,2893.555,2894.258
1741672140000,2894.298,2894.945,2894.058,2894.905
1741672200000,2894.935,2894.945,2894.465,2894.795
1741672260000,2894.765,2894.785,2894.305,2894.435
1741672320000,2894.475,2894.595,2893.995,2894.155
1741672380000,2894.145,2894.665,2894.105,2894.315
1741672440000,2894.315,2894.865,2894.135,2894.265
1741672500000,2894.265,2894.495,2893.705,2893.875
1741672560000,2893.875,2894.118,2892.405,2892.945
1741672620000,2892.905,2893.975,2892.805,2893.848
1741672680000,2893.848,2895.648,2893.745,2895.465
1741672740000,2895.465,2895.845,2895.348,2895.655
1741672800000,2895.655,2896.655,2895.655,2896.115
1741672860000,2896.135,2896.335,2895.585,2895.675
1741672920000,2895.655,2895.905,2895.485,2895.895
1741672980000,2895.945,2896.075,2895.465,2895.515
1741673040000,2895.375,2895.475,2894.935,2895.475
1741673100000,2895.555,2895.925,2895.375,2895.665
1741673160000,2895.675,2896.025,2895.485,2895.775
1741673220000,2895.769,2896.695,2895.665,2896.415
1741673280000,2896.405,2896.925,2895.975,2896.125
1741673340000,2896.155,2896.305,2895.815,2895.825
1741673400000,2895.825,2896.088,2895.358,2895.425
1741673460000,2895.348,2895.448,2895.205,2895.258
1741673520000,2895.258,2895.258,2894.548,2894.805
1741673580000,2894.718,2894.795,2894.378,2894.725
1741673640000,2894.698,2895.135,2894.698,2895.065
1741673700000,2895.055,2895.198,2894.588,2895.045
1741673760000,2895.045,2895.045,2894.065,2894.365
1741673820000,2894.365,2895.255,2894.365,2895.225
1741673880000,2895.225,2895.505,2894.865,2895.285
1741673940000,2895.305,2895.305,2893.855,2894.235
1741674000000,2894.235,2894.685,2893.648,2894.315
1741674060000,2894.315,2895.075,2893.245,2894.315
1741674120000,2894.325,2894.915,2894.235,2894.705
1741674180000,2894.705,2895.075,2894.345,2894.645
1741674240000,2894.645,2894.735,2894.085,2894.715
1741674300000,2894.715,2896.915,2894.675,2896.895
1741674360000,2896.855,2897.575,2896.585,2897.495
1741674420000,2897.465,2897.465,2896.745,2896.895
1741674480000,2896.865,2897.545,2896.825,2897.545
1741674540000,2897.575,2897.705,2897.155,2897.695
1741674600000,2897.715,2898.225,2897.285,2897.505
1741674660000,2897.585,2898.275,2897.175,2897.425
1741674720000,2897.435,2898.745,2897.425,2898.695
1741674780000,2898.695,2900.935,2898.415,2900.865
1741674840000,2900.845,2901.865,2900.255,2900.515
1741674900000,2900.518,2900.598,2898.845,2898.845
1741674960000,2898.548,2900.075,2898.345,2900.035
1741675020000,2900.075,2900.075,2899.285,2899.345
1741675080000,2899.395,2899.555,2899.115,2899.385
1741675140000,2899.385,2899.435,2898.755,2899.175
1741675200000,2899.108,2899.585,2899.108,2899.385
1741675260000,2899.385,2899.925,2899.165,2899.748
1741675320000,2899.805,2900.385,2899.615,2899.705
1741675380000,2899.705,2900.145,2899.585,2899.615
1741675440000,2899.665,2900.155,2899.195,2899.905
1741675500000,2899.905,2900.195,2899.735,2900.185
1741675560000,2900.185,2900.275,2899.575,2900.015
1741675620000,2899.975,2900.355,2899.635,2900.095
1741675680000,2900.085,2901.245,2899.915,2901.145
1741675740000,2901.145,2901.645,2900.905,2901.355
1741675800000,2901.415,2901.875,2900.905,2901.495
1741675860000,2901.485,2901.925,2901.305,2901.655
1741675920000,2901.705,2902.525,2901.705,2902.235
1741675980000,2902.255,2902.505,2902.015,2902.225
1741676040000,2902.185,2902.405,2901.735,2902.095
1741676100000,2902.095,2902.275,2901.985,2902.125
1741676160000,2902.025,2902.605,2901.615,2901.945
1741676220000,2901.895,2902.055,2901.325,2901.955
1741676280000,2901.955,2902.155,2901.725,2901.925
1741676340000,2901.945,2902.425,2901.925,2902.235
1741676400000,2902.245,2902.245,2900.435,2900.435
1741676460000,2900.435,2901.595,2900.405,2901.215
1741676520000,2901.215,2901.985,2901.215,2901.605
1741676580000,2901.565,2901.955,2901.255,2901.525
1741676640000,2901.595,2901.595,2900.745,2900.858
1741676700000,2900.848,2901.145,2900.725,2900.755
1741676760000,2900.755,2901.915,2900.735,2901.915
1741676820000,2901.895,2902.405,2901.895,2902.345
1741676880000,2902.355,2903.395,2902.345,2902.678
1741676940000,2902.735,2902.835,2901.385,2901.445
1741677000000,2901.485,2901.885,2901.145,2901.645
1741677060000,2901.665,2901.955,2901.595,2901.715
1741677120000,2901.755,2901.875,2900.248,2900.495
1741677180000,2900.495,2901.115,2900.495,2900.955
1741677240000,2900.955,2901.155,2899.645,2899.715
1741677300000,2899.715,2899.715,2898.405,2898.558
1741677360000,2898.628,2898.648,2897.695,2898.035
1741677420000,2898.055,2898.935,2897.855,2898.725
1741677480000,2898.735,2899.505,2897.845,2898.065
1741677540000,2898.095,2898.925,2898.045,2898.675
1741677600000,2898.645,2898.915,2898.005,2898.005
1741677660000,2898.035,2898.725,2897.845,2898.125
1741677720000,2898.075,2898.905,2897.975,2898.845
1741677780000,2898.875,2899.835,2898.795,2899.785
1741677840000,2899.785,2900.745,2899.445,2900.495
1741677900000,2900.505,2900.825,2899.595,2899.825
1741677960000,2899.735,2900.205,2899.435,2900.135
1741678020000,2900.145,2900.405,2899.525,2899.605
1741678080000,2899.685,2900.195,2899.685,2899.995
1741678140000,2899.995,2900.105,2899.815,2900.075
1741678200000,2900.075,2900.885,2900.075,2900.525
1741678260000,2900.555,2901.075,2900.125,2900.125
1741678320000,2900.065,2900.145,2899.155,2899.315
1741678380000,2899.265,2899.685,2898.945,2899.075
1741678440000,2898.985,2899.165,2898.655,2898.725
1741678500000,2898.725,2899.945,2898.725,2899.325
1741678560000,2899.295,2899.305,2898.575,2898.765
1741678620000,2898.715,2899.075,2897.395,2898.385
1741678680000,2898.395,2899.205,2898.335,2898.875
1741678740000,2898.865,2899.425,2898.825,2899.215
1741678800000,2899.185,2899.465,2898.825,2899.095
1741678860000,2899.085,2899.545,2898.955,2899.455
1741678920000,2899.445,2900.065,2899.445,2900.045
1741678980000,2900.065,2900.725,2899.805,2900.265
1741679040000,2900.275,2900.585,2899.225,2899.435
1741679100000,2899.458,2900.515,2899.375,2900.225
1741679160000,2900.205,2900.685,2900.205,2900.625
1741679220000,2900.665,2901.855,2900.475,2901.135
1741679280000,2901.115,2901.335,2900.748,2901.175
1741679340000,2901.205,2901.325,2900.105,2900.105
1741679400000,2900.105,2900.105,2899.385,2899.595
1741679460000,2899.575,2900.325,2899.425,2900.295
1741679520000,2900.415,2900.675,2899.785,2899.875
1741679580000,2899.855,2900.445,2898.965,2899.595
1741679640000,2899.655,2900.505,2899.225,2900.215
1741679700000,2900.245,2901.555,2900.145,2901.125
1741679760000,2901.105,2901.475,2900.445,2900.595
1741679820000,2900.575,2900.785,2900.565,2900.765
1741679880000,2900.755,2900.998,2900.575,2900.675
1741679940000,2900.675,2901.148,2900.675,2900.868
1741680000000,2900.865,2901.435,2900.315,2900.598
1741680060000,2900.598,2901.318,2900.268,2900.438
1741680120000,2900.438,2901.008,2900.318,2900.888
1741680180000,2900.888,2901.458,2900.878,2901.378
1741680240000,2901.378,2901.718,2901.245,2901.705
1741680300000,2901.705,2901.728,2901.238,2901.638
1741680360000,2901.638,2901.955,2900.838,2901.368
1741680420000,2901.368,2902.648,2901.318,2902.008
1741680480000,2901.975,2902.775,2901.975,2902.748
1741680540000,2902.745,2903.225,2901.555,2901.725
1741680600000,2901.695,2901.795,2901.458,2901.705
1741680660000,2901.715,2901.785,2900.965,2901.735
1741680720000,2901.715,2902.845,2901.715,2902.735
1741680780000,2902.715,2903.935,2902.395,2903.595
1741680840000,2903.635,2904.165,2903.585,2904.065
1741680900000,2904.135,2904.765,2903.765,2904.645
1741680960000,2904.685,2905.205,2904.505,2905.025
1741681020000,2905.025,2905.438,2904.845,2904.845
1741681080000,2905.005,2905.145,2904.645,2905.095
1741681140000,2905.115,2905.315,2904.245,2904.875
1741681200000,2904.875,2905.665,2904.875,2905.595
1741681260000,2905.675,2905.925,2905.065,2905.365
1741681320000,2905.395,2905.735,2905.135,2905.375
1741681380000,2905.385,2906.105,2905.215,2905.295
1741681440000,2905.275,2905.635,2905.245,2905.495
1741681500000,2905.495,2906.175,2905.335,2905.735
1741681560000,2905.775,2906.535,2905.495,2906.165
1741681620000,2906.135,2906.345,2905.955,2906.115
1741681680000,2906.115,2906.895,2906.075,2906.715
1741681740000,2906.695,2907.305,2906.545,2907.165
1741681800000,2907.165,2907.995,2906.975,2907.715
1741681860000,2907.785,2907.785,2907.355,2907.685
1741681920000,2907.735,2907.785,2907.425,2907.475
1741681980000,2907.455,2907.695,2906.875,2906.965
1741682040000,2906.955,2907.595,2906.665,2907.525
1741682100000,2907.545,2907.665,2907.005,2907.015
1741682160000,2907.035,2907.045,2906.385,2907.015
1741682220000,2906.965,2907.215,2906.545,2906.615
1741682280000,2906.645,2907.135,2906.575,2907.025
1741682340000,2906.995,2906.995,2906.275,2906.725
1741682400000,2906.725,2907.095,2906.355,2907.005
1741682460000,2907.005,2907.715,2906.995,2907.685
1741682520000,2907.715,2908.235,2907.645,2907.915
1741682580000,2907.775,2908.905,2907.545,2908.815
1741682640000,2908.795,2909.125,2908.365,2909.015
1741682700000,2908.965,2909.595,2908.915,2909.495
1741682760000,2909.455,2909.965,2909.148,2909.425
1741682820000,2909.435,2909.435,2907.625,2907.725
1741682880000,2907.725,2907.955,2907.165,2907.925
1741682940000,2907.885,2910.085,2907.885,2909.325
1741683000000,2909.305,2909.805,2908.848,2908.928
1741683060000,2908.925,2908.925,2908.128,2908.645
1741683120000,2908.645,2909.055,2908.415,2908.755
1741683180000,2908.775,2909.925,2908.775,2909.675
1741683240000,2909.775,2910.235,2909.595,2909.925
1741683300000,2909.925,2910.215,2909.075,2909.585
1741683360000,2909.585,2909.885,2909.515,2909.555
1741683420000,2909.405,2909.965,2909.365,2909.855
1741683480000,2909.775,2909.995,2909.445,2909.935
1741683540000,2909.935,2909.945,2909.505,2909.905
1741683600000,2909.905,2910.825,2909.865,2910.465
1741683660000,2910.475,2910.575,2909.665,2909.795
1741683720000,2909.795,2910.155,2909.515,2909.945
1741683780000,2909.975,2910.525,2909.305,2909.425
1741683840000,2909.415,2909.895,2909.105,2909.205
1741683900000,2909.205,2910.105,2908.845,2909.845
1741683960000,2909.805,2910.525,2909.715,2910.395
1741684020000,2910.415,2911.565,2910.365,2911.465
1741684080000,2911.465,2911.485,2910.545,2910.575
1741684140000,2910.535,2910.575,2909.805,2910.105
1741684200000,2910.055,2910.055,2909.415,2909.655
1741684260000,2909.725,2909.875,2909.445,2909.495
1741684320000,2909.465,2909.635,2908.975,2909.215
1741684380000,2909.245,2909.245,2908.815,2909.055
1741684440000,2909.115,2910.045,2909.075,2910.045
1741684500000,2910.005,2910.285,2909.945,2910.155
1741684560000,2910.185,2910.635,2910.105,2910.535
1741684620000,2910.485,2910.725,2910.215,2910.265
1741684680000,2910.268,2910.505,2909.755,2910.345
1741684740000,2910.325,2910.595,2909.975,2910.075
1741684800000,2910.005,2910.375,2909.318,2909.388
1741684860000,2909.475,2909.515,2909.035,2909.205
1741684920000,2909.198,2910.195,2908.975,2910.125
1741684980000,2910.145,2910.615,2910.135,2910.465
1741685040000,2910.475,2910.645,2910.115,2910.375
1741685100000,2910.375,2910.715,2909.875,2910.545
1741685160000,2910.565,2910.635,2910.115,2910.495
1741685220000,2910.525,2910.805,2910.385,2910.665
1741685280000,2910.695,2910.745,2910.245,2910.525
1741685340000,2910.495,2910.925,2910.425,2910.855
1741685400000,2910.945,2911.255,2910.175,2910.195
1741685460000,2910.195,2910.415,2910.085,2910.125
1741685520000,2910.125,2910.555,2910.055,2910.245
1741685580000,2910.245,2910.575,2909.665,2909.895
1741685640000,2909.915,2909.925,2909.178,2909.345
1741685700000,2909.325,2909.705,2909.088,2909.165
1741685760000,2909.165,2909.575,2908.645,2908.885
1741685820000,2908.885,2909.165,2908.595,2908.855
1741685880000,2908.855,2909.455,2908.645,2909.225
1741685940000,2909.245,2909.305,2908.875,2909.235
1741686000000,2909.205,2909.335,2909.005,2909.298
1741686060000,2909.445,2910.255,2909.445,2910.225
1741686120000,2910.225,2910.285,2909.385,2909.555
1741686180000,2909.555,2909.935,2909.485,2909.925
1741686240000,2909.925,2910.465,2909.885,2910.445
1741686300000,2910.405,2911.325,2910.235,2911.325
1741686360000,2911.315,2912.025,2911.305,2911.475
1741686420000,2911.455,2912.115,2909.895,2909.895
1741686480000,2909.905,2910.358,2909.828,2910.135
1741686540000,2910.205,2910.385,2909.775,2910.245
1741686600000,2910.235,2910.845,2909.935,2910.615
1741686660000,2910.625,2910.875,2910.225,2910.585
1741686720000,2910.585,2910.765,2910.335,2910.535
1741686780000,2910.665,2911.255,2910.415,2911.165
1741686840000,2911.145,2912.055,2911.135,2911.515
1741686900000,2911.545,2912.205,2911.395,2911.405
1741686960000,2911.375,2911.965,2911.348,2911.925
1741687020000,2911.925,2912.235,2911.285,2911.745
1741687080000,2911.775,2912.025,2911.485,2911.625
1741687140000,2911.625,2911.865,2911.378,2911.495
1741687200000,2911.565,2911.668,2910.695,2911.105
1741687260000,2911.085,2912.325,2911.025,2912.155
1741687320000,2912.185,2912.365,2911.985,2912.345
1741687380000,2912.325,2912.685,2911.975,2912.005
1741687440000,2911.975,2912.195,2911.805,2912.125
1741687500000,2912.125,2912.365,2911.565,2911.595
1741687560000,2911.585,2911.675,2911.259,2911.525
1741687620000,2911.515,2911.855,2911.285,2911.505
1741687680000,2911.655,2911.955,2911.425,2911.595
1741687740000,2911.585,2911.785,2911.325,2911.345
1741687800000,2911.355,2911.615,2911.115,2911.305
1741687860000,2911.345,2911.395,2910.695,2910.755
1741687920000,2910.755,2912.145,2910.755,2912.025
1741687980000,2912.045,2912.325,2911.425,2911.515
1741688040000,2911.485,2911.655,2911.295,2911.335
1741688100000,2911.329,2912.185,2911.075,2911.935
1741688160000,2911.918,2912.365,2911.848,2912.255
1741688220000,2912.305,2912.705,2912.205,2912.495
1741688280000,2912.495,2912.685,2912.495,2912.505
1741688340000,2912.585,2912.768,2912.285,2912.485
1741688400000,2912.405,2912.695,2912.165,2912.265
1741688460000,2912.235,2912.545,2912.045,2912.125
1741688520000,2912.155,2912.265,2911.725,2911.755
1741688580000,2911.735,2912.825,2911.605,2912.825
1741688640000,2912.845,2913.415,2912.795,2913.355
1741688700000,2913.325,2913.925,2913.315,2913.655
1741688760000,2913.685,2914.045,2912.915,2913.185
1741688820000,2913.245,2913.445,2913.145,2913.185
1741688880000,2913.165,2913.165,2912.385,2912.615
1741688940000,2912.585,2912.655,2912.305,2912.635
1741689000000,2912.665,2913.355,2912.485,2913.145
1741689060000,2913.155,2913.255,2912.265,2912.265
1741689120000,2912.235,2912.235,2911.825,2911.825
1741689180000,2911.805,2912.335,2911.785,2911.885
1741689240000,2911.855,2912.275,2911.495,2911.725
1741689300000,2911.765,2912.385,2911.725,2911.865
1741689360000,2911.845,2912.095,2911.705,2911.935
1741689420000,2911.915,2911.915,2910.825,2911.465
1741689480000,2911.425,2912.155,2911.255,2912.135
1741689540000,2912.135,2913.175,2912.135,2913.105
1741689600000,2913.105,2913.635,2913.005,2913.158
1741689660000,2913.185,2913.355,2912.965,2913.195
1741689720000,2913.165,2913.465,2912.885,2912.995
1741689780000,2912.995,2913.485,2912.715,2913.485
1741689840000,2913.515,2914.235,2913.515,2914.165
1741689900000,2914.185,2914.295,2913.785,2913.805
1741689960000,2913.845,2914.105,2913.705,2913.895
1741690020000,2913.955,2914.255,2913.915,2914.075
1741690080000,2914.085,2914.355,2914.035,2914.125
1741690140000,2914.125,2914.285,2913.795,2913.895
1741690200000,2913.895,2913.945,2912.975,2913.488
1741690260000,2913.488,2913.515,2913.235,2913.455
1741690320000,2913.445,2914.085,2913.425,2913.885
1741690380000,2913.895,2913.895,2913.395,2913.435
1741690440000,2913.405,2913.525,2912.805,2912.905
1741690500000,2912.905,2912.985,2912.665,2912.725
1741690560000,2912.725,2912.755,2912.385,2912.465
1741690620000,2912.445,2912.545,2911.985,2912.125
1741690680000,2912.125,2912.455,2911.935,2912.275
1741690740000,2912.275,2912.335,2911.745,2911.795
1741690800000,2911.825,2912.035,2911.625,2911.995
1741690860000,2911.995,2912.235,2911.945,2912.105
1741690920000,2912.105,2912.465,2912.035,2912.245
1741690980000,2912.205,2912.205,2911.435,2911.835
1741691040000,2911.845,2911.845,2911.125,2911.155
1741691100000,2911.195,2911.355,2910.615,2910.615
1741691160000,2910.565,2911.655,2910.515,2911.655
1741691220000,2911.635,2911.885,2911.445,2911.865
1741691280000,2911.865,2912.665,2911.705,2912.655
1741691340000,2912.645,2913.055,2912.445,2912.775
1741691400000,2912.775,2913.175,2912.705,2913.005
1741691460000,2913.005,2913.415,2912.805,2912.985
1741691520000,2912.975,2913.155,2912.445,2912.465
1741691580000,2912.455,2912.545,2912.305,2912.335
1741691640000,2912.335,2912.455,2912.135,2912.365
1741691700000,2912.385,2912.465,2912.075,2912.285
1741691760000,2912.235,2912.815,2911.975,2912.465
1741691820000,2912.465,2913.235,2912.445,2913.045
1741691880000,2913.045,2913.085,2912.375,2912.425
1741691940000,2912.445,2912.625,2912.385,2912.595
1741692000000,2912.595,2912.735,2912.305,2912.395
1741692060000,2912.375,2912.395,2911.875,2912.295
1741692120000,2912.295,2912.305,2911.605,2911.675
1741692180000,2911.625,2912.815,2911.615,2912.365
1741692240000,2912.355,2913.185,2912.355,2912.405
1741692300000,2912.405,2912.795,2911.955,2912.315
1741692360000,2912.435,2912.495,2911.975,2912.275
1741692420000,2912.265,2912.535,2912.095,2912.495
1741692480000,2912.525,2913.265,2912.525,2912.935
1741692540000,2912.935,2913.525,2912.935,2913.385
1741692600000,2913.335,2914.055,2913.335,2913.625
1741692660000,2913.525,2914.095,2913.405,2913.955
1741692720000,2913.925,2914.595,2913.905,2914.535
1741692780000,2914.565,2915.268,2914.535,2914.705
1741692840000,2914.715,2915.015,2913.515,2913.515
1741692900000,2913.495,2913.845,2912.635,2912.905
1741692960000,2912.905,2912.915,2912.235,2912.425
1741693020000,2912.425,2913.065,2912.385,2912.995
1741693080000,2912.989,2913.675,2912.505,2913.155
1741693140000,2913.155,2913.225,2912.815,2912.995
1741693200000,2913.025,2914.015,2912.975,2913.325
1741693260000,2913.375,2914.325,2913.175,2914.325
1741693320000,2914.325,2914.395,2913.975,2914.315
1741693380000,2914.335,2914.665,2914.235,2914.605
1741693440000,2914.705,2914.755,2914.255,2914.595
1741693500000,2914.575,2914.815,2914.145,2914.395
1741693560000,2914.395,2915.225,2914.395,2915.005
1741693620000,2915.005,2915.155,2914.795,2914.935
1741693680000,2914.905,2914.955,2914.225,2914.285
1741693740000,2914.285,2914.675,2913.965,2914.125
1741693800000,2914.125,2914.135,2913.355,2913.995
1741693860000,2914.015,2914.255,2913.625,2913.675
1741693920000,2913.705,2914.065,2913.245,2913.285
1741693980000,2913.265,2913.665,2913.055,2913.255
1741694040000,2913.205,2913.355,2913.045,2913.075
1741694100000,2913.045,2913.355,2912.635,2913.105
1741694160000,2913.105,2913.795,2913.035,2913.455
1741694220000,2913.455,2913.785,2913.425,2913.605
1741694280000,2913.565,2913.625,2913.188,2913.255
1741694340000,2913.178,2913.475,2913.155,2913.325
1741694400000,2913.335,2913.675,2913.208,2913.395
1741694460000,2913.395,2913.395,2912.298,2912.468
1741694520000,2912.468,2913.135,2912.288,2912.945
1741694580000,2912.995,2913.775,2912.855,2913.525
1741694640000,2913.525,2913.545,2913.145,2913.545
1741694700000,2913.545,2913.805,2913.315,2913.485
1741694760000,2913.505,2913.615,2913.155,2913.425
1741694820000,2913.435,2913.595,2913.305,2913.485
1741694880000,2913.515,2913.545,2913.025,2913.325
1741694940000,2913.325,2913.735,2912.935,2913.045
1741695000000,2913.055,2913.245,2912.635,2912.815
1741695060000,2912.815,2913.135,2912.625,2912.755
1741695120000,2912.795,2913.945,2912.775,2913.935
1741695180000,2913.895,2913.925,2912.475,2912.645
1741695240000,2912.625,2912.995,2912.335,2912.445
1741695300000,2912.435,2912.435,2911.335,2911.425
1741695360000,2911.405,2911.895,2911.335,2911.555
1741695420000,2911.545,2911.695,2910.985,2911.025
1741695480000,2910.945,2911.255,2910.545,2911.075
1741695540000,2911.105,2911.105,2910.345,2910.365
1741695600000,2910.335,2911.225,2910.335,2910.655
1741695660000,2910.735,2911.125,2910.365,2910.525
1741695720000,2910.545,2912.165,2910.515,2911.318
1741695780000,2911.338,2911.648,2910.798,2911.125
1741695840000,2911.085,2911.365,2910.485,2911.335
1741695900000,2911.378,2912.045,2911.295,2911.945
1741695960000,2911.905,2911.905,2911.265,2911.505
1741696020000,2911.515,2913.155,2911.515,2912.575
1741696080000,2912.545,2913.785,2912.545,2913.585
1741696140000,2913.635,2914.105,2912.565,2912.715
1741696200000,2912.755,2913.375,2912.405,2912.795
1741696260000,2912.815,2913.035,2912.125,2912.505
1741696320000,2912.645,2914.025,2912.525,2913.745
1741696380000,2913.735,2913.905,2912.085,2912.205
1741696440000,2912.318,2912.975,2912.315,2912.955
1741696500000,2912.995,2913.635,2912.905,2913.495
1741696560000,2913.505,2914.305,2912.815,2913.075
1741696620000,2913.125,2913.205,2912.735,2913.015
1741696680000,2912.949,2912.949,2912.235,2912.475
1741696740000,2912.435,2914.065,2912.435,2914.065
1741696800000,2914.075,2915.325,2913.865,2914.595
1741696860000,2914.585,2915.305,2914.198,2914.825
1741696920000,2914.925,2915.445,2914.595,2915.405
1741696980000,2915.355,2915.835,2914.825,2915.065
1741697040000,2915.095,2915.665,2914.825,2915.385
1741697100000,2915.365,2915.565,2915.045,2915.165
1741697160000,2915.185,2915.265,2914.735,2915.165
1741697220000,2915.195,2915.455,2914.415,2914.475
1741697280000,2914.495,2914.495,2913.325,2913.935
1741697340000,2913.875,2914.045,2913.588,2914.045
1741697400000,2914.085,2914.235,2913.545,2913.705
1741697460000,2913.705,2914.035,2913.405,2913.725
1741697520000,2913.685,2913.835,2912.555,2912.555
1741697580000,2912.505,2913.435,2912.175,2913.165
1741697640000,2913.195,2913.965,2913.075,2913.595
1741697700000,2913.595,2913.715,2913.155,2913.455
1741697760000,2913.485,2913.555,2912.755,2912.825
1741697820000,2912.825,2912.845,2911.065,2912.135
1741697880000,2912.115,2912.195,2911.475,2911.985
1741697940000,2911.968,2913.145,2911.235,2912.925
1741698000000,2912.935,2913.665,2912.315,2912.315
1741698060000,2912.295,2912.555,2911.005,2911.205
1741698120000,2911.255,2911.415,2910.695,2910.695
1741698180000,2910.865,2911.185,2910.558,2910.695
1741698240000,2910.645,2910.875,2910,2910.025
1741698300000,2910.105,2910.305,2908.715,2908.795
1741698360000,2908.795,2909.545,2907.615,2909.115
1741698420000,2909.095,2909.765,2908.745,2908.825
1741698480000,2908.785,2909.955,2908.065,2908.425
1741698540000,2908.405,2909.235,2907.775,2909.065
1741698600000,2909.295,2909.815,2908.425,2908.895
1741698660000,2908.865,2909.795,2908.748,2909.705
1741698720000,2909.715,2911.045,2909.108,2909.345
1741698780000,2909.328,2909.348,2907.498,2907.865
1741698840000,2907.868,2908.225,2907.275,2907.695
1741698900000,2907.685,2907.715,2906.665,2907.655
1741698960000,2907.605,2908.835,2907.535,2908.165
1741699020000,2908.155,2909.155,2907.565,2908.855
1741699080000,2908.765,2909.315,2907.315,2907.515
1741699140000,2907.505,2908.825,2907.485,2908.725
1741699200000,2908.735,2908.935,2908.168,2908.595
1741699260000,2908.725,2910.105,2908.458,2910.048
1741699320000,2910.048,2910.315,2909.498,2910.148
1741699380000,2910.068,2911.058,2910.055,2910.948
1741699440000,2910.955,2911.875,2910.248,2911.465
1741699500000,2911.455,2912.255,2910.895,2911.105
1741699560000,2911.055,2911.135,2909.985,2910.185
1741699620000,2909.949,2911.415,2909.655,2910.835
1741699680000,2910.819,2911.405,2910.775,2911.405
1741699740000,2911.395,2911.405,2910.335,2911.215
1741699800000,2911.445,2912.405,2910.785,2912.335
1741699860000,2912.325,2912.595,2910.355,2910.675
1741699920000,2910.645,2911.765,2910.595,2910.895
1741699980000,2910.835,2913.275,2910.835,2913.025
1741700040000,2913.055,2914.948,2912.949,2914.705
1741700100000,2914.709,2917.175,2914.535,2916.785
1741700160000,2916.775,2917.465,2915.925,2915.995
1741700220000,2916.005,2917.545,2915.895,2917.355
1741700280000,2917.315,2920.418,2916.925,2919.065
1741700340000,2919.098,2919.385,2918.545,2918.885
1741700400000,2918.818,2918.975,2917.048,2917.365
1741700460000,2917.668,2919.455,2917.668,2918.798
1741700520000,2918.798,2920.175,2918.158,2919.848
1741700580000,2919.848,2920.235,2918.978,2919.318
1741700640000,2919.355,2920.655,2918.965,2919.525
1741700700000,2919.539,2921.825,2919.018,2920.765
1741700760000,2920.628,2922.048,2920.445,2921.605
1741700820000,2921.535,2921.625,2918.428,2918.575
1741700880000,2918.569,2918.835,2917.525,2918.095
1741700940000,2918.095,2919.735,2918.075,2919.645
1741701000000,2919.685,2919.685,2918.145,2918.555
1741701060000,2918.549,2918.795,2917.525,2918.145
1741701120000,2918.165,2918.435,2916.948,2917.155
1741701180000,2917.335,2918.835,2916.448,2918.655
1741701240000,2918.665,2919.045,2917.235,2917.615
1741701300000,2917.575,2917.815,2916.955,2917.165
1741701360000,2917.165,2917.845,2916.815,2917.205
1741701420000,2917.215,2917.705,2917.005,2917.175
1741701480000,2917.225,2917.548,2916.159,2916.825
1741701540000,2916.855,2917.905,2916.625,2917.405
1741701600000,2917.465,2917.625,2915.855,2917.555
1741701660000,2917.305,2917.695,2915.948,2916.025
1741701720000,2916.005,2917.565,2915.905,2916.748
1741701780000,2916.775,2917.148,2915.825,2915.855
1741701840000,2915.875,2916.185,2914.998,2915.448
1741701900000,2915.548,2917.348,2915.315,2917.038
1741701960000,2917.048,2919.405,2916.755,2919.375
1741702020000,2919.425,2920.185,2918.985,2919.115
1741702080000,2919.195,2919.515,2917.875,2919.515
1741702140000,2919.465,2920.045,2918.955,2919.685
1741702200000,2919.645,2920.165,2918.855,2919.108
1741702260000,2919.058,2920.055,2918.568,2919.938
1741702320000,2919.938,2920.435,2918.848,2918.978
1741702380000,2918.978,2919.858,2918.498,2918.718
1741702440000,2918.698,2919.748,2918.495,2918.748
1741702500000,2918.748,2919.948,2918.288,2919.748
1741702560000,2919.848,2920.725,2919.238,2919.298
1741702620000,2919.298,2919.448,2918.148,2918.785
1741702680000,2918.779,2919.075,2917.355,2917.475
1741702740000,2917.469,2919.065,2917.275,2917.595
1741702800000,2917.595,2919.025,2917.348,2918.595
1741702860000,2918.575,2919.215,2916.885,2916.985
1741702920000,2916.995,2917.005,2915.898,2916.315
1741702980000,2916.338,2916.455,2915.548,2916.055
1741703040000,2915.995,2916.065,2915.005,2915.758
1741703100000,2915.748,2917.945,2915.645,2917.418
1741703160000,2917.408,2917.828,2916.915,2917.695
1741703220000,2917.665,2917.935,2916.725,2916.955
1741703280000,2916.965,2917.005,2915.175,2915.355
1741703340000,2915.375,2915.855,2914.945,2915.825
1741703400000,2915.845,2916.435,2915.485,2915.755
1741703460000,2915.765,2916.505,2915.695,2915.995
1741703520000,2915.945,2916.395,2915.125,2915.355
1741703580000,2915.375,2915.425,2913.215,2914.135
1741703640000,2914.175,2914.315,2913.695,2913.735
1741703700000,2913.725,2913.725,2913.075,2913.525
1741703760000,2913.545,2914.775,2913.335,2914.775
1741703820000,2914.745,2915.015,2913.605,2914.325
1741703880000,2914.305,2914.945,2912.835,2913.095
1741703940000,2913.115,2914.115,2912.648,2913.235
1741704000000,2913.225,2913.845,2912.475,2912.705
1741704060000,2912.695,2913.015,2911.625,2912.115
1741704120000,2912.075,2913.938,2912.065,2912.495
1741704180000,2912.458,2914.048,2912.075,2913.748
1741704240000,2913.748,2915.205,2913.748,2915.148
1741704300000,2915.215,2915.765,2914.595,2915.605
1741704360000,2915.745,2915.875,2914.185,2914.455
1741704420000,2914.435,2915.225,2914.015,2914.695
1741704480000,2914.675,2915.548,2914.448,2915.148
1741704540000,2915.148,2915.248,2914.155,2914.215
1741704600000,2914.245,2914.668,2914.035,2914.385
1741704660000,2914.385,2914.675,2913.558,2913.838
1741704720000,2913.838,2914.518,2913.788,2914.395
1741704780000,2914.345,2915.585,2914.225,2915.255
1741704840000,2915.335,2915.685,2914.835,2915.115
1741704900000,2915.165,2915.495,2914.305,2914.695
1741704960000,2914.625,2914.845,2914.285,2914.685
1741705020000,2914.775,2914.775,2913.535,2913.835
1741705080000,2913.885,2913.985,2913.175,2913.785
1741705140000,2913.745,2913.865,2913.358,2913.725
1741705200000,2913.719,2915.665,2913.609,2915.295
1741705260000,2915.235,2916.565,2914.835,2916.085
1741705320000,2916.085,2916.645,2915.645,2915.935
1741705380000,2915.915,2916.525,2915.235,2916.465
1741705440000,2916.485,2917.635,2916.445,2916.948
1741705500000,2916.955,2918.065,2916.345,2917.948
1741705560000,2917.955,2918.975,2917.848,2918.755
1741705620000,2918.785,2919.159,2918.148,2918.848
1741705680000,2918.755,2918.948,2918.048,2918.665
1741705740000,2918.565,2919.648,2918.555,2919.165
1741705800000,2919.148,2919.605,2918.525,2919.105
1741705860000,2919.075,2919.175,2918.445,2918.575
1741705920000,2918.575,2918.905,2918.245,2918.795
1741705980000,2918.785,2919.665,2918.688,2918.815
1741706040000,2918.825,2919.355,2918.165,2919.335
1741706100000,2919.305,2919.335,2918.055,2918.295
1741706160000,2918.425,2919.105,2918.055,2918.705
1741706220000,2918.785,2918.815,2917.595,2917.805
1741706280000,2917.805,2919.375,2917.765,2919.365
1741706340000,2919.345,2919.385,2918.465,2918.545
1741706400000,2918.605,2918.705,2917.205,2917.205
1741706460000,2917.185,2917.225,2916.268,2916.295
1741706520000,2916.325,2916.358,2915.548,2915.978
1741706580000,2916.008,2916.068,2915.028,2915.028
1741706640000,2915.025,2915.748,2914.435,2915.548
1741706700000,2915.548,2915.748,2914.898,2915.385
1741706760000,2915.335,2915.948,2915.148,2915.545
1741706820000,2915.379,2915.379,2914.035,2914.565
1741706880000,2914.428,2915.345,2914.145,2915.215
1741706940000,2915.235,2915.325,2914.395,2915.235
1741707000000,2915.275,2916.015,2914.885,2915.965
1741707060000,2915.975,2917.475,2915.895,2917.475
1741707120000,2917.445,2918.145,2917.135,2918.115
1741707180000,2918.195,2918.965,2917.225,2917.325
1741707240000,2917.305,2917.425,2916.695,2916.725
1741707300000,2916.735,2916.805,2916.285,2916.355
1741707360000,2916.385,2916.695,2915.715,2915.825
1741707420000,2915.805,2915.875,2914.415,2915.825
1741707480000,2915.865,2917.695,2915.835,2917.625
1741707540000,2917.645,2918.205,2917.285,2918.065
1741707600000,2918.065,2919.625,2917.935,2919.305
1741707660000,2919.355,2919.645,2918.765,2918.895
1741707720000,2918.895,2919.395,2918.895,2919.235
1741707780000,2919.185,2919.265,2917.625,2918.045
1741707840000,2918.085,2918.345,2917.785,2918.055
1741707900000,2918.105,2918.255,2917.685,2917.815
1741707960000,2917.695,2917.785,2916.995,2916.995
1741708020000,2916.975,2917.395,2916.845,2917.085
1741708080000,2917.105,2917.705,2917.055,2917.475
1741708140000,2917.505,2917.825,2917.145,2917.305
1741708200000,2917.305,2917.925,2917.165,2917.785
1741708260000,2917.815,2918.195,2917.718,2917.925
1741708320000,2917.905,2918.795,2917.788,2918.505
1741708380000,2918.545,2918.615,2917.825,2917.915
1741708440000,2918.025,2918.315,2917.445,2917.535
1741708500000,2917.555,2917.865,2917.405,2917.705
1741708560000,2917.605,2917.875,2917.295,2917.465
1741708620000,2917.495,2917.495,2916.925,2917.155
1741708680000,2917.175,2917.345,2916.505,2916.595
1741708740000,2916.615,2916.655,2916.035,2916.615
1741708800000,2916.608,2916.618,2915.848,2916.105
1741708860000,2916.115,2916.665,2915.828,2916.055
1741708920000,2916.095,2917.515,2916.055,2917.235
1741708980000,2917.245,2917.275,2916.705,2916.815
1741709040000,2916.828,2917.245,2916.695,2917.215
1741709100000,2917.115,2917.245,2916.525,2916.885
1741709160000,2916.945,2917.325,2916.055,2916.315
1741709220000,2916.335,2916.705,2915.855,2916.065
1741709280000,2916.045,2916.225,2915.615,2916.225
1741709340000,2916.295,2916.315,2915.915,2916.165
1741709400000,2916.135,2916.455,2915.695,2916.455
1741709460000,2916.445,2916.535,2915.795,2916.515
1741709520000,2916.535,2917.045,2916.225,2916.855
1741709580000,2916.845,2916.865,2916.265,2916.315
1741709640000,2916.275,2916.345,2915.805,2915.935
1741709700000,2915.895,2916.505,2915.735,2916.095
1741709760000,2916.125,2916.265,2915.505,2915.885
1741709820000,2915.905,2916.735,2915.848,2916.718
1741709880000,2916.758,2917.095,2916.618,2916.798
1741709940000,2916.798,2916.978,2916.128,2916.288
1741710000000,2916.329,2916.995,2916.258,2916.795
1741710060000,2916.815,2916.935,2916.425,2916.755
1741710120000,2916.795,2917.725,2916.765,2917.615
1741710180000,2917.665,2917.675,2916.625,2917.045
1741710240000,2917.065,2917.215,2916.648,2916.848
1741710300000,2916.778,2917.348,2916.735,2917.048
1741710360000,2917.048,2917.148,2916.688,2916.708
1741710420000,2916.639,2916.715,2915.788,2915.788
1741710480000,2915.768,2916.865,2915.768,2916.748
1741710540000,2916.848,2916.848,2916.115,2916.208
1741710600000,2916.208,2917.005,2916.198,2916.885
1741710660000,2916.755,2917.075,2916.145,2916.605
1741710720000,2916.415,2916.595,2916.175,2916.525
1741710780000,2916.485,2916.725,2916.155,2916.225
1741710840000,2916.235,2916.235,2915.385,2915.385
1741710900000,2915.375,2915.785,2914.975,2915.475
1741710960000,2915.425,2915.895,2914.945,2915.355
1741711020000,2915.485,2916.925,2915.265,2916.565
1741711080000,2916.575,2917.085,2916.355,2916.945
1741711140000,2916.925,2917.245,2916.675,2916.765
1741711200000,2916.745,2916.805,2916.175,2916.605
1741711260000,2916.575,2916.575,2915.595,2915.615
1741711320000,2915.665,2916.825,2915.505,2916.695
1741711380000,2916.695,2917.925,2916.645,2916.815
1741711440000,2916.665,2916.915,2916.175,2916.225
1741711500000,2916.145,2916.405,2915.855,2915.915
1741711560000,2915.925,2916.785,2915.925,2916.535
1741711620000,2916.445,2917.045,2916.355,2916.435
1741711680000,2916.445,2916.475,2915.525,2915.615
1741711740000,2915.715,2916.535,2915.715,2916.335
1741711800000,2916.345,2916.705,2916.035,2916.265
1741711860000,2916.305,2916.915,2916.185,2916.295
1741711920000,2916.255,2916.595,2916.115,2916.275
1741711980000,2916.215,2917.085,2915.835,2916.625
1741712040000,2916.675,2916.675,2915.785,2916.065
1741712100000,2916.145,2916.735,2916.065,2916.575
1741712160000,2916.545,2917.335,2916.545,2917.225
1741712220000,2917.215,2917.305,2916.715,2916.845
1741712280000,2916.815,2917.515,2916.725,2917.105
1741712340000,2917.075,2917.315,2916.855,2916.965
1741712400000,2916.965,2917.645,2916.785,2917.605
1741712460000,2917.595,2917.635,2916.825,2917.405
1741712520000,2917.405,2917.505,2916.845,2917.045
1741712580000,2917.035,2917.245,2915.975,2916.275
1741712640000,2916.285,2916.375,2915.665,2915.805
1741712700000,2915.775,2917.605,2915.645,2917.445
1741712760000,2917.425,2917.605,2917.025,2917.185
1741712820000,2917.285,2917.975,2916.985,2917.025
1741712880000,2916.985,2917.615,2916.975,2917.365
1741712940000,2917.415,2918.045,2917.315,2917.775
1741713000000,2917.865,2919.395,2917.865,2919.275
1741713060000,2919.275,2919.675,2919.065,2919.095
1741713120000,2918.865,2919.065,2918.415,2918.975
1741713180000,2918.975,2920.405,2918.375,2920.345
1741713240000,2920.345,2920.465,2919.125,2919.165
1741713300000,2919.165,2919.635,2918.965,2919.335
1741713360000,2919.335,2919.685,2919.095,2919.325
1741713420000,2919.325,2920.015,2919.205,2919.215
1741713480000,2919.235,2919.665,2919.115,2919.355
1741713540000,2919.415,2919.495,2918.405,2918.505
1741713600000,2918.465,2918.695,2917.735,2917.735
1741713660000,2917.705,2917.995,2917.075,2917.335
1741713720000,2917.385,2917.435,2916.875,2916.875
1741713780000,2916.955,2916.955,2915.615,2915.615
1741713840000,2915.655,2916.475,2915.655,2915.695
1741713900000,2915.695,2916.025,2914.235,2914.305
1741713960000,2914.285,2914.825,2913.935,2914.345
1741714020000,2914.395,2915.055,2913.895,2914.655
1741714080000,2914.685,2915.055,2913.985,2914.095
1741714140000,2914.095,2915.605,2914.095,2915.585
1741714200000,2915.515,2915.915,2915.175,2915.585
1741714260000,2915.655,2916.575,2915.485,2916.135
1741714320000,2916.115,2916.365,2915.805,2916.335
1741714380000,2916.305,2917.165,2916.125,2917.145
1741714440000,2917.105,2917.805,2917.105,2917.295
1741714500000,2917.315,2917.875,2917.185,2917.195
1741714560000,2917.215,2917.625,2916.865,2916.935
1741714620000,2916.905,2917.325,2916.805,2916.985
1741714680000,2916.885,2917.045,2916.365,2916.655
1741714740000,2916.635,2917.365,2916.615,2917.265
1741714800000,2917.255,2917.535,2917.085,2917.495
1741714860000,2917.465,2918.015,2917.395,2917.945
1741714920000,2917.975,2917.975,2917.335,2917.395
1741714980000,2917.435,2917.505,2916.995,2917.205
1741715040000,2917.155,2917.205,2916.695,2916.955
1741715100000,2916.915,2917.385,2916.685,2917.135
1741715160000,2917.195,2917.635,2916.885,2917.605
1741715220000,2917.875,2918.225,2917.685,2918.135
1741715280000,2918.215,2918.265,2917.905,2918.085
1741715340000,2918.069,2918.455,2917.965,2918.165
1741715400000,2918.195,2918.385,2917.948,2918.348
1741715460000,2918.539,2918.539,2917.748,2918.165
1741715520000,2918.115,2918.455,2917.975,2918.085
1741715580000,2918.085,2918.325,2917.835,2918.305
1741715640000,2918.348,2918.615,2918.115,2918.435
1741715700000,2918.385,2919.035,2918.385,2918.655
1741715760000,2918.665,2918.805,2918.255,2918.415
1741715820000,2918.425,2918.425,2917.948,2918.315
1741715880000,2918.235,2918.345,2917.775,2917.775
1741715940000,2917.785,2917.785,2917.325,2917.555
1741716000000,2917.549,2918.135,2916.965,2916.965
1741716060000,2916.945,2918.015,2916.495,2917.955
1741716120000,2917.948,2918.315,2917.485,2917.585
1741716180000,2917.635,2918.215,2917.215,2917.395
1741716240000,2917.485,2917.485,2916.755,2916.785
1741716300000,2916.735,2916.795,2916.348,2916.485
1741716360000,2916.505,2916.765,2915.895,2916.115
1741716420000,2915.995,2916.365,2915.595,2915.675
1741716480000,2915.665,2915.665,2914.985,2915.385
1741716540000,2915.365,2915.979,2915.365,2915.725
1741716600000,2915.735,2916.115,2915.675,2916.115
1741716660000,2916.095,2916.955,2915.955,2916.925
1741716720000,2916.965,2917.635,2916.925,2917.555
1741716780000,2917.575,2917.805,2917.149,2917.385
1741716840000,2917.315,2917.565,2916.865,2917.265
1741716900000,2917.265,2917.365,2916.825,2917.025
1741716960000,2916.965,2917.255,2916.735,2916.775
1741717020000,2916.755,2916.755,2915.855,2915.855
1741717080000,2915.805,2916.195,2915.555,2915.835
1741717140000,2915.815,2915.985,2915.465,2915.705
1741717200000,2915.615,2915.975,2915.375,2915.965
1741717260000,2916.005,2916.745,2915.775,2916.515
1741717320000,2916.545,2917.135,2916.525,2916.875
1741717380000,2916.855,2917.355,2916.785,2916.965
1741717440000,2916.975,2917.285,2916.425,2916.535
1741717500000,2916.515,2916.585,2915.955,2916.085
1741717560000,2916.045,2916.275,2915.505,2915.815
1741717620000,2915.825,2916.125,2915.745,2916.025
1741717680000,2915.935,2916.725,2915.785,2916.635
1741717740000,2916.615,2916.855,2916.385,2916.565
1741717800000,2916.595,2917.155,2916.395,2916.615
1741717860000,2916.555,2916.635,2916.055,2916.265
1741717920000,2916.275,2917.105,2916.245,2917.075
1741717980000,2917.035,2917.175,2916.655,2916.805
1741718040000,2916.825,2917.285,2916.785,2916.865
1741718100000,2916.845,2917.225,2916.415,2917.185
1741718160000,2917.035,2917.115,2916.725,2916.775
1741718220000,2916.825,2917.635,2916.825,2917.545
1741718280000,2917.485,2917.695,2917.285,2917.665
1741718340000,2917.565,2917.725,2916.835,2917.085
1741718400000,2917.015,2917.455,2916.715,2917.355
1741718460000,2917.349,2918.505,2917.235,2918.325
1741718520000,2918.365,2918.595,2917.795,2917.925
1741718580000,2917.945,2918.625,2917.715,2917.855
1741718640000,2917.825,2918.705,2917.515,2918.125
1741718700000,2918.165,2918.235,2917.345,2917.355
1741718760000,2917.385,2917.705,2917.185,2917.295
1741718820000,2917.265,2917.705,2917.175,2917.615
1741718880000,2917.615,2918.425,2917.475,2918.385
1741718940000,2918.465,2918.775,2918.185,2918.695
1741719000000,2918.655,2919.185,2918.555,2918.635
1741719060000,2918.609,2918.615,2918.215,2918.315
1741719120000,2918.295,2918.715,2918.135,2918.255
1741719180000,2918.535,2918.948,2918.448,2918.948
1741719240000,2919.048,2919.355,2918.165,2918.315
1741719300000,2918.335,2918.335,2917.575,2917.905
1741719360000,2917.899,2918.365,2917.848,2918.015
1741719420000,2917.985,2918.535,2917.795,2918.295
1741719480000,2918.375,2918.905,2918.095,2918.845
1741719540000,2918.755,2918.885,2917.985,2918.015
1741719600000,2918.015,2918.755,2918.005,2918.595
1741719660000,2918.595,2918.605,2918.035,2918.135
1741719720000,2918.135,2918.185,2917.565,2917.775
1741719780000,2917.775,2917.905,2917.245,2917.835
1741719840000,2917.925,2918.345,2917.795,2918.135
1741719900000,2918.145,2918.855,2918.139,2918.765
1741719960000,2918.745,2919.255,2918.665,2918.995
1741720020000,2918.995,2919.435,2918.595,2919.249
1741720080000,2919.345,2919.675,2919.255,2919.285
1741720140000,2919.225,2919.415,2918.815,2918.945
1741720200000,2919.055,2919.355,2918.365,2919.195
1741720260000,2919.185,2919.685,2918.985,2919.195
1741720320000,2919.189,2919.405,2918.848,2919.025
1741720380000,2919.025,2919.215,2918.675,2918.895
1741720440000,2918.895,2919.105,2918.775,2918.945
1741720500000,2918.945,2919.335,2918.645,2919.295
1741720560000,2919.269,2919.425,2918.605,2919.405
1741720620000,2919.425,2919.485,2918.845,2919.125
1741720680000,2919.135,2920.345,2918.915,2920.275
1741720740000,2920.295,2920.455,2920.065,2920.315
1741720800000,2920.425,2920.848,2920.395,2920.565
1741720860000,2920.555,2920.735,2919.995,2920.405
1741720920000,2920.399,2920.655,2920.345,2920.415
1741720980000,2920.409,2920.595,2920.095,2920.525
1741721040000,2920.525,2920.615,2919.945,2920.135
1741721100000,2920.135,2920.275,2919.795,2919.915
1741721160000,2919.935,2920.745,2919.895,2920.275
1741721220000,2920.275,2920.525,2919.895,2920.415
1741721280000,2920.415,2920.555,2919.925,2920.365
1741721340000,2920.365,2920.499,2919.855,2920.025
1741721400000,2919.915,2920.475,2919.875,2920.285
1741721460000,2920.285,2920.985,2920.285,2920.845
1741721520000,2920.845,2920.905,2920.465,2920.585
1741721580000,2920.585,2920.775,2920.475,2920.705
1741721640000,2920.748,2920.775,2920.489,2920.755
1741721700000,2920.749,2921.005,2920.645,2920.748
1741721760000,2920.735,2920.765,2920.115,2920.265
1741721820000,2920.265,2920.515,2920.045,2920.395
1741721880000,2920.435,2920.645,2920.195,2920.455
1741721940000,2920.455,2920.675,2920.165,2920.305
1741722000000,2920.305,2920.305,2919.705,2919.805
1741722060000,2919.805,2920.545,2919.805,2920.435
1741722120000,2920.435,2920.895,2920.395,2920.845
1741722180000,2920.839,2921.245,2920.575,2921.015
1741722240000,2921.055,2921.195,2920.948,2921.095
1741722300000,2921.105,2921.105,2920.575,2920.805
1741722360000,2920.799,2920.925,2920.595,2920.845
1741722420000,2920.755,2920.755,2920.305,2920.425
1741722480000,2920.419,2920.625,2920.265,2920.585
1741722540000,2920.585,2920.675,2920.355,2920.355
1741722600000,2920.349,2920.575,2920.065,2920.455
1741722660000,2920.455,2920.455,2919.178,2919.225
1741722720000,2919.219,2919.395,2918.848,2919.355
1741722780000,2919.348,2919.455,2918.865,2919.005
1741722840000,2918.999,2919.655,2918.985,2919.435
1741722900000,2919.485,2919.605,2919.305,2919.535
1741722960000,2919.505,2919.505,2918.605,2918.705
1741723020000,2918.715,2919.115,2918.415,2918.485
1741723080000,2918.505,2918.955,2918.385,2918.435
1741723140000,2918.415,2918.465,2918.005,2918.195
1741723200000,2918.195,2918.455,2918.035,2918.275
1741723260000,2918.345,2918.835,2918.325,2918.575
1741723320000,2918.545,2918.765,2918.545,2918.665
1741723380000,2918.715,2918.715,2918.395,2918.445
1741723440000,2918.495,2918.505,2918.095,2918.165
1741723500000,2918.165,2918.165,2917.548,2917.589
1741723560000,2917.555,2917.675,2916.918,2917.098
1741723620000,2917.085,2917.275,2916.958,2917.068
1741723680000,2917.065,2917.515,2917.065,2917.378
1741723740000,2917.488,2917.598,2917.378,2917.508
1741723800000,2917.508,2917.548,2916.608,2916.628
1741723860000,2916.628,2916.888,2916.298,2916.458
1741723920000,2916.458,2916.698,2916.378,2916.488
1741723980000,2916.498,2916.988,2916.388,2916.538
1741724040000,2916.538,2916.538,2915.538,2915.608
1741724100000,2915.608,2916.118,2915.518,2915.528
1741724160000,2915.528,2916.268,2915.528,2916.038
1741724220000,2916.038,2916.348,2915.698,2916.268
1741724280000,2916.115,2916.928,2916.058,2916.808
1741724340000,2916.785,2916.838,2916.358,2916.478
1741724400000,2916.278,2916.388,2915.768,2915.768
1741724460000,2915.768,2916.298,2915.748,2916.298
1741724520000,2916.305,2916.375,2916.078,2916.198
1741724580000,2916.135,2916.135,2915.648,2915.755
1741724640000,2915.778,2916.118,2915.668,2915.838
1741724700000,2915.728,2915.938,2915.728,2915.938
1741724760000,2915.995,2916.048,2915.838,2915.868
1741724820000,2915.868,2916.248,2915.858,2916.248
1741724880000,2916.248,2916.398,2916.038,2916.058
1741724940000,2916.068,2916.068,2915.948,2915.968
1741725000000,2915.968,2916.008,2915.778,2915.778
1741725060000,2915.778,2915.888,2915.708,2915.808
1741725120000,2915.808,2916.058,2915.798,2915.978
1741725180000,2915.795,2915.988,2915.775,2915.988
1741725240000,2915.988,2916.078,2915.798,2916.058
1741725300000,2916.068,2916.068,2915.868,2915.898
1741725360000,2915.908,2916.125,2915.888,2916.105
1741725420000,2916.125,2916.178,2915.808,2915.848
1741725480000,2915.888,2916.198,2915.838,2916.198
1741725540000,2916.165,2916.198,2915.855,2916.188
1741725600000,2916.188,2916.578,2916.188,2916.378
1741725660000,2916.385,2916.645,2916.385,2916.565
1741725720000,2916.558,2916.558,2915.988,2916.118
1741725780000,2916.125,2916.278,2916.125,2916.178
1741725840000,2916.168,2916.498,2916.075,2916.478
1741725900000,2916.448,2916.448,2916.095,2916.095
1741725960000,2916.085,2916.085,2915.865,2915.965
1741726020000,2915.975,2916.125,2915.925,2915.955
1741726080000,2915.955,2916.195,2915.955,2916.155
1741726140000,2916.115,2916.155,2915.885,2915.885
1741726200000,2915.885,2916.175,2915.725,2915.825
1741726260000,2915.818,2915.818,2915.238,2915.238
1741726320000,2915.248,2915.508,2915.118,2915.208
1741726380000,2915.208,2915.408,2914.925,2915.198
1741726440000,2915.188,2915.648,2915.088,2915.278
1741726500000,2915.278,2915.855,2915.278,2915.855
1741726560000,2915.815,2916.105,2915.815,2916.075
1741726620000,2916.065,2916.065,2915.715,2915.885
1741726680000,2915.875,2915.895,2915.335,2915.385
1741726740000,2915.425,2915.805,2915.025,2915.625
1741726800000,2915.625,2915.625,2915.625,2915.625
1741726860000,2915.625,2915.625,2915.625,2915.625
1741726920000,2915.625,2915.625,2915.625,2915.625
1741726980000,2915.625,2915.625,2915.625,2915.625
1741727040000,2915.625,2915.625,2915.625,2915.625
1741727100000,2915.625,2915.625,2915.625,2915.625
1741727160000,2915.625,2915.625,2915.625,2915.625
1741727220000,2915.625,2915.625,2915.625,2915.625
1741727280000,2915.625,2915.625,2915.625,2915.625
1741727340000,2915.625,2915.625,2915.625,2915.625
1741727400000,2915.625,2915.625,2915.625,2915.625
1741727460000,2915.625,2915.625,2915.625,2915.625
1741727520000,2915.625,2915.625,2915.625,2915.625
1741727580000,2915.625,2915.625,2915.625,2915.625
1741727640000,2915.625,2915.625,2915.625,2915.625
1741727700000,2915.625,2915.625,2915.625,2915.625
1741727760000,2915.625,2915.625,2915.625,2915.625
1741727820000,2915.625,2915.625,2915.625,2915.625
1741727880000,2915.625,2915.625,2915.625,2915.625
1741727940000,2915.625,2915.625,2915.625,2915.625
1741728000000,2915.625,2915.625,2915.625,2915.625
1741728060000,2915.625,2915.625,2915.625,2915.625
1741728120000,2915.625,2915.625,2915.625,2915.625
1741728180000,2915.625,2915.625,2915.625,2915.625
1741728240000,2915.625,2915.625,2915.625,2915.625
1741728300000,2915.625,2915.625,2915.625,2915.625
1741728360000,2915.625,2915.625,2915.625,2915.625
1741728420000,2915.625,2915.625,2915.625,2915.625
1741728480000,2915.625,2915.625,2915.625,2915.625
1741728540000,2915.625,2915.625,2915.625,2915.625
1741728600000,2915.625,2915.625,2915.625,2915.625
1741728660000,2915.625,2915.625,2915.625,2915.625
1741728720000,2915.625,2915.625,2915.625,2915.625
1741728780000,2915.625,2915.625,2915.625,2915.625
1741728840000,2915.625,2915.625,2915.625,2915.625
1741728900000,2915.625,2915.625,2915.625,2915.625
1741728960000,2915.625,2915.625,2915.625,2915.625
1741729020000,2915.625,2915.625,2915.625,2915.625
1741729080000,2915.625,2915.625,2915.625,2915.625
1741729140000,2915.625,2915.625,2915.625,2915.625
1741729200000,2915.625,2915.625,2915.625,2915.625
1741729260000,2915.625,2915.625,2915.625,2915.625
1741729320000,2915.625,2915.625,2915.625,2915.625
1741729380000,2915.625,2915.625,2915.625,2915.625
1741729440000,2915.625,2915.625,2915.625,2915.625
1741729500000,2915.625,2915.625,2915.625,2915.625
1741729560000,2915.625,2915.625,2915.625,2915.625
1741729620000,2915.625,2915.625,2915.625,2915.625
1741729680000,2915.625,2915.625,2915.625,2915.625
1741729740000,2915.625,2915.625,2915.625,2915.625
1741729800000,2915.625,2915.625,2915.625,2915.625
1741729860000,2915.625,2915.625,2915.625,2915.625
1741729920000,2915.625,2915.625,2915.625,2915.625
1741729980000,2915.625,2915.625,2915.625,2915.625
1741730040000,2915.625,2915.625,2915.625,2915.625
1741730100000,2915.625,2915.625,2915.625,2915.625
1741730160000,2915.625,2915.625,2915.625,2915.625
1741730220000,2915.625,2915.625,2915.625,2915.625
1741730280000,2915.625,2915.625,2915.625,2915.625
1741730340000,2915.625,2915.625,2915.625,2915.625
1741730400000,2914.998,2915.465,2914.998,2915.325
1741730460000,2915.385,2915.545,2915.115,2915.295
1741730520000,2915.165,2915.305,2915.095,2915.185
1741730580000,2915.245,2915.255,2914.955,2915.035
1741730640000,2915.075,2915.355,2915.035,2915.035
1741730700000,2915.055,2915.055,2914.855,2914.935
1741730760000,2914.945,2915.125,2914.945,2915.065
1741730820000,2915.095,2915.155,2914.425,2914.425
1741730880000,2914.515,2914.515,2914.165,2914.275
1741730940000,2914.315,2914.545,2914.155,2914.395
1741731000000,2914.425,2914.885,2914.425,2914.875
1741731060000,2914.885,2915.875,2914.625,2915.875
1741731120000,2915.875,2915.875,2915.595,2915.745
1741731180000,2915.765,2916.145,2915.765,2916.135
1741731240000,2916.075,2917.015,2916.075,2916.925
1741731300000,2917.085,2917.085,2916.225,2916.225
1741731360000,2916.265,2916.695,2916.265,2916.285
1741731420000,2916.275,2916.275,2915.805,2915.985
1741731480000,2916.025,2916.415,2915.925,2916.345
1741731540000,2916.385,2916.385,2916.145,2916.265
1741731600000,2916.265,2916.265,2915.845,2916.115
1741731660000,2916.145,2916.205,2915.905,2915.925
1741731720000,2915.895,2916.215,2915.825,2916.175
1741731780000,2916.225,2916.585,2916.055,2916.525
1741731840000,2916.525,2916.655,2916.515,2916.525
1741731900000,2916.555,2916.815,2916.445,2916.815
1741731960000,2916.885,2916.935,2916.715,2916.905
1741732020000,2916.905,2917.245,2916.835,2917.245
1741732080000,2917.255,2917.405,2917.165,2917.165
1741732140000,2917.155,2917.155,2916.225,2916.235
1741732200000,2916.295,2916.545,2916.085,2916.515
1741732260000,2916.495,2916.975,2916.448,2916.948
1741732320000,2916.955,2917.248,2916.615,2916.648
1741732380000,2916.648,2916.648,2915.545,2915.648
1741732440000,2915.608,2915.608,2915.405,2915.448
1741732500000,2915.448,2915.548,2915.175,2915.348
1741732560000,2915.348,2915.348,2914.618,2914.648
1741732620000,2914.648,2914.848,2914.285,2914.285
1741732680000,2914.285,2914.745,2914.185,2914.465
1741732740000,2914.418,2915.045,2914.298,2914.895
1741732800000,2914.915,2914.995,2914.725,2914.825
1741732860000,2914.855,2915.265,2914.725,2914.795
1741732920000,2914.855,2914.885,2914.645,2914.845
1741732980000,2914.825,2915.335,2914.825,2915.215
1741733040000,2915.215,2915.235,2915.065,2915.235
1741733100000,2915.255,2916.275,2915.225,2916.275
1741733160000,2916.295,2916.405,2915.935,2916.228
1741733220000,2916.225,2916.695,2915.765,2915.965
1741733280000,2915.955,2915.955,2915.418,2915.495
1741733340000,2915.435,2915.498,2915.105,2915.185
1741733400000,2915.198,2915.605,2914.798,2915.218
1741733460000,2915.255,2916.975,2915.025,2916.865
1741733520000,2916.845,2916.885,2915.885,2916.445
1741733580000,2916.265,2916.295,2915.905,2915.905
1741733640000,2916.015,2916.375,2915.695,2916.105
1741733700000,2916.125,2916.335,2915.545,2916.125
1741733760000,2916.325,2916.925,2916.295,2916.675
1741733820000,2916.615,2916.705,2916.275,2916.315
1741733880000,2915.998,2916.948,2915.935,2916.848
1741733940000,2916.848,2917.648,2916.795,2917.078
1741734000000,2917.118,2917.128,2916.548,2916.748
1741734060000,2916.738,2917.778,2916.738,2917.528
1741734120000,2917.618,2918.118,2917.565,2917.948
1741734180000,2917.928,2917.928,2917.688,2917.788
1741734240000,2917.778,2918.158,2917.718,2918.028
1741734300000,2918.008,2918.008,2917.545,2917.608
1741734360000,2917.628,2918.358,2917.578,2918.308
1741734420000,2918.225,2918.618,2918.188,2918.598
1741734480000,2918.588,2918.848,2918.275,2918.688
1741734540000,2918.529,2919.248,2918.278,2919.148
1741734600000,2919.035,2919.455,2918.848,2918.948
1741734660000,2918.948,2918.995,2917.128,2917.548
1741734720000,2917.548,2917.748,2917.435,2917.548
1741734780000,2917.548,2918.148,2917.488,2917.678
1741734840000,2917.678,2917.768,2917.148,2917.228
1741734900000,2917.228,2917.468,2916.845,2916.878
1741734960000,2916.878,2917.048,2915.895,2915.925
1741735020000,2915.925,2916.448,2915.925,2916.448
1741735080000,2916.448,2916.448,2915.848,2915.948
1741735140000,2915.948,2916.448,2915.845,2916.448
1741735200000,2916.448,2916.548,2916.148,2916.148
1741735260000,2916.148,2916.198,2916.078,2916.178
1741735320000,2916.178,2916.648,2916.048,2916.648
1741735380000,2916.515,2916.848,2916.275,2916.648
1741735440000,2916.658,2916.695,2916.495,2916.655
1741735500000,2916.648,2916.695,2916.605,2916.685
1741735560000,2916.698,2916.705,2916.698,2916.705
1741735620000,2916.688,2916.795,2916.675,2916.695
1741735680000,2916.768,2917.058,2916.748,2917.048
1741735740000,2917.095,2917.358,2917.025,2917.165
1741735800000,2917.195,2917.285,2917.115,2917.248
1741735860000,2917.275,2917.648,2917.175,2917.275
1741735920000,2917.315,2917.735,2917.315,2917.705
1741735980000,2917.635,2917.805,2917.445,2917.745
1741736040000,2917.725,2917.725,2917.478,2917.515
1741736100000,2917.495,2917.805,2917.495,2917.695
1741736160000,2917.728,2917.728,2917.375,2917.395
1741736220000,2917.325,2917.325,2916.985,2916.985
1741736280000,2916.885,2917.015,2916.808,2917.015
1741736340000,2916.995,2917.095,2916.945,2916.975
1741736400000,2916.965,2917.015,2916.848,2916.848
1741736460000,2916.818,2916.855,2916.655,2916.655
1741736520000,2916.648,2916.748,2916.648,2916.748
1741736580000,2916.748,2916.748,2916.248,2916.348
1741736640000,2916.448,2916.548,2916.338,2916.448
1741736700000,2916.448,2916.548,2915.948,2916.048
1741736760000,2915.945,2915.948,2915.778,2915.778
1741736820000,2915.768,2915.848,2915.678,2915.678
1741736880000,2915.678,2915.848,2915.668,2915.848
1741736940000,2915.958,2916.248,2915.888,2916.008
1741737000000,2916.058,2916.148,2915.988,2916.048
1741737060000,2916.148,2916.148,2915.548,2915.648
1741737120000,2915.748,2915.748,2915.448,2915.448
1741737180000,2915.448,2915.448,2915.278,2915.448
1741737240000,2915.448,2915.548,2915.335,2915.548
1741737300000,2915.455,2915.848,2915.455,2915.578
1741737360000,2915.628,2915.638,2915.548,2915.608
1741737420000,2915.608,2915.748,2915.448,2915.498
1741737480000,2915.448,2915.468,2915.108,2915.148
1741737540000,2915.218,2915.258,2915.108,2915.148
1741737600000,2915.148,2915.248,2914.428,2914.858
1741737660000,2914.878,2914.978,2914.408,2914.478
1741737720000,2914.518,2914.605,2914.338,2914.428
1741737780000,2914.478,2914.478,2913.815,2914.038
1741737840000,2914.028,2914.465,2913.948,2914.295
1741737900000,2914.318,2914.425,2914.158,2914.368
1741737960000,2914.338,2914.338,2913.938,2914.045
1741738020000,2914.008,2914.265,2913.958,2913.998
1741738080000,2914.005,2914.215,2913.758,2913.858
1741738140000,2913.898,2913.938,2913.758,2913.768
1741738200000,2913.758,2914.225,2913.648,2913.785
1741738260000,2913.685,2913.745,2913.295,2913.545
1741738320000,2913.495,2913.865,2913.375,2913.845
1741738380000,2913.855,2913.855,2913.695,2913.755
1741738440000,2913.775,2913.775,2913.415,2913.475
1741738500000,2913.585,2913.835,2913.545,2913.725
1741738560000,2913.695,2913.925,2913.595,2913.835
1741738620000,2913.855,2914.115,2913.825,2913.965
1741738680000,2913.955,2914.035,2913.805,2913.895
1741738740000,2913.865,2913.905,2913.415,2913.455
1741738800000,2913.655,2913.735,2913.595,2913.735
1741738860000,2913.655,2913.655,2913.405,2913.585
1741738920000,2913.645,2913.798,2913.505,2913.718
1741738980000,2913.695,2913.888,2913.428,2913.468
1741739040000,2913.458,2913.598,2913.208,2913.568
1741739100000,2913.558,2914.178,2913.548,2913.865
1741739160000,2913.855,2913.918,2913.725,2913.775
1741739220000,2913.835,2913.885,2913.668,2913.735
1741739280000,2913.748,2914.088,2913.638,2913.968
1741739340000,2914.018,2914.535,2913.855,2914.038
1741739400000,2913.968,2914.305,2913.725,2914.305
1741739460000,2914.245,2914.285,2914.025,2914.145
1741739520000,2914.188,2914.435,2914.095,2914.305
1741739580000,2914.335,2914.385,2913.828,2914.355
1741739640000,2914.365,2914.425,2914.145,2914.325
1741739700000,2914.295,2914.345,2914.208,2914.345
1741739760000,2914.365,2914.415,2914.065,2914.065
1741739820000,2914.045,2914.045,2913.065,2913.075
1741739880000,2913.055,2913.175,2912.725,2912.755
1741739940000,2912.775,2913.045,2912.655,2912.705
1741740000000,2912.685,2912.685,2912.395,2912.595
1741740060000,2912.675,2912.675,2912.048,2912.158
1741740120000,2912.125,2912.325,2911.875,2912.175
1741740180000,2912.115,2912.565,2912.005,2912.515
1741740240000,2912.555,2913.305,2912.515,2913.265
1741740300000,2913.225,2913.265,2912.795,2912.915
1741740360000,2912.925,2912.995,2912.645,2912.785
1741740420000,2912.765,2912.945,2912.335,2912.845
1741740480000,2912.815,2913.268,2912.755,2913.218
1741740540000,2913.188,2913.348,2912.948,2913.048
1741740600000,2913.048,2913.248,2912.778,2913.048
1741740660000,2913.348,2913.648,2913.148,2913.348
1741740720000,2913.348,2913.355,2912.848,2912.848
1741740780000,2912.848,2913.025,2912.848,2912.848
1741740840000,2912.769,2913.168,2912.548,2913.168
1741740900000,2913.158,2913.408,2912.958,2913.398
1741740960000,2913.398,2913.885,2913.195,2913.865
1741741020000,2913.875,2914.075,2913.585,2914.075
1741741080000,2914.055,2914.245,2913.908,2914.225
1741741140000,2914.225,2914.335,2913.855,2914.085
1741741200000,2914.035,2914.115,2912.615,2912.898
1741741260000,2912.985,2913.028,2912.448,2912.655
1741741320000,2912.655,2912.835,2912.245,2912.348
1741741380000,2912.365,2912.365,2911.595,2912.075
1741741440000,2912.095,2912.398,2911.665,2911.665
1741741500000,2911.618,2912.248,2911.478,2911.875
1741741560000,2911.875,2912.248,2911.475,2911.788
1741741620000,2911.788,2911.788,2911.148,2911.675
1741741680000,2911.675,2911.845,2911.305,2911.785
1741741740000,2911.825,2912.225,2911.775,2911.815
1741741800000,2911.875,2911.895,2911.245,2911.735
1741741860000,2911.735,2911.735,2911.058,2911.058
1741741920000,2911.058,2911.258,2910.558,2910.698
1741741980000,2910.698,2911.068,2910.558,2911.028
1741742040000,2910.985,2911.295,2910.698,2911.265
1741742100000,2911.345,2912.675,2911.225,2912.555
1741742160000,2912.555,2912.585,2912.025,2912.185
1741742220000,2912.185,2912.535,2911.995,2912.505
1741742280000,2912.525,2913.055,2912.425,2912.975
1741742340000,2913.005,2913.025,2912.425,2912.535
1741742400000,2912.575,2912.705,2912.075,2912.175
1741742460000,2912.285,2912.485,2912.145,2912.365
1741742520000,2912.375,2913.065,2912.345,2913.005
1741742580000,2913.065,2913.665,2912.855,2913.575
1741742640000,2913.525,2914.295,2913.375,2914.195
1741742700000,2914.185,2914.465,2913.695,2913.995
1741742760000,2914.029,2914.685,2913.975,2914.205
1741742820000,2914.195,2914.685,2914.105,2914.565
1741742880000,2914.535,2915.065,2914.475,2914.665
1741742940000,2914.675,2914.675,2914.435,2914.525
1741743000000,2914.525,2915.005,2914.285,2914.505
1741743060000,2914.485,2915.285,2914.305,2915.025
1741743120000,2915.045,2915.405,2914.755,2915.025
1741743180000,2915.045,2915.705,2915.045,2915.635
1741743240000,2915.605,2916.355,2915.605,2915.895
1741743300000,2915.855,2916.035,2915.465,2915.755
1741743360000,2915.775,2916.195,2915.525,2916.195
1741743420000,2916.175,2917.185,2916.065,2917.185
1741743480000,2917.155,2917.185,2916.435,2916.585
1741743540000,2916.575,2916.805,2916.255,2916.285
1741743600000,2916.255,2916.485,2915.865,2915.925
1741743660000,2915.905,2916.155,2915.605,2915.625
1741743720000,2915.475,2915.565,2914.725,2914.765
1741743780000,2914.745,2915.085,2914.645,2914.955
1741743840000,2915.015,2915.855,2914.885,2915.715
1741743900000,2915.725,2915.905,2915.605,2915.845
1741743960000,2915.815,2915.875,2915.315,2915.315
1741744020000,2915.255,2916.155,2915.245,2915.905
1741744080000,2916.005,2916.415,2915.745,2916.375
1741744140000,2916.435,2916.705,2916.145,2916.495
1741744200000,2916.475,2916.515,2916.055,2916.195
1741744260000,2916.145,2916.325,2915.855,2915.975
1741744320000,2915.985,2916.425,2915.215,2915.278
1741744380000,2915.258,2915.458,2915.018,2915.158
1741744440000,2915.198,2915.308,2914.258,2914.608
1741744500000,2914.605,2915.215,2914.485,2915.055
1741744560000,2915.095,2915.215,2914.715,2914.715
1741744620000,2914.825,2915.065,2914.695,2914.845
1741744680000,2914.845,2914.995,2914.585,2914.715
1741744740000,2914.685,2914.755,2914.325,2914.715
1741744800000,2914.565,2914.965,2913.755,2914.915
1741744860000,2914.955,2915.015,2914.615,2914.815
1741744920000,2914.845,2914.945,2914.155,2914.555
1741744980000,2914.545,2914.545,2913.965,2914.405
1741745040000,2914.225,2914.735,2914.225,2914.285
1741745100000,2914.245,2915.005,2914.095,2914.935
1741745160000,2914.885,2915.615,2914.785,2914.945
1741745220000,2914.915,2915.005,2914.395,2914.555
1741745280000,2914.565,2915.005,2914.435,2914.495
1741745340000,2914.489,2914.925,2914.355,2914.775
1741745400000,2914.725,2915.305,2914.655,2914.995
1741745460000,2915.025,2915.335,2914.755,2914.805
1741745520000,2914.825,2915.375,2914.815,2915.225
1741745580000,2915.245,2915.335,2914.965,2915.125
1741745640000,2915.125,2915.325,2915.055,2915.105
1741745700000,2915.105,2915.235,2914.795,2915.045
1741745760000,2915.045,2916.205,2914.845,2915.995
1741745820000,2915.995,2916.005,2915.525,2915.605
1741745880000,2915.625,2915.655,2914.975,2915.145
1741745940000,2915.155,2916.005,2915.085,2915.965
1741746000000,2915.935,2915.935,2915.295,2915.615
1741746060000,2915.585,2915.605,2914.905,2914.965
1741746120000,2914.955,2915.175,2914.665,2914.775
1741746180000,2914.885,2914.955,2914.595,2914.885
1741746240000,2914.845,2914.985,2914.675,2914.695
1741746300000,2914.715,2915.275,2914.655,2915.245
1741746360000,2915.095,2915.125,2914.745,2915.055
1741746420000,2915.135,2915.485,2914.795,2915.435
1741746480000,2915.295,2915.925,2915.295,2915.855
1741746540000,2915.865,2915.945,2915.595,2915.615
1741746600000,2915.865,2916.745,2915.485,2916.715
1741746660000,2916.715,2917.745,2916.595,2917.555
1741746720000,2917.505,2917.675,2917.165,2917.265
1741746780000,2917.275,2918.075,2917.145,2917.705
1741746840000,2917.675,2917.685,2916.345,2916.545
1741746900000,2916.505,2917.145,2916.295,2916.915
1741746960000,2916.875,2916.955,2916.255,2916.365
1741747020000,2916.345,2916.785,2916.255,2916.715
1741747080000,2916.695,2916.995,2916.535,2916.815
1741747140000,2916.805,2916.865,2916.275,2916.385
1741747200000,2916.405,2916.885,2916.405,2916.475
1741747260000,2916.285,2916.615,2915.895,2916.155
1741747320000,2916.125,2916.425,2915.635,2915.635
1741747380000,2915.595,2915.665,2915.335,2915.605
1741747440000,2915.595,2916.395,2915.505,2916.305
1741747500000,2916.345,2917.025,2916.305,2916.755
1741747560000,2916.785,2917.455,2916.435,2916.775
1741747620000,2916.755,2917.145,2916.675,2916.805
1741747680000,2916.795,2917.025,2916.265,2916.295
1741747740000,2916.305,2916.985,2915.985,2916.655
1741747800000,2916.675,2916.905,2916.575,2916.895
1741747860000,2916.985,2916.995,2916.175,2916.205
1741747920000,2916.225,2916.415,2916.115,2916.305
1741747980000,2916.305,2916.448,2915.995,2916.145
1741748040000,2916.105,2916.105,2915.705,2916.005
1741748100000,2916.005,2916.005,2915.135,2915.355
1741748160000,2915.355,2915.555,2915.048,2915.468
1741748220000,2915.458,2915.855,2915.208,2915.815
1741748280000,2915.845,2916.118,2915.808,2916.015
1741748340000,2916.038,2916.188,2915.888,2916.115
1741748400000,2916.045,2917.035,2915.955,2916.905
1741748460000,2916.915,2917.695,2916.895,2917.625
1741748520000,2917.755,2918.455,2917.725,2918.355
1741748580000,2918.295,2919.355,2918.295,2919.105
1741748640000,2919.145,2919.145,2918.285,2918.335
1741748700000,2918.345,2918.345,2917.678,2917.788
1741748760000,2917.788,2918.058,2917.048,2917.185
1741748820000,2917.145,2917.885,2917.145,2917.885
1741748880000,2917.885,2918.485,2917.755,2918.445
1741748940000,2918.465,2918.855,2918.125,2918.155
1741749000000,2918.165,2918.475,2917.955,2917.975
1741749060000,2917.985,2918.255,2917.795,2917.945
1741749120000,2917.935,2918.105,2917.895,2918.105
1741749180000,2918.065,2918.675,2918.005,2918.285
1741749240000,2918.255,2918.435,2918.075,2918.285
1741749300000,2918.265,2918.975,2918.265,2918.555
1741749360000,2918.448,2918.505,2918.035,2918.235
1741749420000,2918.255,2918.405,2917.335,2917.375
1741749480000,2917.425,2917.925,2917.385,2917.925
1741749540000,2917.955,2918.025,2917.255,2917.255
1741749600000,2917.235,2918.445,2917.155,2918.395
1741749660000,2918.355,2918.355,2917.755,2917.795
1741749720000,2917.805,2918.045,2917.505,2917.715
1741749780000,2917.685,2917.785,2917.315,2917.695
1741749840000,2917.675,2917.775,2917.055,2917.425
1741749900000,2917.385,2917.685,2917.325,2917.675
1741749960000,2917.675,2918.645,2917.675,2918.635
1741750020000,2918.635,2919.435,2918.375,2919.265
1741750080000,2919.265,2919.795,2919.145,2919.485
1741750140000,2919.295,2919.375,2918.815,2918.865
1741750200000,2918.835,2918.865,2918.445,2918.835
1741750260000,2918.888,2919.255,2918.155,2918.385
1741750320000,2918.355,2918.705,2917.885,2918.455
1741750380000,2918.445,2918.615,2918.405,2918.435
1741750440000,2918.415,2918.425,2917.935,2918.105
1741750500000,2918.085,2918.585,2918.035,2918.505
1741750560000,2918.515,2918.515,2918.205,2918.355
1741750620000,2918.305,2918.445,2918.195,2918.255
1741750680000,2918.255,2918.435,2918.255,2918.325
1741750740000,2918.305,2918.515,2918.155,2918.485
1741750800000,2918.555,2918.595,2918.125,2918.395
1741750860000,2918.389,2918.395,2918.065,2918.065
1741750920000,2918.045,2918.455,2917.695,2917.775
1741750980000,2917.765,2917.895,2917.515,2917.615
1741751040000,2917.575,2917.875,2917.475,2917.615
1741751100000,2917.715,2918.125,2917.625,2917.785
1741751160000,2917.755,2917.855,2917.555,2917.855
1741751220000,2917.855,2918.035,2917.555,2917.715
1741751280000,2917.715,2917.755,2917.505,2917.615
1741751340000,2917.615,2917.625,2916.755,2916.905
1741751400000,2916.905,2916.955,2916.348,2916.435
1741751460000,2916.378,2916.445,2916.028,2916.028
1741751520000,2916.008,2916.145,2915.848,2916.028
1741751580000,2916.018,2916.245,2915.935,2915.955
1741751640000,2915.955,2916.435,2915.855,2916.425
1741751700000,2916.415,2916.615,2916.165,2916.315
1741751760000,2916.315,2916.418,2916.008,2916.008
1741751820000,2916.005,2916.118,2915.648,2915.755
1741751880000,2915.755,2915.855,2915.068,2915.185
1741751940000,2915.185,2915.185,2914.675,2914.755
1741752000000,2914.765,2914.785,2913.948,2913.965
1741752060000,2914.125,2914.935,2913.998,2914.528
1741752120000,2914.568,2915.025,2914.528,2914.995
1741752180000,2914.988,2915.038,2914.458,2914.678
1741752240000,2914.585,2914.658,2914.275,2914.628
1741752300000,2914.618,2914.638,2914.048,2914.048
1741752360000,2914.048,2914.165,2913.548,2914.015
1741752420000,2914.005,2914.435,2913.915,2914.295
1741752480000,2914.215,2914.515,2914.085,2914.245
1741752540000,2914.275,2914.655,2914.185,2914.445
1741752600000,2914.435,2914.795,2914.305,2914.445
1741752660000,2914.475,2914.825,2914.015,2914.235
1741752720000,2914.215,2914.425,2914.178,2914.215
1741752780000,2914.238,2914.238,2913.755,2914.075
1741752840000,2914.068,2914.118,2913.708,2913.738
1741752900000,2913.728,2914.175,2913.485,2914.095
1741752960000,2914.098,2914.345,2913.955,2914.095
1741753020000,2914.125,2914.295,2913.648,2913.648
1741753080000,2913.685,2913.755,2913.455,2913.595
1741753140000,2913.635,2913.635,2912.535,2912.585
1741753200000,2912.545,2913.915,2912.345,2913.755
1741753260000,2913.755,2913.755,2913.015,2913.345
1741753320000,2913.305,2914.505,2913.225,2914.185
1741753380000,2914.185,2915.215,2914.065,2914.795
1741753440000,2914.855,2915.155,2914.575,2914.695
1741753500000,2914.725,2914.825,2914.565,2914.675
1741753560000,2914.705,2914.905,2914.685,2914.895
1741753620000,2914.925,2915.025,2914.785,2915.005
1741753680000,2914.775,2915.525,2914.775,2915.305
1741753740000,2915.305,2915.385,2915.155,2915.355
1741753800000,2915.355,2915.355,2914.925,2914.985
1741753860000,2914.955,2914.955,2914.255,2914.255
1741753920000,2914.275,2914.335,2914.195,2914.265
1741753980000,2914.115,2914.855,2914.035,2914.745
1741754040000,2914.745,2914.875,2914.545,2914.655
1741754100000,2914.685,2914.725,2914.455,2914.705
1741754160000,2914.625,2915.155,2914.595,2915.065
1741754220000,2915.065,2915.235,2914.825,2915.205
1741754280000,2915.225,2915.225,2914.955,2915.155
1741754340000,2915.185,2915.485,2915.108,2915.295
1741754400000,2915.285,2915.335,2914.995,2915.315
1741754460000,2915.305,2915.375,2915.305,2915.375
1741754520000,2915.385,2915.565,2915.035,2915.105
1741754580000,2915.135,2915.525,2915.135,2915.175
1741754640000,2915.135,2915.245,2914.965,2915.005
1741754700000,2915.035,2915.095,2914.625,2914.715
1741754760000,2914.645,2915.135,2914.645,2915.125
1741754820000,2915.105,2915.145,2914.905,2914.945
1741754880000,2914.915,2915.155,2914.915,2914.945
1741754940000,2914.895,2915.885,2914.838,2915.465
1741755000000,2915.465,2915.515,2914.895,2915.205
1741755060000,2915.265,2915.555,2915.155,2915.505
1741755120000,2915.565,2915.855,2915.425,2915.765
1741755180000,2915.665,2915.725,2915.365,2915.485
1741755240000,2915.385,2915.465,2915.355,2915.385
1741755300000,2915.415,2915.585,2915.315,2915.555
1741755360000,2915.465,2915.585,2915.055,2915.275
1741755420000,2915.255,2915.285,2915.005,2915.025
1741755480000,2915.015,2915.065,2914.805,2914.815
1741755540000,2914.745,2914.825,2914.615,2914.785
1741755600000,2914.785,2915.055,2914.035,2914.045
1741755660000,2914.015,2914.125,2913.845,2913.865
1741755720000,2913.825,2914.155,2913.785,2913.935
1741755780000,2913.915,2913.915,2913.215,2913.548
1741755840000,2913.548,2913.648,2913.348,2913.468
1741755900000,2913.458,2913.775,2913.118,2913.518
1741755960000,2913.508,2913.768,2913.288,2913.748
1741756020000,2913.748,2914.008,2913.255,2913.285
1741756080000,2913.285,2913.688,2913.048,2913.485
1741756140000,2913.485,2913.495,2912.988,2912.988
1741756200000,2912.988,2913.675,2912.938,2913.585
1741756260000,2913.595,2913.595,2913.088,2913.378
1741756320000,2913.368,2913.905,2913.368,2913.765
1741756380000,2913.718,2913.895,2913.448,2913.748
1741756440000,2913.765,2913.955,2913.665,2913.848
1741756500000,2913.865,2913.948,2913.548,2913.748
1741756560000,2913.748,2913.845,2913.348,2913.348
1741756620000,2913.348,2913.948,2913.348,2913.648
1741756680000,2913.748,2913.948,2912.945,2913.078
1741756740000,2913.095,2913.748,2913.095,2913.648
1741756800000,2913.575,2913.648,2913.088,2913.348
1741756860000,2913.378,2913.648,2913.368,2913.618
1741756920000,2913.598,2913.648,2913.168,2913.238
1741756980000,2913.228,2913.228,2912.498,2912.548
1741757040000,2912.548,2912.775,2912.488,2912.768
1741757100000,2912.768,2912.855,2912.335,2912.575
1741757160000,2912.595,2913.155,2912.485,2912.495
1741757220000,2912.505,2912.525,2911.908,2912.005
1741757280000,2912.005,2912.555,2911.988,2912.515
1741757340000,2912.495,2912.875,2912.408,2912.875
1741757400000,2912.935,2913.175,2912.058,2912.128
1741757460000,2912.128,2912.525,2911.898,2912.385
1741757520000,2912.355,2912.495,2912.155,2912.465
1741757580000,2912.485,2914.055,2912.475,2913.795
1741757640000,2913.785,2913.935,2913.548,2913.585
1741757700000,2913.565,2913.695,2913.035,2913.445
1741757760000,2913.465,2914.315,2913.465,2914.205
1741757820000,2914.225,2914.505,2913.965,2914.425
1741757880000,2914.425,2914.555,2913.575,2913.675
1741757940000,2913.675,2914.025,2913.485,2914.015
1741758000000,2913.875,2914.095,2913.585,2913.965
1741758060000,2913.885,2914.285,2913.705,2914.145
1741758120000,2914.195,2914.495,2914.045,2914.215
1741758180000,2914.215,2914.375,2914.075,2914.295
1741758240000,2914.245,2914.775,2914.245,2914.725
1741758300000,2914.725,2914.785,2914.405,2914.685
1741758360000,2914.685,2915.335,2914.375,2914.715
1741758420000,2914.705,2915.125,2914.595,2915.125
1741758480000,2915.125,2915.315,2914.955,2915.155
1741758540000,2915.155,2915.475,2914.945,2915.395
1741758600000,2915.415,2916.185,2915.395,2915.615
1741758660000,2915.615,2916.145,2915.355,2915.645
1741758720000,2915.605,2916.225,2914.675,2914.775
1741758780000,2914.795,2915.855,2914.665,2915.598
1741758840000,2915.588,2915.848,2915.155,2915.348
1741758900000,2915.375,2915.638,2915.268,2915.548
1741758960000,2915.728,2915.918,2915.398,2915.478
1741759020000,2915.468,2915.838,2915.445,2915.668
1741759080000,2915.668,2916.288,2915.668,2915.948
1741759140000,2915.948,2916.258,2915.718,2915.758
1741759200000,2915.795,2917.085,2915.588,2917.085
1741759260000,2917.055,2917.155,2916.585,2916.735
1741759320000,2916.785,2916.825,2916.465,2916.465
1741759380000,2916.418,2917.025,2916.095,2916.975
1741759440000,2916.985,2917.865,2916.915,2917.635
1741759500000,2917.645,2918.465,2917.488,2918.315
1741759560000,2918.295,2918.955,2918.295,2918.418
1741759620000,2918.418,2918.995,2918.418,2918.955
1741759680000,2918.925,2919.385,2918.725,2919.365
1741759740000,2919.375,2920.105,2919.315,2920.035
1741759800000,2920.045,2920.055,2919.525,2919.675
1741759860000,2919.715,2920.025,2919.485,2919.905
1741759920000,2919.885,2920.875,2919.125,2920.875
1741759980000,2920.845,2921.035,2920.275,2920.365
1741760040000,2920.365,2920.385,2919.695,2919.985
1741760100000,2919.985,2920.685,2919.165,2919.205
1741760160000,2919.165,2919.245,2918.975,2919.015
1741760220000,2918.985,2918.985,2918.405,2918.635
1741760280000,2918.675,2919.415,2918.665,2918.935
1741760340000,2918.885,2920.155,2918.885,2919.875
1741760400000,2919.875,2919.895,2919.425,2919.515
1741760460000,2919.515,2919.785,2919.405,2919.405
1741760520000,2919.375,2919.375,2918.485,2918.495
1741760580000,2918.525,2918.625,2918.035,2918.108
1741760640000,2918.108,2918.118,2917.035,2917.115
1741760700000,2917.155,2918.408,2917.155,2917.798
1741760760000,2917.825,2918.198,2917.448,2917.485
1741760820000,2917.485,2917.485,2916.485,2917.265
1741760880000,2917.265,2917.335,2916.458,2916.485
1741760940000,2916.448,2916.848,2915.678,2915.768
1741761000000,2915.758,2915.768,2914.578,2914.988
1741761060000,2915.078,2916.995,2914.875,2916.315
1741761120000,2916.278,2916.285,2915.585,2915.738
1741761180000,2915.728,2916.065,2915.485,2915.525
1741761240000,2915.528,2915.825,2915.098,2915.155
1741761300000,2915.155,2915.245,2914.695,2914.825
1741761360000,2914.805,2915.235,2914.705,2914.995
1741761420000,2914.995,2915.235,2914.655,2914.985
1741761480000,2914.955,2915.145,2914.305,2914.708
1741761540000,2914.708,2914.755,2912.745,2913.075
1741761600000,2913.075,2913.875,2912.825,2913.665
1741761660000,2913.665,2913.748,2912.548,2913.425
1741761720000,2913.445,2913.465,2912.738,2913.115
1741761780000,2913.115,2913.745,2912.848,2912.915
1741761840000,2912.915,2913.025,2912.395,2912.715
1741761900000,2912.685,2913.215,2912.598,2912.925
1741761960000,2912.905,2913.005,2912.325,2912.855
1741762020000,2912.925,2912.925,2912.148,2912.158
1741762080000,2912.158,2912.625,2911.648,2912.615
1741762140000,2912.535,2913.015,2912.105,2912.558
1741762200000,2912.595,2913.965,2912.165,2913.775
1741762260000,2913.715,2914.075,2913.415,2913.775
1741762320000,2913.745,2914.205,2913.005,2914.205
1741762380000,2914.185,2915.125,2913.925,2914.365
1741762440000,2914.315,2914.315,2913.345,2913.755
1741762500000,2913.755,2914.035,2913.575,2913.715
1741762560000,2913.745,2914.145,2912.885,2912.885
1741762620000,2912.948,2913.095,2911.955,2912.135
1741762680000,2911.975,2911.975,2911.205,2911.325
1741762740000,2911.325,2911.575,2911.105,2911.565
1741762800000,2911.585,2911.845,2910.605,2911.265
1741762860000,2911.205,2911.935,2910.958,2911.575
1741762920000,2911.585,2911.835,2911.015,2911.285
1741762980000,2911.295,2911.475,2910.505,2910.815
1741763040000,2910.815,2911.745,2910.608,2910.665
1741763100000,2910.815,2911.535,2910.195,2911.135
1741763160000,2911.145,2912.175,2911.145,2912.035
1741763220000,2912.045,2912.135,2910.465,2910.895
1741763280000,2910.895,2911.995,2910.795,2911.858
1741763340000,2911.848,2912.158,2911.538,2911.698
1741763400000,2911.688,2912.458,2911.648,2912.048
1741763460000,2912.118,2912.508,2911.678,2912.418
1741763520000,2912.408,2912.408,2911.928,2912.195
1741763580000,2912.138,2912.405,2911.565,2911.735
1741763640000,2911.708,2912.008,2911.228,2911.228
1741763700000,2911.225,2911.695,2911.205,2911.475
1741763760000,2911.475,2911.675,2911.005,2911.185
1741763820000,2911.035,2911.545,2910.715,2910.715
1741763880000,2910.755,2911.045,2910.315,2910.545
1741763940000,2910.565,2910.845,2910.375,2910.505
1741764000000,2910.525,2910.705,2908.785,2909.885
1741764060000,2909.905,2910.085,2909.548,2909.948
1741764120000,2909.865,2910.565,2909.748,2910.015
1741764180000,2910.085,2911.115,2909.865,2911.095
1741764240000,2911.085,2911.805,2911.025,2911.725
1741764300000,2911.735,2912.345,2911.705,2912.065
1741764360000,2912.125,2912.185,2911.065,2911.525
1741764420000,2911.585,2911.975,2911.475,2911.565
1741764480000,2911.615,2911.695,2911.115,2911.275
1741764540000,2911.245,2911.305,2910.835,2910.965
1741764600000,2910.865,2911.645,2910.845,2911.645
1741764660000,2911.655,2913.115,2911.465,2912.635
1741764720000,2912.635,2912.825,2912.585,2912.725
1741764780000,2912.725,2913.665,2912.645,2913.265
1741764840000,2913.265,2913.645,2913.145,2913.435
1741764900000,2913.435,2914.395,2912.875,2912.945
1741764960000,2912.885,2913.325,2912.405,2912.455
1741765020000,2912.425,2912.465,2911.315,2911.505
1741765080000,2911.465,2912.135,2911.365,2911.935
1741765140000,2911.945,2912.595,2911.935,2912.075
1741765200000,2912.085,2912.605,2912.085,2912.565
1741765260000,2912.595,2912.845,2912.225,2912.475
1741765320000,2912.475,2912.625,2912.195,2912.405
1741765380000,2912.415,2913.625,2912.285,2912.915
1741765440000,2912.915,2912.965,2912.205,2912.505
1741765500000,2912.505,2912.605,2912.325,2912.435
1741765560000,2912.455,2913.025,2912.315,2912.745
1741765620000,2912.745,2912.845,2912.365,2912.675
1741765680000,2912.635,2912.765,2912.345,2912.495
1741765740000,2912.495,2912.675,2912.365,2912.435
1741765800000,2912.415,2913.605,2912.385,2913.465
1741765860000,2913.465,2913.895,2913.335,2913.545
1741765920000,2913.545,2913.935,2913.345,2913.915
1741765980000,2913.945,2914.255,2913.605,2913.605
1741766040000,2913.625,2913.635,2912.775,2912.885
1741766100000,2912.875,2913.305,2912.725,2913.075
1741766160000,2913.115,2915.035,2913.115,2914.915
1741766220000,2914.975,2915.355,2914.595,2915.355
1741766280000,2915.325,2915.525,2914.728,2914.728
1741766340000,2914.725,2915.455,2914.195,2914.335
1741766400000,2914.315,2914.975,2913.795,2914.945
1741766460000,2915.055,2915.575,2914.685,2915.315
1741766520000,2915.325,2915.565,2914.565,2914.875
1741766580000,2914.875,2915.785,2914.855,2915.745
1741766640000,2915.715,2915.915,2915.265,2915.535
1741766700000,2915.475,2915.865,2915.245,2915.285
1741766760000,2915.275,2915.495,2914.775,2915.285
1741766820000,2915.285,2916.105,2915.025,2916.055
1741766880000,2916.085,2916.685,2915.945,2916.655
1741766940000,2916.645,2916.865,2916.125,2916.775
1741767000000,2916.675,2916.675,2916.048,2916.255
1741767060000,2916.248,2916.255,2915.348,2915.925
1741767120000,2915.935,2916.845,2915.905,2916.395
1741767180000,2916.425,2916.645,2915.605,2915.735
1741767240000,2915.725,2916.008,2915.335,2915.915
1741767300000,2915.948,2916.485,2915.915,2916.198
1741767360000,2916.188,2916.985,2915.915,2916.725
1741767420000,2916.738,2916.738,2915.925,2916.255
1741767480000,2916.228,2916.395,2915.945,2916.095
1741767540000,2916.058,2917.095,2915.995,2916.805
1741767600000,2916.825,2917.055,2916.125,2916.335
1741767660000,2916.335,2916.665,2916.275,2916.355
1741767720000,2916.435,2916.755,2916.365,2916.725
1741767780000,2916.705,2917.185,2916.665,2917.105
1741767840000,2917.115,2917.675,2916.745,2917.565
1741767900000,2917.585,2917.725,2917.155,2917.365
1741767960000,2917.395,2917.805,2916.905,2917.785
1741768020000,2917.725,2917.985,2917.315,2917.375
1741768080000,2917.325,2918.595,2917.325,2917.955
1741768140000,2917.915,2917.965,2917.055,2917.175
1741768200000,2917.145,2917.985,2916.505,2917.615
1741768260000,2917.645,2919.295,2917.645,2918.855
1741768320000,2918.845,2918.985,2918.155,2918.845
1741768380000,2918.865,2919.235,2917.848,2918.005
1741768440000,2918.025,2918.668,2917.815,2918.668
1741768500000,2918.795,2918.905,2917.625,2917.675
1741768560000,2917.695,2918.485,2917.435,2918.155
1741768620000,2918.175,2919.495,2918.055,2919.415
1741768680000,2919.405,2919.465,2917.855,2918.205
1741768740000,2918.205,2919.005,2918.045,2918.955
1741768800000,2918.925,2919.205,2918.425,2918.925
1741768860000,2918.925,2919.475,2918.905,2919.295
1741768920000,2919.305,2919.775,2919.095,2919.765
1741768980000,2919.735,2919.885,2919.195,2919.605
1741769040000,2919.575,2919.585,2918.965,2919.005
1741769100000,2918.965,2919.125,2918.025,2918.095
1741769160000,2918.105,2918.385,2917.865,2918.245
1741769220000,2918.255,2919.025,2917.935,2918.595
1741769280000,2918.605,2919.675,2918.605,2919.395
1741769340000,2919.415,2920.225,2919.415,2920.045
1741769400000,2920.095,2920.215,2919.735,2920.045
1741769460000,2920.055,2920.775,2919.755,2920.545
1741769520000,2920.565,2921.205,2920.345,2920.835
1741769580000,2920.855,2921.035,2920.058,2920.175
1741769640000,2920.325,2920.325,2919.515,2920.065
1741769700000,2920.045,2920.585,2920.035,2920.285
1741769760000,2920.305,2921.305,2920.275,2921.305
1741769820000,2921.275,2921.425,2920.915,2921.225
1741769880000,2921.225,2921.695,2921.075,2921.635
1741769940000,2921.565,2922.075,2921.455,2922.055
1741770000000,2922.065,2924.105,2921.645,2923.905
1741770060000,2923.935,2925.135,2923.808,2925.065
1741770120000,2925.035,2925.065,2921.765,2921.875
1741770180000,2921.805,2922.415,2921.175,2921.245
1741770240000,2921.235,2921.635,2920.915,2921.135
1741770300000,2921.115,2921.315,2919.485,2919.645
1741770360000,2919.645,2921.995,2919.575,2921.815
1741770420000,2921.855,2922.455,2921.755,2922.455
1741770480000,2922.455,2922.555,2920.995,2921.658
1741770540000,2921.658,2921.855,2921.375,2921.585
1741770600000,2921.585,2921.585,2919.945,2919.945
1741770660000,2919.898,2920.645,2918.018,2918.535
1741770720000,2918.535,2920.355,2918.295,2918.335
1741770780000,2918.335,2919.925,2918.095,2918.845
1741770840000,2918.805,2919.635,2918.805,2919.445
1741770900000,2919.445,2919.975,2918.815,2919.125
1741770960000,2919.125,2919.495,2918.435,2918.725
1741771020000,2918.745,2920.075,2918.685,2920.075
1741771080000,2920.055,2920.465,2919.375,2919.865
1741771140000,2919.845,2920.185,2919.425,2920.145
1741771200000,2920.155,2920.665,2919.645,2920.645
1741771260000,2920.625,2920.855,2919.875,2920.105
1741771320000,2920.075,2920.145,2919.805,2919.925
1741771380000,2919.955,2920.325,2919.845,2919.845
1741771440000,2919.845,2920.095,2919.695,2919.825
1741771500000,2919.855,2919.915,2919.535,2919.675
1741771560000,2919.695,2919.695,2919.335,2919.355
1741771620000,2919.375,2919.725,2918.788,2918.825
1741771680000,2918.835,2919.905,2918.805,2919.565
1741771740000,2919.585,2919.895,2919.388,2919.875
1741771800000,2919.848,2919.985,2919.148,2919.548
1741771860000,2919.548,2919.548,2919.278,2919.368
1741771920000,2919.418,2919.548,2919.265,2919.348
1741771980000,2919.348,2919.768,2919.275,2919.548
1741772040000,2919.548,2919.948,2919.388,2919.805
1741772100000,2919.795,2919.858,2919.598,2919.738
1741772160000,2919.738,2919.948,2918.688,2918.878
1741772220000,2918.868,2919.248,2918.548,2918.748
1741772280000,2918.748,2918.748,2916.975,2917.945
1741772340000,2917.915,2917.985,2917.175,2917.485
1741772400000,2917.465,2917.765,2917.095,2917.165
1741772460000,2917.048,2917.145,2916,2916
1741772520000,2916,2916.438,2916,2916.138
1741772580000,2916.138,2916.178,2916,2916
1741772640000,2916,2916.418,2915.158,2915.158
1741772700000,2915.148,2915.458,2914.998,2915.185
1741772760000,2915.185,2915.975,2914.598,2915.015
1741772820000,2915.035,2915.668,2915.035,2915.348
1741772880000,2915.388,2916.048,2914.248,2914.468
1741772940000,2914.458,2915.238,2913.978,2915.225
1741773000000,2915.195,2915.455,2914.745,2914.918
1741773060000,2915.068,2915.068,2914.065,2914.245
1741773120000,2914.225,2914.225,2913.555,2913.898
1741773180000,2913.898,2914.159,2913.505,2913.648
1741773240000,2913.658,2913.985,2913.525,2913.865
1741773300000,2913.865,2914.555,2913.865,2914.555
1741773360000,2914.555,2915.565,2914.548,2915.345
1741773420000,2915.305,2915.795,2915.135,2915.495
1741773480000,2915.575,2915.648,2915.105,2915.165
1741773540000,2915.165,2915.225,2914.478,2914.578
1741773600000,2914.568,2914.568,2913.865,2914.295
1741773660000,2914.315,2914.645,2913.865,2914.555
1741773720000,2914.595,2914.995,2914.085,2914.948
1741773780000,2914.948,2915.548,2914.809,2915.158
1741773840000,2915.198,2915.548,2915.178,2915.318
1741773900000,2915.328,2915.408,2915,2915.378
1741773960000,2915.368,2916.085,2915.078,2916.065
1741774020000,2916.055,2916.835,2915.645,2916.655
1741774080000,2916.675,2916.805,2915.535,2916.515
1741774140000,2916.515,2916.795,2916.218,2916.405
1741774200000,2916.435,2916.845,2915.355,2915.435
1741774260000,2915.465,2916.165,2915.375,2915.925
1741774320000,2915.965,2916.345,2915.865,2916.165
1741774380000,2916.145,2916.365,2915.655,2915.695
1741774440000,2915.715,2915.825,2915.025,2915.105
1741774500000,2915.045,2915.405,2914.395,2914.615
1741774560000,2914.655,2914.765,2914.475,2914.545
1741774620000,2914.585,2914.685,2913.645,2913.835
1741774680000,2913.835,2913.895,2912.935,2913.285
1741774740000,2913.245,2914.185,2913.205,2913.915
1741774800000,2913.895,2914.875,2913.895,2914.675
1741774860000,2914.665,2914.745,2914.295,2914.328
1741774920000,2914.355,2914.545,2914.105,2914.345
1741774980000,2914.305,2914.645,2914.195,2914.625
1741775040000,2914.585,2914.645,2914.085,2914.095
1741775100000,2914.115,2914.235,2913.785,2914.035
1741775160000,2913.955,2914.375,2913.905,2914.298
1741775220000,2914.348,2914.505,2913.875,2914.305
1741775280000,2914.255,2914.575,2914.055,2914.055
1741775340000,2913.985,2913.995,2913.105,2913.275
1741775400000,2913.265,2913.948,2912.805,2913.145
1741775460000,2913.125,2913.725,2913.035,2913.415
1741775520000,2913.425,2913.975,2913.305,2913.795
1741775580000,2913.775,2914.015,2913.248,2913.958
1741775640000,2913.928,2914.328,2913.805,2914.115
1741775700000,2914.135,2914.135,2913.338,2913.338
1741775760000,2913.398,2913.575,2912.848,2913.575
1741775820000,2913.575,2913.575,2912.605,2912.635
1741775880000,2912.635,2913.718,2912.635,2913.608
1741775940000,2913.588,2913.625,2913.275,2913.305
1741776000000,2913.305,2913.455,2913.065,2913.355
1741776060000,2913.405,2914.155,2913.365,2914.155
1741776120000,2914.155,2914.635,2913.575,2913.655
1741776180000,2913.655,2913.965,2913.505,2913.955
1741776240000,2913.955,2914.155,2913.955,2914.055
1741776300000,2914.055,2914.548,2913.955,2914.105
1741776360000,2914.065,2914.765,2914.065,2914.655
1741776420000,2914.685,2914.705,2914.248,2914.655
1741776480000,2914.648,2915.068,2913.915,2914.058
1741776540000,2914.058,2914.148,2913.248,2913.365
1741776600000,2913.355,2914.395,2913.185,2913.525
1741776660000,2913.565,2914.115,2913.565,2913.935
1741776720000,2913.945,2914.935,2913.945,2914.885
1741776780000,2914.815,2914.865,2914.378,2914.615
1741776840000,2914.595,2915.155,2914.595,2914.725
1741776900000,2914.725,2915.045,2914.345,2914.715
1741776960000,2914.685,2915.055,2914.315,2914.935
1741777020000,2914.845,2914.985,2914.385,2914.715
1741777080000,2914.715,2914.715,2914.195,2914.285
1741777140000,2914.285,2914.285,2913.985,2914.195
1741777200000,2914.195,2914.195,2913.665,2914.065
1741777260000,2914.105,2914.205,2913.825,2913.905
1741777320000,2913.995,2914.485,2913.875,2914.165
1741777380000,2914.195,2914.645,2914.125,2914.305
1741777440000,2914.305,2914.765,2914.255,2914.365
1741777500000,2914.365,2914.595,2914.195,2914.575
1741777560000,2914.595,2915.135,2914.595,2915.115
1741777620000,2915.095,2915.315,2914.975,2915.105
1741777680000,2915.065,2915.255,2914.815,2915.095
1741777740000,2915.095,2915.795,2914.915,2914.955
1741777800000,2914.935,2915.245,2914.795,2915.175
1741777860000,2915.205,2915.465,2914.815,2915.045
1741777920000,2915.045,2915.315,2914.805,2914.915
1741777980000,2914.945,2914.975,2914.185,2914.765
1741778040000,2914.795,2914.835,2914.495,2914.525
1741778100000,2914.535,2914.865,2914.495,2914.675
1741778160000,2914.625,2915.185,2914.625,2915.165
1741778220000,2915.165,2915.535,2915.145,2915.378
1741778280000,2915.368,2915.615,2915.325,2915.425
1741778340000,2915.468,2915.655,2914.595,2914.735
1741778400000,2914.745,2915.315,2914.675,2914.675
1741778460000,2914.675,2914.675,2913.815,2913.885
1741778520000,2913.885,2914.445,2913.735,2914.165
1741778580000,2914.185,2914.195,2913.805,2913.985
1741778640000,2914.035,2914.035,2913.635,2913.675
1741778700000,2913.715,2913.835,2913.175,2913.485
1741778760000,2913.465,2913.635,2912.925,2913.275
1741778820000,2913.275,2913.675,2913.115,2913.325
1741778880000,2913.415,2913.685,2913.245,2913.295
1741778940000,2913.305,2913.405,2912.905,2913.125
1741779000000,2913.195,2913.195,2912.535,2912.805
1741779060000,2912.785,2914.625,2912.725,2914.455
1741779120000,2914.449,2915.065,2914.195,2914.375
1741779180000,2914.385,2915.195,2914.265,2914.725
1741779240000,2914.949,2914.949,2914.385,2914.795
1741779300000,2914.825,2915.425,2914.825,2915.115
1741779360000,2915.095,2915.955,2914.955,2915.905
1741779420000,2915.895,2916.125,2914.865,2914.935
1741779480000,2914.895,2915.155,2914.565,2914.675
1741779540000,2914.645,2915.095,2914.585,2914.625
1741779600000,2914.675,2914.775,2914.485,2914.585
1741779660000,2914.605,2914.885,2914.105,2914.855
1741779720000,2915.135,2915.345,2915.115,2915.175
1741779780000,2915.325,2915.395,2914.875,2915.305
1741779840000,2915.295,2915.615,2914.855,2914.855
1741779900000,2914.875,2914.925,2914.455,2914.765
1741779960000,2914.805,2915.375,2914.645,2914.995
1741780020000,2915.125,2916.055,2914.485,2915.885
1741780080000,2915.905,2916.305,2915.815,2916.035
1741780140000,2916.035,2916.525,2915.985,2916.035
1741780200000,2916.005,2916.515,2915.755,2916.105
1741780260000,2916.135,2916.525,2915.995,2916.345
1741780320000,2916.335,2916.335,2915.605,2915.835
1741780380000,2915.835,2916.465,2915.745,2916.335
1741780440000,2916.315,2916.465,2916.185,2916.225
1741780500000,2916.235,2916.235,2915.245,2915.865
1741780560000,2915.825,2915.845,2915.445,2915.815
1741780620000,2915.775,2915.775,2915.275,2915.305
1741780680000,2915.275,2915.835,2915.015,2915.205
1741780740000,2915.135,2915.355,2914.815,2915.115
1741780800000,2915.105,2915.405,2913.985,2914.325
1741780860000,2914.325,2914.865,2914.115,2914.815
1741780920000,2914.785,2915.145,2914.545,2914.745
1741780980000,2914.705,2914.835,2913.925,2914.475
1741781040000,2914.505,2914.505,2913.815,2914.075
1741781100000,2914.025,2914.055,2913.425,2913.815
1741781160000,2913.785,2914.075,2913.135,2913.145
1741781220000,2913.185,2913.265,2912.695,2912.765
1741781280000,2912.765,2913.435,2911.935,2912.715
1741781340000,2912.735,2913.135,2912.315,2912.775
1741781400000,2912.705,2913.085,2912.015,2912.285
1741781460000,2912.275,2912.675,2911.988,2912.675
1741781520000,2912.675,2913.145,2912.465,2913.145
1741781580000,2913.155,2913.735,2913.015,2913.515
1741781640000,2913.495,2913.705,2913.055,2913.575
1741781700000,2913.555,2914.045,2913.375,2913.655
1741781760000,2913.635,2913.755,2912.845,2913.125
1741781820000,2913.115,2913.245,2912.745,2912.795
1741781880000,2912.845,2913.455,2912.805,2913.305
1741781940000,2913.305,2913.535,2912.735,2912.735
1741782000000,2912.645,2913.525,2912.305,2913.215
1741782060000,2913.205,2913.695,2913.125,2913.675
1741782120000,2913.675,2914.625,2913.455,2914.115
1741782180000,2914.115,2914.348,2913.585,2913.835
1741782240000,2913.875,2914.095,2913.565,2913.995
1741782300000,2914.065,2914.775,2913.875,2914.505
1741782360000,2914.535,2915.115,2914.535,2914.845
1741782420000,2914.895,2914.965,2913.945,2914.145
1741782480000,2914.145,2914.375,2913.395,2913.455
1741782540000,2913.575,2914.235,2912.858,2913.615
1741782600000,2913.125,2920.615,2913.108,2919.235
1741782660000,2919.085,2919.795,2917.655,2917.855
1741782720000,2917.875,2923.025,2917.815,2921.825
1741782780000,2921.745,2921.745,2917.815,2918.455
1741782840000,2918.505,2920.905,2918.255,2920.755
1741782900000,2920.765,2921.215,2919.035,2920.325
1741782960000,2920.315,2921.708,2919.975,2921.105
1741783020000,2921.125,2921.525,2918.065,2918.155
1741783080000,2918.075,2918.075,2916.505,2916.705
1741783140000,2916.735,2920.475,2916.425,2919.645
1741783200000,2919.675,2921.715,2919.555,2921.098
1741783260000,2921.115,2921.175,2917.955,2920.015
1741783320000,2919.985,2921.625,2919.985,2920.455
1741783380000,2920.541,2921.265,2919.515,2920.865
1741783440000,2920.845,2921.035,2918.138,2918.805
1741783500000,2918.775,2919.325,2917.875,2918.385
1741783560000,2918.385,2919.025,2917.835,2918.835
1741783620000,2918.865,2919.325,2918.668,2919.025
1741783680000,2918.985,2919.025,2917.219,2918.155
1741783740000,2918.115,2918.975,2918.025,2918.305
1741783800000,2918.365,2918.975,2918.075,2918.075
1741783860000,2918.075,2918.205,2917.005,2918.105
1741783920000,2918.025,2918.555,2917.635,2918.265
1741783980000,2918.145,2918.275,2917.375,2918.075
1741784040000,2918.075,2918.405,2917.255,2918.025
1741784100000,2918.035,2918.195,2917.185,2917.955
1741784160000,2917.955,2918.995,2916.805,2918.355
1741784220000,2918.385,2918.585,2917.565,2918.385
1741784280000,2918.355,2918.605,2917.608,2918.135
1741784340000,2918.155,2918.245,2916.405,2917.305
1741784400000,2917.295,2917.698,2915.575,2917.335
1741784460000,2917.325,2917.818,2916.518,2917.368
1741784520000,2917.448,2917.855,2916.785,2917.848
1741784580000,2917.855,2918.675,2917.385,2917.448
1741784640000,2917.448,2917.465,2914.765,2917.335
1741784700000,2917.355,2918.425,2917.315,2917.865
1741784760000,2917.845,2917.845,2916.775,2917.335
1741784820000,2917.395,2917.995,2916.865,2917.485
1741784880000,2917.515,2917.515,2915.728,2916.325
1741784940000,2916.455,2917.985,2915.638,2916.405
1741785000000,2916.505,2916.605,2915.175,2916.075
1741785060000,2916.055,2916.405,2915.275,2916.225
1741785120000,2916.285,2917.525,2915.215,2917.175
1741785180000,2917.145,2917.415,2916.108,2916.348
1741785240000,2916.248,2916.695,2915.708,2916.548
1741785300000,2916.548,2916.575,2914.415,2914.975
1741785360000,2914.965,2914.965,2912.635,2913.645
1741785420000,2913.585,2915.295,2912.465,2912.585
1741785480000,2912.695,2913.005,2910,2912.215
1741785540000,2912.245,2912.555,2910,2910.555
1741785600000,2910.535,2910.975,2909.415,2910.525
1741785660000,2910.545,2911.635,2909.445,2910.825
1741785720000,2910.745,2911.425,2910.025,2910.125
1741785780000,2910.105,2910.875,2909.878,2910.498
1741785840000,2910.488,2910.768,2907.145,2907.735
1741785900000,2907.695,2908.355,2905.755,2908.265
1741785960000,2908.295,2908.405,2906.348,2907.015
1741786020000,2907.065,2908.605,2906.295,2908.445
1741786080000,2908.425,2910.735,2908.425,2910.325
1741786140000,2910.345,2910.825,2909.855,2910.705
1741786200000,2910.725,2912.555,2910.725,2911.935
1741786260000,2911.929,2912.045,2909.875,2910.935
1741786320000,2910.945,2912.435,2910.945,2911.865
1741786380000,2911.885,2911.885,2910.575,2910.775
1741786440000,2910.715,2911.685,2910.555,2911.345
1741786500000,2911.425,2912.105,2911.025,2911.805
1741786560000,2911.805,2912.765,2911.375,2912.215
1741786620000,2912.135,2912.995,2911.188,2911.208
1741786680000,2911.188,2912.215,2910.545,2910.625
1741786740000,2910.595,2911.605,2909.585,2911.065
1741786800000,2911.085,2911.845,2909.935,2911.095
1741786860000,2911.085,2912.545,2910.095,2910.135
1741786920000,2910.175,2911.875,2910.015,2911.295
1741786980000,2911.315,2912.385,2911.055,2912.185
1741787040000,2912.215,2912.655,2911.605,2911.855
1741787100000,2911.825,2912.655,2911.575,2912.425
1741787160000,2912.415,2913.955,2911.548,2913.185
1741787220000,2913.185,2914.965,2912.795,2914.065
1741787280000,2914.065,2915.195,2913.735,2914.848
1741787340000,2914.848,2915.455,2914.448,2914.835
1741787400000,2914.805,2916.148,2914.608,2915.345
1741787460000,2915.335,2916.175,2914.775,2914.895
1741787520000,2915.015,2916.185,2914.748,2915.715
1741787580000,2915.695,2916.195,2915.415,2915.635
1741787640000,2915.635,2916.855,2915.015,2916.725
1741787700000,2916.725,2917.495,2914.698,2915.005
1741787760000,2914.905,2915.895,2914.515,2915.275
1741787820000,2915.355,2915.648,2914.475,2915.405
1741787880000,2915.465,2915.675,2915.148,2915.245
1741787940000,2915.295,2915.848,2915.278,2915.465
1741788000000,2915.465,2915.845,2914.605,2914.605
1741788060000,2914.655,2915.995,2914.525,2915.375
1741788120000,2915.375,2916.445,2914.795,2915.288
1741788180000,2915.345,2915.535,2914.095,2915.509
1741788240000,2915.495,2916.775,2915.385,2916.585
1741788300000,2916.635,2917.945,2916.625,2917.545
1741788360000,2917.178,2917.745,2916.428,2916.795
1741788420000,2916.885,2916.955,2915.248,2915.348
1741788480000,2915.405,2916.348,2915.115,2915.985
1741788540000,2915.815,2916.305,2915.445,2915.705
1741788600000,2915.648,2915.935,2914.448,2915.748
1741788660000,2915.755,2917.255,2915.755,2916.665
1741788720000,2916.665,2917.348,2916.248,2917.248
1741788780000,2917.248,2917.455,2916.548,2917.065
1741788840000,2917.059,2917.135,2915.408,2915.698
1741788900000,2915.698,2916.498,2915.405,2915.635
1741788960000,2915.635,2916.915,2915.335,2916.855
1741789020000,2916.855,2917.438,2915.995,2916.635
1741789080000,2916.655,2917.225,2916.575,2916.895
1741789140000,2916.945,2917.465,2916.415,2916.445
1741789200000,2916.379,2916.908,2915.555,2916.865
1741789260000,2916.865,2917.595,2916.478,2917.448
1741789320000,2917.415,2917.888,2917.105,2917.215
1741789380000,2917.215,2917.285,2915.845,2916.225
1741789440000,2916.225,2916.285,2915.538,2915.785
1741789500000,2915.785,2916.365,2915.195,2916.215
1741789560000,2916.215,2916.455,2915.855,2916.205
1741789620000,2916.205,2916.585,2915.455,2916.348
1741789680000,2916.175,2916.448,2915.645,2916.165
1741789740000,2916.165,2916.565,2915.748,2916.048
1741789800000,2916.078,2917.248,2916.078,2917.148
1741789860000,2917.148,2917.948,2916.955,2917.185
1741789920000,2917.205,2917.815,2917.115,2917.695
1741789980000,2917.715,2918.205,2917.245,2917.965
1741790040000,2917.965,2918.045,2916.905,2917.725
1741790100000,2917.745,2919.418,2916.985,2918.768
1741790160000,2918.825,2919.175,2918.088,2918.805
1741790220000,2918.818,2919.115,2917.885,2918.475
1741790280000,2918.515,2918.745,2918.015,2918.525
1741790340000,2918.565,2918.565,2917.075,2917.165
1741790400000,2917.165,2917.275,2916.315,2917.115
1741790460000,2917.095,2918.575,2916.938,2918.545
1741790520000,2918.515,2918.975,2918.048,2918.575
1741790580000,2918.605,2919.195,2918.148,2918.495
1741790640000,2918.385,2919.268,2918.265,2919.098
1741790700000,2919.078,2919.598,2918.688,2918.768
1741790760000,2918.748,2919.295,2918.748,2919.275
1741790820000,2919.245,2919.848,2919.008,2919.608
1741790880000,2919.648,2919.848,2918.848,2919.648
1741790940000,2919.638,2919.718,2917.638,2918.248
1741791000000,2918.258,2919.135,2917.878,2918.945
1741791060000,2918.965,2919.125,2918.128,2918.205
1741791120000,2918.199,2919.715,2917.995,2919.585
1741791180000,2919.585,2920.098,2919.448,2919.988
1741791240000,2920.008,2920.705,2919.898,2920.528
1741791300000,2920.528,2920.938,2920.275,2920.748
1741791360000,2920.718,2921.025,2919.358,2919.548
1741791420000,2919.545,2921.095,2919.475,2921.035
1741791480000,2921.025,2922.048,2920.848,2921.848
1741791540000,2921.848,2922.448,2921.678,2921.678
1741791600000,2921.678,2923.548,2921.248,2923.095
1741791660000,2923.148,2924.555,2922.865,2922.968
1741791720000,2923.048,2924.715,2922.928,2923.645
1741791780000,2923.655,2924.925,2923.335,2924.558
1741791840000,2924.699,2924.968,2923.758,2924.115
1741791900000,2924.115,2924.508,2923.518,2924.275
1741791960000,2924.285,2924.465,2923.385,2924.095
1741792020000,2924.135,2924.615,2923.255,2924.395
1741792080000,2924.485,2924.935,2923.715,2924.725
1741792140000,2924.805,2925.225,2924.085,2924.805
1741792200000,2924.808,2925.685,2924.808,2925.548
1741792260000,2925.548,2927.178,2925.058,2926.898
1741792320000,2926.878,2927.348,2925.995,2926.248
1741792380000,2926.255,2927.548,2925.888,2927.455
1741792440000,2927.455,2927.875,2927.028,2927.875
1741792500000,2927.848,2927.948,2925.838,2925.905
1741792560000,2925.925,2927.158,2925.845,2926.258
1741792620000,2926.258,2926.348,2924.648,2924.828
1741792680000,2924.828,2925.228,2923.938,2924.468
1741792740000,2924.468,2925.048,2924.208,2925.048
1741792800000,2924.948,2925.048,2923.538,2923.898
1741792860000,2923.808,2923.998,2922.728,2923.548
1741792920000,2923.548,2925.148,2923.248,2925.148
1741792980000,2925.148,2925.348,2924.848,2924.848
1741793040000,2924.848,2925.348,2924.548,2924.748
1741793100000,2924.748,2925.448,2924.548,2925.248
1741793160000,2925.248,2925.448,2924.948,2925.148
1741793220000,2925.148,2925.148,2924.365,2924.948
1741793280000,2924.858,2925.748,2924.748,2924.948
1741793340000,2924.948,2924.948,2923.408,2923.748
1741793400000,2923.748,2925.255,2923.748,2924.905
1741793460000,2924.885,2925.148,2924.455,2924.848
1741793520000,2924.848,2924.948,2923.308,2923.478
1741793580000,2923.458,2924.848,2923.298,2924.748
1741793640000,2924.748,2926.048,2924.748,2925.648
1741793700000,2925.648,2926.148,2925.098,2925.748
1741793760000,2925.648,2925.948,2925.348,2925.748
1741793820000,2925.678,2926.248,2925.548,2926.148
1741793880000,2926.148,2926.548,2925.048,2925.248
1741793940000,2925.428,2926.148,2925.148,2926.115
1741794000000,2926.095,2926.828,2926.095,2926.518
1741794060000,2926.515,2927.095,2925.925,2926.725
1741794120000,2926.705,2927.265,2926.595,2926.755
1741794180000,2926.675,2927.295,2926.315,2926.985
1741794240000,2926.925,2927.335,2926.765,2926.965
1741794300000,2927.005,2927.395,2926.598,2926.965
1741794360000,2926.945,2927.385,2926.725,2927.225
1741794420000,2927.275,2927.285,2926.175,2927.015
1741794480000,2927.005,2927.455,2926.735,2927.448
1741794540000,2927.448,2927.748,2926.948,2927.548
1741794600000,2927.548,2927.708,2927.198,2927.688
1741794660000,2927.678,2928.455,2927.548,2927.605
1741794720000,2927.615,2928.548,2927.508,2928.348
1741794780000,2928.348,2928.448,2927.848,2928.148
1741794840000,2928.348,2928.448,2927.648,2928.348
1741794900000,2928.348,2929.145,2928.248,2928.428
1741794960000,2928.448,2928.948,2927.728,2927.848
1741795020000,2927.848,2927.948,2927.448,2927.848
1741795080000,2927.848,2928.148,2927.338,2927.538
1741795140000,2927.538,2928.165,2927.208,2928.148
1741795200000,2928.505,2928.905,2927.775,2928.898
1741795260000,2928.898,2929.155,2928.475,2929.148
1741795320000,2929.148,2929.548,2928.548,2928.748
1741795380000,2928.848,2929.048,2928.248,2928.248
1741795440000,2928.248,2928.448,2927.925,2928.078
1741795500000,2928.088,2928.495,2927.665,2928.175
1741795560000,2928.255,2928.655,2928.205,2928.475
1741795620000,2928.475,2929.355,2928.475,2929.095
1741795680000,2929.095,2931.888,2929.095,2931.848
1741795740000,2931.875,2936.458,2931.875,2935.138
1741795800000,2935.138,2936.048,2933.548,2933.548
1741795860000,2933.548,2934.848,2932.585,2933.448
1741795920000,2933.448,2934.548,2933.278,2934.348
1741795980000,2934.248,2934.848,2933.158,2934.848
1741796040000,2934.885,2935.248,2933.248,2933.548
1741796100000,2933.548,2933.985,2932.065,2932.748
1741796160000,2932.498,2933.648,2932.348,2933.448
1741796220000,2933.648,2934.048,2932.168,2932.865
1741796280000,2932.848,2933.148,2932.348,2932.448
1741796340000,2932.485,2933.585,2932.448,2933.348
1741796400000,2933.365,2935.348,2933.348,2935.248
1741796460000,2935.248,2935.248,2933.548,2934.348
1741796520000,2934.375,2935.125,2934.268,2935.065
1741796580000,2935.065,2935.648,2934.545,2935.465
1741796640000,2935.448,2936.388,2934.955,2936.318
1741796700000,2936.308,2936.748,2935.748,2936.148
1741796760000,2936.125,2936.578,2935.348,2936.578
1741796820000,2936.588,2937.688,2936.525,2937.598
1741796880000,2937.615,2937.858,2937.048,2937.348
1741796940000,2937.348,2937.748,2936.828,2937.448
1741797000000,2937.548,2938.948,2937.448,2937.648
1741797060000,2937.648,2937.648,2934.715,2935.105
1741797120000,2935.165,2936.945,2934.488,2936.505
1741797180000,2936.575,2937.175,2936.145,2936.385
1741797240000,2936.375,2937.345,2936.105,2936.765
1741797300000,2936.775,2937.535,2936.405,2936.685
1741797360000,2936.715,2937.565,2936.595,2936.805
1741797420000,2936.855,2936.865,2935.295,2935.348
1741797480000,2935.448,2935.948,2934.648,2935.315
1741797540000,2935.315,2935.995,2934.985,2935.548
1741797600000,2935.525,2935.525,2934.515,2934.948
1741797660000,2934.948,2935.648,2934.748,2935.455
1741797720000,2935.455,2935.948,2935.148,2935.448
1741797780000,2935.335,2935.448,2934.645,2935.035
1741797840000,2934.805,2935.155,2934.305,2935.085
1741797900000,2934.975,2935.305,2934.135,2934.745
1741797960000,2934.735,2935.415,2934.625,2935.195
1741798020000,2935.248,2935.348,2934.848,2935.248
1741798080000,2935.248,2935.348,2933.925,2934.348
1741798140000,2934.448,2934.748,2933.848,2934.348
1741798200000,2934.348,2934.748,2933.548,2934.148
1741798260000,2934.248,2934.648,2933.805,2933.948
1741798320000,2933.948,2934.448,2933.648,2933.748
1741798380000,2933.748,2934.448,2933.748,2933.965
1741798440000,2934.148,2934.948,2933.948,2934.748
1741798500000,2934.748,2935.848,2934.748,2935.548
1741798560000,2935.345,2936.248,2935.345,2936.148
1741798620000,2936.148,2936.248,2935.675,2935.948
1741798680000,2935.795,2936.348,2935.648,2936.248
1741798740000,2936.285,2936.348,2935.648,2936.095
1741798800000,2936.139,2936.848,2935.848,2936.648
1741798860000,2936.648,2936.955,2936.448,2936.945
1741798920000,2936.915,2936.995,2936.098,2936.555
1741798980000,2936.549,2936.795,2936.248,2936.315
1741799040000,2936.309,2937.448,2936.248,2936.755
1741799100000,2936.749,2937.755,2936.548,2937.535
1741799160000,2937.535,2938.905,2937.448,2938.448
1741799220000,2938.515,2938.548,2937.075,2937.248
1741799280000,2937.348,2937.648,2936.875,2937.155
1741799340000,2937.175,2937.745,2936.745,2936.975
1741799400000,2936.925,2937.975,2936.685,2937.365
1741799460000,2937.325,2937.605,2937.048,2937.225
1741799520000,2937.195,2937.865,2936.875,2937.695
1741799580000,2937.765,2938.515,2937.685,2938.385
1741799640000,2938.405,2938.655,2937.505,2937.725
1741799700000,2937.725,2939.148,2937.565,2938.855
1741799760000,2938.855,2939.148,2938.348,2938.348
1741799820000,2938.448,2938.448,2937.165,2937.748
1741799880000,2937.748,2938.248,2936.668,2936.885
1741799940000,2936.928,2937.018,2936.648,2936.765
1741800000000,2936.768,2938.148,2936.698,2938.055
1741800060000,2938.048,2938.348,2937.548,2937.895
1741800120000,2937.935,2938.725,2937.825,2938.345
1741800180000,2938.395,2938.825,2938.075,2938.155
1741800240000,2938.155,2938.455,2937.785,2938.075
1741800300000,2938.075,2938.805,2937.305,2938.785
1741800360000,2938.815,2939.485,2938.485,2939.305
1741800420000,2939.375,2939.375,2938.748,2938.948
1741800480000,2938.948,2939.548,2937.855,2938.948
1741800540000,2938.865,2939.248,2937.568,2937.598
1741800600000,2937.529,2938.348,2937.115,2938.058
1741800660000,2938.058,2939.065,2937.948,2939.048
1741800720000,2939.148,2939.348,2938.418,2939.248
1741800780000,2939.258,2939.448,2939.048,2939.248
1741800840000,2939.248,2939.448,2938.948,2939.248
1741800900000,2939.248,2939.448,2938.848,2938.848
1741800960000,2938.948,2939.148,2938.448,2938.848
1741801020000,2938.948,2939.348,2938.605,2939.348
1741801080000,2939.248,2939.548,2939.148,2939.148
1741801140000,2939.248,2939.748,2939.048,2939.148
1741801200000,2939.075,2939.385,2938.965,2939.265
1741801260000,2939.358,2939.365,2938.548,2938.848
1741801320000,2938.948,2939.148,2938.248,2939.148
1741801380000,2939.148,2939.648,2938.905,2939.148
1741801440000,2939.148,2939.548,2939.098,2939.348
1741801500000,2939.348,2939.948,2939.185,2939.848
1741801560000,2939.565,2940.348,2939.565,2940.175
1741801620000,2940.148,2940.248,2938.848,2938.925
1741801680000,2938.898,2939.548,2938.898,2939.348
1741801740000,2939.328,2939.525,2939.048,2939.105
1741801800000,2939.125,2939.548,2938.918,2939.108
1741801860000,2939.125,2939.448,2938.348,2938.498
1741801920000,2938.498,2938.948,2938.498,2938.748
1741801980000,2938.748,2938.848,2937.558,2937.568
1741802040000,2937.568,2937.848,2937.118,2937.348
1741802100000,2937.448,2937.548,2937.015,2937.548
1741802160000,2937.448,2937.548,2936.865,2936.948
1741802220000,2936.975,2937.048,2936.708,2936.718
1741802280000,2936.708,2936.708,2935.965,2936.445
1741802340000,2936.385,2936.948,2935.585,2935.965
1741802400000,2935.925,2936.025,2935.455,2935.455
1741802460000,2935.515,2936.385,2935.435,2936.135
1741802520000,2936.165,2936.605,2936.035,2936.395
1741802580000,2936.445,2937.048,2935.985,2936.748
1741802640000,2936.748,2937.248,2936.555,2936.855
1741802700000,2936.848,2936.905,2936.048,2936.115
1741802760000,2936.115,2936.135,2935.095,2935.275
1741802820000,2935.235,2935.405,2934.948,2935.335
1741802880000,2935.415,2936.348,2935.235,2936.148
1741802940000,2936.148,2936.648,2936.148,2936.348
1741803000000,2936.448,2936.655,2935.848,2936.248
1741803060000,2936.148,2936.548,2935.708,2936.448
1741803120000,2936.448,2936.548,2935.498,2936.248
1741803180000,2936.348,2936.348,2934.848,2934.848
1741803240000,2934.848,2935.348,2934.848,2935.048
1741803300000,2935.048,2935.148,2934.678,2934.855
1741803360000,2934.855,2935.015,2934.548,2934.548
1741803420000,2934.448,2934.765,2934.448,2934.685
1741803480000,2934.635,2934.755,2934.248,2934.415
1741803540000,2934.415,2934.435,2933.648,2934.155
1741803600000,2934.155,2934.585,2934.055,2934.105
1741803660000,2934.105,2934.245,2933.465,2933.705
1741803720000,2933.705,2934.348,2933.705,2934.148
1741803780000,2934.205,2934.448,2933.905,2934.075
1741803840000,2934.075,2935.348,2933.748,2935.265
1741803900000,2935.258,2935.498,2934.975,2935.378
1741803960000,2935.378,2935.408,2934.955,2935.085
1741804020000,2935.105,2935.595,2934.995,2935.255
1741804080000,2935.285,2935.445,2934.885,2935.085
1741804140000,2935.055,2935.715,2934.965,2935.545
1741804200000,2935.565,2935.885,2935.365,2935.805
1741804260000,2935.775,2935.965,2935.348,2935.448
1741804320000,2935.495,2936.148,2935.425,2935.965
1741804380000,2935.948,2936.548,2935.648,2936.548
1741804440000,2936.565,2936.565,2935.868,2935.948
1741804500000,2935.948,2936.848,2935.948,2936.748
1741804560000,2936.748,2937.045,2935.668,2936.148
1741804620000,2936.148,2936.448,2935.958,2936.098
1741804680000,2936.098,2936.195,2935.338,2935.498
1741804740000,2935.498,2935.655,2934.548,2934.705
1741804800000,2934.705,2935.248,2934.575,2935.048
1741804860000,2935.175,2935.175,2934.348,2934.648
1741804920000,2934.565,2935.048,2934.408,2934.685
1741804980000,2934.648,2934.855,2934.445,2934.748
1741805040000,2934.748,2934.755,2934.208,2934.648
1741805100000,2934.675,2935.048,2934.038,2934.508
1741805160000,2934.508,2934.758,2934.148,2934.148
1741805220000,2934.165,2934.708,2934.148,2934.635
1741805280000,2934.695,2934.915,2934.555,2934.665
1741805340000,2934.705,2934.915,2934.005,2934.395
1741805400000,2934.405,2934.605,2934.255,2934.385
1741805460000,2934.405,2934.755,2934.375,2934.675
1741805520000,2934.605,2935.085,2934.595,2934.795
1741805580000,2934.815,2934.848,2934.148,2934.245
1741805640000,2934.345,2935.348,2934.325,2935.248
1741805700000,2935.248,2935.448,2934.848,2934.948
1741805760000,2934.948,2935.448,2934.648,2935.248
1741805820000,2935.195,2935.248,2934.605,2934.948
1741805880000,2935.148,2935.548,2934.948,2935.048
1741805940000,2935.048,2935.148,2934.748,2934.975
1741806000000,2934.948,2935.455,2934.948,2935.235
1741806060000,2935.235,2935.505,2934.459,2934.555
1741806120000,2934.555,2935.085,2934.548,2934.935
1741806180000,2934.785,2935.105,2934.785,2934.985
1741806240000,2934.979,2934.985,2934.635,2934.665
1741806300000,2934.665,2934.665,2934.039,2934.655
1741806360000,2934.655,2935.109,2934.655,2934.855
1741806420000,2934.855,2935.255,2934.648,2934.755
1741806480000,2934.755,2935.055,2934.448,2934.955
1741806540000,2934.975,2935.125,2934.548,2934.815
1741806600000,2934.809,2935.355,2934.748,2935.265
1741806660000,2935.248,2935.455,2935.048,2935.355
1741806720000,2935.355,2935.355,2934.848,2934.855
1741806780000,2934.855,2934.955,2934.148,2934.255
1741806840000,2934.255,2934.748,2934.255,2934.455
1741806900000,2934.449,2934.455,2933.575,2933.655
1741806960000,2933.855,2934.055,2933.448,2933.685
1741807020000,2933.655,2934.348,2933.195,2934.255
1741807080000,2934.248,2935.148,2934.148,2934.948
1741807140000,2934.948,2935.048,2934.525,2934.748
1741807200000,2934.748,2935.048,2934.748,2934.948
1741807260000,2934.848,2935.248,2934.155,2935.148
1741807320000,2935.119,2935.148,2934.448,2934.648
1741807380000,2934.585,2934.695,2933.548,2933.548
1741807440000,2933.548,2933.715,2933.348,2933.375
1741807500000,2933.365,2933.565,2932.495,2932.595
1741807560000,2932.595,2932.905,2932.205,2932.485
1741807620000,2932.448,2933.775,2932.375,2933.748
1741807680000,2933.748,2934.848,2933.748,2934.435
1741807740000,2934.435,2934.548,2934.095,2934.448
1741807800000,2934.348,2934.565,2934.048,2934.448
1741807860000,2934.448,2934.465,2933.475,2933.675
1741807920000,2933.695,2933.865,2933.385,2933.745
1741807980000,2933.775,2934.005,2933.705,2933.935
1741808040000,2933.975,2934.025,2933.085,2933.595
1741808100000,2933.635,2934.015,2933.295,2933.555
1741808160000,2933.525,2933.785,2933.275,2933.685
1741808220000,2933.748,2933.815,2932.815,2932.885
1741808280000,2932.815,2933.435,2932.795,2933.165
1741808340000,2933.225,2933.275,2932.535,2932.755
1741808400000,2932.755,2933.165,2932.755,2933.075
1741808460000,2933.075,2933.425,2932.995,2933.385
1741808520000,2933.405,2933.555,2932.995,2933.015
1741808580000,2933.055,2933.555,2932.995,2933.155
1741808640000,2933.155,2933.475,2932.895,2932.955
1741808700000,2933.025,2933.095,2932.548,2932.725
1741808760000,2932.775,2932.965,2932.635,2932.715
1741808820000,2932.735,2933.505,2932.715,2933.315
1741808880000,2933.305,2933.589,2933.115,2933.525
1741808940000,2933.535,2933.535,2932.935,2933.005
1741809000000,2932.959,2932.959,2932.048,2932.548
1741809060000,2932.548,2933.255,2932.245,2933.225
1741809120000,2933.205,2933.485,2932.925,2933.235
1741809180000,2933.235,2933.345,2932.755,2932.935
1741809240000,2933.025,2933.065,2932.555,2932.635
1741809300000,2932.545,2932.685,2931.885,2932.055
1741809360000,2932.055,2932.685,2931.975,2932.265
1741809420000,2932.265,2932.365,2931.175,2931.885
1741809480000,2931.925,2932.145,2930.845,2931.255
1741809540000,2931.245,2931.935,2930.785,2931.115
1741809600000,2931.099,2931.755,2930.975,2931.665
1741809660000,2931.435,2931.895,2931.045,2931.885
1741809720000,2931.845,2931.845,2931.205,2931.265
1741809780000,2931.295,2932.135,2931.065,2931.995
1741809840000,2931.925,2932.025,2931.815,2931.815
1741809900000,2931.835,2932.385,2931.835,2932.385
1741809960000,2932.385,2932.945,2932.245,2932.945
1741810020000,2933.045,2933.045,2932.525,2932.975
1741810080000,2932.945,2933.005,2932.765,2932.825
1741810140000,2932.825,2933.195,2932.655,2932.915
1741810200000,2932.875,2932.995,2932.785,2932.975
1741810260000,2932.975,2933.165,2932.845,2932.875
1741810320000,2932.875,2932.875,2932.375,2932.385
1741810380000,2932.375,2932.555,2931.905,2931.965
1741810440000,2931.965,2932.025,2931.855,2931.935
1741810500000,2931.935,2932.175,2931.915,2931.915
1741810560000,2931.885,2931.985,2931.825,2931.965
1741810620000,2931.965,2932.145,2931.745,2931.755
1741810680000,2931.705,2932.185,2931.705,2932.185
1741810740000,2932.185,2932.255,2931.955,2932.155
1741810800000,2932.075,2932.175,2930.655,2931.545
1741810860000,2931.595,2931.795,2931.215,2931.415
1741810920000,2931.485,2931.775,2931.415,2931.775
1741810980000,2931.795,2932.075,2931.575,2931.775
1741811040000,2931.835,2932.165,2931.745,2931.985
1741811100000,2931.985,2932.095,2931.925,2931.985
1741811160000,2931.975,2932.395,2930.955,2932.165
1741811220000,2932.185,2932.445,2932.165,2932.375
1741811280000,2932.375,2932.385,2931.855,2931.915
1741811340000,2931.915,2931.955,2931.835,2931.855
1741811400000,2931.855,2932.395,2931.855,2932.395
1741811460000,2932.395,2933.045,2932.395,2932.985
1741811520000,2932.985,2932.985,2932.675,2932.965
1741811580000,2932.835,2932.875,2932.585,2932.725
1741811640000,2932.725,2932.865,2932.515,2932.575
1741811700000,2932.575,2932.625,2932.335,2932.365
1741811760000,2932.385,2932.545,2932.265,2932.525
1741811820000,2932.485,2933.735,2932.485,2933.725
1741811880000,2933.725,2933.975,2933.445,2933.555
1741811940000,2933.565,2933.665,2933.485,2933.595
1741812000000,2933.575,2933.675,2933.315,2933.545
1741812060000,2933.545,2934.015,2933.545,2933.975
1741812120000,2934.025,2934.025,2933.235,2933.425
1741812180000,2933.435,2933.675,2933.345,2933.475
1741812240000,2933.435,2933.535,2933.285,2933.285
1741812300000,2933.275,2933.645,2933.145,2933.635
1741812360000,2933.685,2933.785,2933.535,2933.725
1741812420000,2933.635,2933.805,2933.235,2933.265
1741812480000,2933.315,2933.365,2932.915,2932.925
1741812540000,2932.905,2933.005,2932.635,2932.795
1741812600000,2932.775,2932.805,2931.995,2932.305
1741812660000,2932.305,2932.405,2931.935,2932.275
1741812720000,2932.275,2932.305,2931.848,2932.305
1741812780000,2932.305,2932.405,2931.905,2932.255
1741812840000,2932.255,2933.165,2932.105,2933.055
1741812900000,2933.055,2933.265,2932.848,2932.948
1741812960000,2932.965,2933.565,2932.848,2933.048
1741813020000,2933.095,2933.165,2932.799,2932.885
1741813080000,2932.885,2933.148,2932.848,2933.148
1741813140000,2933.155,2933.455,2932.925,2932.925
1741813200000,2932.925,2932.925,2932.925,2932.925
1741813260000,2932.925,2932.925,2932.925,2932.925
1741813320000,2932.925,2932.925,2932.925,2932.925
1741813380000,2932.925,2932.925,2932.925,2932.925
1741813440000,2932.925,2932.925,2932.925,2932.925
1741813500000,2932.925,2932.925,2932.925,2932.925
1741813560000,2932.925,2932.925,2932.925,2932.925
1741813620000,2932.925,2932.925,2932.925,2932.925
1741813680000,2932.925,2932.925,2932.925,2932.925
1741813740000,2932.925,2932.925,2932.925,2932.925
1741813800000,2932.925,2932.925,2932.925,2932.925
1741813860000,2932.925,2932.925,2932.925,2932.925
1741813920000,2932.925,2932.925,2932.925,2932.925
1741813980000,2932.925,2932.925,2932.925,2932.925
1741814040000,2932.925,2932.925,2932.925,2932.925
1741814100000,2932.925,2932.925,2932.925,2932.925
1741814160000,2932.925,2932.925,2932.925,2932.925
1741814220000,2932.925,2932.925,2932.925,2932.925
1741814280000,2932.925,2932.925,2932.925,2932.925
1741814340000,2932.925,2932.925,2932.925,2932.925
1741814400000,2932.925,2932.925,2932.925,2932.925
1741814460000,2932.925,2932.925,2932.925,2932.925
1741814520000,2932.925,2932.925,2932.925,2932.925
1741814580000,2932.925,2932.925,2932.925,2932.925
1741814640000,2932.925,2932.925,2932.925,2932.925
1741814700000,2932.925,2932.925,2932.925,2932.925
1741814760000,2932.925,2932.925,2932.925,2932.925
1741814820000,2932.925,2932.925,2932.925,2932.925
1741814880000,2932.925,2932.925,2932.925,2932.925
1741814940000,2932.925,2932.925,2932.925,2932.925
1741815000000,2932.925,2932.925,2932.925,2932.925
1741815060000,2932.925,2932.925,2932.925,2932.925
1741815120000,2932.925,2932.925,2932.925,2932.925
1741815180000,2932.925,2932.925,2932.925,2932.925
1741815240000,2932.925,2932.925,2932.925,2932.925
1741815300000,2932.925,2932.925,2932.925,2932.925
1741815360000,2932.925,2932.925,2932.925,2932.925
1741815420000,2932.925,2932.925,2932.925,2932.925
1741815480000,2932.925,2932.925,2932.925,2932.925
1741815540000,2932.925,2932.925,2932.925,2932.925
1741815600000,2932.925,2932.925,2932.925,2932.925
1741815660000,2932.925,2932.925,2932.925,2932.925
1741815720000,2932.925,2932.925,2932.925,2932.925
1741815780000,2932.925,2932.925,2932.925,2932.925
1741815840000,2932.925,2932.925,2932.925,2932.925
1741815900000,2932.925,2932.925,2932.925,2932.925
1741815960000,2932.925,2932.925,2932.925,2932.925
1741816020000,2932.925,2932.925,2932.925,2932.925
1741816080000,2932.925,2932.925,2932.925,2932.925
1741816140000,2932.925,2932.925,2932.925,2932.925
1741816200000,2932.925,2932.925,2932.925,2932.925
1741816260000,2932.925,2932.925,2932.925,2932.925
1741816320000,2932.925,2932.925,2932.925,2932.925
1741816380000,2932.925,2932.925,2932.925,2932.925
1741816440000,2932.925,2932.925,2932.925,2932.925
1741816500000,2932.925,2932.925,2932.925,2932.925
1741816560000,2932.925,2932.925,2932.925,2932.925
1741816620000,2932.925,2932.925,2932.925,2932.925
1741816680000,2932.925,2932.925,2932.925,2932.925
1741816740000,2932.925,2932.925,2932.925,2932.925
1741816800000,2933.698,2934.048,2932.885,2933.248
1741816860000,2933.548,2933.675,2932.935,2933.595
1741816920000,2933.548,2934.248,2933.548,2933.885
1741816980000,2933.865,2934.635,2933.685,2934.548
1741817040000,2934.655,2934.775,2934.165,2934.655
1741817100000,2934.748,2934.775,2934.445,2934.695
1741817160000,2934.685,2934.895,2934.325,2934.695
1741817220000,2934.785,2934.935,2934.485,2934.725
1741817280000,2934.755,2934.865,2934.485,2934.785
1741817340000,2934.795,2935.025,2934.795,2934.955
1741817400000,2934.955,2935.265,2934.745,2935.225
1741817460000,2935.265,2935.505,2935.015,2935.295
1741817520000,2935.305,2935.325,2935.095,2935.325
1741817580000,2935.325,2935.385,2934.635,2934.695
1741817640000,2934.695,2934.995,2934.535,2934.925
1741817700000,2934.905,2935.105,2934.748,2935.105
1741817760000,2935.085,2935.275,2935.085,2935.095
1741817820000,2935.085,2935.095,2934.815,2934.925
1741817880000,2934.955,2935.315,2934.948,2935.015
1741817940000,2935.025,2935.175,2934.885,2934.885
1741818000000,2934.815,2935.165,2934.755,2934.965
1741818060000,2934.995,2934.995,2934.135,2934.225
1741818120000,2934.265,2934.635,2934.115,2934.545
1741818180000,2934.475,2934.575,2934.385,2934.385
1741818240000,2934.395,2934.595,2934.305,2934.395
1741818300000,2934.435,2934.735,2934.385,2934.705
1741818360000,2934.715,2935.065,2934.715,2934.995
1741818420000,2934.985,2935.015,2934.465,2934.945
1741818480000,2934.975,2935.175,2934.765,2935.025
1741818540000,2935.045,2935.115,2934.105,2934.185
1741818600000,2934.205,2934.475,2933.995,2934.335
1741818660000,2934.335,2934.335,2933.948,2934.125
1741818720000,2934.195,2934.485,2934.005,2934.285
1741818780000,2934.348,2934.485,2933.955,2934.065
1741818840000,2934.115,2934.365,2933.825,2933.895
1741818900000,2933.895,2934.015,2933.725,2933.965
1741818960000,2933.975,2933.995,2933.755,2933.915
1741819020000,2933.925,2934.175,2933.735,2934.085
1741819080000,2934.025,2934.025,2933.745,2933.825
1741819140000,2933.835,2934.095,2933.575,2934.005
1741819200000,2934.075,2934.125,2933.885,2934.025
1741819260000,2934.025,2934.125,2933.805,2934.105
1741819320000,2934.085,2934.215,2933.825,2934.165
1741819380000,2934.055,2934.135,2933.838,2933.995
1741819440000,2933.995,2934.725,2933.995,2934.575
1741819500000,2934.665,2935.365,2934.595,2935.365
1741819560000,2935.415,2936.145,2935.358,2936.145
1741819620000,2936.175,2936.175,2935.655,2935.655
1741819680000,2935.595,2936.295,2935.585,2936.275
1741819740000,2936.275,2937.615,2936.185,2937.435
1741819800000,2937.425,2937.425,2936.825,2937.165
1741819860000,2937.155,2937.665,2937.135,2937.325
1741819920000,2937.395,2938.445,2937.035,2937.715
1741819980000,2937.715,2938.385,2937.585,2938.295
1741820040000,2938.295,2938.295,2937.815,2938.095
1741820100000,2938.095,2938.795,2938.095,2938.685
1741820160000,2938.695,2938.748,2938.385,2938.448
1741820220000,2938.495,2938.648,2937.475,2937.625
1741820280000,2937.615,2938.005,2937.615,2937.905
1741820340000,2937.905,2937.985,2937.805,2937.985
1741820400000,2937.985,2938.275,2937.748,2938.148
1741820460000,2938.248,2938.548,2937.948,2938.448
1741820520000,2938.445,2938.648,2938.275,2938.648
1741820580000,2938.648,2939.148,2938.648,2939.048
1741820640000,2939.048,2939.048,2938.095,2938.248
1741820700000,2938.348,2938.448,2938.248,2938.348
1741820760000,2938.348,2938.875,2938.348,2938.648
1741820820000,2938.648,2938.948,2938.348,2938.558
1741820880000,2938.558,2938.658,2938.498,2938.648
1741820940000,2938.605,2938.605,2936.908,2936.968
1741821000000,2937.018,2937.208,2936.508,2936.598
1741821060000,2936.658,2936.888,2936.658,2936.738
1741821120000,2936.738,2937.375,2936.665,2937.135
1741821180000,2937.138,2937.255,2936.685,2936.705
1741821240000,2936.725,2936.825,2936.415,2936.445
1741821300000,2936.415,2936.555,2935.925,2936.305
1741821360000,2936.285,2936.405,2935.605,2936.095
1741821420000,2936.085,2936.085,2935.155,2935.225
1741821480000,2935.235,2935.635,2934.505,2934.515
1741821540000,2934.535,2935.575,2934.435,2935.145
1741821600000,2935.145,2935.175,2934.825,2935.045
1741821660000,2935.105,2935.105,2934.845,2934.945
1741821720000,2934.985,2935.445,2934.845,2934.935
1741821780000,2934.875,2934.975,2934.675,2934.705
1741821840000,2934.645,2934.865,2934.525,2934.705
1741821900000,2934.635,2934.945,2934.515,2934.945
1741821960000,2934.925,2935.445,2934.925,2934.975
1741822020000,2935.005,2935.005,2934.695,2934.915
1741822080000,2934.985,2935.175,2934.955,2934.975
1741822140000,2934.925,2935.035,2934.775,2934.975
1741822200000,2934.925,2935.235,2934.845,2935.195
1741822260000,2935.225,2935.525,2935.225,2935.455
1741822320000,2935.455,2936.135,2935.255,2936.045
1741822380000,2936.075,2936.215,2935.895,2936.115
1741822440000,2936.115,2936.215,2935.958,2936.115
1741822500000,2936.095,2936.385,2936.028,2936.255
1741822560000,2936.295,2937.495,2936.255,2937.445
1741822620000,2937.445,2937.635,2937.295,2937.555
1741822680000,2937.535,2938.055,2937.325,2937.865
1741822740000,2937.895,2938.575,2937.695,2938.525
1741822800000,2938.475,2938.815,2938.375,2938.375
1741822860000,2938.455,2938.675,2938.175,2938.365
1741822920000,2938.275,2938.355,2938.005,2938.165
1741822980000,2938.165,2938.285,2937.945,2938.005
1741823040000,2937.945,2938.325,2937.925,2938.025
1741823100000,2938.025,2938.025,2937.585,2937.665
1741823160000,2937.615,2937.765,2937.175,2937.225
1741823220000,2937.245,2937.305,2937.095,2937.135
1741823280000,2937.185,2937.425,2937.085,2937.375
1741823340000,2937.375,2937.435,2937.245,2937.415
1741823400000,2937.405,2938.015,2937.405,2937.815
1741823460000,2937.815,2937.815,2937.285,2937.625
1741823520000,2937.625,2937.715,2937.445,2937.705
1741823580000,2937.699,2937.725,2937.365,2937.485
1741823640000,2937.715,2937.905,2937.715,2937.815
1741823700000,2937.775,2937.795,2937.475,2937.575
1741823760000,2937.575,2937.885,2937.395,2937.635
1741823820000,2937.635,2937.865,2937.455,2937.455
1741823880000,2937.395,2937.645,2937.395,2937.505
1741823940000,2937.505,2937.975,2937.435,2937.925
1741824000000,2937.925,2938.275,2937.855,2937.855
1741824060000,2937.855,2938.385,2937.855,2938.275
1741824120000,2938.275,2938.355,2937.975,2938.085
1741824180000,2938.055,2938.585,2938.055,2938.105
1741824240000,2938.108,2938.505,2937.875,2937.875
1741824300000,2937.955,2938.015,2937.665,2937.985
1741824360000,2937.955,2938.015,2937.805,2937.915
1741824420000,2937.915,2938.005,2937.655,2937.695
1741824480000,2937.695,2937.835,2937.605,2937.695
1741824540000,2937.685,2937.955,2937.635,2937.845
1741824600000,2937.845,2938.135,2937.805,2937.845
1741824660000,2937.845,2937.955,2937.845,2937.855
1741824720000,2937.855,2938.155,2937.848,2937.955
1741824780000,2937.648,2938.035,2937.448,2937.465
1741824840000,2937.465,2938.065,2937.455,2938.055
1741824900000,2938.055,2938.055,2937.415,2937.755
1741824960000,2937.735,2937.985,2937.605,2937.865
1741825020000,2937.845,2938.275,2937.755,2937.905
1741825080000,2937.925,2938.195,2937.915,2938.165
1741825140000,2938.145,2938.365,2937.685,2938.325
1741825200000,2938.335,2938.635,2938.285,2938.625
1741825260000,2938.815,2938.945,2938.495,2938.575
1741825320000,2938.665,2939.195,2938.595,2938.935
1741825380000,2938.955,2938.955,2938.455,2938.555
1741825440000,2938.505,2938.595,2938.138,2938.138
1741825500000,2938.138,2938.548,2938.018,2938.448
1741825560000,2938.375,2938.705,2938.375,2938.535
1741825620000,2938.485,2938.755,2938.485,2938.685
1741825680000,2938.705,2938.705,2938.315,2938.385
1741825740000,2938.355,2938.565,2938.225,2938.385
1741825800000,2938.345,2938.425,2937.935,2937.935
1741825860000,2937.935,2938.425,2937.935,2938.195
1741825920000,2938.165,2938.625,2938.085,2938.595
1741825980000,2938.565,2938.595,2938.135,2938.395
1741826040000,2938.375,2938.395,2938.085,2938.335
1741826100000,2938.345,2939.035,2938.345,2938.438
1741826160000,2938.278,2938.355,2938.108,2938.245
1741826220000,2938.205,2938.265,2938.075,2938.075
1741826280000,2938.075,2938.275,2938.065,2938.148
1741826340000,2938.148,2938.385,2938.048,2938.285
1741826400000,2938.315,2938.315,2938.148,2938.155
1741826460000,2938.185,2938.348,2937.885,2937.885
1741826520000,2937.915,2937.985,2937.665,2937.665
1741826580000,2937.685,2937.828,2937.638,2937.708
1741826640000,2937.685,2937.785,2937.428,2937.535
1741826700000,2937.545,2937.785,2937.485,2937.598
1741826760000,2937.598,2937.698,2937.485,2937.575
1741826820000,2937.575,2938.185,2937.545,2938.025
1741826880000,2938.045,2938.115,2937.885,2938.095
1741826940000,2938.089,2938.185,2938.005,2938.165
1741827000000,2938.148,2938.355,2937.895,2938.248
1741827060000,2938.248,2938.348,2937.448,2937.665
1741827120000,2937.655,2937.665,2937.405,2937.448
1741827180000,2937.448,2937.735,2937.348,2937.585
1741827240000,2937.545,2937.965,2937.495,2937.935
1741827300000,2937.935,2938.065,2937.825,2937.905
1741827360000,2937.935,2938.305,2937.935,2938.275
1741827420000,2938.255,2938.475,2938.235,2938.345
1741827480000,2938.355,2938.375,2938.015,2938.275
1741827540000,2938.538,2938.675,2938.305,2938.425
1741827600000,2938.475,2939.825,2938.148,2939.825
1741827660000,2939.785,2940.148,2939.595,2939.935
1741827720000,2939.905,2940.605,2939.845,2940.405
1741827780000,2940.435,2941.045,2940.225,2940.845
1741827840000,2940.815,2941.305,2940.068,2940.925
1741827900000,2940.995,2940.995,2939.455,2940.165
1741827960000,2940.235,2940.795,2940.095,2940.178
1741828020000,2940.188,2940.235,2939.555,2939.705
1741828080000,2939.735,2939.925,2939.425,2939.815
1741828140000,2939.725,2939.855,2939.405,2939.605
1741828200000,2939.625,2940.805,2939.435,2940.585
1741828260000,2940.605,2940.995,2940.278,2940.758
1741828320000,2940.755,2941.155,2940.525,2940.945
1741828380000,2941.075,2941.075,2940.595,2940.775
1741828440000,2940.805,2940.835,2940.275,2940.538
1741828500000,2940.518,2940.735,2939.765,2939.805
1741828560000,2939.875,2939.875,2939.695,2939.805
1741828620000,2939.828,2940.105,2939.705,2940.068
1741828680000,2940.105,2940.405,2940.055,2940.115
1741828740000,2940.105,2940.675,2939.978,2940.095
1741828800000,2940.105,2940.305,2939.585,2939.805
1741828860000,2939.805,2939.805,2939.108,2939.285
1741828920000,2939.305,2939.305,2938.858,2938.898
1741828980000,2938.895,2939.305,2938.575,2938.575
1741829040000,2938.545,2938.835,2938.495,2938.675
1741829100000,2938.815,2938.985,2938.435,2938.815
1741829160000,2938.738,2938.748,2937.925,2937.938
1741829220000,2937.928,2937.975,2937.475,2937.785
1741829280000,2938.065,2938.165,2937.275,2937.385
1741829340000,2937.348,2938.408,2937.205,2938.338
1741829400000,2938.338,2938.748,2938.248,2938.388
1741829460000,2938.418,2938.648,2938.078,2938.648
1741829520000,2938.648,2939.095,2938.115,2938.265
1741829580000,2938.255,2938.355,2937.435,2937.645
1741829640000,2937.615,2937.925,2937.425,2937.425
1741829700000,2937.435,2937.705,2937.155,2937.365
1741829760000,2937.355,2937.565,2936.945,2937.075
1741829820000,2937.055,2937.105,2936.708,2937.085
1741829880000,2937.065,2937.435,2936.448,2936.505
1741829940000,2936.548,2937.315,2936.548,2937.305
1741830000000,2937.365,2937.525,2937.125,2937.225
1741830060000,2937.228,2937.275,2936.785,2936.845
1741830120000,2936.875,2937.055,2936.585,2936.935
1741830180000,2936.945,2937.035,2936.675,2936.855
1741830240000,2936.845,2937.355,2936.825,2937.165
1741830300000,2937.305,2937.305,2936.698,2936.765
1741830360000,2936.815,2937.335,2936.805,2936.848
1741830420000,2936.848,2937.148,2936.648,2936.725
1741830480000,2936.755,2936.995,2936.455,2936.715
1741830540000,2936.685,2936.895,2936.445,2936.648
1741830600000,2936.648,2936.885,2936.248,2936.515
1741830660000,2936.455,2937.505,2936.385,2937.465
1741830720000,2937.465,2939.115,2937.225,2939.045
1741830780000,2939.025,2939.355,2938.145,2938.355
1741830840000,2938.365,2938.645,2938.105,2938.405
1741830900000,2938.395,2938.695,2938.275,2938.695
1741830960000,2938.645,2938.945,2938.105,2938.125
1741831020000,2938.095,2938.415,2938.055,2938.285
1741831080000,2938.265,2938.305,2937.815,2937.845
1741831140000,2937.875,2937.965,2937.545,2937.675
1741831200000,2937.715,2938.145,2937.285,2938.145
1741831260000,2938.185,2938.595,2938.095,2938.555
1741831320000,2938.485,2938.535,2938.055,2938.445
1741831380000,2938.435,2938.925,2938.435,2938.655
1741831440000,2938.645,2938.935,2938.475,2938.875
1741831500000,2938.915,2939.935,2938.885,2939.625
1741831560000,2939.595,2939.825,2939.445,2939.675
1741831620000,2939.715,2940.015,2939.485,2939.655
1741831680000,2939.675,2939.875,2939.415,2939.875
1741831740000,2939.865,2939.945,2939.515,2939.615
1741831800000,2939.585,2939.985,2939.585,2939.765
1741831860000,2939.675,2940.295,2939.545,2940.265
1741831920000,2940.165,2940.755,2940.115,2940.245
1741831980000,2940.238,2940.975,2940.105,2940.595
1741832040000,2940.635,2941.105,2940.455,2941.085
1741832100000,2941.055,2941.405,2940.725,2940.725
1741832160000,2940.845,2940.875,2939.755,2940.085
1741832220000,2940.085,2940.085,2939.785,2939.935
1741832280000,2939.935,2940.645,2939.685,2940.365
1741832340000,2940.345,2940.365,2939.348,2940.048
1741832400000,2940.075,2940.525,2939.915,2940.015
1741832460000,2940.015,2940.435,2939.755,2940.235
1741832520000,2940.235,2940.285,2938.665,2938.895
1741832580000,2938.958,2939.495,2938.895,2939.425
1741832640000,2939.465,2939.715,2939.325,2939.585
1741832700000,2939.515,2939.885,2939.355,2939.865
1741832760000,2939.815,2940.065,2939.665,2939.845
1741832820000,2939.845,2940.225,2939.555,2939.865
1741832880000,2939.835,2940.085,2939.335,2939.475
1741832940000,2939.475,2939.795,2939.255,2939.765
1741833000000,2939.785,2940.185,2939.465,2939.885
1741833060000,2939.885,2939.935,2939.585,2939.795
1741833120000,2939.745,2939.885,2939.515,2939.805
1741833180000,2939.765,2940.025,2939.275,2939.425
1741833240000,2939.405,2939.485,2939.175,2939.295
1741833300000,2939.315,2939.915,2939.185,2939.855
1741833360000,2939.885,2940.245,2939.455,2939.825
1741833420000,2939.875,2940.305,2939.755,2940.285
1741833480000,2940.295,2941.145,2940.175,2941.115
1741833540000,2941.155,2941.375,2941.015,2941.215
1741833600000,2941.215,2941.245,2940.865,2940.865
1741833660000,2940.875,2941.255,2940.775,2941.215
1741833720000,2941.215,2942.195,2941.215,2941.448
1741833780000,2941.425,2941.775,2941.355,2941.665
1741833840000,2941.685,2942.138,2941.365,2941.698
1741833900000,2941.698,2941.855,2941.135,2941.255
1741833960000,2941.175,2943.185,2941.175,2943.185
1741834020000,2943.155,2943.475,2942.845,2943.085
1741834080000,2943.088,2943.175,2942.325,2942.865
1741834140000,2942.865,2943.325,2942.435,2942.995
1741834200000,2942.975,2943.325,2942.335,2943.325
1741834260000,2943.405,2943.648,2942.825,2943.648
1741834320000,2943.548,2944.355,2943.448,2944.125
1741834380000,2944.135,2944.335,2943.975,2944.075
1741834440000,2944.085,2944.335,2943.875,2944.075
1741834500000,2944.085,2945.845,2944.005,2945.615
1741834560000,2945.335,2945.465,2944.275,2944.338
1741834620000,2944.408,2945.168,2944.178,2944.928
1741834680000,2944.928,2945.548,2944.528,2944.848
1741834740000,2944.848,2944.858,2943.955,2944.055
1741834800000,2944.055,2944.075,2943.348,2943.755
1741834860000,2943.795,2943.975,2943.445,2943.548
1741834920000,2943.225,2943.225,2942.725,2942.948
1741834980000,2942.948,2944.025,2942.948,2943.915
1741835040000,2943.985,2944.185,2943.745,2943.848
1741835100000,2943.848,2943.875,2943.548,2943.655
1741835160000,2943.648,2944.775,2943.365,2944.715
1741835220000,2944.735,2944.885,2944.435,2944.815
1741835280000,2944.745,2944.915,2944.295,2944.305
1741835340000,2944.285,2944.575,2944.215,2944.435
1741835400000,2944.355,2944.525,2944.095,2944.485
1741835460000,2944.505,2945.105,2943.995,2944.165
1741835520000,2944.125,2944.955,2944.095,2944.655
1741835580000,2944.655,2945.085,2944.425,2944.435
1741835640000,2944.455,2944.455,2944.065,2944.105
1741835700000,2944.085,2944.325,2944.085,2944.195
1741835760000,2944.225,2944.335,2943.968,2943.975
1741835820000,2944.015,2944.748,2943.848,2944.148
1741835880000,2944.125,2944.125,2943.748,2943.848
1741835940000,2944.005,2944.425,2943.778,2944.258
1741836000000,2944.318,2944.938,2944.218,2944.548
1741836060000,2944.538,2945.695,2944.405,2945.118
1741836120000,2945.148,2945.445,2944.995,2945.375
1741836180000,2945.355,2945.405,2944.565,2944.848
1741836240000,2944.755,2945.648,2944.748,2945.648
1741836300000,2945.748,2945.748,2944.885,2944.995
1741836360000,2945.015,2945.415,2944.705,2945.015
1741836420000,2945.025,2945.025,2944.575,2944.675
1741836480000,2944.655,2944.675,2943.905,2944.115
1741836540000,2944.065,2944.215,2943.715,2944.135
1741836600000,2944.235,2944.235,2943.665,2943.845
1741836660000,2943.775,2943.855,2943.355,2943.815
1741836720000,2943.795,2943.815,2943.305,2943.655
1741836780000,2943.655,2943.805,2943.415,2943.485
1741836840000,2943.485,2943.865,2943.345,2943.825
1741836900000,2943.825,2943.915,2943.435,2943.745
1741836960000,2943.735,2944.015,2943.355,2943.895
1741837020000,2943.885,2944.395,2943.795,2944.205
1741837080000,2944.295,2944.748,2944.148,2944.715
1741837140000,2944.725,2945.195,2944.435,2944.845
1741837200000,2944.825,2944.865,2944.285,2944.835
1741837260000,2944.805,2944.935,2944.565,2944.845
1741837320000,2944.895,2944.955,2944.335,2944.385
1741837380000,2944.355,2945.005,2944.355,2944.865
1741837440000,2944.885,2944.885,2944.485,2944.765
1741837500000,2944.795,2944.835,2944.365,2944.405
1741837560000,2944.375,2944.515,2944.215,2944.395
1741837620000,2944.425,2944.935,2944.355,2944.895
1741837680000,2944.895,2945.095,2944.635,2945.055
1741837740000,2945.065,2945.655,2944.965,2945.445
1741837800000,2945.425,2945.665,2945.145,2945.585
1741837860000,2945.595,2945.885,2945.325,2945.615
1741837920000,2945.595,2946.075,2945.585,2946.035
1741837980000,2946.035,2946.975,2945.848,2946.405
1741838040000,2946.405,2946.435,2945.825,2945.825
1741838100000,2945.825,2946.255,2945.615,2945.975
1741838160000,2945.835,2946.085,2945.815,2946.045
1741838220000,2946.045,2946.045,2945.735,2945.735
1741838280000,2945.715,2945.715,2945.305,2945.625
1741838340000,2945.605,2945.735,2945.445,2945.445
1741838400000,2945.405,2945.405,2944.715,2944.885
1741838460000,2944.905,2945.145,2944.348,2944.625
1741838520000,2944.595,2944.695,2943.845,2944.295
1741838580000,2944.155,2945.155,2943.905,2945.045
1741838640000,2944.985,2944.985,2944.055,2944.595
1741838700000,2944.585,2944.585,2943.815,2944.205
1741838760000,2944.245,2944.575,2943.835,2944.145
1741838820000,2944.105,2944.555,2944.045,2944.515
1741838880000,2944.515,2944.755,2944.455,2944.515
1741838940000,2944.545,2944.705,2944.495,2944.585
1741839000000,2944.595,2945.035,2944.505,2944.535
1741839060000,2944.505,2945.565,2944.495,2945.505
1741839120000,2945.525,2946.035,2945.375,2945.675
1741839180000,2945.685,2945.695,2945.025,2945.065
1741839240000,2945.345,2945.455,2945.085,2945.175
1741839300000,2945.225,2945.225,2945.145,2945.165
1741839360000,2945.125,2945.125,2944.855,2945.035
1741839420000,2945.075,2945.295,2944.875,2944.905
1741839480000,2944.845,2944.905,2944.365,2944.395
1741839540000,2944.395,2944.495,2944.235,2944.235
1741839600000,2944.408,2944.945,2944.408,2944.615
1741839660000,2944.595,2945.045,2944.445,2944.525
1741839720000,2944.515,2944.525,2943.995,2944.355
1741839780000,2944.325,2944.605,2944.295,2944.545
1741839840000,2944.455,2944.745,2944.455,2944.485
1741839900000,2944.455,2944.455,2944.185,2944.225
1741839960000,2944.255,2944.635,2944.255,2944.315
1741840020000,2944.295,2944.505,2944.075,2944.205
1741840080000,2944.165,2944.475,2944.155,2944.375
1741840140000,2944.385,2944.415,2944.265,2944.305
1741840200000,2944.285,2944.285,2943.575,2943.735
1741840260000,2943.745,2943.745,2943.335,2943.505
1741840320000,2943.425,2943.745,2943.385,2943.525
1741840380000,2943.445,2943.975,2943.335,2943.885
1741840440000,2943.855,2943.885,2943.625,2943.625
1741840500000,2943.575,2944.305,2943.535,2944.305
1741840560000,2944.305,2944.705,2944.155,2944.425
1741840620000,2944.405,2944.885,2943.958,2944.645
1741840680000,2944.645,2944.805,2943.845,2943.875
1741840740000,2943.875,2943.895,2943.565,2943.565
1741840800000,2943.648,2944.085,2943.345,2943.955
1741840860000,2943.935,2944.015,2943.505,2943.675
1741840920000,2943.689,2943.808,2943.465,2943.475
1741840980000,2943.458,2943.865,2943.365,2943.475
1741841040000,2943.498,2944.355,2943.465,2944.345
1741841100000,2944.325,2944.785,2944.168,2944.325
1741841160000,2944.285,2944.825,2944.278,2944.635
1741841220000,2944.615,2944.725,2944.345,2944.595
1741841280000,2944.555,2944.725,2944.485,2944.585
1741841340000,2944.595,2944.785,2944.205,2944.715
1741841400000,2944.735,2944.895,2944.375,2944.595
1741841460000,2944.585,2944.745,2944.445,2944.725
1741841520000,2944.735,2944.745,2944.445,2944.655
1741841580000,2944.705,2944.925,2944.495,2944.785
1741841640000,2944.805,2944.885,2944.555,2944.615
1741841700000,2944.905,2945.035,2944.725,2944.835
1741841760000,2944.855,2944.885,2944.505,2944.625
1741841820000,2944.595,2944.695,2944.268,2944.355
1741841880000,2944.325,2944.635,2944.278,2944.605
1741841940000,2944.625,2944.715,2944.445,2944.455
1741842000000,2944.495,2944.855,2944.368,2944.785
1741842060000,2944.815,2944.815,2944.488,2944.695
1741842120000,2944.725,2944.855,2944.395,2944.485
1741842180000,2944.545,2944.705,2944.405,2944.665
1741842240000,2944.685,2944.925,2944.245,2944.385
1741842300000,2944.335,2944.455,2944.095,2944.125
1741842360000,2944.095,2944.385,2944.095,2944.365
1741842420000,2944.325,2944.625,2944.228,2944.575
1741842480000,2944.595,2944.655,2944.198,2944.265
1741842540000,2944.375,2944.585,2944.115,2944.395
1741842600000,2944.415,2944.665,2944.085,2944.115
1741842660000,2944.145,2944.335,2944.005,2944.045
1741842720000,2944.065,2944.275,2944.045,2944.085
1741842780000,2944.075,2944.245,2943.855,2944.008
1741842840000,2944.115,2944.115,2943.248,2943.248
1741842900000,2943.255,2943.545,2943.248,2943.455
1741842960000,2943.385,2943.395,2942.748,2942.925
1741843020000,2942.935,2943.155,2942.548,2942.688
1741843080000,2942.655,2943.098,2942.555,2942.715
1741843140000,2942.748,2942.885,2942.548,2942.678
1741843200000,2942.678,2942.958,2942.448,2942.575
1741843260000,2942.585,2942.875,2942.445,2942.795
1741843320000,2942.815,2943.158,2942.748,2943.148
1741843380000,2943.148,2943.248,2942.655,2942.855
1741843440000,2942.948,2943.085,2942.735,2942.948
1741843500000,2942.948,2942.948,2942.395,2942.515
1741843560000,2942.495,2942.535,2942.065,2942.305
1741843620000,2942.295,2942.445,2942.045,2942.365
1741843680000,2942.315,2942.365,2940,2940
1741843740000,2940,2940.545,2940,2940.295
1741843800000,2940.505,2940.805,2939.135,2939.385
1741843860000,2939.365,2939.495,2938.495,2938.825
1741843920000,2938.805,2939.305,2938.375,2938.935
1741843980000,2938.875,2939.015,2938.085,2938.565
1741844040000,2938.475,2939.175,2938.465,2938.995
1741844100000,2938.965,2940.005,2938.705,2939.895
1741844160000,2939.865,2940.975,2939.805,2940.405
1741844220000,2940.395,2941.555,2940.305,2941.305
1741844280000,2941.275,2941.345,2939.995,2940.625
1741844340000,2940.608,2941.585,2940.525,2941.038
1741844400000,2940.948,2941.305,2940.295,2940.415
1741844460000,2940.485,2940.605,2939.965,2940.515
1741844520000,2940.485,2940.545,2940.035,2940.055
1741844580000,2940.048,2940.148,2939.768,2939.998
1741844640000,2939.988,2939.988,2939.488,2939.548
1741844700000,2939.538,2939.628,2938.978,2938.978
1741844760000,2938.868,2939.375,2938.545,2939.325
1741844820000,2939.325,2939.865,2939.075,2939.105
1741844880000,2939.105,2939.395,2938.935,2939.015
1741844940000,2939.035,2939.505,2938.955,2939.295
1741845000000,2939.355,2939.355,2938.928,2939.028
1741845060000,2939.058,2939.095,2938.488,2938.655
1741845120000,2938.675,2938.985,2938.005,2938.935
1741845180000,2938.965,2939.535,2938.945,2939.365
1741845240000,2939.355,2939.965,2939.355,2939.618
1741845300000,2939.685,2940.285,2939.635,2940.225
1741845360000,2940.205,2940.215,2939.358,2939.358
1741845420000,2939.358,2939.648,2939.335,2939.548
1741845480000,2939.495,2939.815,2939.348,2939.725
1741845540000,2939.648,2940.015,2939.288,2939.895
1741845600000,2939.895,2940.135,2939.565,2939.625
1741845660000,2939.625,2939.645,2938.475,2938.535
1741845720000,2938.455,2938.735,2938.025,2938.365
1741845780000,2938.365,2939.625,2938.255,2939.155
1741845840000,2939.155,2939.435,2938.515,2938.515
1741845900000,2938.505,2938.585,2938.065,2938.065
1741845960000,2938.035,2938.155,2937.295,2937.355
1741846020000,2937.355,2937.775,2937.265,2937.365
1741846080000,2937.365,2937.365,2936.458,2936.458
1741846140000,2936.558,2936.558,2935.295,2935.325
1741846200000,2935.335,2937.885,2935.255,2937.668
1741846260000,2937.688,2937.958,2936.745,2937.155
1741846320000,2937.135,2937.875,2937.125,2937.675
1741846380000,2937.705,2938.105,2937.475,2937.945
1741846440000,2937.975,2938.215,2937.498,2938.175
1741846500000,2938.175,2938.665,2937.985,2938.385
1741846560000,2938.385,2938.555,2937.845,2938.125
1741846620000,2938.145,2938.715,2937.965,2938.665
1741846680000,2938.625,2938.885,2938.495,2938.745
1741846740000,2938.705,2938.945,2938.445,2938.885
1741846800000,2938.885,2939.175,2938.375,2939.085
1741846860000,2939.085,2939.465,2938.975,2939.215
1741846920000,2939.155,2939.205,2938.755,2938.775
1741846980000,2938.775,2939.085,2938.605,2938.945
1741847040000,2938.955,2938.995,2938.195,2938.195
1741847100000,2938.215,2938.465,2937.925,2938.005
1741847160000,2938.025,2938.485,2937.985,2938.345
1741847220000,2938.345,2938.445,2937.975,2938.035
1741847280000,2938.015,2938.295,2937.115,2938.045
1741847340000,2938.015,2938.175,2937.595,2938.105
1741847400000,2938.165,2938.165,2937.065,2937.185
1741847460000,2937.225,2937.385,2937.075,2937.255
1741847520000,2937.348,2938.235,2937.205,2938.235
1741847580000,2938.225,2938.575,2937.955,2937.975
1741847640000,2937.985,2937.985,2937.595,2937.915
1741847700000,2937.915,2938.045,2937.605,2937.645
1741847760000,2937.645,2937.975,2937.565,2937.905
1741847820000,2937.925,2938.435,2937.675,2937.895
1741847880000,2937.925,2938.015,2937.645,2938.015
1741847940000,2938.015,2938.295,2937.635,2938.255
1741848000000,2938.255,2938.765,2937.695,2938.145
1741848060000,2938.145,2938.145,2937.395,2937.565
1741848120000,2937.455,2937.625,2936.958,2937.605
1741848180000,2937.605,2937.605,2936.925,2937.555
1741848240000,2937.525,2938.605,2936.905,2938.555
1741848300000,2938.555,2939.115,2938.005,2938.755
1741848360000,2938.925,2938.935,2938.035,2938.495
1741848420000,2938.475,2938.705,2937.865,2937.915
1741848480000,2937.895,2938.055,2937.705,2937.985
1741848540000,2937.985,2938.105,2937.935,2937.975
1741848600000,2938.005,2938.505,2937.905,2938.055
1741848660000,2938.005,2938.148,2937.748,2938.048
1741848720000,2938.048,2938.148,2937.448,2937.748
1741848780000,2937.948,2939.015,2937.948,2938.848
1741848840000,2938.848,2939.005,2938.548,2938.795
1741848900000,2938.675,2938.715,2937.805,2937.805
1741848960000,2937.805,2937.825,2937.435,2937.595
1741849020000,2937.595,2937.825,2937.355,2937.815
1741849080000,2937.815,2938.025,2937.165,2937.165
1741849140000,2937.145,2937.145,2936.185,2936.645
1741849200000,2936.705,2937.355,2935.935,2937.355
1741849260000,2937.355,2937.925,2936.825,2937.905
1741849320000,2937.865,2937.925,2937.435,2937.485
1741849380000,2937.485,2937.705,2936.955,2936.955
1741849440000,2937.005,2937.275,2936.165,2936.315
1741849500000,2936.295,2936.325,2935.835,2935.945
1741849560000,2935.945,2936.405,2935.705,2936.228
1741849620000,2936.265,2936.365,2935.905,2936.008
1741849680000,2936.038,2936.345,2935.735,2936.205
1741849740000,2936.215,2936.555,2936.005,2936.478
1741849800000,2936.495,2936.498,2935.795,2935.975
1741849860000,2935.915,2936.085,2935.798,2935.845
1741849920000,2935.845,2935.888,2934.575,2935.075
1741849980000,2935.035,2936.125,2935.035,2936.015
1741850040000,2936.045,2936.275,2935.715,2935.995
1741850100000,2936.025,2936.675,2935.975,2936.235
1741850160000,2936.295,2936.805,2936.215,2936.345
1741850220000,2936.335,2936.565,2935.885,2936.515
1741850280000,2936.535,2936.655,2935.475,2935.635
1741850340000,2935.655,2935.695,2934.855,2935.005
1741850400000,2935.075,2935.165,2934.468,2934.555
1741850460000,2934.595,2935.245,2934.595,2935.125
1741850520000,2935.125,2935.525,2934.985,2935.435
1741850580000,2935.435,2935.435,2934.975,2935.115
1741850640000,2935.155,2935.525,2935.065,2935.065
1741850700000,2935.065,2935.065,2934.218,2934.815
1741850760000,2934.795,2935.085,2934.445,2934.875
1741850820000,2934.895,2935.705,2934.815,2935.675
1741850880000,2935.675,2935.705,2935.218,2935.325
1741850940000,2935.335,2935.395,2935.218,2935.218
1741851000000,2935.218,2935.218,2934.765,2934.778
1741851060000,2934.778,2934.985,2934.395,2934.428
1741851120000,2934.428,2934.685,2934.135,2934.635
1741851180000,2934.615,2934.635,2934.155,2934.455
1741851240000,2934.435,2934.945,2934.415,2934.548
1741851300000,2934.595,2934.678,2934.015,2934.248
1741851360000,2934.298,2934.395,2934.085,2934.395
1741851420000,2934.375,2934.745,2934.315,2934.625
1741851480000,2934.635,2934.655,2934.365,2934.465
1741851540000,2934.455,2934.805,2934.055,2934.055
1741851600000,2934.075,2934.555,2934.065,2934.555
1741851660000,2934.575,2934.695,2934.055,2934.395
1741851720000,2934.385,2934.395,2934.035,2934.085
1741851780000,2934.085,2934.344,2933.445,2933.525
1741851840000,2933.545,2933.655,2933.425,2933.635
1741851900000,2933.615,2934.375,2933.615,2934.055
1741851960000,2934.105,2934.365,2933.905,2934.125
1741852020000,2934.125,2934.265,2933.755,2933.805
1741852080000,2933.765,2933.765,2932.768,2933.245
1741852140000,2933.295,2933.705,2933.035,2933.655
1741852200000,2933.655,2934.205,2933.645,2933.885
1741852260000,2933.885,2934.015,2933.175,2933.435
1741852320000,2933.415,2933.445,2932.868,2933.085
1741852380000,2933.138,2934.525,2933.138,2934.515
1741852440000,2934.525,2934.588,2933.215,2933.305
1741852500000,2933.365,2934.525,2933.155,2934.215
1741852560000,2934.205,2935.415,2934.035,2935.098
1741852620000,2935.088,2935.955,2934.865,2935.185
1741852680000,2935.195,2935.325,2934.525,2934.825
1741852740000,2934.865,2935.135,2934.665,2935.075
1741852800000,2935.115,2935.655,2934.675,2934.995
1741852860000,2935.035,2935.455,2934.745,2935.025
1741852920000,2935.025,2935.778,2934.965,2935.495
1741852980000,2935.565,2936.495,2935.375,2935.808
1741853040000,2935.815,2935.895,2935.195,2935.405
1741853100000,2935.405,2936.015,2935.195,2935.935
1741853160000,2935.935,2936.245,2935.725,2936.175
1741853220000,2936.205,2936.535,2935.955,2936.355
1741853280000,2936.335,2937.198,2936.335,2936.785
1741853340000,2936.855,2937.625,2936.855,2937.075
1741853400000,2937.085,2938.775,2936.595,2937.115
1741853460000,2937.165,2938.895,2937.138,2938.475
1741853520000,2938.495,2941.025,2937.905,2940.675
1741853580000,2940.765,2941.525,2940.305,2940.555
1741853640000,2940.555,2941.365,2940.415,2941.365
1741853700000,2941.295,2941.735,2940.765,2941.175
1741853760000,2941.235,2941.885,2941.175,2941.635
1741853820000,2941.625,2943.195,2941.475,2942.075
1741853880000,2942.125,2942.388,2941.139,2941.475
1741853940000,2941.595,2942.025,2941.245,2941.765
1741854000000,2941.765,2941.765,2940.965,2941.505
1741854060000,2941.505,2942.055,2941.475,2941.895
1741854120000,2941.935,2942.079,2941.125,2941.275
1741854180000,2941.265,2941.835,2941.055,2941.175
1741854240000,2941.175,2941.175,2940.785,2941.085
1741854300000,2941.105,2942.425,2941.105,2942.095
1741854360000,2942.135,2942.345,2941.905,2941.995
1741854420000,2941.905,2941.985,2940.835,2941.025
1741854480000,2941.025,2941.648,2940.935,2941.405
1741854540000,2941.405,2941.935,2941.278,2941.655
1741854600000,2941.649,2942.435,2941.395,2942.405
1741854660000,2942.445,2943.125,2942.285,2942.925
1741854720000,2942.935,2943.405,2942.515,2943.295
1741854780000,2943.305,2943.845,2943.305,2943.545
1741854840000,2943.575,2943.845,2943.415,2943.635
1741854900000,2943.615,2943.765,2943.215,2943.215
1741854960000,2943.225,2944.215,2943.198,2943.735
1741855020000,2943.715,2944.775,2943.645,2944.595
1741855080000,2944.595,2944.605,2943.475,2943.585
1741855140000,2943.665,2943.705,2942.965,2943.195
1741855200000,2943.165,2943.705,2942.895,2943.465
1741855260000,2943.455,2943.735,2943.385,2943.415
1741855320000,2943.435,2943.575,2942.685,2943.355
1741855380000,2943.355,2943.415,2942.955,2942.995
1741855440000,2942.975,2943.475,2942.745,2943.195
1741855500000,2943.165,2943.245,2942.675,2943.015
1741855560000,2943.015,2943.155,2942.655,2943.015
1741855620000,2942.965,2943.525,2942.645,2942.655
1741855680000,2942.655,2943.245,2942.425,2943.135
1741855740000,2943.165,2943.165,2942.235,2942.365
1741855800000,2942.365,2942.885,2942.345,2942.615
1741855860000,2942.565,2943.245,2942.445,2943.235
1741855920000,2943.225,2944.005,2943.055,2943.375
1741855980000,2943.375,2943.375,2942.328,2942.465
1741856040000,2942.525,2942.535,2942.105,2942.205
1741856100000,2942.155,2942.155,2941.505,2941.615
1741856160000,2941.605,2941.905,2940.985,2941.555
1741856220000,2941.575,2941.775,2941.065,2941.735
1741856280000,2941.755,2942.215,2941.365,2941.635
1741856340000,2941.625,2941.805,2941.335,2941.345
1741856400000,2941.365,2942.155,2940.875,2940.975
1741856460000,2940.978,2941.685,2940.975,2941.495
1741856520000,2941.515,2942.255,2941.415,2941.545
1741856580000,2941.565,2942.485,2941.275,2941.765
1741856640000,2941.835,2942.435,2941.305,2942.195
1741856700000,2942.208,2942.385,2941.675,2941.785
1741856760000,2941.755,2942.475,2941.685,2942.275
1741856820000,2942.305,2943.325,2942.215,2942.655
1741856880000,2942.645,2942.755,2942.165,2942.535
1741856940000,2942.535,2942.545,2942.105,2942.505
1741857000000,2942.415,2942.685,2942.145,2942.515
1741857060000,2942.515,2943.415,2942.515,2943.225
1741857120000,2943.245,2943.715,2943.035,2943.715
1741857180000,2943.755,2943.755,2942.835,2942.955
1741857240000,2942.949,2942.965,2941.875,2942.205
1741857300000,2942.205,2942.705,2941.905,2942.275
1741857360000,2942.265,2943.135,2941.985,2943.055
1741857420000,2943.085,2944.165,2943.065,2944.105
1741857480000,2944.105,2944.775,2944.105,2944.755
1741857540000,2944.715,2945.135,2944.715,2944.975
1741857600000,2944.975,2946.348,2944.765,2946.348
1741857660000,2946.348,2946.348,2945.288,2945.995
1741857720000,2945.885,2945.995,2945.495,2945.995
1741857780000,2945.955,2947.085,2945.515,2947.025
1741857840000,2947.015,2947.555,2946.365,2946.635
1741857900000,2946.635,2946.725,2945.975,2946.125
1741857960000,2946.085,2946.105,2945.525,2946.035
1741858020000,2946.035,2946.135,2945.555,2945.655
1741858080000,2945.715,2946.285,2945.635,2945.825
1741858140000,2945.775,2945.965,2945.465,2945.885
1741858200000,2945.875,2946.645,2945.755,2946.645
1741858260000,2946.615,2947.885,2946.605,2947.705
1741858320000,2947.675,2947.785,2947.405,2947.725
1741858380000,2947.685,2947.825,2947.195,2947.205
1741858440000,2947.195,2947.535,2947.175,2947.495
1741858500000,2947.465,2947.835,2947.465,2947.675
1741858560000,2947.675,2947.745,2947.225,2947.325
1741858620000,2947.275,2947.865,2947.115,2947.775
1741858680000,2947.795,2947.855,2947.215,2947.555
1741858740000,2947.565,2947.785,2947.445,2947.615
1741858800000,2947.615,2947.745,2947.355,2947.685
1741858860000,2947.675,2947.905,2947.565,2947.705
1741858920000,2947.685,2947.875,2947.635,2947.695
1741858980000,2947.655,2947.925,2947.585,2947.725
1741859040000,2947.725,2947.975,2947.625,2947.735
1741859100000,2947.735,2947.855,2947.385,2947.575
1741859160000,2947.575,2948.125,2947.415,2948.025
1741859220000,2948.025,2948.355,2948.005,2948.215
1741859280000,2948.265,2948.735,2947.645,2947.645
1741859340000,2947.635,2947.765,2947.115,2947.325
1741859400000,2947.255,2948.165,2947.255,2947.935
1741859460000,2947.815,2948.348,2947.585,2948.085
1741859520000,2948.065,2948.175,2947.375,2947.615
1741859580000,2947.615,2948.005,2947.538,2947.685
1741859640000,2947.615,2947.715,2947.135,2947.245
1741859700000,2947.255,2947.565,2947.168,2947.495
1741859760000,2947.575,2947.605,2946.745,2946.835
1741859820000,2946.835,2947.255,2946.695,2947.255
1741859880000,2947.255,2947.865,2947.155,2947.748
1741859940000,2947.648,2947.948,2947.448,2947.548
1741860000000,2947.565,2947.955,2947.365,2947.835
1741860060000,2947.785,2947.935,2947.248,2947.248
1741860120000,2947.255,2947.565,2947.245,2947.548
1741860180000,2947.548,2948.095,2947.548,2948.065
1741860240000,2948.065,2948.445,2948.025,2948.148
1741860300000,2948.155,2948.265,2947.285,2947.575
1741860360000,2947.585,2948.225,2947.485,2947.725
1741860420000,2947.705,2947.725,2946.665,2946.685
1741860480000,2946.685,2946.935,2946.595,2946.695
1741860540000,2946.675,2946.795,2945.695,2946.235
1741860600000,2946.225,2946.665,2946.195,2946.335
1741860660000,2946.315,2946.715,2946.075,2946.075
1741860720000,2946.075,2946.215,2944.675,2944.765
1741860780000,2944.785,2945.235,2944.758,2944.945
1741860840000,2944.905,2944.905,2944.545,2944.585
1741860900000,2944.585,2944.595,2943.405,2943.855
1741860960000,2943.895,2943.948,2943.765,2943.765
1741861020000,2943.785,2944.055,2943.375,2943.425
1741861080000,2943.405,2943.515,2943,2943.335
1741861140000,2943.315,2944.075,2943.305,2943.945
1741861200000,2943.918,2944.448,2943.915,2943.955
1741861260000,2943.948,2944.118,2943.525,2943.729
1741861320000,2943.685,2943.955,2943.615,2943.705
1741861380000,2943.848,2943.848,2943.115,2943.275
1741861440000,2943.268,2943.365,2942.415,2943.305
1741861500000,2943.285,2943.965,2943.285,2943.395
1741861560000,2943.395,2943.915,2943.355,2943.905
1741861620000,2943.895,2944.075,2943.765,2944.005
1741861680000,2944.055,2944.055,2943.115,2943.285
1741861740000,2943.335,2943.895,2942.865,2943.745
1741861800000,2943.755,2943.925,2943.125,2943.745
1741861860000,2943.705,2944.665,2943.405,2944.265
1741861920000,2944.235,2944.695,2943.815,2944.595
1741861980000,2944.575,2944.905,2944.115,2944.715
1741862040000,2944.685,2944.735,2944.155,2944.165
1741862100000,2944.165,2944.235,2943.198,2943.278
1741862160000,2943.268,2943.545,2942.805,2942.905
1741862220000,2942.905,2942.905,2942.415,2942.575
1741862280000,2942.575,2943.015,2942.195,2942.925
1741862340000,2942.925,2943.555,2942.885,2943.385
1741862400000,2943.455,2943.955,2943.155,2943.355
1741862460000,2943.365,2943.365,2942.685,2942.985
1741862520000,2942.965,2943.265,2942.625,2942.655
1741862580000,2942.645,2942.745,2942.395,2942.495
1741862640000,2942.495,2942.625,2941.975,2942.605
1741862700000,2942.885,2943.745,2942.885,2943.705
1741862760000,2943.699,2943.755,2942.835,2943.335
1741862820000,2943.285,2943.715,2943.195,2943.645
1741862880000,2943.675,2944.045,2943.575,2943.845
1741862940000,2943.865,2944.215,2943.425,2944.215
1741863000000,2944.185,2944.635,2943.945,2944.125
1741863060000,2944.085,2944.205,2943.835,2944.005
1741863120000,2944.025,2944.215,2943.455,2943.455
1741863180000,2943.445,2943.815,2943.375,2943.555
1741863240000,2943.565,2943.835,2943.365,2943.795
1741863300000,2943.795,2943.875,2943.325,2943.355
1741863360000,2943.375,2944.045,2943.095,2944.045
1741863420000,2944.105,2944.175,2943.559,2943.765
1741863480000,2943.795,2944.195,2943.695,2944.085
1741863540000,2944.085,2944.125,2943.845,2943.925
1741863600000,2943.925,2945.205,2943.925,2945.025
1741863660000,2945.025,2945.895,2945.025,2945.655
1741863720000,2945.635,2945.665,2945.115,2945.455
1741863780000,2945.455,2945.715,2945.438,2945.655
1741863840000,2945.655,2945.848,2945.615,2945.745
1741863900000,2945.665,2946.349,2945.665,2945.965
1741863960000,2945.965,2946.175,2945.495,2945.525
1741864020000,2945.545,2945.675,2944.875,2945.165
1741864080000,2945.225,2946.235,2945.178,2946.165
1741864140000,2946.175,2946.615,2945.905,2946.525
1741864200000,2946.519,2947.145,2946.389,2946.425
1741864260000,2946.385,2946.575,2946.005,2946.375
1741864320000,2946.395,2946.395,2945.825,2946.105
1741864380000,2946.165,2946.345,2945.705,2945.705
1741864440000,2945.735,2945.835,2945.425,2945.635
1741864500000,2945.655,2946.115,2945.485,2946.115
1741864560000,2946.135,2946.305,2945.365,2945.885
1741864620000,2945.925,2946.545,2945.885,2946.435
1741864680000,2946.275,2946.295,2945.165,2945.329
1741864740000,2945.329,2946.265,2945.115,2945.765
1741864800000,2945.735,2945.745,2944.815,2944.815
1741864860000,2944.845,2945.015,2944.225,2944.275
1741864920000,2944.275,2944.995,2944.275,2944.765
1741864980000,2944.765,2944.945,2944.545,2944.735
1741865040000,2944.735,2945.705,2944.655,2945.595
1741865100000,2945.645,2946.405,2945.255,2946.325
1741865160000,2946.245,2946.435,2945.635,2945.785
1741865220000,2945.785,2946.065,2945.675,2946.045
1741865280000,2946.055,2946.105,2945.165,2945.435
1741865340000,2945.465,2945.605,2945.265,2945.305
1741865400000,2945.315,2946.095,2945.105,2946.045
1741865460000,2946.055,2947.025,2945.925,2946.515
1741865520000,2946.495,2946.525,2945.905,2946.305
1741865580000,2946.435,2946.875,2946.005,2946.375
1741865640000,2946.335,2946.565,2946.045,2946.095
1741865700000,2946.035,2946.505,2945.475,2946.505
1741865760000,2946.505,2946.835,2946.405,2946.755
1741865820000,2946.705,2946.755,2945.945,2946.345
1741865880000,2946.385,2946.385,2945.925,2945.935
1741865940000,2945.945,2946.155,2945.305,2946.155
1741866000000,2946.155,2946.555,2946.005,2946.175
1741866060000,2946.235,2947.565,2946.235,2947.455
1741866120000,2947.505,2947.825,2947.425,2947.655
1741866180000,2947.655,2948.455,2947.585,2947.965
1741866240000,2947.965,2948.085,2947.465,2947.545
1741866300000,2947.575,2947.775,2946.505,2946.505
1741866360000,2946.525,2946.735,2945.925,2946.375
1741866420000,2946.385,2947.175,2946.185,2946.455
1741866480000,2946.455,2947.015,2946.045,2946.795
1741866540000,2946.755,2947.115,2946.545,2946.895
1741866600000,2946.868,2947.005,2946.645,2946.985
1741866660000,2946.965,2947.185,2946.515,2946.815
1741866720000,2946.765,2946.805,2946.435,2946.705
1741866780000,2946.705,2947.005,2946.545,2946.665
1741866840000,2946.635,2947.095,2946.525,2946.955
1741866900000,2946.955,2947.025,2946.535,2946.795
1741866960000,2946.815,2946.855,2946.075,2946.465
1741867020000,2946.475,2946.725,2946.415,2946.635
1741867080000,2946.635,2946.975,2945.575,2945.965
1741867140000,2945.969,2946.345,2945.629,2946.135
1741867200000,2946.129,2946.855,2946.055,2946.805
1741867260000,2946.805,2947.635,2946.525,2947.525
1741867320000,2947.535,2948.285,2947.515,2948.115
1741867380000,2948.095,2948.915,2947.955,2948.245
1741867440000,2948.245,2948.595,2947.885,2948.295
1741867500000,2948.305,2948.935,2948.305,2948.485
1741867560000,2948.515,2949.055,2948.115,2948.345
1741867620000,2948.345,2948.345,2947.415,2947.415
1741867680000,2947.415,2948.055,2947.325,2947.565
1741867740000,2947.585,2947.735,2947.245,2947.275
1741867800000,2947.285,2947.645,2946.895,2947.555
1741867860000,2947.495,2948.385,2947.495,2947.785
1741867920000,2947.795,2947.975,2947.035,2947.065
1741867980000,2947.045,2947.325,2946.575,2946.575
1741868040000,2946.575,2946.755,2945.835,2945.915
1741868100000,2945.945,2946.425,2945.775,2946.005
1741868160000,2946.005,2946.505,2946.005,2946.195
1741868220000,2946.195,2947.385,2945.935,2947.385
1741868280000,2947.385,2947.645,2947.175,2947.495
1741868340000,2947.485,2947.995,2947.425,2947.705
1741868400000,2947.725,2948.475,2947.235,2947.235
1741868460000,2947.235,2947.255,2946.025,2946.035
1741868520000,2945.959,2946.485,2945.005,2946.215
1741868580000,2946.275,2946.518,2945.565,2945.788
1741868640000,2945.758,2945.838,2944.118,2944.375
1741868700000,2944.475,2944.515,2943.548,2943.805
1741868760000,2943.855,2943.855,2942.675,2943.055
1741868820000,2942.995,2943.205,2942.155,2942.365
1741868880000,2942.365,2943.435,2942.045,2942.945
1741868940000,2942.995,2943.205,2942.538,2942.538
1741869000000,2942.538,2947.788,2942.538,2947.588
1741869060000,2947.578,2947.668,2944.695,2945.348
1741869120000,2945.448,2946.048,2943.525,2944.048
1741869180000,2944.048,2944.685,2943.258,2944.385
1741869240000,2944.348,2944.348,2942.655,2942.968
1741869300000,2942.978,2943.165,2941.895,2941.945
1741869360000,2941.775,2942.955,2941.345,2942.665
1741869420000,2942.675,2944.175,2942.665,2943.415
1741869480000,2943.335,2943.945,2942.035,2942.485
1741869540000,2942.725,2945.655,2942.725,2945.545
1741869600000,2945.585,2947.528,2945.535,2947.388
1741869660000,2947.358,2947.648,2945.858,2946.948
1741869720000,2946.948,2947.475,2945.425,2945.495
1741869780000,2945.485,2946.895,2945.385,2946.158
1741869840000,2946.228,2946.958,2945.918,2946.088
1741869900000,2946.078,2947.135,2946.068,2946.668
1741869960000,2946.658,2947.225,2945.855,2946.275
1741870020000,2946.265,2946.265,2944.978,2945.128
1741870080000,2945.035,2946.158,2944.758,2945.278
1741870140000,2945.278,2945.638,2944.808,2945.138
1741870200000,2945.018,2945.718,2944.529,2945.448
1741870260000,2945.548,2947.448,2944.808,2947.265
1741870320000,2947.248,2947.475,2946.165,2946.315
1741870380000,2946.278,2946.365,2943.975,2944.305
1741870440000,2944.275,2944.355,2943.735,2944.005
1741870500000,2943.905,2944.215,2942.775,2943.155
1741870560000,2943.145,2943.775,2942.985,2943.145
1741870620000,2943.135,2943.555,2942.665,2942.695
1741870680000,2942.575,2942.829,2941,2941.605
1741870740000,2941.575,2942.435,2941.265,2942.205
1741870800000,2942.245,2942.245,2938.738,2940.615
1741870860000,2940.555,2941.465,2940.345,2941.415
1741870920000,2941.455,2942.065,2940.335,2940.805
1741870980000,2940.875,2941.675,2940.745,2940.945
1741871040000,2940.995,2942.695,2940.835,2942.248
1741871100000,2942.265,2944.768,2942.158,2944.688
1741871160000,2944.718,2945.198,2943.698,2943.748
1741871220000,2943.708,2944.158,2942.865,2943.995
1741871280000,2944.068,2944.968,2943.458,2943.458
1741871340000,2943.488,2944.515,2943.438,2944.385
1741871400000,2944.405,2945.238,2944.115,2944.665
1741871460000,2944.778,2945.555,2944.355,2944.495
1741871520000,2944.425,2944.665,2943.108,2943.155
1741871580000,2943.135,2943.815,2942.885,2943.728
1741871640000,2943.718,2943.958,2942.295,2942.305
1741871700000,2942.345,2943.038,2941.868,2942.285
1741871760000,2942.005,2943.335,2941.888,2943.095
1741871820000,2943.015,2943.625,2942.045,2943.375
1741871880000,2943.465,2943.575,2942.625,2943.535
1741871940000,2943.535,2944.605,2943.455,2944.605
1741872000000,2944.535,2944.885,2943.408,2943.988
1741872060000,2943.975,2944.505,2943.928,2944.135
1741872120000,2944.335,2945.075,2944.285,2944.605
1741872180000,2944.635,2944.665,2943.425,2943.625
1741872240000,2943.585,2944.345,2943.475,2943.985
1741872300000,2943.935,2944.045,2943.065,2943.448
1741872360000,2943.448,2943.855,2942.345,2942.875
1741872420000,2942.845,2944.445,2942.785,2944.235
1741872480000,2944.195,2944.685,2942.898,2944.138
1741872540000,2944.178,2945.105,2944.158,2944.785
1741872600000,2944.825,2945.745,2944.695,2945.495
1741872660000,2945.489,2946.045,2944.785,2945.315
1741872720000,2945.335,2946.325,2945.165,2945.805
1741872780000,2945.825,2946.828,2945.825,2946.748
1741872840000,2946.905,2947.165,2946.735,2947.048
1741872900000,2947.048,2948.995,2946.835,2948.485
1741872960000,2948.555,2949.915,2948.338,2949.395
1741873020000,2949.405,2949.988,2947.705,2949.785
1741873080000,2949.815,2950.065,2948.945,2949.905
1741873140000,2949.965,2950.555,2949.395,2949.885
1741873200000,2949.865,2949.935,2948.705,2949.735
1741873260000,2949.755,2950.955,2949.285,2950.948
1741873320000,2950.948,2951.948,2950.405,2950.715
1741873380000,2950.865,2951.595,2950.535,2950.805
1741873440000,2950.865,2952.145,2950.485,2951.825
1741873500000,2951.915,2952.265,2951.438,2951.665
1741873560000,2951.688,2951.795,2950.498,2951.195
1741873620000,2951.195,2951.445,2950.035,2950.105
1741873680000,2950.135,2950.375,2948.365,2948.425
1741873740000,2948.315,2948.965,2947.975,2948.245
1741873800000,2948.265,2948.655,2947.439,2948.448
1741873860000,2948.448,2950.285,2948.435,2949.355
1741873920000,2949.285,2949.655,2947.755,2948.855
1741873980000,2948.855,2950.035,2948.695,2949.665
1741874040000,2949.665,2949.845,2949.065,2949.755
1741874100000,2949.865,2950.405,2949.325,2950.395
1741874160000,2950.485,2950.545,2949.725,2950.045
1741874220000,2950.085,2950.365,2949.305,2950.235
1741874280000,2950.285,2950.335,2949.595,2949.705
1741874340000,2949.685,2950.385,2949.395,2950.125
1741874400000,2950.165,2950.975,2949.659,2950.405
1741874460000,2950.405,2952.155,2950.405,2952.148
1741874520000,2952.099,2952.099,2950.665,2951.595
1741874580000,2951.695,2952.655,2951.035,2952.195
1741874640000,2952.175,2952.245,2951.115,2952.225
1741874700000,2952.285,2952.665,2951.995,2952.605
1741874760000,2952.785,2953.448,2952.009,2952.848
1741874820000,2952.848,2953.248,2952.488,2952.738
1741874880000,2952.778,2952.825,2951.635,2952.765
1741874940000,2952.665,2953.325,2952.405,2953.085
1741875000000,2953.065,2953.125,2951.975,2952.025
1741875060000,2952.005,2952.445,2950.768,2952.288
1741875120000,2952.315,2953.455,2952.285,2953.085
1741875180000,2953.085,2953.265,2952.535,2952.735
1741875240000,2952.685,2953.095,2952.395,2952.795
1741875300000,2952.715,2953.515,2952.195,2952.995
1741875360000,2953.015,2953.435,2952.905,2953.435
1741875420000,2953.335,2953.635,2952.348,2952.565
1741875480000,2952.515,2953.295,2951.625,2953.115
1741875540000,2953.065,2953.635,2952.875,2953.545
1741875600000,2953.625,2953.848,2953.038,2953.605
1741875660000,2953.625,2953.775,2952.605,2952.988
1741875720000,2953.035,2953.775,2953.035,2953.305
1741875780000,2953.295,2953.935,2953.105,2953.585
1741875840000,2953.585,2954.005,2953.365,2953.625
1741875900000,2953.675,2953.885,2952.835,2953.065
1741875960000,2953.005,2953.875,2952.995,2953.805
1741876020000,2953.789,2953.805,2953.338,2953.745
1741876080000,2953.765,2953.895,2953.245,2953.555
1741876140000,2953.538,2953.835,2952.768,2953.445
1741876200000,2953.375,2954.328,2953.375,2953.718
1741876260000,2953.728,2953.878,2952.319,2953.838
1741876320000,2953.838,2954.078,2953.415,2953.725
1741876380000,2953.708,2954.948,2953.319,2953.848
1741876440000,2953.848,2954.595,2953.268,2954.405
1741876500000,2954.375,2955.475,2954.375,2955.248
1741876560000,2955.355,2956.315,2955.075,2955.915
1741876620000,2955.905,2957.235,2955.815,2956.885
1741876680000,2956.855,2958.025,2956.658,2957.835
1741876740000,2957.835,2958.058,2956.988,2957.668
1741876800000,2957.665,2958.775,2956.588,2958.648
1741876860000,2958.648,2961.075,2958.605,2960.925
1741876920000,2960.935,2961.745,2960.395,2961.225
1741876980000,2961.275,2962.348,2961.015,2962.305
1741877040000,2962.275,2965.995,2962.225,2964.698
1741877100000,2964.608,2964.965,2962.928,2964.048
1741877160000,2964.048,2965.648,2963.685,2964.815
1741877220000,2964.848,2966.075,2963.405,2965.825
1741877280000,2965.855,2968.605,2965.068,2968.578
1741877340000,2968.568,2970.165,2968.195,2969.085
1741877400000,2969.055,2971.048,2968.748,2970.285
1741877460000,2970.285,2970.948,2968.795,2969.448
1741877520000,2969.448,2969.505,2967.798,2968.275
1741877580000,2968.205,2968.235,2966.045,2966.385
1741877640000,2966.455,2967.195,2966.085,2966.985
1741877700000,2967.015,2967.995,2966.325,2967.595
1741877760000,2967.545,2967.855,2966.995,2967.425
1741877820000,2967.425,2969.545,2966.265,2969.545
1741877880000,2969.715,2970.385,2968.825,2969.225
1741877940000,2969.135,2969.765,2968.815,2969.735
1741878000000,2969.778,2970.548,2966.865,2970.248
1741878060000,2970.248,2972.055,2969.848,2971.755
1741878120000,2971.655,2972.888,2969.675,2969.975
1741878180000,2970.015,2971.065,2968.948,2970.145
1741878240000,2970.145,2970.748,2968.858,2970.348
1741878300000,2970.348,2971.075,2969.448,2969.685
1741878360000,2969.685,2969.868,2967.718,2967.748
1741878420000,2967.658,2969.048,2967.548,2968.548
1741878480000,2968.548,2968.648,2966.948,2967.148
1741878540000,2967.148,2967.925,2966.198,2967.835
1741878600000,2967.975,2970.865,2967.865,2970.295
1741878660000,2970.295,2971.055,2969.975,2970.905
1741878720000,2970.905,2971.585,2970.125,2970.565
1741878780000,2970.539,2972.848,2970.135,2972.235
1741878840000,2972.205,2973.635,2971.655,2972.278
1741878900000,2972.288,2973.948,2972.268,2972.708
1741878960000,2972.758,2973.198,2971.975,2972.165
1741879020000,2972.159,2973.348,2971.418,2971.818
1741879080000,2971.808,2972.435,2970.888,2971.775
1741879140000,2971.765,2972.445,2970.965,2972.015
1741879200000,2972.015,2974.005,2971.335,2973.155
1741879260000,2973.135,2973.685,2972.415,2973.005
1741879320000,2972.885,2973.435,2972.735,2973.095
1741879380000,2973.055,2973.615,2972.048,2972.675
1741879440000,2972.885,2974.205,2972.865,2973.765
1741879500000,2973.745,2974.535,2972.918,2972.918
1741879560000,2972.918,2973.905,2972.615,2972.875
1741879620000,2972.835,2973.055,2971.415,2971.695
1741879680000,2971.665,2972.585,2971.405,2971.545
1741879740000,2971.545,2971.905,2970.735,2971.535
1741879800000,2971.505,2972.005,2970.945,2971.495
1741879860000,2971.515,2973.955,2971.215,2973.795
1741879920000,2973.755,2974.625,2972.785,2974.605
1741879980000,2974.595,2974.835,2973.415,2974.415
1741880040000,2974.445,2974.705,2974.045,2974.045
1741880100000,2974.005,2974.485,2972.335,2972.618
1741880160000,2972.658,2973.748,2972.098,2973.048
1741880220000,2973.048,2973.848,2972.848,2973.448
1741880280000,2973.448,2975.538,2972.818,2975.288
1741880340000,2975.355,2977.548,2975.108,2976.308
1741880400000,2976.325,2976.868,2974.738,2976.745
1741880460000,2976.795,2977.195,2974.685,2974.935
1741880520000,2974.935,2977.235,2974.785,2976.795
1741880580000,2976.755,2976.805,2975.565,2975.565
1741880640000,2975.545,2976.125,2973.535,2973.848
1741880700000,2973.795,2973.848,2970.845,2971.035
1741880760000,2971.138,2972.145,2969.018,2971.925
1741880820000,2971.735,2971.775,2969.535,2969.765
1741880880000,2969.765,2974.265,2969.705,2973.755
1741880940000,2973.805,2974.495,2972.445,2972.625
1741881000000,2972.635,2974.535,2972.435,2973.835
1741881060000,2973.835,2975.285,2972.735,2974.955
1741881120000,2975.005,2977.055,2974.545,2976.848
1741881180000,2976.885,2976.945,2975.415,2975.415
1741881240000,2975.428,2977.148,2974.838,2976.265
1741881300000,2976.265,2976.855,2975.495,2976.835
1741881360000,2976.875,2978.195,2976.248,2976.985
1741881420000,2977.025,2977.425,2976.505,2976.865
1741881480000,2976.845,2978.185,2975.905,2978.145
1741881540000,2978.145,2978.195,2976.295,2977.655
1741881600000,2977.665,2978.655,2977.355,2977.545
1741881660000,2977.575,2978.865,2977.005,2978.445
1741881720000,2978.548,2978.715,2977.485,2977.865
1741881780000,2977.925,2978.475,2977.125,2977.915
1741881840000,2977.985,2978.535,2976.885,2977.215
1741881900000,2977.215,2978.625,2976.385,2978.445
1741881960000,2978.415,2978.685,2977.515,2978.165
1741882020000,2978.195,2978.485,2977.715,2978.235
1741882080000,2978.225,2978.825,2977.885,2978.375
1741882140000,2978.365,2979.635,2977.945,2979.355
1741882200000,2979.325,2979.925,2978.635,2978.735
1741882260000,2978.758,2978.955,2977.595,2978.355
1741882320000,2978.435,2979.005,2977.935,2978.615
1741882380000,2978.605,2978.605,2977.618,2977.885
1741882440000,2977.905,2978.905,2977.685,2978.595
1741882500000,2978.585,2978.925,2977.055,2977.295
1741882560000,2977.335,2978.665,2976.785,2978.415
1741882620000,2978.465,2978.965,2977.935,2978.345
1741882680000,2978.375,2979.055,2978.135,2978.805
1741882740000,2978.745,2979.115,2978.375,2978.505
1741882800000,2978.445,2979.285,2978.255,2979.065
1741882860000,2979.035,2979.545,2978.715,2979.455
1741882920000,2979.455,2979.455,2977.535,2978.015
1741882980000,2978.015,2979.155,2977.408,2977.635
1741883040000,2977.615,2978.855,2977.015,2978.055
1741883100000,2978.035,2978.425,2977.115,2977.338
1741883160000,2977.268,2979.165,2977.158,2978.875
1741883220000,2978.875,2979.565,2978.375,2978.585
1741883280000,2978.575,2979.815,2978.205,2979.648
1741883340000,2979.705,2979.705,2978.695,2979.105
1741883400000,2979.085,2979.815,2978.245,2979.605
1741883460000,2979.665,2981.255,2979.665,2980.515
1741883520000,2980.395,2982.175,2980.235,2981.795
1741883580000,2981.775,2982.425,2981.305,2982.245
1741883640000,2982.305,2982.345,2981.205,2981.615
1741883700000,2981.715,2981.925,2980.465,2981.115
1741883760000,2981.125,2981.495,2980.465,2980.845
1741883820000,2980.865,2981.495,2980.445,2981.455
1741883880000,2981.425,2982.545,2981.365,2982.545
1741883940000,2982.495,2982.985,2982.215,2982.505
1741884000000,2982.465,2982.795,2981.925,2982.355
1741884060000,2982.255,2982.955,2982.025,2982.535
1741884120000,2982.595,2982.985,2982.065,2982.975
1741884180000,2982.995,2985.055,2982.758,2984.935
1741884240000,2984.965,2985.075,2984.015,2984.615
1741884300000,2984.595,2984.938,2983.698,2983.708
1741884360000,2983.658,2984.248,2982.898,2983.148
1741884420000,2983.148,2983.148,2980.895,2980.955
1741884480000,2980.919,2981.215,2979.748,2981.175
1741884540000,2981.225,2982.175,2980.925,2981.835
1741884600000,2981.845,2982.555,2981.005,2981.735
1741884660000,2981.735,2982.405,2981.345,2981.535
1741884720000,2981.595,2981.595,2980.595,2980.785
1741884780000,2980.795,2981.525,2980.455,2980.945
1741884840000,2980.995,2981.345,2980.215,2980.705
1741884900000,2980.705,2980.925,2979.855,2980.295
1741884960000,2980.375,2980.415,2978.215,2978.215
1741885020000,2978.285,2978.715,2977.375,2977.735
1741885080000,2977.705,2978.375,2977.655,2978.255
1741885140000,2978.275,2980.015,2978.275,2979.935
1741885200000,2979.945,2980.545,2979.395,2979.395
1741885260000,2979.375,2979.375,2977.985,2978.945
1741885320000,2979.095,2979.405,2978.445,2979.125
1741885380000,2979.105,2979.645,2978.065,2978.225
1741885440000,2978.135,2979.215,2977.955,2978.615
1741885500000,2978.625,2979.115,2977.095,2977.355
1741885560000,2977.255,2978.255,2977.155,2977.655
1741885620000,2977.565,2979.385,2977.565,2978.565
1741885680000,2978.548,2978.548,2977.178,2977.795
1741885740000,2977.695,2978.165,2977.175,2977.345
1741885800000,2977.315,2978.735,2976.995,2978.095
1741885860000,2977.945,2978.155,2977.005,2977.335
1741885920000,2977.315,2978.625,2977.205,2978.065
1741885980000,2978.085,2978.775,2977.695,2977.895
1741886040000,2977.895,2977.905,2976.615,2976.745
1741886100000,2976.785,2978.325,2976.165,2978.285
1741886160000,2978.285,2979.555,2977.995,2978.315
1741886220000,2978.235,2978.525,2977.695,2978.245
1741886280000,2978.035,2978.175,2977.525,2977.655
1741886340000,2977.635,2978.235,2977.115,2977.915
1741886400000,2977.895,2979.905,2977.855,2979.875
1741886460000,2979.905,2979.975,2978.225,2978.265
1741886520000,2978.245,2978.645,2977.589,2977.705
1741886580000,2977.665,2978.605,2976.955,2978.145
1741886640000,2978.205,2979.945,2978.205,2979.385
1741886700000,2979.405,2980.105,2979.055,2979.995
1741886760000,2980.015,2980.345,2979.815,2980.025
1741886820000,2980.025,2980.175,2979.095,2979.095
1741886880000,2979.055,2979.415,2978.405,2979.375
1741886940000,2979.375,2979.835,2978.885,2979.835
1741887000000,2979.845,2980.975,2979.835,2980.885
1741887060000,2980.865,2981.595,2980.685,2981.545
1741887120000,2981.545,2981.705,2980.745,2981.505
1741887180000,2981.455,2982.135,2981.145,2981.605
1741887240000,2981.625,2981.655,2980.085,2980.325
1741887300000,2980.315,2981.095,2979.885,2981.085
1741887360000,2981.075,2981.645,2980.615,2981.145
1741887420000,2981.175,2981.385,2980.605,2981.065
1741887480000,2980.985,2981.555,2980.665,2981.445
1741887540000,2981.395,2981.395,2979.545,2979.955
1741887600000,2980.155,2980.935,2980.145,2980.725
1741887660000,2980.805,2980.945,2980.315,2980.945
1741887720000,2980.925,2980.965,2980.315,2980.615
1741887780000,2980.725,2981.455,2980.725,2981.045
1741887840000,2981.025,2981.675,2980.975,2981.045
1741887900000,2981.065,2981.935,2981.045,2981.785
1741887960000,2981.845,2982.055,2981.265,2981.475
1741888020000,2981.515,2981.705,2981.265,2981.445
1741888080000,2981.455,2981.465,2980.725,2980.975
1741888140000,2980.955,2981.265,2980.885,2981.265
1741888200000,2981.335,2981.638,2981.165,2981.525
1741888260000,2981.528,2981.598,2980.905,2981.165
1741888320000,2981.155,2981.435,2980.785,2980.995
1741888380000,2980.905,2980.975,2979.805,2979.935
1741888440000,2979.855,2979.905,2979.215,2979.498
1741888500000,2979.498,2980.098,2979.388,2979.578
1741888560000,2979.568,2980.228,2979.568,2980.145
1741888620000,2980.145,2980.515,2979.775,2979.975
1741888680000,2980.025,2980.455,2979.628,2979.705
1741888740000,2979.735,2980.048,2979.245,2979.245
1741888800000,2979.255,2979.875,2978.855,2979.758
1741888860000,2979.785,2980.255,2979.498,2980.185
1741888920000,2980.195,2980.945,2980.098,2980.468
1741888980000,2980.495,2981.568,2980.495,2981.568
1741889040000,2981.478,2982.148,2981.448,2981.948
1741889100000,2981.885,2981.965,2981.345,2981.815
1741889160000,2981.775,2981.965,2981.605,2981.775
1741889220000,2981.795,2983.048,2981.705,2982.948
1741889280000,2982.888,2983.458,2982.465,2983.405
1741889340000,2983.448,2983.648,2983.085,2983.498
1741889400000,2983.528,2984.148,2983.518,2983.895
1741889460000,2983.795,2983.948,2983.048,2983.048
1741889520000,2983.048,2983.088,2981.948,2982.948
1741889580000,2982.948,2983.048,2982.335,2982.648
1741889640000,2982.648,2983.665,2982.648,2983.208
1741889700000,2983.228,2983.428,2982.835,2982.925
1741889760000,2982.815,2982.955,2981.638,2981.685
1741889820000,2981.735,2981.735,2980.148,2980.148
1741889880000,2980.148,2980.948,2980.105,2980.505
1741889940000,2980.315,2980.748,2980.275,2980.455
1741890000000,2980.405,2980.675,2980.155,2980.515
1741890060000,2980.325,2980.835,2980.035,2980.335
1741890120000,2980.435,2980.535,2979.835,2980.035
1741890180000,2980.035,2980.325,2979.655,2979.775
1741890240000,2979.775,2979.825,2979.215,2979.575
1741890300000,2979.515,2979.625,2979.155,2979.205
1741890360000,2979.245,2980.265,2979.195,2980.165
1741890420000,2980.148,2981.048,2980.148,2980.648
1741890480000,2980.648,2981.448,2980.455,2981.135
1741890540000,2981.145,2981.548,2981.075,2981.195
1741890600000,2981.265,2981.515,2980.915,2981.295
1741890660000,2981.305,2982.075,2981.185,2981.895
1741890720000,2981.895,2982.295,2981.748,2981.915
1741890780000,2981.855,2981.855,2981.385,2981.735
1741890840000,2981.955,2982.535,2981.925,2982.235
1741890900000,2982.235,2982.945,2982.235,2982.735
1741890960000,2982.725,2983.245,2981.785,2981.975
1741891020000,2981.895,2982.305,2981.758,2982.078
1741891080000,2982.075,2982.355,2981.758,2981.785
1741891140000,2981.758,2981.775,2980.408,2980.805
1741891200000,2980.745,2981.035,2980.505,2980.595
1741891260000,2980.548,2980.648,2980.349,2980.548
1741891320000,2980.648,2980.748,2980.045,2980.648
1741891380000,2980.648,2980.948,2980.548,2980.648
1741891440000,2980.648,2981.248,2980.648,2981.148
1741891500000,2981.109,2981.648,2980.848,2981.448
1741891560000,2981.348,2981.848,2981.248,2981.748
1741891620000,2981.748,2982.548,2981.585,2981.748
1741891680000,2981.595,2982.048,2981.595,2982.048
1741891740000,2982.048,2982.048,2981.548,2981.748
1741891800000,2981.748,2982.395,2981.648,2982.348
1741891860000,2982.309,2982.455,2981.325,2981.348
1741891920000,2981.348,2981.448,2980.568,2981.348
1741891980000,2981.448,2982.248,2981.448,2982.148
1741892040000,2982.148,2982.248,2981.548,2981.648
1741892100000,2981.588,2982.048,2981.548,2981.948
1741892160000,2981.948,2982.448,2981.698,2982.048
1741892220000,2981.948,2982.365,2981.825,2981.905
1741892280000,2981.948,2983.048,2981.905,2982.795
1741892340000,2982.848,2983.348,2982.648,2983.148
1741892400000,2983.048,2983.848,2982.965,2983.848
1741892460000,2983.848,2983.948,2982.848,2982.848
1741892520000,2982.815,2983.548,2982.748,2983.525
1741892580000,2983.525,2983.745,2983.255,2983.448
1741892640000,2983.448,2983.848,2983.348,2983.848
1741892700000,2983.795,2984.148,2983.248,2983.248
1741892760000,2983.149,2983.448,2982.515,2982.848
1741892820000,2982.848,2982.848,2982.168,2982.548
1741892880000,2982.548,2982.748,2982.118,2982.148
1741892940000,2982.148,2982.845,2982.048,2982.548
1741893000000,2982.548,2983.015,2982.248,2982.948
1741893060000,2983.048,2983.765,2982.848,2983.575
1741893120000,2983.698,2983.825,2983.355,2983.548
1741893180000,2983.548,2983.548,2982.848,2983.048
1741893240000,2983.048,2983.448,2983.029,2983.048
1741893300000,2983.048,2983.935,2983.048,2983.748
1741893360000,2983.875,2984.155,2983.748,2983.848
1741893420000,2983.848,2983.848,2983.048,2983.255
1741893480000,2983.348,2983.748,2983.245,2983.435
1741893540000,2983.429,2983.805,2982.848,2982.948
1741893600000,2982.859,2983.155,2982.748,2982.855
1741893660000,2982.849,2983.035,2982.185,2982.185
1741893720000,2982.198,2982.845,2982.198,2982.678
1741893780000,2982.755,2982.855,2982.468,2982.685
1741893840000,2982.765,2983.165,2982.548,2982.718
1741893900000,2982.698,2983.005,2982.275,2982.425
1741893960000,2982.298,2982.675,2982.148,2982.365
1741894020000,2982.359,2983.205,2982.248,2983.205
1741894080000,2983.185,2983.248,2982.748,2983.048
1741894140000,2983.048,2983.248,2982.805,2982.905
1741894200000,2982.948,2983.348,2982.748,2982.848
1741894260000,2982.955,2983.348,2982.858,2983.148
1741894320000,2983.148,2983.248,2983.008,2983.065
1741894380000,2983.125,2983.348,2982.805,2982.935
1741894440000,2982.935,2983.185,2982.628,2983.185
1741894500000,2983.155,2983.448,2983.148,2983.148
1741894560000,2983.248,2983.408,2983.128,2983.185
1741894620000,2983.185,2983.595,2982.755,2983.448
1741894680000,2983.448,2984.225,2983.358,2983.995
1741894740000,2984.025,2984.555,2983.885,2984.475
1741894800000,2984.465,2985.325,2984.435,2985.275
1741894860000,2985.285,2985.315,2982.448,2982.475
1741894920000,2982.448,2983.025,2980.355,2980.785
1741894980000,2980.765,2981.345,2980.685,2980.955
1741895040000,2980.965,2981.425,2980.965,2981.255
1741895100000,2981.285,2982.765,2981.235,2982.525
1741895160000,2982.525,2983.635,2982.505,2983.565
1741895220000,2983.595,2983.645,2982.969,2983.255
1741895280000,2983.185,2983.445,2982.518,2982.635
1741895340000,2982.605,2982.885,2982.088,2982.648
1741895400000,2982.648,2982.965,2982.248,2982.948
1741895460000,2983.048,2983.625,2982.748,2983.415
1741895520000,2983.409,2984.048,2982.748,2984.048
1741895580000,2984.048,2984.748,2983.655,2984.285
1741895640000,2984.285,2984.545,2984.098,2984.335
1741895700000,2984.155,2984.305,2983.145,2983.218
1741895760000,2983.218,2983.425,2982.315,2983.375
1741895820000,2983.205,2984.525,2983.205,2984.525
1741895880000,2984.525,2984.805,2983.848,2984.465
1741895940000,2984.445,2984.445,2982.485,2982.745
1741896000000,2982.745,2983.115,2982.665,2982.955
1741896060000,2983.015,2983.555,2981.965,2983.485
1741896120000,2983.548,2983.795,2983.325,2983.525
1741896180000,2983.485,2983.485,2982.845,2983.075
1741896240000,2983.125,2983.125,2982.798,2982.798
1741896300000,2982.798,2982.975,2982.798,2982.965
1741896360000,2982.955,2982.955,2982.595,2982.798
1741896420000,2982.855,2983.055,2982.798,2983.055
1741896480000,2983.055,2983.155,2982.798,2982.955
1741896540000,2983.048,2983.165,2982.798,2982.798
1741896600000,2982.725,2982.765,2981.775,2981.965
1741896660000,2982.065,2982.545,2981.945,2982.375
1741896720000,2982.355,2982.355,2981.965,2981.975
1741896780000,2982.005,2982.035,2981.705,2982.015
1741896840000,2982.055,2982.125,2982.005,2982.005
1741896900000,2982.025,2982.095,2981.885,2982.035
1741896960000,2982.035,2982.035,2981.325,2981.625
1741897020000,2981.665,2982.035,2981.285,2981.345
1741897080000,2981.465,2981.645,2981.015,2981.475
1741897140000,2981.565,2981.785,2981.405,2981.785
1741897200000,2981.685,2981.935,2981.635,2981.765
1741897260000,2981.765,2982.065,2981.525,2981.795
1741897320000,2981.865,2982.035,2981.785,2981.865
1741897380000,2981.965,2982.265,2981.775,2982.265
1741897440000,2982.035,2982.095,2981.505,2981.665
1741897500000,2981.555,2982.065,2981.525,2981.865
1741897560000,2981.885,2982.505,2981.835,2982.485
1741897620000,2982.475,2982.765,2982.315,2982.615
1741897680000,2982.595,2984.025,2982.045,2984.025
1741897740000,2983.845,2984.535,2983.805,2984.175
1741897800000,2984.195,2984.965,2983.925,2984.935
1741897860000,2984.915,2985.125,2984.695,2984.695
1741897920000,2984.725,2985.075,2984.525,2985.045
1741897980000,2985.075,2985.295,2984.865,2985.155
1741898040000,2985.185,2985.505,2985.095,2985.465
1741898100000,2985.385,2985.525,2985.065,2985.275
1741898160000,2985.275,2985.965,2985.245,2985.675
1741898220000,2985.675,2985.905,2985.565,2985.575
1741898280000,2985.648,2986.095,2985.575,2985.945
1741898340000,2985.985,2986.048,2985.485,2985.485
1741898400000,2985.525,2985.915,2985.475,2985.615
1741898460000,2985.765,2986.305,2985.695,2986.105
1741898520000,2986.135,2986.335,2986.045,2986.095
1741898580000,2986.005,2986.145,2985.945,2986.095
1741898640000,2986.165,2986.565,2986.115,2986.425
1741898700000,2986.415,2987.065,2986.225,2986.735
1741898760000,2986.965,2987.005,2986.625,2986.855
1741898820000,2987.015,2987.515,2986.815,2987.375
1741898880000,2987.435,2987.515,2987.325,2987.385
1741898940000,2987.325,2988.265,2987.305,2987.975
1741899000000,2988.175,2988.175,2987.175,2987.365
1741899060000,2987.435,2987.945,2987.325,2987.585
1741899120000,2987.475,2988.415,2987.385,2988.325
1741899180000,2988.355,2988.415,2988.065,2988.275
1741899240000,2988.285,2988.515,2987.935,2988.015
1741899300000,2987.985,2988.865,2987.745,2988.748
1741899360000,2988.848,2989.155,2988.305,2988.405
1741899420000,2988.465,2989.055,2988.265,2989.045
1741899480000,2989.055,2989.165,2987.935,2988.535
1741899540000,2988.535,2988.835,2988.035,2988.075
1741899600000,2988.075,2988.075,2988.075,2988.075
1741899660000,2988.075,2988.075,2988.075,2988.075
1741899720000,2988.075,2988.075,2988.075,2988.075
1741899780000,2988.075,2988.075,2988.075,2988.075
1741899840000,2988.075,2988.075,2988.075,2988.075
1741899900000,2988.075,2988.075,2988.075,2988.075
1741899960000,2988.075,2988.075,2988.075,2988.075
1741900020000,2988.075,2988.075,2988.075,2988.075
1741900080000,2988.075,2988.075,2988.075,2988.075
1741900140000,2988.075,2988.075,2988.075,2988.075
1741900200000,2988.075,2988.075,2988.075,2988.075
1741900260000,2988.075,2988.075,2988.075,2988.075
1741900320000,2988.075,2988.075,2988.075,2988.075
1741900380000,2988.075,2988.075,2988.075,2988.075
1741900440000,2988.075,2988.075,2988.075,2988.075
1741900500000,2988.075,2988.075,2988.075,2988.075
1741900560000,2988.075,2988.075,2988.075,2988.075
1741900620000,2988.075,2988.075,2988.075,2988.075
1741900680000,2988.075,2988.075,2988.075,2988.075
1741900740000,2988.075,2988.075,2988.075,2988.075
1741900800000,2988.075,2988.075,2988.075,2988.075
1741900860000,2988.075,2988.075,2988.075,2988.075
1741900920000,2988.075,2988.075,2988.075,2988.075
1741900980000,2988.075,2988.075,2988.075,2988.075
1741901040000,2988.075,2988.075,2988.075,2988.075
1741901100000,2988.075,2988.075,2988.075,2988.075
1741901160000,2988.075,2988.075,2988.075,2988.075
1741901220000,2988.075,2988.075,2988.075,2988.075
1741901280000,2988.075,2988.075,2988.075,2988.075
1741901340000,2988.075,2988.075,2988.075,2988.075
1741901400000,2988.075,2988.075,2988.075,2988.075
1741901460000,2988.075,2988.075,2988.075,2988.075
1741901520000,2988.075,2988.075,2988.075,2988.075
1741901580000,2988.075,2988.075,2988.075,2988.075
1741901640000,2988.075,2988.075,2988.075,2988.075
1741901700000,2988.075,2988.075,2988.075,2988.075
1741901760000,2988.075,2988.075,2988.075,2988.075
1741901820000,2988.075,2988.075,2988.075,2988.075
1741901880000,2988.075,2988.075,2988.075,2988.075
1741901940000,2988.075,2988.075,2988.075,2988.075
1741902000000,2988.075,2988.075,2988.075,2988.075
1741902060000,2988.075,2988.075,2988.075,2988.075
1741902120000,2988.075,2988.075,2988.075,2988.075
1741902180000,2988.075,2988.075,2988.075,2988.075
1741902240000,2988.075,2988.075,2988.075,2988.075
1741902300000,2988.075,2988.075,2988.075,2988.075
1741902360000,2988.075,2988.075,2988.075,2988.075
1741902420000,2988.075,2988.075,2988.075,2988.075
1741902480000,2988.075,2988.075,2988.075,2988.075
1741902540000,2988.075,2988.075,2988.075,2988.075
1741902600000,2988.075,2988.075,2988.075,2988.075
1741902660000,2988.075,2988.075,2988.075,2988.075
1741902720000,2988.075,2988.075,2988.075,2988.075
1741902780000,2988.075,2988.075,2988.075,2988.075
1741902840000,2988.075,2988.075,2988.075,2988.075
1741902900000,2988.075,2988.075,2988.075,2988.075
1741902960000,2988.075,2988.075,2988.075,2988.075
1741903020000,2988.075,2988.075,2988.075,2988.075
1741903080000,2988.075,2988.075,2988.075,2988.075
1741903140000,2988.075,2988.075,2988.075,2988.075
1741903200000,2988.698,2988.748,2987.198,2988.448
1741903260000,2988.448,2988.748,2987.898,2988.248
1741903320000,2988.148,2988.148,2983.135,2984.448
1741903380000,2984.448,2984.548,2982.748,2983.275
1741903440000,2983.308,2984.275,2983.298,2984.085
1741903500000,2984.048,2984.535,2983.245,2983.785
1741903560000,2983.865,2983.885,2983.615,2983.885
1741903620000,2983.895,2984.125,2983.105,2983.305
1741903680000,2983.465,2983.495,2983.315,2983.405
1741903740000,2983.415,2983.705,2983.125,2983.205
1741903800000,2983.225,2983.465,2983.105,2983.125
1741903860000,2983.175,2983.475,2983.055,2983.095
1741903920000,2983.185,2983.495,2983.005,2983.425
1741903980000,2983.495,2983.585,2983.095,2983.345
1741904040000,2983.315,2983.485,2983.255,2983.325
1741904100000,2983.315,2984.178,2983.285,2983.875
1741904160000,2984.075,2984.605,2984.045,2984.505
1741904220000,2984.595,2984.845,2984.485,2984.635
1741904280000,2984.395,2984.405,2984.105,2984.115
1741904340000,2984.105,2984.295,2984.085,2984.205
1741904400000,2984.208,2984.505,2984.208,2984.435
1741904460000,2984.365,2984.365,2983.688,2983.718
1741904520000,2983.768,2983.788,2983.548,2983.618
1741904580000,2983.608,2984.198,2983.608,2984.155
1741904640000,2984.158,2986.005,2983.908,2985.815
1741904700000,2985.785,2986.215,2985.615,2985.945
1741904760000,2985.975,2986.455,2985.975,2986.105
1741904820000,2986.095,2986.095,2985.855,2986.005
1741904880000,2985.985,2986.045,2985.865,2986.035
1741904940000,2986.015,2986.135,2985.935,2986.135
1741905000000,2986.165,2987.415,2986.065,2987.415
1741905060000,2987.415,2987.445,2986.555,2986.555
1741905120000,2986.555,2987.095,2986.535,2987.055
1741905180000,2987.055,2988.125,2987.055,2988.065
1741905240000,2988.065,2988.335,2987.515,2987.955
1741905300000,2987.988,2988.205,2987.915,2987.955
1741905360000,2987.925,2987.965,2987.335,2987.415
1741905420000,2987.425,2987.425,2986.525,2986.695
1741905480000,2986.715,2988.285,2986.605,2987.985
1741905540000,2988.025,2989.785,2987.948,2989.405
1741905600000,2989.395,2989.395,2987.995,2987.995
1741905660000,2987.995,2988.245,2987.555,2987.685
1741905720000,2987.795,2988.165,2987.485,2987.485
1741905780000,2987.465,2987.465,2985.665,2985.965
1741905840000,2985.885,2986.465,2985.885,2986.135
1741905900000,2986.148,2986.755,2986.145,2986.735
1741905960000,2986.765,2986.925,2986.405,2986.435
1741906020000,2986.445,2987.915,2986.265,2987.455
1741906080000,2987.455,2987.455,2986.405,2986.895
1741906140000,2986.895,2987.195,2986.605,2986.885
1741906200000,2986.885,2987.245,2986.745,2986.815
1741906260000,2986.815,2986.935,2986.375,2986.875
1741906320000,2986.895,2987.155,2986.815,2986.995
1741906380000,2987.015,2987.295,2986.565,2986.785
1741906440000,2986.805,2987.035,2986.735,2986.945
1741906500000,2986.955,2987.025,2986.735,2986.785
1741906560000,2986.785,2986.985,2986.615,2986.615
1741906620000,2986.595,2986.645,2986.475,2986.615
1741906680000,2986.448,2986.688,2986.348,2986.548
1741906740000,2986.518,2987.148,2986.488,2986.898
1741906800000,2986.938,2986.968,2986.518,2986.738
1741906860000,2986.778,2986.918,2986.688,2986.848
1741906920000,2986.838,2986.838,2986.528,2986.528
1741906980000,2986.478,2986.758,2986.188,2986.578
1741907040000,2986.608,2986.628,2986.088,2986.148
1741907100000,2986.078,2986.228,2985.915,2985.965
1741907160000,2985.825,2985.928,2985.488,2985.888
1741907220000,2985.928,2986.458,2985.908,2986.378
1741907280000,2986.368,2986.465,2986.038,2986.278
1741907340000,2986.368,2986.905,2986.338,2986.868
1741907400000,2986.848,2986.915,2986.375,2986.585
1741907460000,2986.615,2986.745,2986.585,2986.745
1741907520000,2986.735,2986.755,2986.035,2986.035
1741907580000,2986.055,2986.715,2986.055,2986.595
1741907640000,2986.605,2986.685,2985.965,2986.095
1741907700000,2986.128,2986.195,2985.838,2985.918
1741907760000,2985.908,2986.415,2985.875,2986.265
1741907820000,2986.245,2986.385,2985.905,2986.285
1741907880000,2986.255,2986.295,2985.968,2986.135
1741907940000,2986.148,2986.538,2986.075,2986.395
1741908000000,2986.425,2986.875,2986.095,2986.875
1741908060000,2986.895,2986.935,2986.505,2986.505
1741908120000,2986.648,2986.715,2986.528,2986.528
1741908180000,2986.608,2986.848,2986.608,2986.848
1741908240000,2986.888,2987.535,2986.825,2986.845
1741908300000,2986.865,2987.128,2986.545,2987.085
1741908360000,2987.075,2987.868,2986.865,2987.805
1741908420000,2987.785,2988.648,2987.668,2988.548
1741908480000,2988.548,2988.765,2988.465,2988.548
1741908540000,2988.448,2989.048,2988.448,2988.765
1741908600000,2988.585,2989.055,2988.455,2988.625
1741908660000,2988.605,2988.605,2988.105,2988.325
1741908720000,2988.355,2988.765,2988.235,2988.245
1741908780000,2988.225,2988.225,2987.305,2987.305
1741908840000,2987.338,2987.815,2987.325,2987.548
1741908900000,2987.548,2987.775,2987.315,2987.705
1741908960000,2987.665,2987.695,2987.325,2987.448
1741909020000,2987.548,2988.248,2987.548,2988.055
1741909080000,2988.085,2988.425,2987.945,2988.295
1741909140000,2988.265,2988.405,2987.895,2988.385
1741909200000,2988.385,2988.555,2988.155,2988.205
1741909260000,2988.185,2988.285,2988.095,2988.175
1741909320000,2988.155,2988.285,2988.045,2988.045
1741909380000,2988.005,2988.005,2987.475,2987.695
1741909440000,2987.725,2988.205,2987.625,2988.205
1741909500000,2988.235,2988.795,2986.635,2986.848
1741909560000,2986.848,2986.848,2986.448,2986.448
1741909620000,2986.448,2986.728,2986.238,2986.698
1741909680000,2986.688,2986.718,2986.558,2986.608
1741909740000,2986.588,2987.678,2986.568,2987.678
1741909800000,2987.668,2987.708,2987.048,2987.048
1741909860000,2986.948,2986.948,2985.668,2985.758
1741909920000,2985.798,2986.448,2985.798,2986.148
1741909980000,2986.178,2986.258,2985.858,2985.858
1741910040000,2985.858,2985.858,2985.315,2985.668
1741910100000,2985.548,2985.588,2985.208,2985.298
1741910160000,2985.258,2985.348,2985.098,2985.158
1741910220000,2985.185,2985.695,2985.178,2985.468
1741910280000,2985.538,2986.245,2985.538,2986.175
1741910340000,2986.155,2986.465,2986.005,2986.195
1741910400000,2986.175,2986.375,2985.535,2986.325
1741910460000,2986.325,2986.395,2986.185,2986.265
1741910520000,2986.265,2986.895,2985.995,2986.085
1741910580000,2986.065,2986.585,2986.065,2986.435
1741910640000,2986.415,2986.445,2985.885,2986.055
1741910700000,2986.025,2986.175,2985.755,2985.875
1741910760000,2985.905,2985.905,2985.415,2985.445
1741910820000,2985.465,2985.958,2985.465,2985.958
1741910880000,2986.075,2986.255,2985.725,2986.165
1741910940000,2986.125,2986.265,2985.458,2985.715
1741911000000,2985.675,2985.735,2985.525,2985.535
1741911060000,2985.515,2985.938,2985.465,2985.835
1741911120000,2985.848,2986.175,2985.848,2986.075
1741911180000,2986.048,2986.515,2986.048,2986.148
1741911240000,2986.148,2986.348,2985.975,2986.348
1741911300000,2986.348,2986.728,2985.808,2986.088
1741911360000,2986.128,2986.548,2986.128,2986.248
1741911420000,2986.258,2986.348,2985.948,2986.248
1741911480000,2986.248,2986.848,2986.188,2986.548
1741911540000,2986.558,2986.948,2986.548,2986.848
1741911600000,2986.948,2986.948,2986.048,2986.048
1741911660000,2986.045,2986.348,2985.998,2986.148
1741911720000,2986.248,2986.648,2986.148,2986.378
1741911780000,2986.368,2986.608,2985.868,2986.318
1741911840000,2986.308,2986.468,2985.778,2985.878
1741911900000,2985.918,2986.178,2985.808,2985.898
1741911960000,2985.848,2985.848,2985.208,2985.378
1741912020000,2985.368,2985.448,2985.108,2985.238
1741912080000,2985.228,2985.298,2984.688,2984.718
1741912140000,2984.708,2984.798,2984.408,2984.738
1741912200000,2984.728,2986.375,2984.728,2986.225
1741912260000,2986.215,2986.265,2985.715,2986.118
1741912320000,2986.118,2986.555,2985.775,2985.785
1741912380000,2985.865,2985.965,2985.555,2985.805
1741912440000,2985.775,2985.805,2985.435,2985.625
1741912500000,2985.605,2985.785,2984.825,2984.985
1741912560000,2985.018,2985.165,2984.728,2985.075
1741912620000,2985.218,2985.525,2984.955,2985.025
1741912680000,2984.955,2985.648,2984.935,2985.155
1741912740000,2985.175,2985.648,2984.895,2985.248
1741912800000,2985.248,2985.258,2984.825,2984.905
1741912860000,2984.885,2985.185,2984.795,2985.148
1741912920000,2985.148,2985.855,2984.705,2984.748
1741912980000,2984.748,2985.148,2984.505,2984.645
1741913040000,2984.808,2985.365,2984.798,2984.958
1741913100000,2984.958,2985.848,2984.748,2984.748
1741913160000,2984.748,2985.548,2984.728,2985.548
1741913220000,2985.548,2986.645,2985.548,2986.415
1741913280000,2986.385,2986.515,2985.795,2986.035
1741913340000,2986.095,2986.625,2986.095,2986.505
1741913400000,2986.525,2986.795,2986.265,2986.415
1741913460000,2986.395,2986.745,2986.305,2986.335
1741913520000,2986.149,2986.685,2986.105,2986.545
1741913580000,2986.648,2986.705,2986.055,2986.365
1741913640000,2986.285,2987.495,2986.285,2987.465
1741913700000,2987.435,2988.165,2986.745,2987.278
1741913760000,2987.318,2988.525,2987.288,2988.455
1741913820000,2988.425,2988.445,2987.005,2987.005
1741913880000,2986.995,2987.015,2986.505,2986.735
1741913940000,2986.705,2986.705,2985.775,2986.465
1741914000000,2986.498,2987.755,2985.975,2986.075
1741914060000,2986.048,2986.848,2985.495,2986.848
1741914120000,2986.795,2988.385,2986.548,2987.948
1741914180000,2987.925,2988.048,2985.615,2986.435
1741914240000,2986.415,2986.815,2986.135,2986.155
1741914300000,2986.185,2987.625,2985.825,2986.595
1741914360000,2986.665,2987.635,2986.365,2987.265
1741914420000,2987.265,2989.705,2987.135,2988.608
1741914480000,2988.678,2988.788,2987.375,2987.785
1741914540000,2987.798,2988.648,2986.995,2986.995
1741914600000,2986.995,2989.075,2986.888,2988.955
1741914660000,2988.995,2989.245,2988.525,2989.195
1741914720000,2989.175,2989.895,2988.985,2989.795
1741914780000,2989.795,2990.015,2989.245,2989.295
1741914840000,2989.285,2989.855,2989.175,2989.665
1741914900000,2989.665,2989.755,2988.785,2989.145
1741914960000,2989.155,2989.805,2989.155,2989.705
1741915020000,2989.645,2989.765,2988.855,2989.175
1741915080000,2989.175,2989.265,2987.995,2987.995
1741915140000,2987.995,2988.055,2986.205,2987.765
1741915200000,2987.745,2988.385,2986.535,2986.655
1741915260000,2986.655,2988.285,2985.965,2988.155
1741915320000,2988.425,2988.595,2987.165,2987.625
1741915380000,2987.655,2987.885,2987.195,2987.525
1741915440000,2987.558,2988.015,2987.275,2987.315
1741915500000,2987.305,2987.635,2986.565,2987.115
1741915560000,2987.215,2987.215,2985.905,2986.155
1741915620000,2986.085,2986.665,2984.848,2984.848
1741915680000,2984.848,2985.148,2983.565,2984.048
1741915740000,2984.048,2984.845,2983.548,2983.848
1741915800000,2983.848,2984.085,2981.638,2981.658
1741915860000,2981.655,2982.945,2981.475,2982.385
1741915920000,2982.345,2983.715,2982.345,2983.265
1741915980000,2983.215,2983.945,2982.505,2982.755
1741916040000,2982.745,2983.265,2982.555,2983.115
1741916100000,2983.095,2984.705,2982.405,2984.475
1741916160000,2984.475,2985.275,2984.375,2984.905
1741916220000,2984.915,2985.125,2984.225,2985.115
1741916280000,2985.095,2987.155,2984.785,2986.675
1741916340000,2986.675,2986.855,2985.845,2985.935
1741916400000,2985.945,2987.265,2985.945,2987.085
1741916460000,2987.055,2987.485,2986.595,2986.925
1741916520000,2986.955,2987.875,2986.355,2987.595
1741916580000,2987.568,2987.805,2987.135,2987.475
1741916640000,2987.495,2987.865,2987.305,2987.345
1741916700000,2987.375,2988.295,2987.375,2987.835
1741916760000,2987.828,2988.085,2987.375,2987.995
1741916820000,2988.025,2988.025,2987.505,2987.575
1741916880000,2987.545,2987.595,2985.965,2985.985
1741916940000,2986.045,2986.635,2985.885,2986.585
1741917000000,2986.565,2986.905,2986.258,2986.565
1741917060000,2986.578,2987.545,2986.565,2987.375
1741917120000,2987.405,2987.685,2987.305,2987.355
1741917180000,2987.345,2987.495,2986.945,2987.335
1741917240000,2987.285,2988.025,2987.085,2987.795
1741917300000,2987.795,2987.915,2987.015,2987.505
1741917360000,2987.545,2987.705,2987.275,2987.415
1741917420000,2987.425,2987.585,2987.345,2987.555
1741917480000,2987.555,2987.925,2987.435,2987.655
1741917540000,2987.685,2987.935,2987.595,2987.715
1741917600000,2987.685,2987.905,2986.955,2987.405
1741917660000,2987.365,2987.505,2986.498,2987.065
1741917720000,2987.035,2987.095,2985.835,2986.095
1741917780000,2986.458,2986.695,2985.975,2986.635
1741917840000,2986.655,2987.185,2986.235,2987.075
1741917900000,2987.105,2987.365,2986.945,2987.205
1741917960000,2987.175,2987.295,2986.575,2987.255
1741918020000,2987.145,2988.415,2986.965,2987.635
1741918080000,2987.535,2987.915,2986.545,2987.085
1741918140000,2987.448,2988.148,2987.235,2987.635
1741918200000,2987.655,2987.775,2987.125,2987.695
1741918260000,2987.695,2987.705,2986.835,2986.835
1741918320000,2986.895,2987.895,2986.425,2987.895
1741918380000,2987.885,2987.959,2987.535,2987.575
1741918440000,2987.565,2987.835,2987.255,2987.655
1741918500000,2987.655,2987.655,2987.235,2987.345
1741918560000,2987.345,2987.345,2986.775,2986.815
1741918620000,2986.805,2986.885,2986.055,2986.145
1741918680000,2986.045,2986.795,2986.045,2986.385
1741918740000,2986.405,2986.765,2986.345,2986.635
1741918800000,2986.595,2986.925,2986.095,2986.145
1741918860000,2986.075,2986.668,2986.075,2986.565
1741918920000,2986.578,2986.615,2986.275,2986.455
1741918980000,2986.465,2987.565,2986.465,2987.255
1741919040000,2987.235,2987.345,2986.725,2986.915
1741919100000,2986.935,2986.995,2986.628,2986.915
1741919160000,2986.935,2987.395,2986.645,2987.395
1741919220000,2987.415,2987.695,2986.845,2986.845
1741919280000,2986.805,2986.995,2986.318,2986.465
1741919340000,2986.445,2986.805,2986.385,2986.795
1741919400000,2987.005,2987.385,2986.815,2987.095
1741919460000,2987.065,2987.405,2986.318,2986.498
1741919520000,2986.498,2986.725,2986.318,2986.498
1741919580000,2986.425,2986.595,2985.945,2986.015
1741919640000,2986.045,2986.165,2985.665,2985.675
1741919700000,2985.698,2986.135,2985.698,2986.035
1741919760000,2986.035,2986.325,2985.655,2985.935
1741919820000,2985.905,2986.005,2985.615,2985.665
1741919880000,2985.668,2985.995,2985.608,2985.875
1741919940000,2985.835,2985.885,2985.288,2985.555
1741920000000,2985.535,2986.335,2985.008,2986.175
1741920060000,2986.145,2987.235,2985.955,2986.395
1741920120000,2986.435,2987.505,2986.288,2987.065
1741920180000,2987.045,2987.465,2986.965,2987.085
1741920240000,2987.015,2987.335,2986.495,2986.575
1741920300000,2986.555,2986.668,2986.315,2986.325
1741920360000,2986.325,2986.715,2986.035,2986.525
1741920420000,2986.525,2986.765,2986.375,2986.665
1741920480000,2986.635,2987.065,2986.325,2987.055
1741920540000,2987.025,2987.085,2986.575,2986.605
1741920600000,2986.645,2986.725,2985.795,2986.165
1741920660000,2986.095,2986.095,2985.785,2985.805
1741920720000,2985.775,2986.015,2985.395,2985.725
1741920780000,2985.705,2985.765,2985.278,2985.465
1741920840000,2985.485,2985.845,2985.385,2985.775
1741920900000,2985.805,2986.145,2985.685,2985.715
1741920960000,2985.735,2986.365,2985.645,2986.165
1741921020000,2986.195,2986.365,2985.375,2985.488
1741921080000,2985.485,2985.485,2984.228,2984.228
1741921140000,2984.228,2984.388,2983.545,2983.888
1741921200000,2983.888,2984.358,2983.778,2983.898
1741921260000,2983.888,2984.198,2983.788,2984.068
1741921320000,2984.058,2984.645,2983.778,2984.465
1741921380000,2984.338,2984.685,2984.058,2984.058
1741921440000,2984.045,2984.428,2983.965,2984.325
1741921500000,2984.355,2984.735,2984.295,2984.448
1741921560000,2984.348,2985.195,2984.348,2984.795
1741921620000,2984.805,2985.585,2984.805,2985.535
1741921680000,2985.585,2985.585,2984.865,2985.225
1741921740000,2985.305,2985.585,2985.175,2985.535
1741921800000,2985.535,2986.655,2985.535,2986.465
1741921860000,2986.505,2986.565,2985.978,2986.045
1741921920000,2986.075,2986.085,2985.555,2985.695
1741921980000,2985.725,2985.835,2985.195,2985.235
1741922040000,2985.275,2985.595,2985.145,2985.555
1741922100000,2985.525,2985.815,2985.525,2985.655
1741922160000,2985.625,2985.625,2985.028,2985.475
1741922220000,2985.495,2985.575,2985.325,2985.355
1741922280000,2985.355,2986.415,2985.315,2986.385
1741922340000,2986.385,2987.055,2986.275,2986.965
1741922400000,2986.925,2987.925,2986.705,2987.775
1741922460000,2987.855,2988.225,2987.648,2988.045
1741922520000,2987.945,2988.175,2987.648,2988.015
1741922580000,2988.025,2988.075,2987.695,2987.705
1741922640000,2987.695,2987.835,2987.465,2987.565
1741922700000,2987.545,2987.695,2987.405,2987.555
1741922760000,2987.555,2987.675,2987.128,2987.175
1741922820000,2987.225,2987.225,2987.128,2987.128
1741922880000,2987.165,2987.225,2987.125,2987.125
1741922940000,2987.128,2987.245,2986.948,2987.195
1741923000000,2987.295,2987.435,2986.948,2986.948
1741923060000,2986.765,2987.045,2986.565,2986.948
1741923120000,2986.965,2987.045,2986.515,2986.915
1741923180000,2986.875,2986.985,2986.715,2986.925
1741923240000,2986.955,2987.045,2986.845,2987.015
1741923300000,2987.035,2987.275,2986.945,2987.275
1741923360000,2987.265,2987.465,2987.068,2987.245
1741923420000,2987.265,2987.545,2987.215,2987.505
1741923480000,2987.515,2987.775,2987.425,2987.545
1741923540000,2987.535,2988.085,2987.235,2987.975
1741923600000,2987.955,2987.995,2987.795,2987.885
1741923660000,2987.835,2987.995,2987.665,2987.765
1741923720000,2987.795,2987.825,2987.595,2987.595
1741923780000,2987.615,2987.645,2987.398,2987.555
1741923840000,2987.515,2987.925,2987.505,2987.805
1741923900000,2987.775,2988.585,2987.535,2988.415
1741923960000,2988.445,2988.765,2988.345,2988.615
1741924020000,2988.615,2989.045,2988.515,2988.645
1741924080000,2988.645,2989.045,2988.615,2988.735
1741924140000,2988.725,2989.475,2988.705,2989.465
1741924200000,2989.505,2989.915,2989.395,2989.815
1741924260000,2989.835,2990.635,2989.679,2990.505
1741924320000,2990.499,2990.499,2989.685,2990.185
1741924380000,2990.175,2990.235,2989.755,2990.125
1741924440000,2990.125,2991.065,2990.075,2990.985
1741924500000,2990.975,2992.875,2990.865,2992.075
1741924560000,2992.065,2992.145,2991.445,2991.705
1741924620000,2991.725,2991.865,2990.938,2991.178
1741924680000,2991.175,2991.255,2990.685,2990.715
1741924740000,2990.709,2992.435,2990.625,2992.375
1741924800000,2992.375,2993.715,2992.325,2993.225
1741924860000,2993.175,2993.745,2992.965,2993.555
1741924920000,2993.535,2993.715,2993.275,2993.695
1741924980000,2993.625,2993.835,2993.455,2993.695
1741925040000,2993.755,2993.755,2992.545,2992.635
1741925100000,2992.635,2993.255,2992.525,2992.695
1741925160000,2992.695,2992.935,2992.215,2992.825
1741925220000,2992.848,2992.935,2992.038,2992.038
1741925280000,2992.038,2992.615,2992.038,2992.585
1741925340000,2992.575,2992.575,2991.668,2991.728
1741925400000,2991.735,2991.758,2991.595,2991.675
1741925460000,2991.728,2992.495,2991.678,2992.285
1741925520000,2992.325,2992.665,2991.548,2991.848
1741925580000,2991.848,2992.545,2991.748,2992.535
1741925640000,2992.535,2992.775,2992.275,2992.465
1741925700000,2992.425,2992.855,2992.345,2992.775
1741925760000,2992.765,2993.135,2992.715,2992.865
1741925820000,2992.848,2993.035,2992.725,2992.945
1741925880000,2992.925,2993.135,2992.675,2992.715
1741925940000,2992.695,2992.935,2992.545,2992.905
1741926000000,2992.925,2993.095,2992.868,2992.968
1741926060000,2992.958,2993.345,2992.958,2993.295
1741926120000,2993.325,2993.565,2993.185,2993.225
1741926180000,2993.195,2993.255,2992.885,2993.045
1741926240000,2993.025,2993.295,2992.995,2993.105
1741926300000,2993.115,2993.115,2992.648,2992.785
1741926360000,2992.785,2992.855,2991.928,2991.969
1741926420000,2991.948,2992.079,2991.515,2991.548
1741926480000,2991.548,2991.648,2991.465,2991.548
1741926540000,2991.548,2991.648,2991.238,2991.238
1741926600000,2991.238,2991.238,2990.448,2990.648
1741926660000,2990.648,2990.648,2989.428,2989.648
1741926720000,2989.648,2989.955,2989.548,2989.845
1741926780000,2989.825,2989.915,2989.398,2989.398
1741926840000,2989.398,2989.495,2989.398,2989.445
1741926900000,2989.398,2989.948,2989.398,2989.828
1741926960000,2989.828,2990.408,2989.495,2990.005
1741927020000,2990.038,2990.185,2988.408,2988.428
1741927080000,2988.435,2989.185,2988.415,2988.828
1741927140000,2988.868,2988.868,2987.985,2987.985
1741927200000,2987.945,2988.775,2987.945,2988.675
1741927260000,2988.645,2988.885,2988.565,2988.735
1741927320000,2988.735,2989.175,2988.365,2988.495
1741927380000,2988.518,2989.135,2988.518,2988.915
1741927440000,2988.915,2989.065,2988.665,2988.705
1741927500000,2988.725,2988.725,2987.885,2987.985
1741927560000,2988.015,2988.645,2987.995,2988.595
1741927620000,2988.595,2988.595,2988.145,2988.305
1741927680000,2988.275,2988.275,2987.925,2987.965
1741927740000,2987.945,2988.105,2987.685,2988.035
1741927800000,2988.005,2988.085,2987.338,2987.395
1741927860000,2987.375,2987.705,2986.665,2986.775
1741927920000,2986.758,2986.938,2986.325,2986.688
1741927980000,2986.778,2987.049,2986.398,2987.048
1741928040000,2986.948,2987.048,2985.809,2986.128
1741928100000,2986.068,2986.428,2985.548,2985.648
1741928160000,2985.648,2986.128,2985.169,2985.348
1741928220000,2985.269,2985.269,2984.158,2984.428
1741928280000,2984.469,2984.648,2984.248,2984.529
1741928340000,2984.539,2985.225,2984.539,2985.205
1741928400000,2985.395,2985.735,2985.125,2985.355
1741928460000,2985.465,2985.645,2984.535,2984.895
1741928520000,2984.875,2985.655,2984.645,2985.405
1741928580000,2985.445,2985.515,2985.135,2985.235
1741928640000,2985.235,2985.505,2985.045,2985.145
1741928700000,2985.105,2985.135,2984.635,2984.748
1741928760000,2984.688,2985.085,2984.495,2984.595
1741928820000,2984.615,2984.905,2984.415,2984.745
1741928880000,2984.748,2985.048,2984.378,2984.378
1741928940000,2984.378,2984.845,2984.318,2984.735
1741929000000,2984.775,2985.199,2984.469,2984.659
1741929060000,2984.669,2984.759,2984.358,2984.729
1741929120000,2984.748,2984.958,2984.348,2984.348
1741929180000,2984.348,2984.865,2984.348,2984.348
1741929240000,2984.348,2984.548,2984.158,2984.448
1741929300000,2984.519,2985.125,2984.448,2984.795
1741929360000,2984.795,2984.985,2984.625,2984.748
1741929420000,2984.748,2984.848,2984.448,2984.648
1741929480000,2984.748,2984.858,2984.158,2984.228
1741929540000,2984.208,2984.615,2984.208,2984.495
1741929600000,2984.498,2984.985,2984.488,2984.889
1741929660000,2984.889,2985.009,2984.348,2984.448
1741929720000,2984.589,2984.879,2984.235,2984.329
1741929780000,2984.309,2984.529,2984.158,2984.158
1741929840000,2984.158,2984.538,2983.848,2984.448
1741929900000,2984.438,2984.538,2983,2983
1741929960000,2983,2983,2982.258,2982.258
1741930020000,2982.258,2982.348,2981.748,2981.748
1741930080000,2981.848,2982.505,2981.609,2982.425
1741930140000,2982.465,2983.495,2982.395,2983.465
1741930200000,2983.445,2983.445,2982.268,2982.565
1741930260000,2982.565,2983.725,2982.545,2983.655
1741930320000,2983.745,2984.215,2983.648,2983.705
1741930380000,2983.715,2983.978,2983.498,2983.928
1741930440000,2983.928,2983.928,2982.259,2982.818
1741930500000,2982.858,2984.398,2982.798,2984.285
1741930560000,2984.365,2985.429,2984.305,2985.425
1741930620000,2985.565,2985.835,2984.889,2984.918
1741930680000,2984.918,2985.149,2984.648,2984.989
1741930740000,2984.979,2985.438,2984.365,2984.448
1741930800000,2984.405,2984.889,2984.215,2984.839
1741930860000,2984.845,2985.265,2984.735,2984.775
1741930920000,2984.795,2985.355,2984.675,2985.248
1741930980000,2985.299,2985.748,2984.948,2985.048
1741931040000,2985.085,2985.109,2984.378,2984.378
1741931100000,2984.419,2984.889,2984.378,2984.658
1741931160000,2984.678,2984.948,2984.548,2984.769
1741931220000,2984.749,2985.048,2983.688,2983.729
1741931280000,2983.688,2984.018,2983.078,2983.078
1741931340000,2983.078,2983.759,2982.858,2983.578
1741931400000,2983.538,2983.748,2982.018,2982.018
1741931460000,2982.065,2984.445,2982.018,2984.265
1741931520000,2984.245,2985.259,2984.135,2984.715
1741931580000,2984.688,2985.295,2984.425,2985.205
1741931640000,2985.225,2985.465,2983.968,2984.588
1741931700000,2984.588,2985.735,2984.155,2985.375
1741931760000,2985.395,2986.455,2985.395,2986.175
1741931820000,2986.175,2986.275,2985.245,2985.495
1741931880000,2985.635,2985.865,2985.485,2985.775
1741931940000,2985.775,2986.195,2985.565,2986.135
1741932000000,2986.135,2986.135,2985.535,2985.715
1741932060000,2985.745,2986.015,2985.595,2985.615
1741932120000,2985.635,2985.635,2985.215,2985.555
1741932180000,2985.555,2986.015,2985.515,2985.705
1741932240000,2985.705,2985.715,2985.468,2985.468
1741932300000,2985.565,2985.605,2984.725,2984.805
1741932360000,2984.785,2984.785,2984.148,2984.195
1741932420000,2984.255,2984.305,2984.025,2984.045
1741932480000,2984.045,2984.425,2983.725,2984.385
1741932540000,2984.425,2984.735,2984.095,2984.135
1741932600000,2984.125,2984.305,2983.855,2983.935
1741932660000,2983.925,2983.945,2983.495,2983.855
1741932720000,2983.855,2984.005,2983.485,2983.515
1741932780000,2983.755,2984.305,2983.655,2984.075
1741932840000,2984.115,2984.215,2983.395,2983.735
1741932900000,2983.725,2984.275,2983.395,2984.175
1741932960000,2984.195,2984.255,2983.565,2983.895
1741933020000,2983.905,2984.095,2983.725,2983.725
1741933080000,2983.725,2983.745,2983.238,2983.315
1741933140000,2983.305,2983.708,2981.848,2981.948
1741933200000,2981.948,2981.998,2981.325,2981.648
1741933260000,2981.648,2982.198,2981,2982.148
1741933320000,2982.148,2983.165,2982.148,2983.075
1741933380000,2983.075,2983.275,2982.568,2982.648
1741933440000,2982.648,2983.348,2982.485,2982.648
1741933500000,2982.578,2982.848,2982.248,2982.348
1741933560000,2982.348,2982.548,2982.028,2982.085
1741933620000,2982.068,2982.495,2981.925,2982.035
1741933680000,2982.158,2982.205,2981.605,2981.855
1741933740000,2981.855,2982.185,2981.715,2982.005
1741933800000,2982.025,2982.415,2981.885,2982.255
1741933860000,2982.265,2982.265,2981.105,2981.615
1741933920000,2981.605,2982.055,2981.565,2981.635
1741933980000,2981.665,2982.115,2981.495,2981.725
1741934040000,2981.755,2982.025,2981.225,2981.775
1741934100000,2981.775,2981.885,2981.048,2981.425
1741934160000,2981.415,2982.085,2981.275,2981.995
1741934220000,2982.025,2982.705,2982.015,2982.495
1741934280000,2982.495,2983.628,2982.335,2983.465
1741934340000,2983.465,2983.908,2983.305,2983.585
1741934400000,2983.595,2983.865,2983.175,2983.535
1741934460000,2983.535,2984.225,2983.515,2984.105
1741934520000,2984.005,2984.075,2983.585,2983.625
1741934580000,2983.595,2984.015,2983.518,2983.725
1741934640000,2983.735,2984.605,2983.735,2984.535
1741934700000,2984.545,2985.105,2984.545,2984.885
1741934760000,2984.835,2986.135,2984.555,2985.745
1741934820000,2985.685,2987.415,2985.655,2987.005
1741934880000,2986.965,2987.405,2986.745,2987.345
1741934940000,2987.369,2987.635,2986.655,2987.035
1741935000000,2987.075,2987.095,2986.335,2986.425
1741935060000,2986.405,2986.455,2985.715,2985.875
1741935120000,2985.945,2986.235,2985.798,2986.075
1741935180000,2986.045,2986.195,2985.825,2986.065
1741935240000,2986.065,2986.065,2985.765,2985.765
1741935300000,2985.705,2985.745,2985.125,2985.635
1741935360000,2985.585,2985.895,2985.375,2985.615
1741935420000,2985.635,2985.915,2985.615,2985.695
1741935480000,2985.755,2985.755,2985.235,2985.695
1741935540000,2985.715,2985.905,2985.405,2985.515
1741935600000,2985.535,2985.535,2984.945,2985.135
1741935660000,2985.065,2985.095,2984.448,2984.485
1741935720000,2984.455,2984.465,2983.948,2984.395
1741935780000,2984.375,2985.525,2984.375,2985.455
1741935840000,2985.435,2985.835,2984.995,2985.155
1741935900000,2985.155,2985.155,2984.485,2984.715
1741935960000,2984.735,2984.735,2983.285,2983.445
1741936020000,2983.425,2984.415,2983.345,2984.205
1741936080000,2984.025,2984.238,2983.005,2983.135
1741936140000,2983.145,2983.145,2982.408,2982.408
1741936200000,2982.408,2982.678,2981.675,2981.875
1741936260000,2981.878,2982.548,2981.638,2981.765
1741936320000,2981.765,2983.205,2981.575,2983.205
1741936380000,2983.195,2983.895,2983.165,2983.785
1741936440000,2983.745,2984.125,2983.125,2983.435
1741936500000,2983.455,2983.945,2983.395,2983.665
1741936560000,2983.665,2983.665,2982.705,2982.835
1741936620000,2982.835,2983.105,2982.475,2982.625
1741936680000,2982.655,2983.345,2982.575,2982.815
1741936740000,2982.788,2983.265,2982.775,2982.865
1741936800000,2982.885,2983.665,2982.535,2983.135
1741936860000,2983.035,2983.205,2982.555,2982.895
1741936920000,2982.885,2982.895,2982.348,2982.348
1741936980000,2982.348,2982.348,2981.165,2981.355
1741937040000,2981.358,2981.358,2981,2981
1741937100000,2981,2981.825,2981,2981.765
1741937160000,2981.825,2982.175,2981.475,2981.505
1741937220000,2981.565,2982.085,2981.325,2981.905
1741937280000,2981.915,2982.695,2981.885,2982.645
1741937340000,2982.675,2983.748,2982.645,2983.685
1741937400000,2983.548,2984.125,2983.218,2984.115
1741937460000,2984.085,2984.675,2984.035,2984.535
1741937520000,2984.548,2984.765,2983.925,2984.025
1741937580000,2984.015,2984.658,2983.885,2983.935
1741937640000,2983.955,2984.155,2983.195,2984.125
1741937700000,2984.145,2984.455,2983.675,2984.295
1741937760000,2984.335,2984.695,2984.205,2984.555
1741937820000,2984.555,2984.715,2984.385,2984.495
1741937880000,2984.465,2984.915,2984.285,2984.725
1741937940000,2984.705,2985.435,2984.705,2984.928
1741938000000,2984.995,2985.038,2984.475,2984.515
1741938060000,2984.515,2984.578,2984.075,2984.468
1741938120000,2984.468,2984.678,2984.108,2984.518
1741938180000,2984.508,2984.578,2984.108,2984.138
1741938240000,2984.178,2984.178,2983.488,2983.945
1741938300000,2983.945,2984.625,2983.785,2984.338
1741938360000,2984.378,2984.595,2983.915,2983.995
1741938420000,2984.005,2984.355,2983.468,2983.565
1741938480000,2983.568,2983.825,2983.368,2983.628
1741938540000,2983.625,2983.845,2983.538,2983.795
1741938600000,2983.935,2984.115,2983.515,2983.785
1741938660000,2983.785,2984.495,2983.765,2984.495
1741938720000,2984.428,2985.115,2984.215,2985.085
1741938780000,2985.075,2985.315,2984.895,2985.075
1741938840000,2985.095,2985.115,2984.825,2984.995
1741938900000,2985.035,2985.445,2984.905,2985.295
1741938960000,2985.215,2985.755,2985.165,2985.685
1741939020000,2985.735,2985.855,2985.475,2985.485
1741939080000,2985.505,2985.635,2985.388,2985.535
1741939140000,2985.515,2986.915,2985.485,2986.748
1741939200000,2986.775,2986.775,2985.305,2985.655
1741939260000,2985.675,2985.675,2985.125,2985.265
1741939320000,2985.275,2985.795,2985.025,2985.515
1741939380000,2985.498,2985.625,2985.185,2985.325
1741939440000,2985.305,2986.298,2985.225,2986.275
1741939500000,2986.315,2987.665,2986.245,2987.655
1741939560000,2987.655,2988.715,2987.525,2988.665
1741939620000,2988.665,2989.085,2988.435,2989.035
1741939680000,2989.065,2989.275,2988.805,2989.185
1741939740000,2989.185,2989.405,2989.015,2989.225
1741939800000,2989.185,2989.325,2988.335,2988.575
1741939860000,2988.555,2989.505,2988.555,2989.505
1741939920000,2989.505,2989.815,2989.265,2989.635
1741939980000,2989.625,2989.785,2989.465,2989.475
1741940040000,2989.515,2989.735,2989.135,2989.675
1741940100000,2989.705,2989.795,2989.455,2989.715
1741940160000,2989.715,2989.735,2988.915,2989.395
1741940220000,2989.365,2989.665,2989.188,2989.585
1741940280000,2989.585,2989.745,2989.055,2989.695
1741940340000,2989.715,2989.835,2989.515,2989.575
1741940400000,2989.555,2990.005,2989.085,2989.805
1741940460000,2989.805,2991.015,2989.625,2990.365
1741940520000,2990.435,2991.245,2989.355,2991.095
1741940580000,2991.095,2991.165,2990.345,2990.785
1741940640000,2990.845,2991.595,2990.385,2991.465
1741940700000,2991.415,2992.335,2991.415,2991.795
1741940760000,2991.765,2992.295,2991.445,2991.955
1741940820000,2991.935,2992.185,2991.375,2992.185
1741940880000,2992.165,2992.475,2991.635,2991.705
1741940940000,2991.675,2992.805,2991.675,2992.205
1741941000000,2992.205,2992.605,2990.438,2990.438
1741941060000,2990.438,2990.438,2989.265,2989.515
1741941120000,2989.475,2990.645,2989.475,2990.555
1741941180000,2990.515,2990.515,2989.695,2989.845
1741941240000,2989.865,2990.125,2989.598,2989.795
1741941300000,2989.705,2990.085,2989.625,2989.785
1741941360000,2989.785,2990.385,2989.718,2990.255
1741941420000,2990.135,2990.155,2989.865,2990.045
1741941480000,2990.045,2990.615,2989.965,2990.375
1741941540000,2990.325,2990.595,2990.105,2990.155
1741941600000,2990.135,2990.575,2989.975,2990.055
1741941660000,2990.035,2990.635,2989.975,2990.445
1741941720000,2990.445,2990.815,2990.425,2990.535
1741941780000,2990.515,2990.945,2990.358,2990.688
1741941840000,2990.688,2990.938,2990.358,2990.375
1741941900000,2990.375,2990.665,2990.188,2990.215
1741941960000,2990.215,2990.388,2990.168,2990.348
1741942020000,2990.348,2990.838,2990.325,2990.408
1741942080000,2990.415,2990.495,2990.258,2990.415
1741942140000,2990.415,2990.445,2990.285,2990.345
1741942200000,2990.345,2990.635,2990.258,2990.305
1741942260000,2990.299,2990.618,2990.248,2990.435
1741942320000,2990.408,2990.598,2990.265,2990.355
1741942380000,2990.365,2990.695,2990.328,2990.575
1741942440000,2990.575,2990.903,2990.535,2990.845
1741942500000,2990.765,2992.065,2990.605,2992.015
1741942560000,2991.965,2991.965,2991.435,2991.515
1741942620000,2991.515,2992.475,2991.515,2992.375
1741942680000,2992.335,2993.045,2992.285,2992.965
1741942740000,2992.948,2993.145,2992.738,2992.795
1741942800000,2992.795,2993.335,2992.688,2993.235
1741942860000,2993.335,2993.425,2992.555,2992.805
1741942920000,2992.835,2993.165,2992.655,2992.995
1741942980000,2992.995,2993.265,2992.875,2993.055
1741943040000,2993.055,2993.535,2993.055,2993.485
1741943100000,2993.425,2993.755,2993.275,2993.368
1741943160000,2993.365,2993.685,2993.255,2993.425
1741943220000,2993.345,2993.825,2993.258,2993.755
1741943280000,2993.825,2993.825,2993.465,2993.615
1741943340000,2993.635,2994.305,2993.585,2993.958
1741943400000,2993.825,2994.975,2993.765,2994.945
1741943460000,2994.878,2995.595,2994.855,2995.495
1741943520000,2995.345,2995.365,2994.355,2994.558
1741943580000,2994.575,2995.395,2994.238,2995.225
1741943640000,2995.245,2995.425,2995.005,2995.085
1741943700000,2995.065,2995.855,2994.965,2995.585
1741943760000,2995.495,2995.625,2995.275,2995.328
1741943820000,2995.308,2995.905,2995.308,2995.648
1741943880000,2995.748,2996.218,2995.578,2995.818
1741943940000,2995.778,2996.248,2995.725,2996.198
1741944000000,2996.198,2996.578,2996.128,2996.315
1741944060000,2996.298,2996.298,2995.205,2995.328
1741944120000,2995.318,2996.068,2995.198,2995.928
1741944180000,2995.968,2996.048,2995.508,2996.048
1741944240000,2996.048,2996.248,2995.648,2995.758
1741944300000,2995.848,2995.948,2995.515,2995.558
1741944360000,2995.545,2995.558,2995.198,2995.265
1741944420000,2995.265,2995.305,2995.198,2995.265
1741944480000,2995.268,2995.268,2994.588,2994.698
1741944540000,2994.698,2995.008,2994.588,2994.688
1741944600000,2994.638,2994.795,2994.385,2994.608
1741944660000,2994.598,2995.135,2994.588,2995.045
1741944720000,2995.085,2996.225,2995.065,2996.025
1741944780000,2996.025,2996.355,2995.875,2996.355
1741944840000,2996.385,2997.048,2996.168,2996.248
1741944900000,2996.248,2996.915,2996.168,2996.845
1741944960000,2996.845,2997.965,2996.705,2997.375
1741945020000,2997.358,2997.885,2997.275,2997.515
1741945080000,2997.525,2997.555,2996.985,2997.478
1741945140000,2997.468,2997.945,2997.448,2997.905
1741945200000,2997.925,2998.265,2997.315,2997.495
1741945260000,2997.495,2998.735,2997.495,2998.578
1741945320000,2998.525,2998.975,2998.405,2998.855
1741945380000,2998.905,2999.095,2998.535,2998.835
1741945440000,2998.805,2999.035,2998.365,2998.765
1741945500000,2998.755,2999.245,2998.755,2999.125
1741945560000,2999.125,2999.255,2998.785,2998.865
1741945620000,2998.885,2999.085,2998.725,2999.005
1741945680000,2999.005,2999.118,2998.788,2998.955
1741945740000,2998.958,2999.178,2998.735,2999.135
1741945800000,2999.155,2999.295,2998.748,2998.848
1741945860000,2998.878,2998.965,2998.758,2998.918
1741945920000,2998.908,2999.215,2998.565,2998.888
1741945980000,2998.895,2999.205,2998.725,2999.165
1741946040000,2999.225,2999.225,2998.905,2998.988
1741946100000,2999.035,2999.265,2998.775,2998.998
1741946160000,2999.015,2999.285,2998.848,2998.868
1741946220000,2998.915,2998.985,2998.628,2998.685
1741946280000,2998.698,2998.855,2998.548,2998.595
1741946340000,2998.645,2998.765,2998.275,2998.595
1741946400000,2998.635,2998.785,2998.048,2998.075
1741946460000,2998.055,2998.175,2997.725,2998.035
1741946520000,2998.075,2998.285,2997.975,2998.125
1741946580000,2998.125,2998.285,2997.395,2997.925
1741946640000,2997.925,2998.718,2997.845,2998.698
1741946700000,2998.698,2999.225,2998.235,2998.315
1741946760000,2998.268,2998.328,2998.105,2998.298
1741946820000,2998.288,2998.648,2997.955,2998.195
1741946880000,2998.175,2998.685,2997.935,2998.355
1741946940000,2998.425,2998.915,2998.385,2998.875
1741947000000,2998.875,2999.825,2998.735,2999.748
1741947060000,2999.695,2999.925,2999.448,2999.748
1741947120000,2999.725,3001.035,2999.725,3000.895
1741947180000,3000.855,3000.855,3000.358,3000.675
1741947240000,3000.675,3000.765,3000.375,3000.715
1741947300000,3000.715,3001.615,3000.595,3001.455
1741947360000,3001.478,3003.245,3001.425,3003.155
1741947420000,3003.285,3004.445,3003.255,3004.348
1741947480000,3003.975,3004.725,3003.008,3003.458
1741947540000,3003.465,3004.408,3003.065,3004.308
1741947600000,3004.305,3004.535,3003.405,3003.565
1741947660000,3003.595,3003.595,3002.115,3002.115
1741947720000,3002.115,3002.948,3001.658,3002.285
1741947780000,3002.295,3002.675,3001.155,3001.215
1741947840000,3001.215,3002.375,3001.215,3002.335
1741947900000,3002.335,3002.595,3002.005,3002.465
1741947960000,3002.465,3002.475,3001.825,3001.965
1741948020000,3001.965,3003.515,3001.935,3003.355
1741948080000,3003.355,3003.415,3002.435,3002.565
1741948140000,3002.615,3002.615,3001.465,3002.325
1741948200000,3002.438,3002.755,3000.955,3001.235
1741948260000,3001.205,3001.205,2999.648,2999.748
1741948320000,2999.778,3000.208,2999.458,3000.058
1741948380000,3000.038,3000.198,2999.865,3000.128
1741948440000,3000.188,3000.188,2998.785,2999.255
1741948500000,2999.235,2999.515,2998.505,2998.705
1741948560000,2998.675,2998.705,2996.415,2996.855
1741948620000,2996.835,2997.705,2995.015,2995.385
1741948680000,2995.428,2995.795,2993.655,2994.045
1741948740000,2994.065,2994.255,2989.265,2989.748
1741948800000,2989.748,2991.155,2987.228,2987.448
1741948860000,2987.448,2993.165,2987.448,2992.875
1741948920000,2992.875,2993.915,2990.485,2990.595
1741948980000,2990.745,2992.095,2988.865,2989.158
1741949040000,2989.165,2990.775,2988.975,2989.855
1741949100000,2989.835,2991.675,2989.765,2991.045
1741949160000,2991.065,2992.175,2988.735,2989.175
1741949220000,2989.135,2989.185,2987.335,2987.595
1741949280000,2987.508,2988.205,2986.385,2987.185
1741949340000,2987.135,2988.505,2986.825,2987.845
1741949400000,2987.895,2989.945,2987.535,2989.785
1741949460000,2989.805,2990.975,2989.805,2990.815
1741949520000,2990.835,2992.725,2990.805,2992.548
1741949580000,2992.565,2993.695,2992.565,2993.695
1741949640000,2993.665,2994.415,2992.205,2992.765
1741949700000,2992.755,2993.125,2991.945,2992.948
1741949760000,2993.028,2993.108,2992.455,2992.585
1741949820000,2992.575,2994.415,2992.415,2994.075
1741949880000,2994.075,2994.075,2993.245,2993.405
1741949940000,2993.565,2993.945,2993.015,2993.125
1741950000000,2993.065,2993.785,2993.065,2993.645
1741950060000,2993.645,2994.255,2993.565,2993.965
1741950120000,2993.965,2994.815,2993.925,2994.815
1741950180000,2994.815,2995.845,2994.675,2995.725
1741950240000,2995.775,2997.845,2995.645,2997.695
1741950300000,2997.735,2997.825,2996.195,2996.245
1741950360000,2996.245,2996.275,2995.015,2995.225
1741950420000,2995.225,2995.955,2995.225,2995.865
1741950480000,2995.865,2996.675,2995.385,2996.555
1741950540000,2996.535,2996.655,2995.735,2996.618
1741950600000,2996.608,2997.228,2996.335,2996.955
1741950660000,2996.955,2998.235,2996.705,2997.605
1741950720000,2997.645,2998.228,2997.425,2997.558
1741950780000,2997.548,2997.885,2997.065,2997.678
1741950840000,2997.668,2998.075,2997.505,2997.505
1741950900000,2997.525,2997.785,2996.475,2996.755
1741950960000,2996.755,2997.465,2996.585,2997.325
1741951020000,2997.325,2997.615,2996.375,2996.395
1741951080000,2996.525,2998.055,2996.365,2997.835
1741951140000,2997.885,2998.115,2997.115,2997.515
1741951200000,2997.585,2998.195,2997.125,2998.045
1741951260000,2998.025,2998.055,2997.015,2997.015
1741951320000,2996.995,2997.255,2996.465,2996.635
1741951380000,2996.675,2997.205,2995.855,2997.155
1741951440000,2997.165,2997.395,2996.815,2997.255
1741951500000,2997.215,2997.575,2997.025,2997.165
1741951560000,2997.165,2997.975,2997.015,2997.435
1741951620000,2997.415,2997.415,2996.755,2996.945
1741951680000,2996.915,2997.345,2996.195,2996.365
1741951740000,2996.335,2996.675,2995.988,2996.545
1741951800000,2996.545,2997.125,2995.955,2997.065
1741951860000,2996.965,2997.085,2995.498,2995.515
1741951920000,2995.555,2996.208,2994.615,2995.965
1741951980000,2995.965,2997.005,2995.795,2996.485
1741952040000,2996.295,2997.435,2996.168,2996.318
1741952100000,2996.308,2996.985,2996.275,2996.825
1741952160000,2996.895,2998.095,2996.815,2997.858
1741952220000,2997.938,2998.955,2997.785,2998.248
1741952280000,2998.235,2998.848,2997.545,2997.645
1741952340000,2997.615,2998.325,2996.795,2997.005
1741952400000,2996.965,2997.055,2996.405,2996.695
1741952460000,2996.725,2997.485,2996.365,2996.445
1741952520000,2996.435,2996.715,2996.275,2996.475
1741952580000,2996.455,2996.545,2996.065,2996.225
1741952640000,2996.285,2997.005,2996.275,2996.365
1741952700000,2996.305,2996.965,2996.075,2996.745
1741952760000,2996.765,2997.715,2996.755,2997.315
1741952820000,2997.365,2997.385,2996.235,2996.338
1741952880000,2996.335,2996.615,2995.925,2996.285
1741952940000,2996.245,2996.525,2995.545,2996.245
1741953000000,2996.255,2997.485,2996.255,2997.395
1741953060000,2997.395,2998.225,2997.395,2998.115
1741953120000,2998.115,2998.185,2997.365,2997.525
1741953180000,2997.525,2997.585,2996.445,2996.685
1741953240000,2996.655,2997.165,2996.635,2996.725
1741953300000,2996.735,2997.245,2995.465,2995.685
1741953360000,2995.705,2995.775,2994.045,2994.045
1741953420000,2994.035,2994.745,2993.778,2994.295
1741953480000,2994.255,2994.965,2994.035,2994.105
1741953540000,2994.075,2994.075,2993.075,2993.305
1741953600000,2993.305,2994.085,2993.205,2993.945
1741953660000,2993.998,2994.755,2993.998,2994.415
1741953720000,2994.425,2995.255,2993.835,2995.248
1741953780000,2995.248,2995.888,2995.025,2995.648
1741953840000,2995.648,2996.695,2995.648,2996.225
1741953900000,2996.225,2996.885,2996.155,2996.795
1741953960000,2996.785,2997.078,2996.318,2997.018
1741954020000,2997.095,2997.328,2996.485,2996.845
1741954080000,2996.755,2997.285,2996.718,2996.885
1741954140000,2996.885,2997.045,2996.385,2997.015
1741954200000,2997.015,2997.635,2996.775,2996.855
1741954260000,2996.855,2997.975,2996.775,2997.925
1741954320000,2997.935,2999.035,2997.575,2998.248
1741954380000,2998.248,2998.255,2997.548,2997.648
1741954440000,2997.655,2997.865,2997.148,2997.785
1741954500000,2997.785,2997.805,2997.265,2997.655
1741954560000,2997.675,2998.215,2997.395,2998.095
1741954620000,2998.055,2998.925,2997.585,2998.825
1741954680000,2998.785,2999.075,2998.085,2998.765
1741954740000,2998.695,2998.815,2998.145,2998.475
1741954800000,2998.435,2998.725,2997.388,2997.535
1741954860000,2997.555,2998.095,2996.395,2996.695
1741954920000,2996.695,2997.235,2996.415,2996.758
1741954980000,2996.755,2997.585,2996.375,2997.485
1741955040000,2997.445,2998.258,2997.305,2997.725
1741955100000,2997.645,2998.055,2996.775,2996.905
1741955160000,2996.905,2997.105,2996.245,2996.875
1741955220000,2996.845,2996.985,2995.385,2995.535
1741955280000,2995.525,2995.985,2995.329,2995.915
1741955340000,2995.875,2996.305,2995.535,2996.065
1741955400000,2996.025,2996.355,2995.475,2995.915
1741955460000,2995.935,2997.875,2995.695,2997.855
1741955520000,2997.845,2998.535,2997.215,2997.655
1741955580000,2997.675,2998.185,2996.805,2997.505
1741955640000,2997.535,2998.505,2997.535,2998.015
1741955700000,2997.978,2998.325,2996.938,2998.205
1741955760000,2998.185,2999.015,2997.995,2998.405
1741955820000,2998.475,2998.675,2998.048,2998.605
1741955880000,2998.645,2999.085,2998.085,2999.065
1741955940000,2999.275,2999.415,2997.668,2997.838
1741956000000,2997.775,2998.248,2997.058,2997.848
1741956060000,2997.848,2999.258,2997.848,2998.948
1741956120000,2998.998,2999.348,2998.448,2998.448
1741956180000,2998.448,2998.648,2997.978,2998.548
1741956240000,2998.548,2999.048,2998.285,2998.385
1741956300000,2998.385,2998.455,2997.375,2997.425
1741956360000,2997.425,2997.885,2997.075,2997.085
1741956420000,2997.095,2997.325,2996.405,2996.875
1741956480000,2996.935,2996.935,2995.795,2996.075
1741956540000,2996.075,2996.075,2994.855,2994.955
1741956600000,2994.955,2995.468,2994.335,2995.358
1741956660000,2995.398,2995.478,2993.558,2993.815
1741956720000,2993.765,2994.775,2993.575,2994.425
1741956780000,2994.365,2994.885,2994.315,2994.625
1741956840000,2994.555,2995.145,2994.215,2994.995
1741956900000,2994.995,2995.575,2994.275,2994.435
1741956960000,2994.445,2994.445,2993.648,2994.025
1741957020000,2993.985,2994.385,2993.845,2994.035
1741957080000,2993.948,2994.325,2993.595,2993.595
1741957140000,2993.595,2994.205,2993.465,2993.655
1741957200000,2993.655,2993.655,2992.048,2992.075
1741957260000,2992.115,2993.935,2992.075,2993.475
1741957320000,2993.438,2994.195,2993.255,2993.885
1741957380000,2993.848,2994.695,2993.755,2994.308
1741957440000,2994.315,2994.558,2993.008,2993.588
1741957500000,2993.588,2993.995,2993.095,2993.645
1741957560000,2993.625,2993.745,2991.808,2991.925
1741957620000,2991.918,2992.668,2991.635,2992.658
1741957680000,2992.658,2993.555,2991.805,2992.185
1741957740000,2992.265,2992.805,2992.045,2992.545
1741957800000,2992.575,2994.275,2992.415,2992.905
1741957860000,2992.905,2993.365,2992.038,2993.125
1741957920000,2993.105,2993.465,2991.885,2992.315
1741957980000,2992.265,2993.575,2992.195,2992.785
1741958040000,2992.745,2993.575,2992.415,2992.815
1741958100000,2992.865,2993.385,2992.535,2993.185
1741958160000,2993.175,2994.405,2993.175,2993.715
1741958220000,2993.745,2994.975,2993.645,2994.845
1741958280000,2994.795,2995.515,2994.375,2994.515
1741958340000,2994.495,2994.495,2993.575,2994.205
1741958400000,2993.935,2995.115,2993.685,2994.005
1741958460000,2993.975,2994.935,2993.605,2994.015
1741958520000,2993.975,2995.125,2993.575,2994.715
1741958580000,2994.735,2995.248,2994.385,2994.875
1741958640000,2994.865,2995.848,2994.448,2995.748
1741958700000,2995.748,2995.848,2994.548,2994.738
1741958760000,2994.755,2994.898,2993.515,2994.058
1741958820000,2994.075,2994.585,2993.468,2994.095
1741958880000,2993.998,2995.105,2993.835,2994.985
1741958940000,2994.995,2995.648,2994.965,2995.375
1741959000000,2995.235,2995.705,2993.688,2993.735
1741959060000,2993.805,2993.805,2991.768,2991.768
1741959120000,2991.768,2991.798,2989.255,2989.315
1741959180000,2989.285,2990.595,2988.985,2990.148
1741959240000,2990.229,2990.269,2988.185,2989.035
1741959300000,2989.035,2989.845,2988.425,2989.565
1741959360000,2989.715,2989.755,2986.725,2986.925
1741959420000,2986.925,2987.015,2983.098,2985.728
1741959480000,2985.698,2988.125,2985.695,2987.705
1741959540000,2987.725,2989.985,2987.675,2989.425
1741959600000,2989.395,2990.615,2989.195,2989.425
1741959660000,2989.485,2991.275,2989.165,2990.028
1741959720000,2989.998,2991.328,2989.505,2989.518
1741959780000,2989.538,2989.538,2986.769,2986.875
1741959840000,2986.915,2988.235,2986.475,2987.985
1741959900000,2987.905,2990.795,2987.899,2989.705
1741959960000,2989.605,2990.715,2989.105,2990.345
1741960020000,2990.395,2991.435,2990.095,2991.205
1741960080000,2991.165,2991.455,2989.495,2990.025
1741960140000,2990.065,2991.395,2990.065,2991.345
1741960200000,2991.345,2991.875,2990.055,2990.925
1741960260000,2990.965,2991.875,2990.795,2991.145
1741960320000,2990.955,2991.715,2990.535,2990.535
1741960380000,2990.505,2990.905,2989.265,2989.695
1741960440000,2989.615,2989.615,2987.655,2987.835
1741960500000,2987.835,2987.985,2986.278,2986.595
1741960560000,2986.565,2987.248,2985.805,2986.595
1741960620000,2986.535,2987.145,2984.575,2984.585
1741960680000,2984.575,2986.105,2983.528,2985.748
1741960740000,2985.755,2985.965,2984.065,2984.895
1741960800000,2984.268,2986.185,2983.715,2985.925
1741960860000,2985.965,2987.715,2985.515,2986.525
1741960920000,2986.535,2986.615,2984.785,2986.155
1741960980000,2986.185,2987.195,2985.618,2986.265
1741961040000,2986.259,2986.925,2985.018,2986.265
1741961100000,2986.265,2987.695,2986.265,2986.735
1741961160000,2986.758,2989.338,2986.409,2988.645
1741961220000,2988.645,2988.735,2986.968,2987.718
1741961280000,2987.718,2989.708,2987.538,2989.578
1741961340000,2989.665,2991.245,2989.585,2990.988
1741961400000,2991.188,2991.735,2990.595,2991.378
1741961460000,2991.368,2992.285,2991.178,2991.685
1741961520000,2991.725,2993.085,2990.875,2991.235
1741961580000,2991.155,2992.985,2990.945,2992.115
1741961640000,2992.069,2992.075,2990.465,2990.705
1741961700000,2990.439,2991.345,2989.805,2990.305
1741961760000,2990.285,2991.425,2989.415,2991.205
1741961820000,2991.205,2993.155,2990.165,2990.495
1741961880000,2990.505,2992.085,2990.505,2991.435
1741961940000,2991.555,2991.725,2989.725,2989.925
1741962000000,2989.829,2990.895,2989.475,2989.975
1741962060000,2989.969,2991.448,2989.658,2991.388
1741962120000,2991.325,2991.465,2988.898,2988.975
1741962180000,2988.965,2989.445,2988.245,2989.115
1741962240000,2989.095,2989.485,2988.225,2988.785
1741962300000,2988.745,2989.005,2987.355,2987.545
1741962360000,2987.575,2987.955,2986.505,2986.825
1741962420000,2986.828,2987.305,2986.245,2987.095
1741962480000,2987.125,2988.065,2986.155,2986.225
1741962540000,2986.235,2986.315,2981.839,2983.025
1741962600000,2983.019,2983.625,2982.165,2982.785
1741962660000,2982.725,2985.305,2982.589,2984.535
1741962720000,2984.558,2984.735,2983.758,2984.285
1741962780000,2984.285,2984.725,2982.965,2983.875
1741962840000,2983.775,2984.985,2982.885,2982.885
1741962900000,2982.975,2983.895,2982.485,2983.895
1741962960000,2983.889,2985.275,2983.889,2984.885
1741963020000,2984.925,2985.955,2984.925,2985.345
1741963080000,2985.425,2986.055,2984.835,2985.645
1741963140000,2985.565,2986.285,2985.375,2985.735
1741963200000,2985.735,2986.175,2984.775,2984.925
1741963260000,2984.885,2985.665,2984.685,2985.275
1741963320000,2985.285,2986.035,2984.975,2985.915
1741963380000,2985.885,2986.665,2985.665,2985.755
1741963440000,2985.795,2985.965,2985.115,2985.115
1741963500000,2985.135,2986.135,2984.805,2986.005
1741963560000,2986.025,2986.395,2984.525,2985.595
1741963620000,2985.515,2985.515,2983.545,2983.795
1741963680000,2983.789,2984.805,2982.985,2984.165
1741963740000,2984.155,2985.185,2984.045,2984.155
1741963800000,2984.165,2984.165,2982.255,2983.835
1741963860000,2983.699,2985.225,2983.435,2984.925
1741963920000,2984.955,2985.275,2984.355,2984.625
1741963980000,2984.605,2985.225,2984.105,2984.515
1741964040000,2984.495,2985.385,2984.105,2984.875
1741964100000,2984.895,2985.815,2984.785,2985.275
1741964160000,2985.235,2986.215,2985.115,2985.695
1741964220000,2985.848,2986.235,2985.295,2986.055
1741964280000,2986.155,2986.295,2985.495,2985.935
1741964340000,2985.965,2986.245,2985.065,2985.165
1741964400000,2985.145,2986.185,2981.765,2982.155
1741964460000,2982.185,2982.725,2981.485,2981.755
1741964520000,2981.775,2982.615,2980.865,2981.645
1741964580000,2981.645,2983.285,2980.685,2981.075
1741964640000,2981.085,2983.565,2979.549,2982.145
1741964700000,2982.235,2984.265,2981.568,2984.265
1741964760000,2984.265,2985.765,2984.065,2985.305
1741964820000,2985.325,2985.495,2983.105,2983.105
1741964880000,2983.075,2984.825,2983.045,2983.895
1741964940000,2983.945,2984.615,2983.805,2984.335
1741965000000,2984.325,2984.535,2983.495,2984.535
1741965060000,2984.545,2984.575,2983.605,2983.785
1741965120000,2983.885,2984.185,2982.325,2982.385
1741965180000,2982.305,2982.625,2981.745,2981.955
1741965240000,2981.965,2981.965,2980.145,2981.145
1741965300000,2981.135,2981.475,2979.645,2980.985
1741965360000,2981.015,2981.025,2979.718,2980.585
1741965420000,2980.595,2982.135,2980.595,2981.315
1741965480000,2981.385,2981.515,2979.828,2979.975
1741965540000,2980.005,2980.345,2979.758,2980.105
1741965600000,2980.155,2980.605,2978.085,2978.948
1741965660000,2978.748,2980.195,2978.748,2979.635
1741965720000,2979.479,2980.485,2978.445,2980.425
1741965780000,2980.445,2981.348,2980.075,2981.075
1741965840000,2981.135,2981.685,2980.705,2981.675
1741965900000,2981.685,2981.905,2980.355,2981.485
1741965960000,2981.445,2981.655,2979.525,2979.575
1741966020000,2979.545,2980.275,2979.295,2980.015
1741966080000,2980.015,2980.055,2979.465,2979.635
1741966140000,2979.695,2980.885,2979.435,2980.855
1741966200000,2980.855,2982.545,2980.855,2981.028
1741966260000,2981.088,2981.295,2979.515,2980.585
1741966320000,2980.565,2981.435,2980.215,2980.815
1741966380000,2980.825,2981.545,2980.765,2981.055
1741966440000,2981.115,2981.505,2980.785,2981.245
1741966500000,2981.225,2981.935,2980.775,2980.855
1741966560000,2980.785,2981.565,2980.365,2981.285
1741966620000,2981.315,2983.555,2981.315,2983.465
1741966680000,2983.435,2984.145,2983.035,2983.405
1741966740000,2983.445,2983.885,2982.005,2982.165
1741966800000,2982.135,2982.275,2980.695,2980.885
1741966860000,2980.965,2981.565,2980.435,2981.295
1741966920000,2981.315,2982.845,2981.315,2982.255
1741966980000,2982.255,2982.435,2981.815,2982.275
1741967040000,2982.255,2983.215,2981.905,2982.955
1741967100000,2982.935,2982.935,2981.855,2982.415
1741967160000,2982.325,2983.275,2981.935,2983.225
1741967220000,2983.195,2983.355,2982.665,2983.148
1741967280000,2983.348,2984.248,2982.648,2982.948
1741967340000,2982.948,2983.248,2982.548,2982.648
1741967400000,2982.655,2982.748,2981.848,2982.748
1741967460000,2982.848,2983.348,2982.748,2983.185
1741967520000,2983.185,2983.275,2982.495,2983.175
1741967580000,2983.248,2984.348,2983.148,2983.648
1741967640000,2983.648,2984.169,2983.448,2983.648
1741967700000,2983.648,2983.665,2982.948,2983.565
1741967760000,2983.648,2983.948,2983.415,2983.548
1741967820000,2983.485,2984.465,2983.148,2984.248
1741967880000,2984.135,2984.608,2983.348,2984.508
1741967940000,2984.508,2984.565,2984.048,2984.348
1741968000000,2984.259,2984.625,2983.548,2984.248
1741968060000,2984.248,2984.715,2984.045,2984.225
1741968120000,2984.145,2984.655,2982.755,2982.815
1741968180000,2982.825,2983.445,2982.808,2982.958
1741968240000,2982.958,2984.625,2982.958,2984.145
1741968300000,2984.115,2985.165,2983.365,2984.925
1741968360000,2985.015,2985.795,2984.675,2985.725
1741968420000,2985.705,2985.725,2984.675,2985.555
1741968480000,2985.515,2986.215,2985.445,2985.835
1741968540000,2985.745,2986.465,2985.665,2986.205
1741968600000,2986.175,2986.335,2985.575,2986.265
1741968660000,2986.305,2986.305,2985.515,2985.735
1741968720000,2985.805,2986.515,2985.745,2986.045
1741968780000,2986.065,2987.835,2985.955,2987.735
1741968840000,2987.755,2988.295,2987.525,2988.085
1741968900000,2988.045,2988.395,2987.465,2987.845
1741968960000,2987.985,2988.095,2986.855,2987.395
1741969020000,2987.415,2988.215,2987.405,2987.805
1741969080000,2987.815,2987.815,2986.845,2986.915
1741969140000,2986.909,2987.825,2986.495,2987.685
1741969200000,2987.679,2988.435,2987.605,2988.235
1741969260000,2988.185,2988.775,2988.025,2988.565
1741969320000,2988.495,2989.195,2988.015,2988.225
1741969380000,2988.195,2988.275,2987.395,2987.705
1741969440000,2987.795,2987.885,2987.455,2987.865
1741969500000,2987.885,2987.995,2986.815,2987.055
1741969560000,2987.095,2987.785,2986.855,2987.315
1741969620000,2987.375,2988.248,2987.215,2988.048
1741969680000,2988.048,2988.148,2987.248,2987.648
1741969740000,2987.648,2987.648,2986.765,2986.775
1741969800000,2986.775,2987.348,2986.668,2986.798
1741969860000,2986.725,2986.878,2986.278,2986.288
1741969920000,2986.149,2987.658,2986.088,2987.338
1741969980000,2987.338,2987.638,2986.575,2986.928
1741970040000,2986.938,2987.055,2986.495,2986.525
1741970100000,2986.519,2987.285,2986.445,2987.035
1741970160000,2987.095,2987.845,2987.075,2987.215
1741970220000,2987.245,2987.695,2986.935,2987.695
1741970280000,2987.689,2987.735,2987.085,2987.605
1741970340000,2987.605,2987.715,2987.168,2987.598
1741970400000,2987.598,2988.768,2987.555,2988.678
1741970460000,2988.678,2989.155,2988.655,2988.908
1741970520000,2988.948,2989.018,2987.915,2988.628
1741970580000,2988.628,2988.628,2987.838,2987.838
1741970640000,2987.838,2988.078,2987.398,2987.588
1741970700000,2987.489,2988.348,2987.375,2988.165
1741970760000,2988.165,2988.495,2987.598,2988.155
1741970820000,2988.128,2988.535,2987.688,2987.918
1741970880000,2987.918,2988.618,2987.918,2988.345
1741970940000,2988.345,2989.245,2988.318,2988.935
1741971000000,2988.965,2989.525,2988.705,2989.495
1741971060000,2989.485,2989.485,2989.018,2989.198
1741971120000,2989.218,2989.595,2989.035,2989.385
1741971180000,2989.379,2989.495,2988.908,2989.495
1741971240000,2989.495,2989.765,2989.085,2989.095
1741971300000,2989.089,2989.325,2988.888,2989.185
1741971360000,2989.145,2989.565,2989.028,2989.268
1741971420000,2989.375,2989.715,2989.148,2989.328
1741971480000,2989.328,2989.448,2988.738,2989.268
1741971540000,2989.268,2989.805,2989.258,2989.498
1741971600000,2989.655,2989.768,2988.955,2989.175
1741971660000,2989.175,2989.505,2988.715,2988.785
1741971720000,2988.779,2988.975,2988.375,2988.825
1741971780000,2988.819,2988.855,2987.425,2987.655
1741971840000,2987.625,2988.985,2987.505,2988.985
1741971900000,2988.985,2989.555,2988.975,2989.485
1741971960000,2989.485,2989.585,2989.095,2989.375
1741972020000,2989.385,2989.515,2988.915,2989.515
1741972080000,2989.515,2989.595,2989.165,2989.365
1741972140000,2989.365,2989.615,2988.595,2989.005
1741972200000,2989.075,2989.325,2988.685,2989.205
1741972260000,2989.205,2989.205,2988.835,2989.185
1741972320000,2989.185,2989.295,2988.455,2989.085
1741972380000,2989.105,2989.225,2988.855,2989.048
1741972440000,2989.115,2989.485,2988.859,2989.465
1741972500000,2989.465,2989.555,2989.075,2989.185
1741972560000,2989.179,2989.625,2989.105,2989.415
1741972620000,2989.415,2989.595,2989.035,2989.595
1741972680000,2989.615,2989.975,2989.455,2989.585
1741972740000,2989.529,2989.955,2989.448,2989.635
1741972800000,2989.635,2989.985,2989.125,2989.615
1741972860000,2989.609,2990.095,2988.815,2989.045
1741972920000,2989.085,2989.435,2988.695,2989.285
1741972980000,2989.285,2989.585,2988.725,2989.555
1741973040000,2989.585,2989.755,2988.365,2988.695
1741973100000,2988.695,2989.495,2988.548,2989.095
1741973160000,2989.095,2989.305,2987.205,2987.675
1741973220000,2987.695,2988.635,2987.405,2988.515
1741973280000,2988.399,2989.075,2988.205,2988.975
1741973340000,2989.055,2990.285,2989.055,2989.848
1741973400000,2989.848,2990.195,2989.305,2989.695
1741973460000,2989.665,2989.945,2989.265,2989.555
1741973520000,2989.555,2989.965,2989.325,2989.965
1741973580000,2989.959,2989.965,2988.885,2989.105
1741973640000,2989.099,2989.205,2988.565,2989.175
1741973700000,2989.175,2989.865,2989.075,2989.585
1741973760000,2989.545,2989.715,2988.815,2988.815
1741973820000,2988.875,2989.225,2988.125,2988.215
1741973880000,2988.225,2988.855,2988.125,2988.545
1741973940000,2988.595,2988.725,2988.315,2988.425
1741974000000,2988.445,2988.575,2987.865,2988.485
1741974060000,2988.505,2988.515,2987.945,2987.975
1741974120000,2987.945,2988.055,2987.545,2987.885
1741974180000,2987.869,2988.525,2987.565,2988.485
1741974240000,2988.485,2988.575,2988.175,2988.515
1741974300000,2988.509,2988.585,2988.135,2988.135
1741974360000,2988.145,2988.389,2987.795,2988.275
1741974420000,2988.269,2988.295,2987.745,2987.905
1741974480000,2987.899,2988.095,2987.575,2987.655
1741974540000,2987.675,2987.935,2987.605,2987.915
1741974600000,2987.925,2988.225,2987.535,2988.175
1741974660000,2988.175,2988.385,2987.755,2988.005
1741974720000,2988.005,2988.115,2987.775,2988.005
1741974780000,2987.999,2988.265,2987.685,2987.975
1741974840000,2987.965,2988.995,2987.955,2988.735
1741974900000,2988.735,2988.895,2988.595,2988.635
1741974960000,2988.635,2988.855,2987.475,2987.715
1741975020000,2987.705,2987.705,2986.685,2986.725
1741975080000,2986.745,2987.075,2986.555,2986.665
1741975140000,2986.665,2986.755,2986.195,2986.355
1741975200000,2986.455,2986.565,2985.735,2986.145
1741975260000,2986.165,2986.585,2986.129,2986.265
1741975320000,2986.265,2986.815,2986.105,2986.695
1741975380000,2986.695,2986.695,2986.125,2986.505
1741975440000,2986.575,2986.735,2986.465,2986.735
1741975500000,2986.735,2986.735,2985.435,2985.735
1741975560000,2985.819,2986.125,2985.405,2985.705
1741975620000,2985.755,2985.845,2985.289,2985.289
1741975680000,2985.279,2985.635,2985.209,2985.559
1741975740000,2985.489,2985.835,2985.439,2985.605
1741975800000,2985.575,2985.725,2985.415,2985.499
1741975860000,2985.555,2986.245,2985.489,2986.205
1741975920000,2986.155,2986.365,2985.755,2985.965
1741975980000,2985.965,2986.005,2985.699,2985.789
1741976040000,2985.789,2985.905,2985.335,2985.389
1741976100000,2985.389,2985.849,2985.229,2985.705
1741976160000,2985.749,2986.345,2985.629,2985.815
1741976220000,2985.875,2986.305,2985.725,2986.225
1741976280000,2986.205,2986.375,2985.609,2985.845
1741976340000,2985.875,2986.125,2985.709,2985.725
1741976400000,2985.679,2986.335,2985.568,2985.925
1741976460000,2985.925,2986.045,2985.369,2985.535
1741976520000,2985.505,2985.645,2984.979,2985.319
1741976580000,2985.405,2986.045,2985.135,2985.705
1741976640000,2985.709,2985.865,2985.319,2985.425
1741976700000,2985.449,2985.559,2984.805,2984.875
1741976760000,2984.895,2985.029,2984.499,2984.525
1741976820000,2984.499,2984.967,2984.399,2984.815
1741976880000,2984.795,2985.175,2984.409,2984.429
1741976940000,2984.469,2984.865,2984.339,2984.865
1741977000000,2984.819,2985.215,2984.709,2984.999
1741977060000,2985.059,2985.299,2983.945,2984.049
1741977120000,2983.945,2984.448,2983.609,2984.049
1741977180000,2984.048,2984.975,2984.048,2984.849
1741977240000,2984.849,2985.348,2984.605,2984.799
1741977300000,2984.749,2984.989,2984.648,2984.949
1741977360000,2984.989,2985.048,2984.448,2984.448
1741977420000,2984.448,2985.079,2984.365,2984.949
1741977480000,2984.955,2985.039,2984.048,2984.549
1741977540000,2984.565,2984.959,2984.548,2984.709
1741977600000,2984.709,2984.779,2984.285,2984.355
1741977660000,2984.365,2984.649,2984.148,2984.349
1741977720000,2984.348,2984.499,2983.448,2984.059
1741977780000,2984.048,2984.449,2983.759,2983.795
1741977840000,2983.979,2984.269,2983.875,2984.248
1741977900000,2984.259,2984.259,2983.948,2984.148
1741977960000,2984.165,2985.425,2984.165,2985.248
1741978020000,2985.248,2985.249,2984.548,2984.659
1741978080000,2984.689,2984.889,2984.548,2984.759
1741978140000,2984.759,2984.869,2984.269,2984.489
1741978200000,2984.479,2984.539,2983.578,2983.748
1741978260000,2983.748,2984.189,2983.748,2983.889
1741978320000,2983.889,2984.109,2983.348,2983.549
1741978380000,2983.369,2983.819,2983.348,2983.648
1741978440000,2983.648,2983.849,2983.499,2983.589
1741978500000,2983.589,2983.759,2983.349,2983.579
1741978560000,2983.589,2984.095,2983.559,2983.879
1741978620000,2983.879,2983.965,2983.649,2983.789
1741978680000,2983.809,2984.035,2983.099,2983.099
1741978740000,2983.299,2983.415,2982.949,2983.209
1741978800000,2983.229,2984.545,2982.695,2984.485
1741978860000,2984.455,2984.845,2984.115,2984.385
1741978920000,2984.425,2984.595,2984.155,2984.435
1741978980000,2984.435,2984.825,2983.985,2984.825
1741979040000,2984.825,2985.145,2984.745,2984.895
1741979100000,2984.915,2985.195,2984.785,2984.805
1741979160000,2984.805,2985.465,2984.805,2985.135
1741979220000,2985.148,2985.575,2985.148,2985.575
1741979280000,2985.565,2985.805,2985.385,2985.555
1741979340000,2985.525,2985.615,2985.125,2985.255
1741979400000,2985.249,2985.335,2984.775,2984.915
1741979460000,2984.985,2985.025,2984.525,2984.685
1741979520000,2984.685,2984.685,2984.415,2984.575
1741979580000,2984.575,2985.065,2984.565,2984.915
1741979640000,2984.865,2985.205,2984.755,2984.845
1741979700000,2984.875,2984.885,2984.485,2984.825
1741979760000,2984.825,2984.825,2984.085,2984.375
1741979820000,2984.369,2984.415,2984.038,2984.115
1741979880000,2984.155,2984.215,2983.565,2983.785
1741979940000,2983.645,2983.725,2982.745,2982.845
1741980000000,2982.855,2983.615,2982.765,2983.415
1741980060000,2983.425,2983.545,2982.665,2982.755
1741980120000,2982.895,2983.235,2982.445,2983.195
1741980180000,2983.189,2983.345,2982.605,2982.855
1741980240000,2982.855,2983.015,2982.685,2982.985
1741980300000,2982.815,2983.305,2982.595,2982.955
1741980360000,2982.925,2983.445,2982.698,2983.315
1741980420000,2983.429,2983.805,2983.245,2983.765
1741980480000,2983.795,2984.209,2983.615,2984.185
1741980540000,2983.955,2984.295,2983.855,2984.255
1741980600000,2984.249,2984.249,2983.345,2983.605
1741980660000,2983.605,2983.605,2982.375,2982.375
1741980720000,2982.369,2983.005,2982.345,2982.835
1741980780000,2982.835,2982.875,2982.365,2982.405
1741980840000,2982.399,2982.565,2982.155,2982.415
1741980900000,2982.365,2982.675,2982.325,2982.425
1741980960000,2982.419,2982.425,2982.005,2982.335
1741981020000,2982.235,2982.815,2982.205,2982.525
1741981080000,2982.535,2982.705,2982.115,2982.325
1741981140000,2982.319,2982.445,2982.145,2982.265
1741981200000,2982.259,2982.815,2982.148,2982.705
1741981260000,2982.705,2982.765,2982.505,2982.755
1741981320000,2982.755,2982.975,2982.325,2982.525
1741981380000,2982.515,2983.195,2982.515,2983.035
1741981440000,2983.105,2983.245,2982.935,2982.975
1741981500000,2982.975,2983.015,2982.285,2982.325
1741981560000,2982.335,2982.435,2982.085,2982.305
1741981620000,2982.315,2982.715,2982.115,2982.365
1741981680000,2982.445,2982.645,2982.055,2982.245
1741981740000,2982.245,2982.475,2982.095,2982.295
1741981800000,2982.289,2982.475,2982.025,2982.335
1741981860000,2982.155,2983.175,2982.155,2982.795
1741981920000,2982.765,2983.145,2982.625,2983.145
1741981980000,2983.139,2983.555,2983.135,2983.555
1741982040000,2983.549,2983.729,2983.325,2983.635
1741982100000,2983.629,2983.645,2983.015,2983.295
1741982160000,2983.295,2983.745,2983.275,2983.575
1741982220000,2983.569,2983.745,2983.295,2983.745
1741982280000,2983.745,2984.085,2983.535,2984.015
1741982340000,2984.005,2984.035,2983.705,2983.775
1741982400000,2983.845,2984.055,2982.255,2982.355
1741982460000,2982.349,2982.605,2982.348,2982.355
1741982520000,2982.355,2982.395,2982.048,2982.165
1741982580000,2982.165,2982.348,2981.625,2981.975
1741982640000,2981.965,2982.505,2981.925,2982.505
1741982700000,2982.545,2982.825,2982.465,2982.685
1741982760000,2982.725,2983.125,2982.655,2983.065
1741982820000,2983.105,2983.105,2982.675,2982.875
1741982880000,2982.875,2983.255,2982.805,2983.165
1741982940000,2983.165,2983.165,2982.805,2983.055
1741983000000,2983.055,2983.155,2982.885,2982.885
1741983060000,2982.885,2982.885,2982.575,2982.845
1741983120000,2982.835,2982.985,2982.835,2982.935
1741983180000,2982.935,2983.355,2982.855,2983.245
1741983240000,2983.245,2983.415,2983.245,2983.275
1741983300000,2983.275,2983.275,2983.035,2983.115
1741983360000,2983.115,2983.585,2983.095,2983.255
1741983420000,2983.265,2983.295,2983.055,2983.185
1741983480000,2983.175,2983.215,2983.015,2983.055
1741983540000,2983.065,2983.075,2982.705,2983.075
1741983600000,2983.055,2983.085,2982.648,2982.648
1741983660000,2982.655,2982.925,2982.575,2982.648
1741983720000,2982.648,2982.848,2982.548,2982.785
1741983780000,2982.785,2982.795,2982.575,2982.735
1741983840000,2982.685,2982.755,2982.425,2982.615
1741983900000,2982.648,2982.715,2982.415,2982.515
1741983960000,2982.495,2982.495,2982.105,2982.225
1741984020000,2982.225,2982.848,2982.225,2982.715
1741984080000,2982.715,2982.925,2982.705,2982.745
1741984140000,2982.745,2982.865,2982.648,2982.648
1741984200000,2982.648,2982.915,2982.435,2982.515
1741984260000,2982.525,2982.565,2982.205,2982.405
1741984320000,2982.345,2982.665,2982.178,2982.645
1741984380000,2982.645,2983.005,2982.605,2982.895
1741984440000,2982.895,2982.975,2982.745,2982.785
1741984500000,2982.925,2983.805,2982.778,2983.805
1741984560000,2983.805,2984.215,2983.675,2984.215
1741984620000,2984.465,2985.165,2984.415,2984.775
1741984680000,2984.825,2986.085,2984.585,2985.835
1741984740000,2985.795,2985.925,2985.695,2985.835
1741984800000,2985.845,2986.485,2985.845,2986.445
1741984860000,2986.445,2986.485,2986.255,2986.355
1741984920000,2986.405,2986.405,2986.245,2986.295
1741984980000,2986.295,2987.315,2986.055,2987.315
1741985040000,2987.325,2987.955,2986.905,2987.665
1741985100000,2987.548,2988.475,2987.448,2988.035
1741985160000,2987.948,2988.365,2987.548,2988.348
1741985220000,2988.365,2988.465,2987.578,2987.855
1741985280000,2987.828,2987.828,2987.165,2987.365
1741985340000,2987.448,2987.665,2987.055,2987.525
1741985400000,2987.465,2988.165,2987.365,2988.085
1741985460000,2987.805,2987.965,2987.548,2987.648
1741985520000,2987.705,2987.705,2987.048,2987.265
1741985580000,2987.248,2987.725,2987.148,2987.405
1741985640000,2987.385,2988.345,2987.135,2987.985
1741985700000,2988.155,2988.155,2987.048,2987.148
1741985760000,2987.248,2987.248,2985.898,2986.155
1741985820000,2985.995,2986.245,2984.995,2985.755
1741985880000,2985.648,2985.948,2984.285,2984.285
1741985940000,2984.448,2984.665,2983.795,2983.795
